DateHeure,Ville,Latitude,Longitude,Temperature,Humidite,Pression,VitesseVent,MeteoDescription,AQI,NO2,O3,PM10,PM2_5,JeuDonnees
2026-04-26 12:59:30.000000,Casablanca,33.5731,-7.5898,21.01,73.0,1011.0,1.54,broken clouds,3.0,0.61,103.01,19.79,9.22,Entrainement
2026-04-26 12:59:31.000000,Rabat,34.0209,-6.8416,22.37,78.0,1011.0,3.09,scattered clouds,3.0,1.08,104.71,20.61,13.7,Entrainement
2026-04-26 12:59:33.000000,Marrakech,31.6295,-7.9811,24.98,53.0,1009.0,2.06,scattered clouds,2.0,0.36,93.11,42.58,9.27,Entrainement
2026-04-26 12:59:35.000000,Fes,34.0331,-5.0003,24.08,56.0,1011.0,4.63,clear sky,2.0,0.17,76.47,16.94,4.25,Entrainement
2026-04-26 13:59:36.000000,Casablanca,33.5731,-7.5898,21.01,68.0,1011.0,3.09,scattered clouds,3.0,0.48,107.04,17.1,8.63,Entrainement
2026-04-26 13:59:38.000000,Rabat,34.0209,-6.8416,21.37,78.0,1010.0,3.6,scattered clouds,3.0,0.71,108.01,18.49,12.38,Entrainement
2026-04-26 13:59:39.000000,Marrakech,31.6295,-7.9811,25.98,47.0,1009.0,3.6,scattered clouds,3.0,0.23,96.53,54.65,11.22,Entrainement
2026-04-26 13:59:41.000000,Fes,34.0331,-5.0003,25.08,50.0,1010.0,4.63,few clouds,2.0,0.15,81.36,18.73,4.55,Entrainement
2026-04-26 15:09:52.000000,Casablanca,33.5731,-7.5898,21.66,68.0,1011.0,2.68,scattered clouds,3.0,0.45,107.34,13.06,7.15,Entrainement
2026-04-26 15:09:54.000000,Rabat,34.0209,-6.8416,22.37,68.0,1010.0,3.6,scattered clouds,3.0,0.63,105.73,14.87,10.14,Entrainement
2026-04-26 15:09:56.000000,Marrakech,31.6295,-7.9811,27.98,42.0,1008.0,2.06,scattered clouds,3.0,0.19,98.82,54.08,10.89,Entrainement
2026-04-26 15:09:57.000000,Fes,34.0331,-5.0003,26.08,47.0,1009.0,4.12,few clouds,2.0,0.2,82.14,18.07,4.42,Entrainement
2026-04-26 16:10:02.000000,Casablanca,33.5731,-7.5898,21.66,64.0,1010.0,3.58,scattered clouds,3.0,0.49,108.88,13.59,7.77,Entrainement
2026-04-26 16:10:04.000000,Rabat,34.0209,-6.8416,23.37,64.0,1010.0,3.6,scattered clouds,3.0,0.67,105.31,14.68,9.94,Entrainement
2026-04-26 16:10:06.000000,Marrakech,31.6295,-7.9811,28.98,39.0,1007.0,2.57,scattered clouds,3.0,0.21,99.58,54.42,11.02,Entrainement
2026-04-26 16:10:08.000000,Fes,34.0331,-5.0003,26.08,47.0,1009.0,4.63,few clouds,2.0,0.26,81.87,17.06,4.24,Entrainement
2026-04-26 17:10:13.000000,Casablanca,33.5731,-7.5898,21.01,73.0,1010.0,3.6,scattered clouds,3.0,0.67,109.62,14.42,8.21,Entrainement
2026-04-26 17:10:15.000000,Rabat,34.0209,-6.8416,23.37,60.0,1010.0,4.12,scattered clouds,3.0,0.95,106.15,14.82,9.82,Entrainement
2026-04-26 17:10:17.000000,Marrakech,31.6295,-7.9811,30.98,37.0,1007.0,3.09,scattered clouds,3.0,0.31,99.8,55.3,11.52,Entrainement
2026-04-26 17:10:21.000000,Fes,34.0331,-5.0003,27.08,44.0,1009.0,3.6,few clouds,2.0,0.5,76.52,15.04,4.07,Entrainement
2026-04-26 18:11:35.000000,Fes,34.0331,-5.0003,26.08,47.0,1009.0,4.12,few clouds,2.0,0.87,69.67,13.06,3.9,Entrainement
2026-04-27 10:42:57.000000,Casablanca,33.5731,-7.5898,21.01,83.0,1009.0,2.06,mist,2.0,1.6,85.79,29.71,12.28,Entrainement
2026-04-27 10:43:04.000000,Rabat,34.0209,-6.8416,20.37,100.0,1009.0,1.54,scattered clouds,2.0,2.83,83.81,24.61,10.42,Entrainement
2026-04-27 10:43:11.000000,Marrakech,31.6295,-7.9811,20.98,68.0,1009.0,3.09,clear sky,3.0,2.78,81.05,56.3,14.07,Entrainement
2026-04-27 10:43:17.000000,Fes,34.0331,-5.0003,22.08,68.0,1010.0,4.12,clear sky,2.0,0.31,84.78,46.46,8.96,Entrainement
2026-04-27 11:43:24.000000,Casablanca,33.5731,-7.5898,22.01,73.0,1009.0,3.09,scattered clouds,2.0,1.01,96.66,31.46,13.73,Entrainement
2026-04-27 11:43:32.000000,Rabat,34.0209,-6.8416,23.37,83.0,1009.0,2.06,scattered clouds,2.0,1.76,98.25,31.88,13.73,Entrainement
2026-04-27 11:43:39.000000,Marrakech,31.6295,-7.9811,21.98,68.0,1009.0,3.6,clear sky,3.0,1.51,88.37,56.3,13.55,Entrainement
2026-04-27 11:43:46.000000,Fes,34.0331,-5.0003,24.08,60.0,1009.0,5.14,clear sky,2.0,0.22,87.35,49.55,9.53,Entrainement
2026-04-27 12:43:52.000000,Casablanca,33.5731,-7.5898,22.01,73.0,1008.0,4.12,scattered clouds,3.0,0.76,104.95,32.12,14.96,Entrainement
2026-04-27 12:43:59.000000,Rabat,34.0209,-6.8416,24.37,78.0,1008.0,2.57,scattered clouds,3.0,1.24,108.15,36.7,16.9,Entrainement
2026-04-27 12:44:06.000000,Marrakech,31.6295,-7.9811,24.98,61.0,1008.0,3.6,clear sky,3.0,0.77,94.5,53.66,12.97,Entrainement
2026-04-27 12:44:12.000000,Fes,34.0331,-5.0003,25.08,57.0,1008.0,4.63,clear sky,2.0,0.19,88.69,49.57,9.5,Entrainement
2026-04-27 13:44:20.000000,Casablanca,33.5731,-7.5898,22.01,73.0,1008.0,4.12,scattered clouds,3.0,0.64,111.69,30.36,14.2,Entrainement
2026-04-27 13:44:26.000000,Rabat,34.0209,-6.8416,24.37,73.0,1008.0,2.57,scattered clouds,3.0,1.15,110.34,33.62,15.79,Entrainement
2026-04-27 13:44:34.000000,Marrakech,31.6295,-7.9811,25.02,61.0,1007.0,4.12,clear sky,3.0,0.29,100.63,51.83,11.37,Entrainement
2026-04-27 13:44:42.000000,Fes,34.0331,-5.0003,25.08,57.0,1007.0,4.63,clear sky,3.0,0.17,91.06,55.58,10.52,Entrainement
2026-04-27 14:44:49.000000,Casablanca,33.5731,-7.5898,22.01,73.0,1008.0,4.12,scattered clouds,3.0,0.61,110.49,26.34,11.55,Entrainement
2026-04-27 14:44:57.000000,Rabat,34.0209,-6.8416,24.37,69.0,1008.0,3.09,scattered clouds,3.0,0.98,110.81,31.78,14.67,Entrainement
2026-04-27 14:45:03.000000,Marrakech,31.6295,-7.9811,27.02,50.0,1006.0,4.12,few clouds,3.0,0.21,102.96,33.57,7.65,Entrainement
2026-04-27 14:45:10.000000,Fes,34.0331,-5.0003,27.08,50.0,1006.0,4.12,broken clouds,3.0,0.15,92.95,54.52,10.47,Entrainement
2026-04-27 15:45:18.000000,Casablanca,33.5731,-7.5898,22.01,73.0,1007.0,4.12,scattered clouds,3.0,0.74,109.53,23.78,10.77,Entrainement
2026-04-27 15:45:25.000000,Rabat,34.0209,-6.8416,24.35,64.0,1007.0,3.09,overcast clouds,3.0,1.22,109.21,29.25,14.07,Entrainement
2026-04-27 15:45:32.000000,Marrakech,31.6295,-7.9811,27.98,51.0,1006.0,4.63,scattered clouds,3.0,0.24,102.74,27.57,6.75,Entrainement
2026-04-27 15:45:39.000000,Fes,34.0331,-5.0003,26.08,50.0,1005.0,3.09,thunderstorm,2.0,0.16,93.28,48.14,9.38,Entrainement
2026-04-27 18:48:07.000000,Casablanca,33.5731,-7.5898,20.78,78.0,1007.0,3.09,scattered clouds,3.0,1.2,102.91,23.62,9.77,Entrainement
2026-04-27 18:48:14.000000,Rabat,34.0209,-6.8416,24.37,57.0,1006.0,3.6,broken clouds,2.0,3.43,99.66,28.06,15.83,Entrainement
2026-04-27 18:48:23.000000,Marrakech,31.6295,-7.9811,23.98,60.0,1007.0,8.23,moderate rain,2.0,0.86,97.24,23.4,7.3,Entrainement
2026-04-27 18:48:36.000000,Fes,34.0331,-5.0003,26.08,53.0,1005.0,2.06,thunderstorm,2.0,1.38,72.3,31.61,7.89,Entrainement
2026-04-27 19:48:53.000000,Casablanca,33.5731,-7.5898,20.78,78.0,1008.0,2.68,scattered clouds,2.0,1.32,99.48,23.79,9.66,Entrainement
2026-04-27 19:49:36.000000,Rabat,34.0209,-6.8416,22.37,68.0,1007.0,2.06,clear sky,2.0,3.9,94.25,26.86,15.35,Entrainement
2026-04-27 19:49:44.000000,Marrakech,31.6295,-7.9811,21.98,64.0,1009.0,6.17,moderate rain,2.0,1.14,92.53,20.62,6.93,Entrainement
2026-04-27 19:49:53.000000,Fes,34.0331,-5.0003,23.08,73.0,1007.0,3.09,thunderstorm,2.0,1.75,66.18,26.97,7.16,Entrainement
2026-04-27 20:50:01.000000,Casablanca,33.5731,-7.5898,20.01,83.0,1009.0,3.6,light rain,2.0,1.41,96.77,24.56,9.85,Entrainement
2026-04-27 20:50:11.000000,Rabat,34.0209,-6.8416,20.37,83.0,1008.0,1.54,clear sky,2.0,3.86,90.91,26.21,15.05,Entrainement
2026-04-27 20:50:18.000000,Marrakech,31.6295,-7.9811,19.98,73.0,1010.0,4.63,moderate rain,2.0,1.31,89.9,18.75,6.64,Entrainement
2026-04-27 20:50:28.000000,Fes,34.0331,-5.0003,22.08,73.0,1007.0,3.09,thunderstorm,2.0,1.98,61.62,23.28,6.6,Entrainement
2026-04-27 22:43:08.000000,Casablanca,33.5731,-7.5898,20.0,83.0,1012.0,2.06,moderate rain,2.0,1.44,91.88,25.46,10.15,Entrainement
2026-04-27 22:43:17.000000,Rabat,34.0209,-6.8416,20.37,94.0,1009.0,5.66,light rain,2.0,3.09,87.29,23.84,14.14,Entrainement
2026-04-27 22:43:27.000000,Marrakech,31.6295,-7.9811,17.98,77.0,1012.0,4.63,moderate rain,2.0,1.36,86.11,16.91,6.28,Entrainement
2026-04-27 22:43:38.000000,Fes,34.0331,-5.0003,22.08,68.0,1007.0,3.6,thunderstorm,1.0,2.21,55.24,18.69,6.0,Entrainement
2026-04-28 09:21:31.000000,Casablanca,33.5731,-7.5898,18.95,77.0,1010.0,1.54,broken clouds,2.0,1.18,90.94,13.67,4.87,Entrainement
2026-04-28 09:21:37.000000,Rabat,34.0209,-6.8416,19.37,88.0,1010.0,4.12,mist,2.0,2.09,83.94,14.97,5.89,Entrainement
2026-04-28 09:21:44.000000,Marrakech,31.6295,-7.9811,14.98,94.0,1012.0,2.06,broken clouds,2.0,1.03,85.29,9.88,3.93,Entrainement
2026-04-28 09:21:52.000000,Fes,34.0331,-5.0003,19.08,77.0,1011.0,5.66,clear sky,1.0,2.14,44.78,14.06,6.14,Entrainement
2026-04-28 10:21:58.000000,Casablanca,33.5731,-7.5898,20.0,73.0,1011.0,1.54,broken clouds,2.0,1.04,92.62,13.17,4.82,Entrainement
2026-04-28 10:22:05.000000,Rabat,34.0209,-6.8416,21.37,78.0,1010.0,3.09,broken clouds,2.0,1.89,86.15,12.67,4.96,Entrainement
2026-04-28 10:22:11.000000,Marrakech,31.6295,-7.9811,15.0,88.0,1012.0,1.54,broken clouds,2.0,1.08,85.46,9.54,3.81,Entrainement
2026-04-28 10:22:18.000000,Fes,34.0331,-5.0003,19.08,77.0,1011.0,4.63,scattered clouds,1.0,1.61,53.39,12.22,5.58,Entrainement
2026-04-28 11:22:28.000000,Casablanca,33.5731,-7.5898,19.99,72.0,1011.0,1.34,overcast clouds,2.0,0.79,95.45,12.45,4.64,Entrainement
2026-04-28 11:22:34.000000,Rabat,34.0209,-6.8416,22.37,78.0,1011.0,3.09,broken clouds,2.0,1.54,89.66,10.48,4.08,Entrainement
2026-04-28 11:22:42.000000,Marrakech,31.6295,-7.9811,14.98,94.0,1012.0,1.54,broken clouds,2.0,1.01,86.25,8.82,3.58,Entrainement
2026-04-28 11:22:49.000000,Fes,34.0331,-5.0003,21.08,68.0,1011.0,2.57,light rain,2.0,0.72,77.29,9.36,4.6,Entrainement
2026-04-28 12:22:56.000000,Casablanca,33.5731,-7.5898,21.84,68.0,1011.0,2.57,broken clouds,2.0,0.63,96.66,12.42,4.66,Entrainement
2026-04-28 12:23:03.000000,Rabat,34.0209,-6.8416,22.37,78.0,1010.0,2.57,broken clouds,2.0,1.32,91.28,9.43,3.68,Entrainement
2026-04-28 12:23:09.000000,Marrakech,31.6295,-7.9811,17.98,82.0,1012.0,2.06,broken clouds,2.0,0.95,86.85,7.97,3.32,Entrainement
2026-04-28 12:23:16.000000,Fes,34.0331,-5.0003,22.08,64.0,1011.0,2.57,light rain,2.0,0.52,79.66,7.94,4.23,Entrainement
2026-04-28 13:23:22.000000,Casablanca,33.5731,-7.5898,22.01,68.0,1011.0,3.6,broken clouds,2.0,0.53,97.63,12.16,4.6,Entrainement
2026-04-28 13:23:28.000000,Rabat,34.0209,-6.8416,22.37,78.0,1010.0,3.09,broken clouds,2.0,1.18,92.81,8.99,3.58,Entrainement
2026-04-28 13:23:34.000000,Marrakech,31.6295,-7.9811,18.98,77.0,1011.0,2.57,broken clouds,2.0,0.87,87.37,7.29,3.08,Entrainement
2026-04-28 13:23:40.000000,Fes,34.0331,-5.0003,21.08,77.0,1010.0,3.6,scattered clouds,2.0,0.4,79.89,6.67,3.78,Entrainement
2026-04-28 14:23:47.000000,Casablanca,33.5731,-7.5898,22.01,68.0,1010.0,4.12,broken clouds,2.0,0.55,99.26,7.67,2.97,Entrainement
2026-04-28 14:23:53.000000,Rabat,34.0209,-6.8416,22.37,73.0,1010.0,4.12,broken clouds,2.0,0.8,95.45,6.59,2.68,Entrainement
2026-04-28 14:23:59.000000,Marrakech,31.6295,-7.9811,19.98,73.0,1011.0,3.09,broken clouds,2.0,0.67,90.43,8.11,3.37,Entrainement
2026-04-28 14:24:05.000000,Fes,34.0331,-5.0003,22.08,68.0,1009.0,3.09,broken clouds,2.0,0.18,89.28,11.2,4.92,Entrainement
2026-04-28 15:24:13.000000,Casablanca,33.5731,-7.5898,20.01,77.0,1010.0,4.12,broken clouds,3.0,0.45,100.05,7.61,3.06,Entrainement
2026-04-28 15:24:20.000000,Rabat,34.0209,-6.8416,22.37,73.0,1010.0,4.12,broken clouds,2.0,0.81,96.68,6.55,2.78,Entrainement
2026-04-28 15:24:27.000000,Marrakech,31.6295,-7.9811,20.98,68.0,1010.0,2.57,broken clouds,2.0,0.5,91.45,8.2,3.37,Entrainement
2026-04-28 15:24:34.000000,Fes,34.0331,-5.0003,23.08,64.0,1008.0,3.09,broken clouds,2.0,0.17,89.34,10.14,4.48,Entrainement
2026-04-28 16:24:40.000000,Casablanca,33.5731,-7.5898,19.01,82.0,1010.0,4.63,broken clouds,3.0,0.44,100.55,8.23,3.61,Entrainement
2026-04-28 16:24:47.000000,Rabat,34.0209,-6.8416,21.37,78.0,1009.0,3.6,broken clouds,2.0,0.95,97.69,7.01,3.24,Entrainement
2026-04-28 16:24:53.000000,Marrakech,31.6295,-7.9811,21.98,64.0,1009.0,2.57,broken clouds,2.0,0.44,91.45,8.49,3.51,Entrainement
2026-04-28 16:25:00.000000,Fes,34.0331,-5.0003,23.08,60.0,1007.0,3.09,light rain,2.0,0.19,88.58,9.05,4.15,Entrainement
2026-04-28 19:24:29.000000,Casablanca,33.5731,-7.5898,18.95,77.0,1010.0,3.09,broken clouds,3.0,1.05,100.08,13.49,7.47,Entrainement
2026-04-28 19:24:40.000000,Rabat,34.0209,-6.8416,19.37,88.0,1010.0,2.57,overcast clouds,2.0,2.49,97.66,12.6,7.35,Entrainement
2026-04-28 19:24:49.000000,Marrakech,31.6295,-7.9811,19.98,68.0,1009.0,3.09,broken clouds,2.0,0.95,91.25,7.02,3.24,Entrainement
2026-04-28 19:24:57.000000,Fes,34.0331,-5.0003,21.08,73.0,1009.0,4.12,light rain,2.0,0.58,85.2,5.9,3.08,Entrainement
2026-04-28 20:25:06.000000,Casablanca,33.5731,-7.5898,18.44,80.0,1011.0,2.68,broken clouds,2.0,1.28,97.7,14.96,8.19,Entrainement
2026-04-28 20:25:15.000000,Rabat,34.0209,-6.8416,18.37,94.0,1010.0,1.54,overcast clouds,2.0,2.71,95.17,14.43,8.13,Entrainement
2026-04-28 20:25:27.000000,Marrakech,31.6295,-7.9811,19.98,68.0,1009.0,2.06,broken clouds,2.0,1.15,88.88,6.57,2.91,Entrainement
2026-04-28 20:25:36.000000,Fes,34.0331,-5.0003,20.08,77.0,1010.0,3.6,moderate rain,2.0,1.15,74.82,5.33,2.92,Entrainement
2026-04-28 21:25:48.000000,Casablanca,33.5731,-7.5898,17.89,82.0,1011.0,2.06,overcast clouds,2.0,1.41,95.68,16.27,8.48,Entrainement
2026-04-28 21:25:59.000000,Rabat,34.0209,-6.8416,18.37,94.0,1011.0,2.06,overcast clouds,2.0,2.68,93.16,15.65,8.38,Entrainement
2026-04-28 21:26:08.000000,Marrakech,31.6295,-7.9811,19.98,68.0,1010.0,2.06,broken clouds,2.0,1.3,87.53,7.01,2.96,Entrainement
2026-04-28 21:26:18.000000,Fes,34.0331,-5.0003,19.08,88.0,1010.0,2.57,light rain,2.0,1.73,62.6,5.1,2.91,Entrainement
2026-04-28 22:26:31.000000,Casablanca,33.5731,-7.5898,17.89,82.0,1012.0,1.54,overcast clouds,2.0,1.46,94.33,17.07,8.41,Entrainement
2026-04-28 22:26:42.000000,Rabat,34.0209,-6.8416,18.37,94.0,1011.0,0.0,overcast clouds,2.0,2.58,91.42,16.18,8.32,Entrainement
2026-04-28 22:26:55.000000,Marrakech,31.6295,-7.9811,18.98,68.0,1011.0,4.63,broken clouds,2.0,1.38,86.47,7.57,3.13,Entrainement
2026-04-28 22:27:05.000000,Fes,34.0331,-5.0003,19.08,94.0,1011.0,2.57,broken clouds,1.0,2.01,54.47,4.94,2.88,Entrainement
2026-04-28 23:27:15.000000,Casablanca,33.5731,-7.5898,17.89,82.0,1012.0,1.54,overcast clouds,2.0,1.48,92.36,17.46,8.15,Entrainement
2026-04-28 23:27:28.000000,Rabat,34.0209,-6.8416,18.37,88.0,1011.0,1.54,light rain,2.0,2.54,88.71,15.65,8.1,Entrainement
2026-04-28 23:27:43.000000,Marrakech,31.6295,-7.9811,17.98,72.0,1012.0,3.6,broken clouds,2.0,1.41,84.62,7.75,3.22,Entrainement
2026-04-28 23:27:54.000000,Fes,34.0331,-5.0003,18.08,100.0,1011.0,4.12,light rain,1.0,2.12,48.27,4.87,2.84,Entrainement
2026-04-29 14:49:31.000000,Casablanca,33.5731,-7.5898,20.01,73.0,1012.0,2.57,scattered clouds,2.0,0.54,96.46,9.42,3.99,Entrainement
2026-04-29 14:49:37.000000,Rabat,34.0209,-6.8416,20.37,83.0,1012.0,2.06,broken clouds,2.0,1.1,97.38,6.84,4.3,Entrainement
2026-04-29 14:49:44.000000,Marrakech,31.6295,-7.9811,20.98,68.0,1009.0,2.06,broken clouds,2.0,0.22,94.75,6.51,2.35,Entrainement
2026-04-29 14:49:50.000000,Fes,34.0331,-5.0003,19.08,94.0,1010.0,3.6,light rain,2.0,0.27,82.54,4.74,3.03,Entrainement
2026-04-29 15:49:58.000000,Casablanca,33.5731,-7.5898,20.01,68.0,1011.0,2.57,scattered clouds,2.0,0.57,96.34,9.17,3.82,Entrainement
2026-04-29 15:50:08.000000,Rabat,34.0209,-6.8416,21.37,78.0,1012.0,2.57,broken clouds,2.0,1.12,98.33,6.94,4.38,Entrainement
2026-04-29 15:50:15.000000,Marrakech,31.6295,-7.9811,20.98,64.0,1009.0,2.06,broken clouds,2.0,0.25,93.85,6.87,2.56,Entrainement
2026-04-29 15:50:23.000000,Fes,34.0331,-5.0003,19.08,88.0,1010.0,3.09,broken clouds,2.0,0.28,83.76,4.85,3.36,Entrainement
2026-04-29 16:50:30.000000,Casablanca,33.5731,-7.5898,20.0,68.0,1011.0,2.57,scattered clouds,2.0,0.71,96.94,9.37,3.81,Entrainement
2026-04-29 16:50:36.000000,Rabat,34.0209,-6.8416,20.37,77.0,1011.0,3.09,scattered clouds,2.0,1.42,97.84,7.28,4.38,Entrainement
2026-04-29 16:50:42.000000,Marrakech,31.6295,-7.9811,21.98,60.0,1009.0,3.09,broken clouds,2.0,0.34,94.78,7.83,3.0,Entrainement
2026-04-29 16:50:49.000000,Fes,34.0331,-5.0003,20.08,82.0,1010.0,4.12,broken clouds,2.0,0.41,83.63,5.13,3.87,Entrainement
2026-04-29 17:50:57.000000,Casablanca,33.5731,-7.5898,20.0,68.0,1011.0,3.09,scattered clouds,2.0,0.93,97.15,9.96,3.91,Entrainement
2026-04-29 17:51:04.000000,Rabat,34.0209,-6.8416,20.37,77.0,1011.0,2.57,scattered clouds,2.0,2.04,95.73,7.77,4.32,Entrainement
2026-04-29 17:51:11.000000,Marrakech,31.6295,-7.9811,21.98,60.0,1008.0,2.06,broken clouds,2.0,0.5,95.11,9.25,3.58,Entrainement
2026-04-29 17:51:18.000000,Fes,34.0331,-5.0003,19.08,88.0,1010.0,3.6,broken clouds,2.0,0.68,81.33,5.5,4.4,Entrainement
2026-04-29 18:51:25.000000,Casablanca,33.5731,-7.5898,19.49,70.0,1012.0,3.09,scattered clouds,2.0,1.21,96.62,10.41,3.96,Entrainement
2026-04-29 18:51:32.000000,Rabat,34.0209,-6.8416,19.37,82.0,1012.0,2.57,scattered clouds,2.0,2.6,93.25,8.09,4.2,Entrainement
2026-04-29 18:51:39.000000,Marrakech,31.6295,-7.9811,22.0,60.0,1009.0,2.57,broken clouds,2.0,0.69,94.5,10.63,4.04,Entrainement
2026-04-29 18:51:46.000000,Fes,34.0331,-5.0003,19.08,88.0,1011.0,3.6,broken clouds,2.0,0.99,78.82,5.65,4.62,Entrainement
2026-04-29 19:51:55.000000,Casablanca,33.5731,-7.5898,18.95,72.0,1013.0,2.57,scattered clouds,2.0,1.71,94.0,10.83,3.95,Entrainement
2026-04-29 19:52:07.000000,Rabat,34.0209,-6.8416,19.37,82.0,1012.0,2.06,scattered clouds,2.0,3.05,90.4,8.26,4.09,Entrainement
2026-04-29 19:52:16.000000,Marrakech,31.6295,-7.9811,20.98,64.0,1009.0,2.06,broken clouds,2.0,0.98,91.16,11.48,4.2,Entrainement
2026-04-29 19:52:23.000000,Fes,34.0331,-5.0003,18.08,94.0,1011.0,3.6,broken clouds,2.0,1.51,73.7,5.67,4.64,Entrainement
2026-04-29 20:52:30.000000,Casablanca,33.5731,-7.5898,18.44,75.0,1014.0,2.57,scattered clouds,2.0,2.12,90.99,11.48,4.01,Entrainement
2026-04-29 20:52:37.000000,Rabat,34.0209,-6.8416,18.37,88.0,1014.0,2.57,scattered clouds,2.0,3.33,87.91,8.42,4.06,Entrainement
2026-04-29 20:52:44.000000,Marrakech,31.6295,-7.9811,20.98,68.0,1011.0,4.63,broken clouds,2.0,1.19,89.07,12.12,4.24,Entrainement
2026-04-29 20:52:50.000000,Fes,34.0331,-5.0003,17.08,100.0,1013.0,2.57,broken clouds,2.0,1.92,69.57,5.67,4.6,Entrainement
2026-04-30 09:24:44.000000,Casablanca,33.5731,-7.5898,18.95,72.0,1016.0,2.57,broken clouds,2.0,3.52,64.66,17.71,6.59,Entrainement
2026-04-30 09:24:56.000000,Rabat,34.0209,-6.8416,17.37,100.0,1016.0,2.57,scattered clouds,2.0,5.24,61.88,9.13,4.57,Entrainement
2026-04-30 09:25:10.000000,Marrakech,31.6295,-7.9811,15.98,88.0,1015.0,2.57,overcast clouds,2.0,2.75,69.68,13.72,4.2,Entrainement
2026-04-30 09:25:22.000000,Fes,34.0331,-5.0003,17.08,100.0,1016.0,2.06,broken clouds,1.0,1.93,43.63,5.44,3.03,Entrainement
2026-04-30 11:27:02.000000,Casablanca,33.5731,-7.5898,20.01,73.0,1016.0,3.09,scattered clouds,2.0,3.12,74.85,18.56,7.43,Entrainement
2026-04-30 11:27:10.000000,Rabat,34.0209,-6.8416,20.37,73.0,1016.0,2.57,broken clouds,2.0,4.37,74.17,9.38,4.9,Entrainement
2026-04-30 11:27:17.000000,Marrakech,31.6295,-7.9811,17.98,82.0,1015.0,1.54,overcast clouds,2.0,2.28,77.85,12.71,4.0,Entrainement
2026-04-30 11:27:25.000000,Fes,34.0331,-5.0003,19.08,82.0,1015.0,2.06,broken clouds,2.0,0.96,70.54,5.92,2.78,Entrainement
2026-04-30 12:27:35.000000,Casablanca,33.5731,-7.5898,20.01,68.0,1016.0,3.6,scattered clouds,2.0,2.82,79.16,18.92,7.74,Entrainement
2026-04-30 12:27:45.000000,Rabat,34.0209,-6.8416,21.37,64.0,1016.0,3.6,broken clouds,2.0,3.67,78.73,9.35,5.02,Entrainement
2026-04-30 12:27:53.000000,Marrakech,31.6295,-7.9811,16.98,82.0,1015.0,2.57,overcast clouds,2.0,1.62,82.56,12.35,3.94,Entrainement
2026-04-30 12:28:01.000000,Fes,34.0331,-5.0003,19.08,88.0,1015.0,1.54,broken clouds,2.0,0.7,76.75,5.59,2.61,Entrainement
2026-04-30 15:54:39.000000,Casablanca,33.5731,-7.5898,21.01,60.0,1016.0,4.12,scattered clouds,2.0,1.1,95.24,12.39,6.21,Entrainement
2026-04-30 15:54:47.000000,Rabat,34.0209,-6.8416,21.37,68.0,1016.0,4.12,scattered clouds,2.0,1.54,92.41,7.81,4.48,Entrainement
2026-04-30 15:54:54.000000,Marrakech,31.6295,-7.9811,22.98,64.0,1014.0,1.03,broken clouds,2.0,0.26,99.61,6.66,2.42,Entrainement
2026-04-30 15:55:01.000000,Fes,34.0331,-5.0003,20.08,82.0,1014.0,2.57,broken clouds,2.0,0.51,80.75,3.26,1.91,Entrainement
2026-04-30 16:55:07.000000,Casablanca,33.5731,-7.5898,20.78,60.0,1016.0,4.12,scattered clouds,2.0,1.3,95.29,10.9,5.81,Entrainement
2026-04-30 16:55:13.000000,Rabat,34.0209,-6.8416,20.37,64.0,1016.0,3.6,scattered clouds,2.0,1.73,92.64,7.25,4.12,Entrainement
2026-04-30 16:55:19.000000,Marrakech,31.6295,-7.9811,23.98,53.0,1013.0,2.57,broken clouds,2.0,0.36,99.59,7.84,3.02,Entrainement
2026-04-30 16:55:25.000000,Fes,34.0331,-5.0003,20.08,82.0,1014.0,2.57,broken clouds,2.0,0.73,76.13,3.19,1.98,Entrainement
2026-04-30 17:55:33.000000,Casablanca,33.5731,-7.5898,20.0,60.0,1017.0,4.12,broken clouds,2.0,1.66,94.22,9.65,5.25,Entrainement
2026-04-30 17:55:40.000000,Rabat,34.0209,-6.8416,20.37,64.0,1017.0,3.6,scattered clouds,2.0,2.12,92.94,6.69,3.73,Entrainement
2026-04-30 17:55:48.000000,Marrakech,31.6295,-7.9811,24.98,50.0,1014.0,2.06,broken clouds,2.0,0.57,96.89,9.39,3.83,Entrainement
2026-04-30 17:55:55.000000,Fes,34.0331,-5.0003,19.08,82.0,1014.0,3.6,broken clouds,2.0,1.1,69.15,3.33,2.15,Entrainement
2026-04-30 18:12:03.368949,Marrakech,31.6295,-7.9811,24.98,50.0,1014.0,2.06,broken clouds,2.0,0.57,96.89,9.39,3.83,Entrainement
2026-04-30 18:12:03.368949,Rabat,34.0209,-6.8416,20.36,64.0,1017.0,3.6,scattered clouds,2.0,2.12,92.94,6.69,3.73,Entrainement
2026-04-30 18:56:03.000000,Casablanca,33.5731,-7.5898,20.0,64.0,1017.0,3.6,few clouds,2.0,1.99,93.14,8.84,4.68,Entrainement
2026-04-30 18:56:10.000000,Rabat,34.0209,-6.8416,19.37,68.0,1017.0,3.09,scattered clouds,2.0,2.49,92.65,6.03,3.26,Entrainement
2026-04-30 18:56:18.000000,Marrakech,31.6295,-7.9811,23.98,53.0,1014.0,2.06,scattered clouds,2.0,0.84,92.85,10.33,4.36,Entrainement
2026-04-30 18:56:25.000000,Fes,34.0331,-5.0003,20.08,77.0,1015.0,2.06,light rain,2.0,1.37,64.11,3.46,2.25,Entrainement
2026-04-30 19:04:26.000000,Casablanca,33.5731,-7.5898,20.0,64.0,1017.0,3.6,few clouds,2.0,1.99,93.14,8.84,4.68,Entrainement
2026-04-30 19:04:34.000000,Rabat,34.0209,-6.8416,19.37,68.0,1017.0,3.09,scattered clouds,2.0,2.49,92.65,6.03,3.26,Entrainement
2026-04-30 19:04:42.000000,Marrakech,31.6295,-7.9811,23.98,53.0,1014.0,2.06,scattered clouds,2.0,0.84,92.85,10.33,4.36,Entrainement
2026-04-30 19:04:50.000000,Fes,34.0331,-5.0003,20.08,77.0,1015.0,2.06,light rain,2.0,1.37,64.11,3.46,2.25,Entrainement
2026-04-30 19:12:13.649309,Rabat,34.0209,-6.8416,19.37,68.0,1017.0,3.09,scattered clouds,2.0,2.49,92.65,6.03,3.26,Entrainement
2026-04-30 19:12:13.649309,Marrakech,31.6295,-7.9811,22.98,53.0,1014.0,1.03,scattered clouds,2.0,0.84,92.85,10.33,4.36,Entrainement
2026-04-30 19:12:13.649309,Tanger,35.7595,-5.834,18.74,68.0,1016.0,3.09,clear sky,3.0,0.82,110.56,5.91,2.36,Entrainement
2026-04-30 19:12:13.649309,Agadir,30.4278,-9.5981,22.06,70.0,1015.0,6.24,scattered clouds,2.0,0.17,95.42,3.38,1.2,Entrainement
2026-04-30 20:04:57.000000,Casablanca,33.5731,-7.5898,18.95,68.0,1018.0,3.09,few clouds,2.0,2.27,91.12,8.78,4.17,Entrainement
2026-04-30 20:05:03.000000,Rabat,34.0209,-6.8416,18.34,72.0,1018.0,3.6,scattered clouds,2.0,2.97,90.64,5.47,2.85,Entrainement
2026-04-30 20:05:10.000000,Marrakech,31.6295,-7.9811,22.98,53.0,1015.0,1.54,scattered clouds,2.0,1.23,86.73,10.53,4.49,Entrainement
2026-04-30 20:05:16.000000,Fes,34.0331,-5.0003,20.08,77.0,1017.0,2.57,broken clouds,1.0,1.71,58.29,3.48,2.26,Entrainement
2026-04-30 20:12:23.159074,Agadir,30.4278,-9.5981,20.06,71.0,1016.0,3.74,clear sky,2.0,0.2,95.72,3.44,1.2,Entrainement
2026-04-30 20:12:23.159074,Tanger,35.7595,-5.834,17.74,72.0,1017.0,3.09,clear sky,3.0,1.32,106.19,5.94,2.35,Entrainement
2026-04-30 20:12:23.159074,Marrakech,31.6295,-7.9811,22.98,53.0,1015.0,2.57,scattered clouds,2.0,1.23,86.73,10.53,4.49,Entrainement
2026-04-30 20:12:23.159074,Rabat,34.0209,-6.8416,17.37,77.0,1018.0,2.57,scattered clouds,2.0,2.97,90.64,5.47,2.85,Entrainement
2026-04-30 20:20:56.000000,Casablanca,33.5731,-7.5898,18.07,72.0,1019.0,3.09,scattered clouds,2.0,2.56,89.57,9.1,3.78,Entrainement
2026-04-30 20:20:59.000000,Tanger,35.7595,-5.834,16.64,77.0,1018.0,2.06,clear sky,2.0,3.31,88.6,5.34,2.7,Entrainement
2026-04-30 20:21:00.000000,Karia Ba Mohamed,34.3667,-5.2139,18.38,66.0,1017.0,4.31,broken clouds,2.0,1.7,67.78,4.38,2.56,Entrainement
2026-04-30 20:21:03.000000,Fes,34.0331,-5.0003,17.14,88.0,1018.0,3.6,broken clouds,1.0,1.96,53.56,3.52,2.29,Entrainement
2026-04-30 20:23:57.000000,Casablanca,33.5731,-7.5898,18.07,72.0,1019.0,3.09,scattered clouds,2.0,2.56,89.57,9.1,3.78,Entrainement
2026-04-30 20:24:00.000000,Tanger,35.7595,-5.834,16.64,77.0,1018.0,2.06,clear sky,2.0,3.31,88.6,5.34,2.7,Entrainement
2026-04-30 20:24:03.000000,Karia Ba Mohamed,34.3667,-5.2139,18.38,66.0,1017.0,4.31,broken clouds,2.0,1.7,67.78,4.38,2.56,Entrainement
2026-04-30 20:24:04.000000,Fes,34.0331,-5.0003,17.14,88.0,1018.0,3.6,broken clouds,1.0,1.96,53.56,3.52,2.29,Entrainement
2026-04-30 21:05:24.000000,Casablanca,33.5731,-7.5898,17.89,72.0,1019.0,3.09,few clouds,2.0,2.45,89.81,9.33,3.95,Entrainement
2026-04-30 21:05:31.000000,Rabat,34.0209,-6.8416,17.37,77.0,1019.0,2.57,scattered clouds,2.0,3.31,88.6,5.34,2.7,Entrainement
2026-04-30 21:05:38.000000,Marrakech,31.6295,-7.9811,22.98,53.0,1017.0,2.06,scattered clouds,2.0,1.53,82.56,10.65,4.48,Entrainement
2026-04-30 21:05:44.000000,Fes,34.0331,-5.0003,18.08,88.0,1018.0,2.06,broken clouds,1.0,1.96,53.56,3.52,2.29,Entrainement
2026-04-30 21:12:32.755292,Rabat,34.0209,-6.8416,17.37,77.0,1019.0,2.57,scattered clouds,2.0,3.31,88.6,5.34,2.7,Entrainement
2026-04-30 21:12:32.755292,Marrakech,31.6295,-7.9811,22.98,53.0,1017.0,2.06,scattered clouds,2.0,1.53,82.56,10.65,4.48,Entrainement
2026-04-30 21:12:32.755292,Tanger,35.7595,-5.834,16.74,77.0,1018.0,2.06,clear sky,3.0,1.73,101.6,6.04,2.38,Entrainement
2026-04-30 21:12:32.755292,Agadir,30.4278,-9.5981,18.06,78.0,1017.0,2.9,scattered clouds,2.0,0.2,96.06,3.58,1.22,Entrainement
2026-04-30 22:02:48.000000,Casablanca,33.5731,-7.5898,18.07,72.0,1019.0,2.57,scattered clouds,2.0,2.5,87.5,10.17,3.86,Entrainement
2026-04-30 22:02:49.000000,Tanger,35.7595,-5.834,15.64,82.0,1019.0,1.54,few clouds,2.0,3.5,83.6,5.65,2.77,Entrainement
2026-04-30 22:02:51.000000,Karia Ba Mohamed,34.3667,-5.2139,17.2,67.0,1019.0,2.57,broken clouds,2.0,1.93,63.89,4.64,2.62,Entrainement
2026-04-30 22:02:52.000000,Fes,34.0331,-5.0003,17.14,82.0,1019.0,3.09,broken clouds,1.0,2.25,48.49,3.63,2.36,Entrainement
2026-04-30 22:05:51.000000,Casablanca,33.5731,-7.5898,17.89,72.0,1020.0,3.09,scattered clouds,2.0,2.52,88.94,9.76,3.86,Entrainement
2026-04-30 22:05:57.000000,Rabat,34.0209,-6.8416,15.37,88.0,1019.0,0.0,scattered clouds,2.0,3.38,87.14,5.44,2.69,Entrainement
2026-04-30 22:06:04.000000,Marrakech,31.6295,-7.9811,20.98,60.0,1018.0,3.6,scattered clouds,2.0,1.68,80.12,10.7,4.41,Entrainement
2026-04-30 22:06:10.000000,Fes,34.0331,-5.0003,17.08,88.0,1018.0,3.09,broken clouds,1.0,2.12,51.18,3.57,2.33,Entrainement
2026-04-30 22:12:48.110970,Rabat,34.0209,-6.8416,15.37,88.0,1019.0,0.0,scattered clouds,2.0,3.38,87.14,5.44,2.69,Entrainement
2026-04-30 22:12:48.110970,Agadir,30.4278,-9.5981,17.06,80.0,1018.0,1.16,broken clouds,2.0,0.19,96.86,3.71,1.23,Entrainement
2026-04-30 22:12:48.110970,Tanger,35.7595,-5.834,15.74,82.0,1019.0,1.54,few clouds,2.0,1.94,99.27,6.14,2.41,Entrainement
2026-04-30 22:12:48.110970,Marrakech,31.6295,-7.9811,21.02,60.0,1018.0,3.6,scattered clouds,2.0,1.68,80.12,10.7,4.41,Entrainement
2026-04-30 23:06:18.000000,Casablanca,33.5731,-7.5898,17.89,72.0,1019.0,2.57,scattered clouds,2.0,2.57,86.93,10.1,3.85,Entrainement
2026-04-30 23:06:23.000000,Casablanca,33.5731,-7.5898,17.02,77.0,1019.0,1.54,scattered clouds,2.0,2.5,85.69,10.67,3.98,Entrainement
2026-04-30 23:06:24.000000,Rabat,34.0209,-6.8416,13.37,94.0,1020.0,0.0,scattered clouds,2.0,3.5,83.6,5.65,2.77,Entrainement
2026-04-30 23:06:24.000000,Tanger,35.7595,-5.834,13.64,82.0,1019.0,0.51,few clouds,2.0,3.67,79.88,6.03,2.96,Entrainement
2026-04-30 23:06:26.000000,Karia Ba Mohamed,34.3667,-5.2139,15.76,72.0,1019.0,2.44,broken clouds,1.0,2.18,56.82,4.71,2.66,Entrainement
2026-04-30 23:06:27.000000,Fes,34.0331,-5.0003,16.14,82.0,1019.0,1.03,broken clouds,1.0,2.28,44.67,3.66,2.39,Entrainement
2026-04-30 23:06:32.000000,Marrakech,31.6295,-7.9811,18.98,68.0,1018.0,4.63,scattered clouds,2.0,1.75,77.75,10.67,4.31,Entrainement
2026-04-30 23:06:39.000000,Fes,34.0331,-5.0003,17.08,82.0,1019.0,3.09,broken clouds,1.0,2.25,48.49,3.63,2.36,Entrainement
2026-04-30 23:12:57.581484,Agadir,30.4278,-9.5981,17.06,82.0,1018.0,1.17,broken clouds,2.0,0.18,96.93,3.94,1.25,Entrainement
2026-04-30 23:12:57.581484,Tanger,35.7595,-5.834,15.74,82.0,1019.0,1.54,few clouds,2.0,2.14,97.55,6.24,2.45,Entrainement
2026-04-30 23:12:57.581484,Rabat,34.0209,-6.8416,12.37,94.0,1020.0,0.0,scattered clouds,2.0,3.5,83.6,5.65,2.77,Entrainement
2026-04-30 23:12:57.581484,Marrakech,31.6295,-7.9811,18.98,63.0,1018.0,2.57,scattered clouds,2.0,1.75,77.75,10.67,4.31,Entrainement
2026-04-30 23:55:41.000000,Casablanca,33.5731,-7.5898,17.02,77.0,1019.0,1.54,scattered clouds,2.0,2.41,83.65,11.08,4.06,Entrainement
2026-04-30 23:55:50.000000,Tanger,35.7595,-5.834,13.64,82.0,1019.0,1.03,scattered clouds,2.0,3.55,77.28,6.49,3.19,Entrainement
2026-04-30 23:55:59.000000,Karia Ba Mohamed,34.3667,-5.2139,14.37,78.0,1019.0,1.61,broken clouds,1.0,2.24,50.09,4.69,2.68,Entrainement
2026-04-30 23:56:05.000000,Fes,34.0331,-5.0003,16.14,82.0,1019.0,3.09,broken clouds,1.0,2.13,41.85,3.6,2.4,Entrainement
2026-05-01 00:17:03.281703,Agadir,30.4278,-9.5981,17.06,84.0,1018.0,2.59,broken clouds,2.0,0.17,97.2,4.21,1.29,Entrainement
2026-05-01 00:17:03.281703,Rabat,34.0209,-6.8416,11.37,100.0,1019.0,0.0,scattered clouds,2.0,3.67,79.88,6.03,2.96,Entrainement
2026-05-01 00:17:03.281703,Marrakech,31.6295,-7.9811,16.98,72.0,1018.0,2.06,scattered clouds,2.0,1.77,76.71,10.77,4.32,Entrainement
2026-05-01 00:17:03.281703,Tanger,35.7595,-5.834,13.74,82.0,1019.0,1.03,clear sky,2.0,2.18,95.73,6.3,2.47,Entrainement
2026-05-01 00:56:10.000000,Casablanca,33.5731,-7.5898,17.02,77.0,1019.0,1.03,few clouds,2.0,2.23,80.84,11.39,4.14,Entrainement
2026-05-01 00:56:13.000000,Tanger,35.7595,-5.834,13.64,82.0,1019.0,0.51,overcast clouds,2.0,3.27,74.71,6.93,3.42,Entrainement
2026-05-01 00:56:16.000000,Karia Ba Mohamed,34.3667,-5.2139,13.56,81.0,1019.0,1.39,scattered clouds,1.0,2.18,43.2,4.59,2.68,Entrainement
2026-05-01 00:56:41.000000,Fes,34.0331,-5.0003,13.14,94.0,1019.0,0.51,scattered clouds,1.0,1.87,39.78,3.48,2.39,Entrainement
2026-05-01 01:17:13.598305,Agadir,30.4278,-9.5981,17.06,84.0,1018.0,3.54,broken clouds,2.0,0.16,97.23,4.4,1.31,Entrainement
2026-05-01 01:17:13.598305,Tanger,35.7595,-5.834,13.74,88.0,1019.0,1.03,scattered clouds,2.0,1.99,93.9,6.29,2.47,Entrainement
2026-05-01 01:17:13.598305,Marrakech,31.6295,-7.9811,15.98,77.0,1018.0,3.6,scattered clouds,2.0,1.67,76.42,10.86,4.38,Entrainement
2026-05-01 01:17:13.598305,Rabat,34.0209,-6.8416,10.37,100.0,1019.0,0.0,scattered clouds,2.0,3.55,77.28,6.49,3.19,Entrainement
2026-05-01 02:17:24.183428,Rabat,34.0209,-6.8416,10.37,100.0,1019.0,0.0,scattered clouds,2.0,3.27,74.71,6.93,3.42,Entrainement
2026-05-01 02:17:24.183428,Tanger,35.7595,-5.834,12.74,88.0,1019.0,0.51,overcast clouds,2.0,1.76,91.5,6.21,2.44,Entrainement
2026-05-01 02:17:24.183428,Marrakech,31.6295,-7.9811,15.98,77.0,1018.0,3.6,scattered clouds,2.0,1.54,75.78,10.87,4.51,Entrainement
2026-05-01 02:17:24.183428,Agadir,30.4278,-9.5981,17.06,84.0,1018.0,4.19,overcast clouds,2.0,0.16,97.0,4.55,1.35,Entrainement
2026-05-01 03:17:33.937870,Agadir,30.4278,-9.5981,16.06,85.0,1017.0,3.78,overcast clouds,2.0,0.16,96.03,4.84,1.44,Entrainement
2026-05-01 03:17:33.937870,Tanger,35.7595,-5.834,12.74,88.0,1019.0,0.51,overcast clouds,2.0,1.56,88.67,6.13,2.41,Entrainement
2026-05-01 03:17:33.937870,Rabat,34.0209,-6.8416,10.37,93.0,1019.0,0.0,scattered clouds,2.0,3.02,72.03,7.35,3.65,Entrainement
2026-05-01 03:17:33.937870,Marrakech,31.6295,-7.9811,13.97,82.0,1018.0,2.06,scattered clouds,2.0,1.42,74.43,10.9,4.67,Entrainement
2026-05-01 04:17:44.089299,Rabat,34.0209,-6.8416,10.37,93.0,1019.0,0.0,scattered clouds,2.0,2.84,69.5,7.68,3.87,Entrainement
2026-05-01 04:17:44.089299,Marrakech,31.6295,-7.9811,13.98,82.0,1018.0,2.57,scattered clouds,2.0,1.3,73.38,11.03,4.82,Entrainement
2026-05-01 04:17:44.089299,Tanger,35.7595,-5.834,12.74,88.0,1019.0,1.03,broken clouds,2.0,1.4,85.92,6.06,2.4,Entrainement
2026-05-01 04:17:44.089299,Agadir,30.4278,-9.5981,16.06,85.0,1017.0,3.0,overcast clouds,2.0,0.17,94.59,5.38,1.6,Entrainement
2026-05-01 05:17:53.838923,Rabat,34.0209,-6.8416,9.37,93.0,1019.0,0.0,scattered clouds,2.0,2.78,67.67,7.94,4.08,Entrainement
2026-05-01 05:17:53.838923,Marrakech,31.6295,-7.9811,13.98,82.0,1017.0,3.09,scattered clouds,2.0,1.35,70.64,11.06,4.92,Entrainement
2026-05-01 05:17:53.838923,Agadir,30.4278,-9.5981,16.06,85.0,1017.0,2.02,overcast clouds,2.0,0.18,93.16,5.41,1.63,Entrainement
2026-05-01 05:17:53.838923,Tanger,35.7595,-5.834,12.74,88.0,1019.0,2.06,broken clouds,2.0,1.28,83.35,5.98,2.37,Entrainement
2026-05-01 06:18:03.942241,Agadir,30.4278,-9.5981,15.06,84.0,1017.0,0.16,overcast clouds,2.0,0.2,91.5,5.04,1.53,Entrainement
2026-05-01 06:18:03.942241,Tanger,35.7595,-5.834,11.74,94.0,1018.0,2.57,broken clouds,2.0,1.34,81.04,5.97,2.38,Entrainement
2026-05-01 06:18:03.942241,Marrakech,31.6295,-7.9811,11.98,87.0,1017.0,2.06,scattered clouds,2.0,1.62,68.3,11.16,5.07,Entrainement
2026-05-01 06:18:03.942241,Rabat,34.0209,-6.8416,8.37,100.0,1019.0,0.0,scattered clouds,2.0,2.89,67.02,8.24,4.31,Entrainement
2026-05-01 07:18:13.653008,Agadir,30.4278,-9.5981,14.06,86.0,1017.0,0.77,overcast clouds,2.0,0.25,89.84,5.4,1.62,Entrainement
2026-05-01 07:18:13.653008,Tanger,35.7595,-5.834,11.74,100.0,1019.0,2.57,broken clouds,2.0,1.96,78.65,6.11,2.48,Entrainement
2026-05-01 07:18:13.653008,Marrakech,31.6295,-7.9811,12.98,88.0,1017.0,1.03,clear sky,2.0,2.46,67.01,11.37,5.23,Entrainement
2026-05-01 07:18:13.653008,Rabat,34.0209,-6.8416,9.37,100.0,1019.0,0.0,scattered clouds,2.0,3.49,67.09,8.65,4.61,Entrainement
2026-05-01 08:18:23.437422,Tanger,35.7595,-5.834,13.74,94.0,1019.0,2.57,clear sky,2.0,2.93,77.74,6.37,2.66,Entrainement
2026-05-01 08:18:23.437422,Marrakech,31.6295,-7.9811,14.97,88.0,1017.0,1.54,clear sky,2.0,4.07,64.66,11.39,5.23,Entrainement
2026-05-01 08:18:23.437422,Agadir,30.4278,-9.5981,16.06,84.0,1017.0,0.37,overcast clouds,2.0,0.35,88.2,6.55,1.84,Entrainement
2026-05-01 08:18:23.437422,Rabat,34.0209,-6.8416,11.37,100.0,1019.0,0.0,scattered clouds,2.0,4.52,66.96,9.11,4.9,Entrainement
2026-05-01 09:18:33.574171,Rabat,34.0209,-6.8416,17.37,94.0,1019.0,2.06,few clouds,2.0,4.71,66.97,9.65,5.24,Entrainement
2026-05-01 09:18:33.574171,Marrakech,31.6295,-7.9811,16.98,77.0,1018.0,1.54,scattered clouds,2.0,4.91,61.41,11.42,5.14,Entrainement
2026-05-01 09:18:33.574171,Tanger,35.7595,-5.834,15.74,88.0,1019.0,1.54,clear sky,2.0,2.99,78.24,6.59,2.78,Entrainement
2026-05-01 09:18:33.574171,Agadir,30.4278,-9.5981,18.06,81.0,1018.0,1.07,overcast clouds,2.0,0.42,87.03,8.0,2.09,Entrainement
2026-05-01 10:16:50.800416,Rabat,34.0209,-6.8416,19.35,68.0,1019.0,2.06,few clouds,2.0,4.29,69.49,10.38,5.74,Entrainement
2026-05-01 10:16:50.800416,Tanger,35.7595,-5.834,18.74,72.0,1020.0,3.09,broken clouds,2.0,2.33,83.56,6.71,2.81,Entrainement
2026-05-01 10:16:50.800416,Agadir,30.4278,-9.5981,20.06,78.0,1018.0,1.77,overcast clouds,2.0,0.41,86.57,9.39,2.34,Entrainement
2026-05-01 10:16:50.800416,Marrakech,31.6295,-7.9811,18.98,72.0,1018.0,2.06,scattered clouds,2.0,4.42,60.27,11.64,5.1,Entrainement
2026-05-01 11:16:23.806704,Agadir,30.4278,-9.5981,22.06,75.0,1019.0,2.78,overcast clouds,2.0,0.38,86.08,11.15,2.71,Entrainement
2026-05-01 11:16:23.806704,Tanger,35.7595,-5.834,18.74,68.0,1020.0,2.57,broken clouds,2.0,0.87,98.72,5.91,2.38,Entrainement
2026-05-01 11:16:23.806704,Marrakech,31.6295,-7.9811,20.98,68.0,1018.0,1.03,scattered clouds,2.0,1.23,81.87,11.9,4.72,Entrainement
2026-05-01 11:16:23.806704,Rabat,34.0209,-6.8416,21.37,60.0,1019.0,2.06,few clouds,2.0,2.75,87.66,10.95,6.33,Entrainement
2026-05-01 11:32:49.000000,Casablanca,33.5731,-7.5898,20.0,60.0,1019.0,3.09,clear sky,2.0,0.95,95.36,19.44,8.03,Entrainement
2026-05-01 11:32:57.000000,Rabat,34.0209,-6.8416,21.37,60.0,1019.0,2.06,clear sky,2.0,1.8,97.15,12.35,7.82,Entrainement
2026-05-01 11:33:04.000000,Marrakech,31.6295,-7.9811,20.98,68.0,1018.0,1.03,scattered clouds,2.0,0.65,87.19,11.84,4.82,Entrainement
2026-05-01 11:33:11.000000,Fes,34.0331,-5.0003,21.08,73.0,1018.0,3.09,clear sky,2.0,0.3,83.29,3.32,2.48,Entrainement
2026-05-01 11:49:06.000000,Casablanca,33.5731,-7.5898,20.74,56.0,1019.0,3.09,clear sky,3.0,0.74,103.23,20.44,9.55,Entrainement
2026-05-01 11:49:09.000000,Tanger,35.7595,-5.834,19.64,64.0,1019.0,3.09,broken clouds,3.0,1.21,104.18,13.75,9.26,Entrainement
2026-05-01 11:49:11.000000,Karia Ba Mohamed,34.3667,-5.2139,25.24,48.0,1017.0,1.48,few clouds,2.0,0.37,87.51,5.74,3.77,Entrainement
2026-05-01 11:49:13.000000,Fes,34.0331,-5.0003,23.14,60.0,1017.0,2.57,scattered clouds,2.0,0.26,84.51,3.72,2.83,Entrainement
2026-05-01 12:16:33.665801,Tanger,35.7595,-5.834,19.74,64.0,1020.0,2.57,broken clouds,3.0,0.57,101.93,5.65,2.33,Entrainement
2026-05-01 12:16:33.665801,Rabat,34.0209,-6.8416,20.35,64.0,1019.0,4.12,clear sky,2.0,1.8,97.15,12.35,7.82,Entrainement
2026-05-01 12:16:33.665801,Agadir,30.4278,-9.5981,23.06,74.0,1018.0,3.4,overcast clouds,2.0,0.34,85.33,13.77,3.32,Entrainement
2026-05-01 12:16:33.665801,Marrakech,31.6295,-7.9811,22.98,56.0,1017.0,2.06,scattered clouds,2.0,0.65,87.19,11.84,4.82,Entrainement
2026-05-01 12:33:19.000000,Casablanca,33.5731,-7.5898,21.01,56.0,1019.0,3.09,clear sky,3.0,0.71,100.35,20.53,9.12,Entrainement
2026-05-01 12:33:26.000000,Rabat,34.0209,-6.8416,21.37,64.0,1019.0,3.6,clear sky,3.0,1.21,104.18,13.75,9.26,Entrainement
2026-05-01 12:33:33.000000,Marrakech,31.6295,-7.9811,22.98,56.0,1017.0,2.06,scattered clouds,2.0,0.48,90.24,12.42,5.21,Entrainement
2026-05-01 12:33:40.000000,Fes,34.0331,-5.0003,22.08,68.0,1017.0,2.06,scattered clouds,2.0,0.26,84.51,3.72,2.83,Entrainement
2026-05-01 12:49:15.000000,Casablanca,33.5731,-7.5898,20.74,56.0,1019.0,3.6,clear sky,3.0,0.56,105.36,17.01,8.64,Entrainement
2026-05-01 12:49:16.000000,Tanger,35.7595,-5.834,19.64,64.0,1019.0,3.09,broken clouds,3.0,0.79,107.99,12.06,8.19,Entrainement
2026-05-01 12:49:18.000000,Karia Ba Mohamed,34.3667,-5.2139,26.32,44.0,1017.0,2.13,few clouds,2.0,0.33,90.78,5.95,3.94,Entrainement
2026-05-01 12:49:19.000000,Fes,34.0331,-5.0003,24.14,56.0,1016.0,2.06,scattered clouds,2.0,0.24,88.02,4.01,3.03,Entrainement
2026-05-01 13:16:45.674367,Agadir,30.4278,-9.5981,25.06,74.0,1018.0,4.05,overcast clouds,2.0,0.29,85.05,15.62,3.9,Entrainement
2026-05-01 13:16:45.674367,Tanger,35.7595,-5.834,19.74,64.0,1019.0,3.09,broken clouds,3.0,0.43,103.72,5.51,2.33,Entrainement
2026-05-01 13:16:45.674367,Marrakech,31.6295,-7.9811,24.0,57.0,1017.0,1.54,scattered clouds,2.0,0.48,90.24,12.42,5.21,Entrainement
2026-05-01 13:16:45.674367,Rabat,34.0209,-6.8416,21.37,64.0,1019.0,4.63,clear sky,3.0,1.21,104.18,13.75,9.26,Entrainement
2026-05-01 13:33:47.000000,Casablanca,33.5731,-7.5898,21.01,56.0,1019.0,3.6,clear sky,3.0,0.55,103.15,17.28,8.36,Entrainement
2026-05-01 13:33:53.000000,Rabat,34.0209,-6.8416,21.37,64.0,1019.0,4.63,broken clouds,3.0,0.79,107.99,12.06,8.19,Entrainement
2026-05-01 13:34:00.000000,Marrakech,31.6295,-7.9811,23.98,57.0,1016.0,1.54,scattered clouds,2.0,0.35,98.81,10.82,4.58,Entrainement
2026-05-01 13:34:07.000000,Fes,34.0331,-5.0003,24.08,56.0,1017.0,2.57,scattered clouds,2.0,0.24,88.02,4.01,3.03,Entrainement
2026-05-01 13:49:21.000000,Casablanca,33.5731,-7.5898,20.18,64.0,1018.0,3.6,clear sky,3.0,0.62,109.66,14.05,7.99,Entrainement
2026-05-01 13:49:22.000000,Tanger,35.7595,-5.834,20.64,60.0,1018.0,3.6,broken clouds,3.0,0.72,111.48,11.58,7.84,Entrainement
2026-05-01 13:49:24.000000,Karia Ba Mohamed,34.3667,-5.2139,27.33,42.0,1016.0,2.63,few clouds,2.0,0.31,92.68,5.69,3.74,Entrainement
2026-05-01 13:49:25.000000,Fes,34.0331,-5.0003,26.14,50.0,1016.0,2.06,scattered clouds,2.0,0.25,90.83,3.85,2.8,Entrainement
2026-05-01 14:16:54.919113,Tanger,35.7595,-5.834,19.74,68.0,1019.0,3.6,broken clouds,3.0,0.41,105.3,5.56,2.36,Entrainement
2026-05-01 14:16:54.919113,Agadir,30.4278,-9.5981,25.06,74.0,1017.0,4.96,broken clouds,2.0,0.24,84.68,14.78,5.1,Entrainement
2026-05-01 14:16:54.919113,Rabat,34.0209,-6.8416,21.37,64.0,1019.0,5.66,broken clouds,3.0,0.77,111.55,12.87,8.72,Entrainement
2026-05-01 14:16:54.919113,Marrakech,31.6295,-7.9811,25.98,50.0,1016.0,2.57,scattered clouds,3.0,0.34,100.71,10.18,4.2,Entrainement
2026-05-01 14:34:14.000000,Casablanca,33.5731,-7.5898,20.01,64.0,1018.0,3.6,clear sky,3.0,0.56,108.22,14.07,7.89,Entrainement
2026-05-01 14:34:21.000000,Rabat,34.0209,-6.8416,21.37,60.0,1018.0,5.14,overcast clouds,3.0,0.72,111.48,11.58,7.84,Entrainement
2026-05-01 14:34:27.000000,Marrakech,31.6295,-7.9811,25.98,50.0,1015.0,2.57,scattered clouds,3.0,0.32,102.85,10.6,4.3,Entrainement
2026-05-01 14:34:34.000000,Fes,34.0331,-5.0003,25.08,53.0,1016.0,2.57,scattered clouds,2.0,0.25,90.83,3.85,2.8,Entrainement
2026-05-01 14:49:27.000000,Casablanca,33.5731,-7.5898,20.18,64.0,1018.0,4.12,clear sky,3.0,0.73,111.71,14.07,8.23,Entrainement
2026-05-01 14:49:28.000000,Tanger,35.7595,-5.834,20.64,60.0,1018.0,5.14,broken clouds,3.0,0.83,111.7,10.87,7.25,Entrainement
2026-05-01 14:49:30.000000,Karia Ba Mohamed,34.3667,-5.2139,27.74,39.0,1015.0,3.38,scattered clouds,2.0,0.33,93.51,5.89,3.85,Entrainement
2026-05-01 14:49:31.000000,Fes,34.0331,-5.0003,26.14,50.0,1015.0,3.6,scattered clouds,2.0,0.26,91.77,4.11,2.94,Entrainement
2026-05-01 15:17:04.658261,Agadir,30.4278,-9.5981,26.06,73.0,1017.0,4.49,scattered clouds,2.0,0.24,86.02,15.11,5.62,Entrainement
2026-05-01 15:17:04.658261,Rabat,34.0209,-6.8416,21.37,60.0,1018.0,5.66,overcast clouds,3.0,0.72,111.48,11.58,7.84,Entrainement
2026-05-01 15:17:04.658261,Tanger,35.7595,-5.834,20.74,60.0,1018.0,3.6,broken clouds,3.0,0.41,105.64,5.5,2.35,Entrainement
2026-05-01 15:17:04.658261,Marrakech,31.6295,-7.9811,26.98,50.0,1015.0,1.54,scattered clouds,3.0,0.32,102.85,10.6,4.3,Entrainement
2026-05-01 15:34:41.000000,Casablanca,33.5731,-7.5898,20.01,64.0,1018.0,4.12,clear sky,3.0,0.66,110.28,14.02,8.14,Entrainement
2026-05-01 15:34:47.000000,Rabat,34.0209,-6.8416,21.37,60.0,1018.0,5.66,overcast clouds,3.0,0.83,111.7,10.87,7.25,Entrainement
2026-05-01 15:34:53.000000,Marrakech,31.6295,-7.9811,26.98,50.0,1014.0,1.54,scattered clouds,3.0,0.35,103.35,12.84,5.07,Entrainement
2026-05-01 15:35:00.000000,Fes,34.0331,-5.0003,26.08,50.0,1015.0,2.57,scattered clouds,2.0,0.26,91.77,4.11,2.94,Entrainement
2026-05-01 15:49:33.000000,Casablanca,33.5731,-7.5898,20.18,64.0,1018.0,4.12,clear sky,3.0,0.97,114.06,13.88,8.14,Entrainement
2026-05-01 15:49:34.000000,Tanger,35.7595,-5.834,20.64,60.0,1018.0,5.66,broken clouds,3.0,1.1,112.21,10.26,6.67,Entrainement
2026-05-01 15:49:36.000000,Karia Ba Mohamed,34.3667,-5.2139,27.38,40.0,1015.0,3.64,scattered clouds,2.0,0.38,95.52,6.11,3.9,Entrainement
2026-05-01 15:49:37.000000,Fes,34.0331,-5.0003,26.14,47.0,1014.0,2.57,scattered clouds,2.0,0.32,93.33,4.55,3.17,Entrainement
2026-05-01 16:17:12.888992,Rabat,34.0209,-6.8416,20.37,64.0,1018.0,5.66,overcast clouds,3.0,0.83,111.7,10.87,7.25,Entrainement
2026-05-01 16:17:12.888992,Marrakech,31.6295,-7.9811,28.98,39.0,1014.0,1.54,scattered clouds,3.0,0.35,103.35,12.84,5.07,Entrainement
2026-05-01 16:17:12.888992,Tanger,35.7595,-5.834,20.74,56.0,1018.0,5.14,broken clouds,3.0,0.44,105.68,5.59,2.33,Entrainement
2026-05-01 16:17:12.888992,Agadir,30.4278,-9.5981,25.06,68.0,1016.0,5.17,scattered clouds,2.0,0.25,88.3,15.85,6.32,Entrainement
2026-05-01 16:35:07.000000,Casablanca,33.5731,-7.5898,20.01,64.0,1017.0,4.12,clear sky,3.0,0.87,113.33,14.03,8.24,Entrainement
2026-05-01 16:35:13.000000,Rabat,34.0209,-6.8416,20.37,64.0,1018.0,5.66,overcast clouds,3.0,1.1,112.21,10.26,6.67,Entrainement
2026-05-01 16:35:20.000000,Marrakech,31.6295,-7.9811,28.98,39.0,1014.0,1.54,scattered clouds,3.0,0.53,104.35,17.51,6.84,Entrainement
2026-05-01 16:35:26.000000,Fes,34.0331,-5.0003,26.08,50.0,1015.0,2.57,scattered clouds,2.0,0.32,93.33,4.55,3.17,Entrainement
2026-05-01 16:49:39.000000,Casablanca,33.5731,-7.5898,20.19,64.0,1018.0,4.12,clear sky,3.0,1.27,113.84,13.5,7.66,Entrainement
2026-05-01 16:49:40.000000,Tanger,35.7595,-5.834,20.64,64.0,1018.0,4.63,broken clouds,3.0,1.59,111.53,9.68,6.04,Entrainement
2026-05-01 16:49:42.000000,Karia Ba Mohamed,34.3667,-5.2139,26.78,42.0,1015.0,4.3,broken clouds,2.0,0.5,96.7,6.31,3.92,Entrainement
2026-05-01 16:49:43.000000,Fes,34.0331,-5.0003,26.14,47.0,1015.0,2.06,scattered clouds,2.0,0.46,94.04,5.21,3.55,Entrainement
2026-05-01 17:17:22.656243,Agadir,30.4278,-9.5981,24.06,65.0,1015.0,5.92,scattered clouds,2.0,0.28,91.56,16.86,7.19,Entrainement
2026-05-01 17:17:22.656243,Marrakech,31.6295,-7.9811,28.98,39.0,1014.0,2.06,scattered clouds,3.0,0.53,104.35,17.51,6.84,Entrainement
2026-05-01 17:17:22.656243,Rabat,34.0209,-6.8416,20.37,68.0,1018.0,5.14,overcast clouds,3.0,1.1,112.21,10.26,6.67,Entrainement
2026-05-01 17:17:22.656243,Tanger,35.7595,-5.834,19.74,64.0,1018.0,5.66,broken clouds,3.0,0.52,105.9,5.95,2.4,Entrainement
2026-05-01 17:35:34.000000,Casablanca,33.5731,-7.5898,20.01,64.0,1018.0,4.12,clear sky,3.0,1.16,114.55,13.94,8.02,Entrainement
2026-05-01 17:35:43.000000,Rabat,34.0209,-6.8416,20.37,68.0,1017.0,5.14,overcast clouds,3.0,1.59,111.53,9.68,6.04,Entrainement
2026-05-01 17:35:52.000000,Marrakech,31.6295,-7.9811,28.98,39.0,1014.0,2.06,scattered clouds,3.0,0.81,104.59,23.29,9.09,Entrainement
2026-05-01 17:36:03.000000,Fes,34.0331,-5.0003,26.08,47.0,1015.0,2.06,scattered clouds,2.0,0.46,94.04,5.21,3.55,Entrainement
2026-05-01 17:49:45.000000,Casablanca,33.5731,-7.5898,19.13,68.0,1018.0,4.12,clear sky,3.0,1.67,111.81,12.61,6.75,Entrainement
2026-05-01 17:49:47.000000,Tanger,35.7595,-5.834,19.64,68.0,1018.0,3.6,clear sky,3.0,2.14,107.52,8.65,5.08,Entrainement
2026-05-01 17:49:48.000000,Karia Ba Mohamed,34.3667,-5.2139,24.84,50.0,1015.0,5.41,broken clouds,2.0,0.66,96.78,6.5,3.92,Entrainement
2026-05-01 17:49:50.000000,Fes,34.0331,-5.0003,25.14,53.0,1015.0,4.12,scattered clouds,2.0,0.64,94.0,5.91,3.95,Entrainement
2026-05-01 18:17:07.756242,Agadir,30.4278,-9.5981,23.06,62.0,1015.0,5.18,scattered clouds,2.0,0.32,94.4,17.1,7.69,Entrainement
2026-05-01 18:17:07.756242,Tanger,35.7595,-5.834,20.74,64.0,1018.0,3.6,broken clouds,3.0,0.69,106.23,6.49,2.59,Entrainement
2026-05-01 18:17:07.756242,Marrakech,31.6295,-7.9811,28.98,37.0,1014.0,2.06,scattered clouds,3.0,0.81,104.59,23.29,9.09,Entrainement
2026-05-01 18:17:07.756242,Rabat,34.0209,-6.8416,20.37,64.0,1017.0,4.63,overcast clouds,3.0,1.59,111.53,9.68,6.04,Entrainement
2026-05-01 18:36:10.000000,Casablanca,33.5731,-7.5898,18.95,68.0,1018.0,4.12,clear sky,3.0,1.52,113.55,13.21,7.26,Entrainement
2026-05-01 18:36:17.000000,Rabat,34.0209,-6.8416,19.37,68.0,1018.0,4.63,overcast clouds,3.0,2.14,107.52,8.65,5.08,Entrainement
2026-05-01 18:36:24.000000,Marrakech,31.6295,-7.9811,28.98,37.0,1014.0,2.06,scattered clouds,3.0,1.09,103.23,27.35,10.61,Entrainement
2026-05-01 18:36:31.000000,Fes,34.0331,-5.0003,26.08,50.0,1015.0,4.12,scattered clouds,2.0,0.64,94.0,5.91,3.95,Entrainement
2026-05-01 18:49:52.000000,Casablanca,33.5731,-7.5898,19.13,68.0,1018.0,3.09,clear sky,3.0,2.28,106.12,11.53,5.72,Entrainement
2026-05-01 18:49:54.000000,Tanger,35.7595,-5.834,18.64,72.0,1018.0,1.54,clear sky,2.0,3.01,99.89,7.65,4.21,Entrainement
2026-05-01 18:49:56.000000,Karia Ba Mohamed,34.3667,-5.2139,20.84,62.0,1016.0,4.66,overcast clouds,2.0,1.17,88.1,6.52,3.87,Entrainement
2026-05-01 18:49:58.000000,Fes,34.0331,-5.0003,23.14,60.0,1016.0,3.6,scattered clouds,2.0,1.13,84.58,6.37,4.22,Entrainement
2026-05-01 19:17:17.604511,Agadir,30.4278,-9.5981,22.06,64.0,1015.0,4.16,few clouds,2.0,0.35,97.0,16.51,7.65,Entrainement
2026-05-01 19:17:17.604511,Marrakech,31.6295,-7.9811,28.98,37.0,1014.0,3.09,scattered clouds,3.0,1.09,103.23,27.35,10.61,Entrainement
2026-05-01 19:17:17.604511,Rabat,34.0209,-6.8416,19.37,72.0,1018.0,3.6,overcast clouds,3.0,2.14,107.52,8.65,5.08,Entrainement
2026-05-01 19:17:17.604511,Tanger,35.7595,-5.834,19.74,68.0,1018.0,2.57,clear sky,3.0,0.92,106.87,7.04,2.82,Entrainement
2026-05-01 19:50:00.000000,Casablanca,33.5731,-7.5898,18.07,72.0,1019.0,3.09,clear sky,3.0,2.59,101.91,11.27,5.19,Entrainement
2026-05-01 19:50:01.000000,Tanger,35.7595,-5.834,18.64,72.0,1018.0,1.03,clear sky,2.0,3.62,93.82,7.11,3.7,Entrainement
2026-05-01 19:50:03.000000,Karia Ba Mohamed,34.3667,-5.2139,19.15,68.0,1017.0,2.77,overcast clouds,2.0,1.79,76.81,6.66,3.9,Entrainement
2026-05-01 19:50:04.000000,Fes,34.0331,-5.0003,21.14,64.0,1017.0,3.6,scattered clouds,2.0,1.72,72.53,6.7,4.43,Entrainement
2026-05-01 20:17:27.414132,Agadir,30.4278,-9.5981,20.06,70.0,1015.0,2.75,clear sky,2.0,0.35,98.93,15.1,7.04,Entrainement
2026-05-01 20:17:27.414132,Tanger,35.7595,-5.834,18.74,72.0,1018.0,1.54,clear sky,3.0,1.26,106.78,7.59,3.07,Entrainement
2026-05-01 20:17:27.414132,Rabat,34.0209,-6.8416,17.37,82.0,1018.0,3.6,overcast clouds,2.0,3.01,99.89,7.65,4.21,Entrainement
2026-05-01 20:17:27.414132,Marrakech,31.6295,-7.9811,24.98,47.0,1014.0,5.14,scattered clouds,2.0,1.51,98.65,29.56,11.46,Entrainement
2026-05-01 20:47:29.000000,Casablanca,33.5731,-7.5898,17.89,72.0,1019.0,3.09,clear sky,3.0,2.53,103.2,11.64,5.53,Entrainement
2026-05-01 20:47:36.000000,Rabat,34.0209,-6.8416,17.37,82.0,1019.0,2.57,overcast clouds,2.0,3.62,93.82,7.11,3.7,Entrainement
2026-05-01 20:47:43.000000,Marrakech,31.6295,-7.9811,22.98,53.0,1016.0,5.14,scattered clouds,2.0,1.82,95.32,31.14,12.19,Entrainement
2026-05-01 20:47:50.000000,Fes,34.0331,-5.0003,21.08,64.0,1017.0,3.6,scattered clouds,2.0,1.72,72.53,6.7,4.43,Entrainement
2026-05-01 20:50:06.000000,Casablanca,33.5731,-7.5898,18.07,72.0,1020.0,2.06,broken clouds,2.0,2.61,98.32,11.09,4.84,Entrainement
2026-05-01 20:50:07.000000,Tanger,35.7595,-5.834,18.64,72.0,1019.0,1.03,clear sky,2.0,3.68,89.72,6.88,3.44,Entrainement
2026-05-01 20:50:09.000000,Karia Ba Mohamed,34.3667,-5.2139,18.87,67.0,1018.0,2.24,overcast clouds,2.0,2.24,69.15,6.87,3.94,Entrainement
2026-05-01 20:50:10.000000,Fes,34.0331,-5.0003,18.14,88.0,1018.0,2.57,scattered clouds,2.0,2.16,65.15,6.92,4.52,Entrainement
2026-05-01 21:23:51.324408,Rabat,34.0209,-6.8416,17.37,88.0,1019.0,2.57,overcast clouds,2.0,3.62,93.82,7.11,3.7,Entrainement
2026-05-01 21:23:51.324408,Agadir,30.4278,-9.5981,18.06,75.0,1017.0,1.28,clear sky,2.0,0.34,99.71,13.26,6.06,Entrainement
2026-05-01 21:23:51.324408,Tanger,35.7595,-5.834,18.77,72.0,1018.0,2.06,clear sky,3.0,1.44,105.89,8.02,3.28,Entrainement
2026-05-01 21:23:51.324408,Marrakech,31.6295,-7.9811,21.97,56.0,1016.0,4.12,scattered clouds,2.0,1.82,95.32,31.14,12.19,Entrainement
2026-05-01 21:47:56.000000,Casablanca,33.5731,-7.5898,17.87,72.0,1020.0,2.06,scattered clouds,2.0,2.66,98.83,11.27,5.0,Entrainement
2026-05-01 21:48:03.000000,Rabat,34.0209,-6.8416,17.37,88.0,1020.0,1.54,overcast clouds,2.0,3.68,89.72,6.88,3.44,Entrainement
2026-05-01 21:48:09.000000,Marrakech,31.6295,-7.9811,20.98,60.0,1018.0,4.63,scattered clouds,2.0,1.96,93.12,31.84,12.65,Entrainement
2026-05-01 21:48:16.000000,Fes,34.0331,-5.0003,18.08,88.0,1018.0,2.57,scattered clouds,2.0,2.16,65.15,6.92,4.52,Entrainement
2026-05-01 21:50:12.000000,Casablanca,33.5731,-7.5898,18.07,72.0,1020.0,1.54,broken clouds,2.0,2.62,93.46,10.88,4.54,Entrainement
2026-05-01 21:50:13.000000,Tanger,35.7595,-5.834,17.64,72.0,1019.0,2.06,clear sky,2.0,3.65,85.46,6.84,3.35,Entrainement
2026-05-01 21:50:15.000000,Karia Ba Mohamed,34.3667,-5.2139,18.07,68.0,1018.0,2.04,overcast clouds,2.0,2.63,61.74,6.95,3.94,Entrainement
2026-05-01 21:50:16.000000,Fes,34.0331,-5.0003,16.14,94.0,1018.0,2.57,clear sky,1.0,2.45,59.77,6.81,4.41,Entrainement
2026-05-01 22:24:01.451058,Agadir,30.4278,-9.5981,18.06,78.0,1018.0,2.24,clear sky,2.0,0.33,99.33,11.89,5.2,Entrainement
2026-05-01 22:24:01.451058,Tanger,35.7595,-5.834,18.74,72.0,1019.0,1.54,clear sky,3.0,1.5,104.83,8.18,3.36,Entrainement
2026-05-01 22:24:01.451058,Marrakech,31.6295,-7.9811,19.98,64.0,1018.0,2.57,clear sky,2.0,1.96,93.12,31.84,12.65,Entrainement
2026-05-01 22:24:01.451058,Rabat,34.0209,-6.8416,17.37,88.0,1020.0,1.54,overcast clouds,2.0,3.68,89.72,6.88,3.44,Entrainement
2026-05-01 22:48:23.000000,Casablanca,33.5731,-7.5898,17.89,72.0,1020.0,1.54,broken clouds,2.0,2.74,93.31,10.95,4.6,Entrainement
2026-05-01 22:48:30.000000,Rabat,34.0209,-6.8416,16.37,94.0,1019.0,0.0,overcast clouds,2.0,3.65,85.46,6.84,3.35,Entrainement
2026-05-01 22:48:37.000000,Marrakech,31.6295,-7.9811,19.98,60.0,1019.0,1.54,clear sky,2.0,2.07,89.29,31.44,12.7,Entrainement
2026-05-01 22:48:43.000000,Fes,34.0331,-5.0003,16.08,94.0,1018.0,2.57,clear sky,1.0,2.45,59.77,6.81,4.41,Entrainement
2026-05-01 22:50:18.000000,Casablanca,33.5731,-7.5898,17.02,77.0,1019.0,2.06,broken clouds,2.0,2.63,88.93,11.08,4.45,Entrainement
2026-05-01 22:50:19.000000,Tanger,35.7595,-5.834,17.64,72.0,1018.0,3.09,clear sky,2.0,3.58,82.65,7.04,3.44,Entrainement
2026-05-01 22:50:21.000000,Karia Ba Mohamed,34.3667,-5.2139,16.64,71.0,1018.0,1.9,overcast clouds,1.0,2.95,54.72,7.09,4.03,Entrainement
2026-05-01 22:50:23.000000,Fes,34.0331,-5.0003,15.14,100.0,1018.0,2.57,clear sky,1.0,2.63,54.43,6.68,4.32,Entrainement
2026-05-01 23:24:13.750090,Agadir,30.4278,-9.5981,17.06,82.0,1018.0,3.44,clear sky,2.0,0.32,98.45,11.06,4.62,Entrainement
2026-05-01 23:24:13.750090,Marrakech,31.6295,-7.9811,18.98,63.0,1019.0,3.09,clear sky,2.0,2.07,89.29,31.44,12.7,Entrainement
2026-05-01 23:24:13.750090,Rabat,34.0209,-6.8416,14.37,94.0,1019.0,0.0,overcast clouds,2.0,3.65,85.46,6.84,3.35,Entrainement
2026-05-01 23:24:13.750090,Tanger,35.7595,-5.834,17.74,72.0,1018.0,3.6,clear sky,3.0,1.62,102.15,8.12,3.36,Entrainement
2026-05-01 23:48:52.000000,Casablanca,33.5731,-7.5898,16.84,77.0,1019.0,2.06,scattered clouds,2.0,2.78,88.56,11.13,4.47,Entrainement
2026-05-01 23:49:00.000000,Rabat,34.0209,-6.8416,13.37,100.0,1019.0,0.0,overcast clouds,2.0,3.58,82.65,7.04,3.44,Entrainement
2026-05-01 23:49:09.000000,Marrakech,31.6295,-7.9811,17.98,68.0,1019.0,2.06,clear sky,2.0,2.11,86.96,31.47,12.92,Entrainement
2026-05-01 23:49:17.000000,Fes,34.0331,-5.0003,16.08,94.0,1018.0,2.06,clear sky,1.0,2.63,54.43,6.68,4.32,Entrainement
2026-05-02 00:29:02.317710,Agadir,30.4278,-9.5981,17.06,84.0,1018.0,3.88,clear sky,2.0,0.3,98.25,10.29,4.13,Entrainement
2026-05-02 00:29:02.317710,Tanger,35.7595,-5.834,17.7,72.0,1018.0,3.09,clear sky,2.0,1.73,99.19,8.03,3.33,Entrainement
2026-05-02 00:29:02.317710,Marrakech,31.6295,-7.9811,17.98,68.0,1019.0,2.57,clear sky,2.0,2.11,86.96,31.47,12.92,Entrainement
2026-05-02 00:29:02.317710,Rabat,34.0209,-6.8416,12.37,100.0,1019.0,0.0,overcast clouds,2.0,3.58,82.65,7.04,3.44,Entrainement
2026-05-02 01:23:49.230122,Agadir,30.4278,-9.5981,16.06,86.0,1018.0,4.39,few clouds,2.0,0.26,97.82,9.51,3.64,Entrainement
2026-05-02 01:23:49.230122,Tanger,35.7595,-5.834,17.74,72.0,1018.0,2.06,clear sky,2.0,1.6,96.62,7.88,3.23,Entrainement
2026-05-02 01:23:49.230122,Marrakech,31.6295,-7.9811,16.98,72.0,1018.0,2.57,clear sky,2.0,1.87,85.65,31.68,13.14,Entrainement
2026-05-02 01:23:49.230122,Rabat,34.0209,-6.8416,11.37,100.0,1019.0,0.0,broken clouds,2.0,3.28,80.51,7.34,3.58,Entrainement
2026-05-02 01:29:12.725070,Agadir,30.4278,-9.5981,16.06,86.0,1018.0,4.39,few clouds,2.0,0.26,97.82,9.51,3.64,Entrainement
2026-05-02 01:29:12.725070,Tanger,35.7595,-5.834,17.74,72.0,1018.0,2.06,clear sky,2.0,1.6,96.62,7.88,3.23,Entrainement
2026-05-02 01:29:12.725070,Marrakech,31.6295,-7.9811,16.98,72.0,1018.0,2.57,clear sky,2.0,1.87,85.65,31.68,13.14,Entrainement
2026-05-02 01:29:12.725070,Rabat,34.0209,-6.8416,11.37,100.0,1019.0,0.0,broken clouds,2.0,3.28,80.51,7.34,3.58,Entrainement
2026-05-02 02:23:58.847871,Rabat,34.0209,-6.8416,11.36,100.0,1019.0,0.0,scattered clouds,2.0,2.88,78.56,7.6,3.7,Entrainement
2026-05-02 02:23:58.847871,Marrakech,31.6295,-7.9811,14.98,82.0,1018.0,1.54,clear sky,2.0,1.63,82.13,31.16,13.23,Entrainement
2026-05-02 02:23:58.847871,Agadir,30.4278,-9.5981,15.06,87.0,1017.0,4.39,scattered clouds,2.0,0.24,97.12,8.79,3.19,Entrainement
2026-05-02 02:23:58.847871,Tanger,35.7595,-5.834,16.74,77.0,1018.0,2.06,clear sky,2.0,1.44,93.8,7.77,3.13,Entrainement
2026-05-02 02:29:22.338535,Agadir,30.4278,-9.5981,15.06,85.0,1017.0,4.39,scattered clouds,2.0,0.24,97.12,8.79,3.19,Entrainement
2026-05-02 02:29:22.338535,Tanger,35.7595,-5.834,16.74,77.0,1018.0,2.06,clear sky,2.0,1.44,93.8,7.77,3.13,Entrainement
2026-05-02 02:29:22.338535,Marrakech,31.6295,-7.9811,14.98,82.0,1018.0,1.54,clear sky,2.0,1.63,82.13,31.16,13.23,Entrainement
2026-05-02 02:29:22.338535,Rabat,34.0209,-6.8416,11.37,100.0,1019.0,0.0,scattered clouds,2.0,2.88,78.56,7.6,3.7,Entrainement
2026-05-02 03:24:08.684789,Rabat,34.0209,-6.8416,12.37,100.0,1018.0,0.0,broken clouds,2.0,2.56,77.32,7.87,3.81,Entrainement
2026-05-02 03:24:08.684789,Marrakech,31.6295,-7.9811,14.98,82.0,1017.0,1.03,clear sky,2.0,1.55,77.02,30.44,13.33,Entrainement
2026-05-02 03:24:08.684789,Agadir,30.4278,-9.5981,15.06,85.0,1017.0,2.48,broken clouds,2.0,0.24,95.44,7.97,2.74,Entrainement
2026-05-02 03:24:08.684789,Tanger,35.7595,-5.834,16.74,77.0,1017.0,2.06,clear sky,2.0,1.36,90.65,7.81,3.08,Entrainement
2026-05-02 03:29:32.153822,Agadir,30.4278,-9.5981,15.06,85.0,1017.0,2.48,broken clouds,2.0,0.24,95.44,7.97,2.74,Entrainement
2026-05-02 03:29:32.153822,Tanger,35.7595,-5.834,16.74,77.0,1017.0,2.06,clear sky,2.0,1.36,90.65,7.81,3.08,Entrainement
2026-05-02 03:29:32.153822,Marrakech,31.6295,-7.9811,14.98,82.0,1017.0,1.03,clear sky,2.0,1.55,77.02,30.44,13.33,Entrainement
2026-05-02 03:29:32.153822,Rabat,34.0209,-6.8416,12.37,100.0,1018.0,0.0,broken clouds,2.0,2.56,77.32,7.87,3.81,Entrainement
2026-05-02 04:24:18.492037,Agadir,30.4278,-9.5981,14.06,85.0,1017.0,0.67,broken clouds,2.0,0.24,93.52,7.26,2.44,Entrainement
2026-05-02 04:24:18.492037,Tanger,35.7595,-5.834,15.74,88.0,1017.0,2.57,clear sky,2.0,1.33,88.2,7.92,3.09,Entrainement
2026-05-02 04:24:18.492037,Marrakech,31.6295,-7.9811,14.98,82.0,1017.0,1.03,clear sky,2.0,1.51,72.51,30.03,13.52,Entrainement
2026-05-02 04:24:18.492037,Rabat,34.0209,-6.8416,14.37,100.0,1018.0,0.0,broken clouds,2.0,2.32,76.23,8.1,3.95,Entrainement
2026-05-02 04:29:41.934718,Agadir,30.4278,-9.5981,14.06,85.0,1017.0,0.67,broken clouds,2.0,0.24,93.52,7.26,2.44,Entrainement
2026-05-02 04:29:41.934718,Tanger,35.7595,-5.834,15.74,88.0,1017.0,2.57,clear sky,2.0,1.33,88.2,7.92,3.09,Entrainement
2026-05-02 04:29:41.934718,Marrakech,31.6295,-7.9811,14.98,82.0,1017.0,1.03,clear sky,2.0,1.51,72.51,30.03,13.52,Entrainement
2026-05-02 04:29:41.934718,Rabat,34.0209,-6.8416,14.37,100.0,1018.0,0.0,broken clouds,2.0,2.32,76.23,8.1,3.95,Entrainement
2026-05-02 05:24:28.317172,Rabat,34.0209,-6.8416,15.37,94.0,1018.0,0.0,broken clouds,2.0,2.22,74.07,8.31,4.11,Entrainement
2026-05-02 05:24:28.317172,Marrakech,31.6295,-7.9811,14.98,82.0,1017.0,2.06,clear sky,2.0,1.56,69.22,29.9,13.76,Entrainement
2026-05-02 05:24:28.317172,Agadir,30.4278,-9.5981,14.06,88.0,1017.0,0.26,broken clouds,2.0,0.25,92.33,7.55,2.56,Entrainement
2026-05-02 05:24:28.317172,Tanger,35.7595,-5.834,15.74,88.0,1017.0,2.57,clear sky,2.0,1.33,86.73,8.07,3.14,Entrainement
2026-05-02 05:29:51.454074,Agadir,30.4278,-9.5981,14.06,88.0,1017.0,0.26,broken clouds,2.0,0.25,92.33,7.55,2.56,Entrainement
2026-05-02 05:29:51.454074,Tanger,35.7595,-5.834,15.74,88.0,1017.0,2.57,clear sky,2.0,1.33,86.73,8.07,3.14,Entrainement
2026-05-02 05:29:51.454074,Marrakech,31.6295,-7.9811,14.98,82.0,1017.0,2.06,clear sky,2.0,1.56,69.22,29.9,13.76,Entrainement
2026-05-02 05:29:51.454074,Rabat,34.0209,-6.8416,15.37,94.0,1018.0,0.0,broken clouds,2.0,2.22,74.07,8.31,4.11,Entrainement
2026-05-02 06:24:37.813982,Agadir,30.4278,-9.5981,14.06,90.0,1017.0,0.85,broken clouds,2.0,0.26,91.85,8.76,3.02,Entrainement
2026-05-02 06:24:37.813982,Tanger,35.7595,-5.834,15.74,88.0,1017.0,2.57,overcast clouds,2.0,1.41,85.59,8.28,3.28,Entrainement
2026-05-02 06:24:37.813982,Marrakech,31.6295,-7.9811,13.98,88.0,1017.0,2.57,clear sky,2.0,1.69,65.98,30.09,14.06,Entrainement
2026-05-02 06:24:37.813982,Rabat,34.0209,-6.8416,14.37,100.0,1018.0,0.0,broken clouds,2.0,2.27,71.22,8.43,4.27,Entrainement
2026-05-02 06:30:00.906344,Agadir,30.4278,-9.5981,14.06,90.0,1017.0,0.85,broken clouds,2.0,0.26,91.85,8.76,3.02,Entrainement
2026-05-02 06:30:00.906344,Tanger,35.7595,-5.834,15.74,88.0,1017.0,2.57,overcast clouds,2.0,1.41,85.59,8.28,3.28,Entrainement
2026-05-02 06:30:00.906344,Marrakech,31.6295,-7.9811,13.98,88.0,1017.0,2.57,clear sky,2.0,1.69,65.98,30.09,14.06,Entrainement
2026-05-02 06:30:00.906344,Rabat,34.0209,-6.8416,14.37,100.0,1018.0,0.0,broken clouds,2.0,2.27,71.22,8.43,4.27,Entrainement
2026-05-02 07:24:47.595267,Marrakech,31.6295,-7.9811,13.0,88.0,1018.0,2.06,clear sky,2.0,2.2,62.94,30.62,14.35,Entrainement
2026-05-02 07:24:47.595267,Rabat,34.0209,-6.8416,15.37,94.0,1018.0,0.0,overcast clouds,2.0,2.68,68.52,8.57,4.43,Entrainement
2026-05-02 07:24:47.595267,Tanger,35.7595,-5.834,15.74,94.0,1018.0,2.06,overcast clouds,2.0,1.9,84.68,8.62,3.48,Entrainement
2026-05-02 07:24:47.595267,Agadir,30.4278,-9.5981,14.06,91.0,1017.0,1.73,broken clouds,2.0,0.31,91.14,9.98,3.48,Entrainement
2026-05-02 07:30:10.693600,Agadir,30.4278,-9.5981,14.06,91.0,1017.0,1.73,broken clouds,2.0,0.31,91.14,9.98,3.48,Entrainement
2026-05-02 07:30:10.693600,Tanger,35.7595,-5.834,15.74,94.0,1018.0,2.06,overcast clouds,2.0,1.9,84.68,8.62,3.48,Entrainement
2026-05-02 07:30:10.693600,Marrakech,31.6295,-7.9811,13.0,88.0,1018.0,2.06,clear sky,2.0,2.2,62.94,30.62,14.35,Entrainement
2026-05-02 07:30:10.693600,Rabat,34.0209,-6.8416,15.37,94.0,1018.0,0.0,overcast clouds,2.0,2.68,68.52,8.57,4.43,Entrainement
2026-05-02 08:24:57.379284,Agadir,30.4278,-9.5981,15.06,88.0,1017.0,1.97,few clouds,2.0,0.41,90.44,11.48,4.03,Entrainement
2026-05-02 08:24:57.379284,Tanger,35.7595,-5.834,16.74,94.0,1018.0,1.03,scattered clouds,2.0,3.06,82.86,9.06,3.73,Entrainement
2026-05-02 08:24:57.379284,Marrakech,31.6295,-7.9811,13.98,88.0,1018.0,3.6,overcast clouds,2.0,2.99,61.52,31.06,14.29,Entrainement
2026-05-02 08:24:57.379284,Rabat,34.0209,-6.8416,16.37,100.0,1019.0,0.0,overcast clouds,2.0,3.47,65.97,8.82,4.59,Entrainement
2026-05-02 08:30:20.416052,Agadir,30.4278,-9.5981,15.06,88.0,1017.0,1.97,few clouds,2.0,0.41,90.44,11.48,4.03,Entrainement
2026-05-02 08:30:20.416052,Tanger,35.7595,-5.834,16.74,94.0,1018.0,1.03,scattered clouds,2.0,3.06,82.86,9.06,3.73,Entrainement
2026-05-02 08:30:20.416052,Marrakech,31.6295,-7.9811,13.98,88.0,1018.0,3.6,overcast clouds,2.0,2.99,64.11,31.01,13.96,Entrainement
2026-05-02 08:30:20.416052,Rabat,34.0209,-6.8416,16.37,100.0,1019.0,0.0,overcast clouds,2.0,3.47,65.97,8.82,4.59,Entrainement
2026-05-02 09:25:06.963104,Rabat,34.0209,-6.8416,17.37,100.0,1019.0,2.06,overcast clouds,2.0,3.55,66.11,9.18,4.77,Entrainement
2026-05-02 09:25:06.963104,Tanger,35.7595,-5.834,18.74,82.0,1018.0,1.03,scattered clouds,2.0,3.6,81.93,9.34,3.88,Entrainement
2026-05-02 09:25:06.963104,Marrakech,31.6295,-7.9811,15.98,82.0,1018.0,3.6,broken clouds,2.0,2.99,64.11,31.01,13.96,Entrainement
2026-05-02 09:25:06.963104,Agadir,30.4278,-9.5981,18.06,83.0,1017.0,2.25,few clouds,2.0,0.47,89.49,12.8,4.47,Entrainement
2026-05-02 09:30:29.855807,Rabat,34.0209,-6.8416,17.37,100.0,1019.0,2.06,overcast clouds,2.0,3.55,66.11,9.18,4.77,Entrainement
2026-05-02 09:30:29.855807,Marrakech,31.6295,-7.9811,15.98,82.0,1018.0,3.6,broken clouds,2.0,2.99,64.11,31.01,13.96,Entrainement
2026-05-02 09:30:29.855807,Tanger,35.7595,-5.834,18.74,82.0,1018.0,1.03,scattered clouds,2.0,3.6,81.93,9.34,3.88,Entrainement
2026-05-02 09:30:29.855807,Agadir,30.4278,-9.5981,18.06,83.0,1017.0,2.25,few clouds,2.0,0.47,89.49,12.8,4.47,Entrainement
2026-05-02 09:58:34.000000,Casablanca,33.5731,-7.5898,17.89,72.0,1019.0,2.06,broken clouds,2.0,2.22,73.65,15.39,6.29,Entrainement
2026-05-02 09:58:41.000000,Rabat,34.0209,-6.8416,18.37,88.0,1019.0,2.06,overcast clouds,2.0,3.06,70.77,9.65,5.08,Entrainement
2026-05-02 09:58:47.000000,Marrakech,31.6295,-7.9811,16.98,77.0,1018.0,2.57,broken clouds,2.0,2.29,71.39,30.69,13.44,Entrainement
2026-05-02 09:58:54.000000,Fes,34.0331,-5.0003,18.08,88.0,1018.0,2.06,scattered clouds,1.0,1.97,37.91,6.16,3.46,Entrainement
2026-05-02 10:25:16.771390,Rabat,34.0209,-6.8416,18.37,82.0,1019.0,2.06,overcast clouds,2.0,3.06,70.77,9.65,5.08,Entrainement
2026-05-02 10:25:16.771390,Marrakech,31.6295,-7.9811,16.98,77.0,1018.0,3.09,broken clouds,2.0,2.29,71.39,30.69,13.44,Entrainement
2026-05-02 10:25:16.771390,Tanger,35.7595,-5.834,20.74,73.0,1018.0,2.06,scattered clouds,2.0,2.9,85.94,9.23,3.8,Entrainement
2026-05-02 10:25:16.771390,Agadir,30.4278,-9.5981,20.06,77.0,1017.0,2.2,few clouds,2.0,0.42,88.55,13.78,4.7,Entrainement
2026-05-02 10:30:39.594831,Rabat,34.0209,-6.8416,18.37,82.0,1019.0,2.06,overcast clouds,2.0,3.06,70.77,9.65,5.08,Entrainement
2026-05-02 10:30:39.594831,Agadir,30.4278,-9.5981,20.06,74.0,1018.0,3.22,scattered clouds,2.0,0.42,88.55,13.78,4.7,Entrainement
2026-05-02 10:30:39.594831,Tanger,35.7595,-5.834,20.74,73.0,1018.0,2.06,scattered clouds,2.0,2.9,85.94,9.23,3.8,Entrainement
2026-05-02 10:30:39.594831,Marrakech,31.6295,-7.9811,16.98,77.0,1018.0,3.09,broken clouds,2.0,2.29,71.39,30.69,13.44,Entrainement
2026-05-02 10:31:01.000000,Casablanca,33.5731,-7.5898,19.13,68.0,1019.0,2.06,broken clouds,2.0,0.94,97.2,15.31,6.89,Entrainement
2026-05-02 10:31:02.000000,Tanger,35.7595,-5.834,19.64,77.0,1018.0,3.09,scattered clouds,2.0,1.28,97.26,10.83,6.26,Entrainement
2026-05-02 10:31:04.000000,Karia Ba Mohamed,34.3667,-5.2139,21.91,63.0,1018.0,3.47,overcast clouds,2.0,0.51,83.05,9.71,5.84,Entrainement
2026-05-02 10:31:05.000000,Fes,34.0331,-5.0003,18.14,82.0,1017.0,4.63,broken clouds,2.0,0.35,82.25,8.99,4.82,Entrainement
2026-05-02 10:59:01.000000,Casablanca,33.5731,-7.5898,17.89,72.0,1019.0,2.06,broken clouds,2.0,1.37,89.04,15.68,6.57,Entrainement
2026-05-02 10:59:09.000000,Rabat,34.0209,-6.8416,19.37,77.0,1019.0,2.57,overcast clouds,2.0,1.89,89.71,10.45,5.7,Entrainement
2026-05-02 10:59:16.000000,Marrakech,31.6295,-7.9811,16.98,77.0,1018.0,2.57,broken clouds,2.0,0.7,93.0,26.29,10.75,Entrainement
2026-05-02 10:59:23.000000,Fes,34.0331,-5.0003,18.08,82.0,1018.0,3.6,broken clouds,2.0,0.61,76.49,8.08,4.33,Entrainement
2026-05-02 11:31:07.000000,Casablanca,33.5731,-7.5898,19.13,68.0,1019.0,2.06,broken clouds,3.0,0.71,101.09,15.49,7.44,Entrainement
2026-05-02 11:31:08.000000,Tanger,35.7595,-5.834,20.64,73.0,1017.0,3.09,scattered clouds,3.0,0.98,100.98,11.13,6.76,Entrainement
2026-05-02 11:31:09.000000,Karia Ba Mohamed,34.3667,-5.2139,23.65,56.0,1017.0,3.67,overcast clouds,2.0,0.46,84.46,9.95,5.99,Entrainement
2026-05-02 11:31:11.000000,Fes,34.0331,-5.0003,20.14,72.0,1016.0,4.63,broken clouds,2.0,0.31,82.89,9.5,5.22,Entrainement
2026-05-02 11:59:30.000000,Casablanca,33.5731,-7.5898,18.95,68.0,1019.0,2.06,broken clouds,2.0,0.89,96.71,15.95,7.12,Entrainement
2026-05-02 11:59:36.000000,Rabat,34.0209,-6.8416,19.37,77.0,1019.0,2.06,overcast clouds,2.0,1.28,97.26,10.83,6.26,Entrainement
2026-05-02 11:59:42.000000,Marrakech,31.6295,-7.9811,20.98,64.0,1017.0,1.54,broken clouds,2.0,0.39,97.11,24.45,9.82,Entrainement
2026-05-02 11:59:49.000000,Fes,34.0331,-5.0003,19.08,82.0,1017.0,4.63,broken clouds,2.0,0.35,82.25,8.99,4.82,Entrainement
2026-05-02 12:08:19.812960,Agadir,30.4278,-9.5981,24.06,71.0,1017.0,3.55,scattered clouds,2.0,0.25,88.93,16.78,5.75,Entrainement
2026-05-02 12:08:19.812960,Rabat,34.0209,-6.8416,19.37,77.0,1019.0,2.06,overcast clouds,2.0,1.28,97.26,10.83,6.26,Entrainement
2026-05-02 12:08:19.812960,Tanger,35.7595,-5.834,19.74,77.0,1018.0,1.54,scattered clouds,3.0,0.91,104.1,8.42,3.64,Entrainement
2026-05-02 12:08:19.812960,Marrakech,31.6295,-7.9811,20.98,64.0,1017.0,1.54,broken clouds,2.0,0.39,97.11,24.45,9.82,Entrainement
2026-05-02 12:31:14.000000,Casablanca,33.5731,-7.5898,20.74,60.0,1018.0,2.06,scattered clouds,3.0,0.71,101.09,15.49,7.44,Entrainement
2026-05-02 12:31:15.000000,Tanger,35.7595,-5.834,19.64,77.0,1017.0,3.09,scattered clouds,3.0,0.73,103.98,10.21,6.33,Entrainement
2026-05-02 12:31:17.000000,Karia Ba Mohamed,34.3667,-5.2139,25.08,52.0,1016.0,4.2,broken clouds,2.0,0.48,88.88,9.71,5.81,Entrainement
2026-05-02 12:31:19.000000,Fes,34.0331,-5.0003,20.14,77.0,1016.0,4.63,broken clouds,2.0,0.29,86.63,9.46,5.29,Entrainement
2026-05-02 12:59:59.000000,Casablanca,33.5731,-7.5898,19.01,68.0,1018.0,2.06,broken clouds,3.0,0.66,101.23,16.13,7.73,Entrainement
2026-05-02 13:00:09.000000,Rabat,34.0209,-6.8416,19.37,77.0,1018.0,2.06,overcast clouds,3.0,0.98,100.98,11.13,6.76,Entrainement
2026-05-02 13:00:17.000000,Marrakech,31.6295,-7.9811,21.98,56.0,1016.0,2.06,scattered clouds,2.0,0.32,98.56,25.39,10.19,Entrainement
2026-05-02 13:00:27.000000,Fes,34.0331,-5.0003,20.08,72.0,1016.0,4.63,scattered clouds,2.0,0.31,82.89,9.5,5.22,Entrainement
2026-05-02 13:08:29.754473,Marrakech,31.6295,-7.9811,21.98,56.0,1016.0,2.06,scattered clouds,2.0,0.32,98.56,25.39,10.19,Entrainement
2026-05-02 13:08:29.754473,Tanger,35.7595,-5.834,20.74,73.0,1018.0,4.12,scattered clouds,3.0,0.68,107.68,8.47,3.79,Entrainement
2026-05-02 13:08:29.754473,Rabat,34.0209,-6.8416,19.37,77.0,1018.0,2.06,overcast clouds,3.0,0.98,100.98,11.13,6.76,Entrainement
2026-05-02 13:08:29.754473,Agadir,30.4278,-9.5981,24.06,68.0,1016.0,5.0,scattered clouds,2.0,0.21,90.04,18.37,6.6,Entrainement
2026-05-02 13:31:20.000000,Casablanca,33.5731,-7.5898,20.74,60.0,1018.0,2.57,scattered clouds,3.0,0.73,101.12,12.41,5.95,Entrainement
2026-05-02 13:31:22.000000,Tanger,35.7595,-5.834,21.64,68.0,1017.0,3.6,scattered clouds,3.0,0.63,102.28,7.95,5.02,Entrainement
2026-05-02 13:31:23.000000,Karia Ba Mohamed,34.3667,-5.2139,25.85,51.0,1015.0,4.26,broken clouds,2.0,0.37,91.17,9.82,5.86,Entrainement
2026-05-02 13:31:25.000000,Fes,34.0331,-5.0003,21.14,73.0,1015.0,4.63,broken clouds,2.0,0.31,87.73,9.84,5.72,Entrainement
2026-05-02 14:00:34.000000,Casablanca,33.5731,-7.5898,21.01,60.0,1018.0,2.06,scattered clouds,3.0,0.52,105.07,14.0,7.19,Entrainement
2026-05-02 14:00:41.000000,Rabat,34.0209,-6.8416,20.37,73.0,1018.0,2.57,overcast clouds,3.0,0.73,103.98,10.21,6.33,Entrainement
2026-05-02 14:00:48.000000,Marrakech,31.6295,-7.9811,23.98,53.0,1015.0,1.54,scattered clouds,3.0,0.3,102.55,26.87,10.62,Entrainement
2026-05-02 14:00:54.000000,Fes,34.0331,-5.0003,21.08,73.0,1016.0,4.63,broken clouds,2.0,0.29,86.63,9.46,5.29,Entrainement
2026-05-02 14:08:40.426626,Rabat,34.0209,-6.8416,20.37,73.0,1018.0,2.57,overcast clouds,3.0,0.65,102.45,8.76,5.48,Entrainement
2026-05-02 14:08:40.426626,Marrakech,31.6295,-7.9811,23.98,53.0,1015.0,1.54,scattered clouds,3.0,0.28,101.73,26.88,10.33,Entrainement
2026-05-02 14:08:40.426626,Tanger,35.7595,-5.834,20.74,73.0,1017.0,3.09,scattered clouds,3.0,0.56,110.9,8.43,3.88,Entrainement
2026-05-02 14:08:40.426626,Agadir,30.4278,-9.5981,25.06,66.0,1016.0,5.47,scattered clouds,2.0,0.18,91.15,19.02,7.31,Entrainement
2026-05-02 14:31:26.000000,Casablanca,33.5731,-7.5898,20.18,64.0,1018.0,3.6,few clouds,3.0,0.7,100.99,10.64,5.14,Entrainement
2026-05-02 14:31:28.000000,Tanger,35.7595,-5.834,22.64,68.0,1017.0,3.09,scattered clouds,3.0,0.74,101.37,7.21,4.53,Entrainement
2026-05-02 14:31:29.000000,Karia Ba Mohamed,34.3667,-5.2139,26.3,49.0,1014.0,5.05,broken clouds,2.0,0.41,90.51,9.4,5.6,Entrainement
2026-05-02 14:31:31.000000,Fes,34.0331,-5.0003,22.14,64.0,1014.0,3.6,broken clouds,2.0,0.31,87.73,9.84,5.72,Entrainement
2026-05-02 15:01:01.000000,Casablanca,33.5731,-7.5898,21.01,60.0,1017.0,2.57,scattered clouds,3.0,0.62,101.32,10.97,5.45,Entrainement
2026-05-02 15:01:07.000000,Rabat,34.0209,-6.8416,21.37,64.0,1018.0,3.09,overcast clouds,3.0,0.63,102.28,7.95,5.02,Entrainement
2026-05-02 15:01:13.000000,Marrakech,31.6295,-7.9811,26.02,44.0,1015.0,1.03,scattered clouds,3.0,0.28,101.76,27.9,10.77,Entrainement
2026-05-02 15:01:20.000000,Fes,34.0331,-5.0003,22.08,64.0,1015.0,4.63,broken clouds,2.0,0.31,87.73,9.84,5.72,Entrainement
2026-05-02 15:08:50.171003,Agadir,30.4278,-9.5981,25.06,58.0,1015.0,5.78,few clouds,2.0,0.18,92.49,16.54,6.77,Entrainement
2026-05-02 15:08:50.171003,Rabat,34.0209,-6.8416,21.37,64.0,1018.0,3.09,overcast clouds,3.0,0.63,102.28,7.95,5.02,Entrainement
2026-05-02 15:08:50.171003,Tanger,35.7595,-5.834,21.74,73.0,1017.0,3.6,scattered clouds,3.0,0.36,109.87,6.46,2.83,Entrainement
2026-05-02 15:08:50.171003,Marrakech,31.6295,-7.9811,25.97,44.0,1015.0,1.03,scattered clouds,3.0,0.28,101.76,27.9,10.77,Entrainement
2026-05-02 15:31:32.000000,Casablanca,33.5731,-7.5898,20.18,64.0,1017.0,3.6,few clouds,3.0,0.88,102.02,9.2,4.27,Entrainement
2026-05-02 15:31:34.000000,Tanger,35.7595,-5.834,22.64,68.0,1016.0,3.09,scattered clouds,3.0,1.1,100.68,6.75,4.15,Entrainement
2026-05-02 15:31:35.000000,Karia Ba Mohamed,34.3667,-5.2139,25.98,49.0,1014.0,5.84,broken clouds,2.0,0.52,90.03,9.15,5.41,Entrainement
2026-05-02 15:31:36.000000,Fes,34.0331,-5.0003,23.14,60.0,1014.0,3.6,scattered clouds,2.0,0.52,85.85,9.16,5.65,Entrainement
2026-05-02 16:01:26.000000,Casablanca,33.5731,-7.5898,20.01,64.0,1017.0,3.6,few clouds,3.0,0.66,101.26,10.3,5.09,Entrainement
2026-05-02 16:01:33.000000,Rabat,34.0209,-6.8416,21.37,64.0,1017.0,3.09,overcast clouds,3.0,0.74,101.37,7.21,4.53,Entrainement
2026-05-02 16:01:40.000000,Marrakech,31.6295,-7.9811,25.98,44.0,1014.0,1.54,scattered clouds,3.0,0.3,101.08,28.99,11.15,Entrainement
2026-05-02 16:01:47.000000,Fes,34.0331,-5.0003,22.08,68.0,1014.0,3.6,scattered clouds,2.0,0.39,86.69,9.33,5.68,Entrainement
2026-05-02 16:09:00.053353,Tanger,35.7595,-5.834,22.74,68.0,1016.0,3.6,scattered clouds,3.0,0.37,111.01,6.69,2.95,Entrainement
2026-05-02 16:09:00.053353,Rabat,34.0209,-6.8416,21.37,64.0,1017.0,3.09,overcast clouds,3.0,0.74,101.37,7.21,4.53,Entrainement
2026-05-02 16:09:00.053353,Marrakech,31.6295,-7.9811,25.98,44.0,1014.0,1.54,scattered clouds,3.0,0.3,101.08,28.99,11.15,Entrainement
2026-05-02 16:09:00.053353,Agadir,30.4278,-9.5981,24.06,52.0,1013.0,7.2,few clouds,2.0,0.19,92.89,14.42,6.16,Entrainement
2026-05-02 16:31:38.000000,Casablanca,33.5731,-7.5898,20.18,60.0,1017.0,3.6,few clouds,3.0,1.16,102.04,8.46,3.73,Entrainement
2026-05-02 16:31:39.000000,Tanger,35.7595,-5.834,22.64,68.0,1015.0,4.12,scattered clouds,2.0,1.68,99.68,6.56,3.9,Entrainement
2026-05-02 16:31:40.000000,Karia Ba Mohamed,34.3667,-5.2139,24.65,52.0,1014.0,7.65,broken clouds,2.0,0.69,88.27,8.81,5.17,Entrainement
2026-05-02 16:31:42.000000,Fes,34.0331,-5.0003,23.14,60.0,1014.0,3.09,scattered clouds,2.0,0.52,85.85,9.16,5.65,Entrainement
2026-05-02 17:01:54.000000,Casablanca,33.5731,-7.5898,20.01,64.0,1017.0,3.6,few clouds,3.0,0.79,102.17,9.64,4.68,Entrainement
2026-05-02 17:02:01.000000,Rabat,34.0209,-6.8416,20.37,68.0,1017.0,3.6,broken clouds,3.0,1.1,100.68,6.75,4.15,Entrainement
2026-05-02 17:02:08.000000,Marrakech,31.6295,-7.9811,26.98,41.0,1013.0,2.06,scattered clouds,3.0,0.36,101.37,28.08,10.79,Entrainement
2026-05-02 17:02:15.000000,Fes,34.0331,-5.0003,23.1,60.0,1014.0,2.57,scattered clouds,2.0,0.52,85.85,9.16,5.65,Entrainement
2026-05-02 17:09:10.036275,Marrakech,31.6295,-7.9811,26.98,41.0,1013.0,2.06,scattered clouds,3.0,0.36,101.37,28.08,10.79,Entrainement
2026-05-02 17:09:10.036275,Agadir,30.4278,-9.5981,25.06,50.0,1013.0,8.55,scattered clouds,2.0,0.21,93.11,11.89,5.11,Entrainement
2026-05-02 17:09:10.036275,Rabat,34.0209,-6.8416,20.37,68.0,1017.0,3.6,broken clouds,3.0,1.1,100.68,6.75,4.15,Entrainement
2026-05-02 17:09:10.036275,Tanger,35.7595,-5.834,22.74,68.0,1016.0,2.06,scattered clouds,3.0,0.44,112.33,6.95,3.05,Entrainement
2026-05-02 17:31:44.000000,Casablanca,33.5731,-7.5898,19.13,63.0,1017.0,3.6,scattered clouds,3.0,1.48,100.71,7.84,3.27,Entrainement
2026-05-02 17:31:45.000000,Tanger,35.7595,-5.834,21.64,68.0,1015.0,6.17,scattered clouds,2.0,2.17,97.71,6.15,3.46,Entrainement
2026-05-02 17:31:47.000000,Karia Ba Mohamed,34.3667,-5.2139,21.87,58.0,1014.0,7.76,broken clouds,2.0,0.83,86.65,8.43,4.88,Entrainement
2026-05-02 17:31:48.000000,Fes,34.0331,-5.0003,22.14,68.0,1014.0,3.09,scattered clouds,2.0,0.83,82.9,8.9,5.46,Entrainement
2026-05-02 18:02:22.000000,Casablanca,33.5731,-7.5898,20.0,60.0,1017.0,3.6,few clouds,3.0,1.04,102.28,8.97,4.2,Entrainement
2026-05-02 18:02:28.000000,Rabat,34.0209,-6.8416,20.37,68.0,1017.0,3.09,scattered clouds,2.0,1.68,99.68,6.56,3.9,Entrainement
2026-05-02 18:02:35.000000,Marrakech,31.6295,-7.9811,26.98,41.0,1013.0,2.06,scattered clouds,3.0,0.51,100.62,28.38,11.2,Entrainement
2026-05-02 18:02:42.000000,Fes,34.0331,-5.0003,22.08,68.0,1014.0,3.6,scattered clouds,2.0,0.69,84.24,9.07,5.58,Entrainement
2026-05-02 18:09:19.481203,Agadir,30.4278,-9.5981,23.06,51.0,1013.0,8.13,scattered clouds,2.0,0.23,92.67,9.53,3.91,Entrainement
2026-05-02 18:09:19.481203,Tanger,35.7595,-5.834,21.74,68.0,1016.0,5.66,scattered clouds,3.0,0.57,113.58,7.18,3.13,Entrainement
2026-05-02 18:09:19.481203,Marrakech,31.6295,-7.9811,26.98,41.0,1013.0,2.06,scattered clouds,3.0,0.51,100.62,28.38,11.2,Entrainement
2026-05-02 18:09:19.481203,Rabat,34.0209,-6.8416,20.37,68.0,1017.0,3.09,scattered clouds,2.0,1.68,99.68,6.56,3.9,Entrainement
2026-05-02 18:31:50.000000,Casablanca,33.5731,-7.5898,19.13,63.0,1017.0,2.57,few clouds,2.0,1.81,97.4,7.53,2.99,Entrainement
2026-05-02 18:31:51.000000,Tanger,35.7595,-5.834,21.64,68.0,1016.0,4.12,scattered clouds,2.0,2.5,93.94,5.64,2.95,Entrainement
2026-05-02 18:31:53.000000,Karia Ba Mohamed,34.3667,-5.2139,19.31,60.0,1015.0,6.5,overcast clouds,2.0,1.0,84.51,8.05,4.58,Entrainement
2026-05-02 18:31:54.000000,Fes,34.0331,-5.0003,21.14,73.0,1016.0,3.6,scattered clouds,2.0,1.12,79.35,8.67,5.32,Entrainement
2026-05-02 19:02:50.000000,Casablanca,33.5731,-7.5898,18.95,63.0,1017.0,3.6,scattered clouds,3.0,1.33,101.21,8.37,3.75,Entrainement
2026-05-02 19:02:58.000000,Rabat,34.0209,-6.8416,19.37,68.0,1017.0,4.12,scattered clouds,2.0,2.17,97.71,6.15,3.46,Entrainement
2026-05-02 19:03:05.000000,Marrakech,31.6295,-7.9811,26.98,41.0,1013.0,3.6,scattered clouds,2.0,0.67,98.5,27.85,11.2,Entrainement
2026-05-02 19:03:12.000000,Fes,34.0331,-5.0003,22.08,68.0,1014.0,3.09,scattered clouds,2.0,0.83,82.9,8.9,5.46,Entrainement
2026-05-02 19:09:29.365778,Rabat,34.0209,-6.8416,19.37,68.0,1017.0,4.12,scattered clouds,2.0,2.17,97.71,6.15,3.46,Entrainement
2026-05-02 19:09:29.365778,Tanger,35.7595,-5.834,21.74,68.0,1016.0,5.14,scattered clouds,3.0,0.74,113.66,7.22,3.13,Entrainement
2026-05-02 19:09:29.365778,Marrakech,31.6295,-7.9811,26.98,41.0,1013.0,3.6,scattered clouds,2.0,0.67,98.5,27.85,11.2,Entrainement
2026-05-02 19:09:29.365778,Agadir,30.4278,-9.5981,23.06,54.0,1013.0,6.7,scattered clouds,2.0,0.24,92.23,7.99,2.98,Entrainement
2026-05-02 19:31:56.000000,Casablanca,33.5731,-7.5898,18.07,72.0,1017.0,2.06,clear sky,2.0,2.03,94.35,7.87,2.99,Entrainement
2026-05-02 19:31:57.000000,Tanger,35.7595,-5.834,19.64,77.0,1016.0,3.09,broken clouds,2.0,2.64,90.82,5.42,2.67,Entrainement
2026-05-02 19:31:59.000000,Karia Ba Mohamed,34.3667,-5.2139,17.67,69.0,1017.0,4.04,light rain,2.0,1.19,81.77,7.76,4.35,Entrainement
2026-05-02 19:32:00.000000,Fes,34.0331,-5.0003,20.14,77.0,1017.0,3.09,light rain,2.0,1.45,76.14,8.46,5.17,Entrainement
2026-05-02 20:03:18.000000,Casablanca,33.5731,-7.5898,18.95,63.0,1017.0,2.57,few clouds,2.0,1.71,98.15,8.09,3.45,Entrainement
2026-05-02 20:03:24.000000,Rabat,34.0209,-6.8416,18.37,72.0,1017.0,2.06,broken clouds,2.0,2.5,93.94,5.64,2.95,Entrainement
2026-05-02 20:03:31.000000,Marrakech,31.6295,-7.9811,25.97,47.0,1014.0,4.12,scattered clouds,2.0,1.02,93.41,26.47,10.83,Entrainement
2026-05-02 20:03:37.000000,Fes,34.0331,-5.0003,21.08,73.0,1016.0,3.09,scattered clouds,2.0,1.12,79.35,8.67,5.32,Entrainement
2026-05-02 20:32:02.000000,Casablanca,33.5731,-7.5898,18.07,72.0,1018.0,2.06,broken clouds,2.0,2.0,91.93,8.2,3.02,Entrainement
2026-05-02 20:32:04.000000,Tanger,35.7595,-5.834,19.64,77.0,1017.0,2.06,broken clouds,2.0,2.59,88.42,5.37,2.53,Entrainement
2026-05-02 20:32:05.000000,Karia Ba Mohamed,34.3667,-5.2139,16.77,71.0,1018.0,2.46,light rain,2.0,1.33,79.27,7.56,4.14,Entrainement
2026-05-02 20:32:06.000000,Fes,34.0331,-5.0003,19.14,82.0,1018.0,4.12,light rain,2.0,1.45,76.14,8.46,5.17,Entrainement
2026-05-02 21:03:47.000000,Casablanca,33.5731,-7.5898,17.89,72.0,1018.0,2.06,clear sky,2.0,2.02,95.23,8.38,3.38,Entrainement
2026-05-02 21:03:56.000000,Rabat,34.0209,-6.8416,17.37,77.0,1018.0,2.06,broken clouds,2.0,2.64,90.82,5.42,2.67,Entrainement
2026-05-02 21:04:03.000000,Marrakech,31.6295,-7.9811,22.98,49.0,1015.0,5.14,scattered clouds,2.0,1.32,89.96,25.45,10.54,Entrainement
2026-05-02 21:04:11.000000,Fes,34.0331,-5.0003,20.1,77.0,1017.0,3.09,broken clouds,2.0,1.45,76.14,8.46,5.17,Entrainement
2026-05-02 21:32:08.000000,Casablanca,33.5731,-7.5898,18.07,72.0,1018.0,1.54,broken clouds,2.0,2.0,91.93,8.2,3.02,Entrainement
2026-05-02 21:32:09.000000,Tanger,35.7595,-5.834,18.64,77.0,1017.0,2.57,clear sky,2.0,2.57,85.51,5.4,2.51,Entrainement
2026-05-02 21:32:11.000000,Karia Ba Mohamed,34.3667,-5.2139,15.98,74.0,1018.0,2.17,broken clouds,2.0,1.53,71.52,7.23,3.93,Entrainement
2026-05-02 21:32:12.000000,Fes,34.0331,-5.0003,18.14,88.0,1018.0,4.12,light rain,2.0,1.91,68.13,7.93,4.87,Entrainement
2026-05-02 22:04:18.000000,Casablanca,33.5731,-7.5898,17.89,72.0,1019.0,2.06,broken clouds,2.0,2.05,92.88,8.59,3.3,Entrainement
2026-05-02 22:04:26.000000,Rabat,34.0209,-6.8416,17.37,82.0,1019.0,1.54,broken clouds,2.0,2.59,88.42,5.37,2.53,Entrainement
2026-05-02 22:04:33.000000,Marrakech,31.6295,-7.9811,20.98,52.0,1017.0,5.14,scattered clouds,2.0,1.51,88.01,24.51,10.2,Entrainement
2026-05-02 22:04:40.000000,Fes,34.0331,-5.0003,18.08,88.0,1018.0,4.12,light rain,2.0,1.69,74.06,8.23,4.99,Entrainement
2026-05-03 11:11:59.000000,Casablanca,33.5731,-7.5898,20.78,64.0,1017.0,1.03,broken clouds,2.0,1.08,88.59,12.81,5.05,Entrainement
2026-05-03 11:12:06.000000,Rabat,34.0209,-6.8416,20.35,77.0,1017.0,0.0,broken clouds,2.0,1.78,88.04,8.67,4.86,Entrainement
2026-05-03 11:12:12.000000,Marrakech,31.6295,-7.9811,19.98,64.0,1016.0,1.54,few clouds,2.0,0.73,90.96,25.97,10.63,Entrainement
2026-05-03 11:12:19.000000,Fes,34.0331,-5.0003,16.08,100.0,1016.0,1.54,broken clouds,2.0,0.53,71.32,9.97,4.96,Entrainement
2026-05-03 11:23:34.000000,Casablanca,33.5731,-7.5898,22.02,60.0,1017.0,2.06,scattered clouds,2.0,0.7,91.0,10.9,4.58,Entrainement
2026-05-03 11:23:35.000000,Tanger,35.7595,-5.834,19.64,73.0,1016.0,4.12,scattered clouds,2.0,1.12,92.41,8.52,5.1,Entrainement
2026-05-03 11:23:36.000000,Karia Ba Mohamed,34.3667,-5.2139,21.77,47.0,1016.0,2.1,scattered clouds,2.0,0.87,73.71,8.96,4.76,Entrainement
2026-05-03 11:23:38.000000,Fes,34.0331,-5.0003,17.14,94.0,1016.0,1.54,broken clouds,2.0,0.34,74.97,10.65,4.91,Entrainement
2026-05-03 12:12:26.000000,Casablanca,33.5731,-7.5898,21.01,64.0,1017.0,2.06,scattered clouds,2.0,0.68,92.52,12.18,5.1,Entrainement
2026-05-03 12:12:33.000000,Rabat,34.0209,-6.8416,21.37,68.0,1017.0,2.57,broken clouds,2.0,1.12,92.41,8.52,5.1,Entrainement
2026-05-03 12:12:40.000000,Marrakech,31.6295,-7.9811,21.98,56.0,1015.0,2.57,clear sky,2.0,0.41,94.9,25.13,10.19,Entrainement
2026-05-03 12:12:47.000000,Fes,34.0331,-5.0003,17.08,94.0,1016.0,1.54,broken clouds,2.0,0.34,74.97,10.65,4.91,Entrainement
2026-05-03 12:23:39.000000,Casablanca,33.5731,-7.5898,22.02,64.0,1017.0,3.6,scattered clouds,2.0,0.57,93.14,11.07,5.03,Entrainement
2026-05-03 12:23:42.000000,Tanger,35.7595,-5.834,20.64,68.0,1016.0,3.09,scattered clouds,2.0,0.89,93.33,8.48,5.38,Entrainement
2026-05-03 12:23:43.000000,Karia Ba Mohamed,34.3667,-5.2139,22.98,43.0,1015.0,2.75,scattered clouds,2.0,0.74,74.35,8.74,4.67,Entrainement
2026-05-03 12:23:45.000000,Fes,34.0331,-5.0003,17.14,88.0,1015.0,1.54,broken clouds,2.0,0.28,75.34,10.69,4.87,Entrainement
2026-05-03 13:12:53.000000,Casablanca,33.5731,-7.5898,21.84,62.0,1016.0,3.6,scattered clouds,2.0,0.54,94.69,12.17,5.48,Entrainement
2026-05-03 13:12:59.000000,Rabat,34.0209,-6.8416,21.37,68.0,1017.0,3.09,broken clouds,2.0,0.89,93.33,8.48,5.38,Entrainement
2026-05-03 13:13:06.000000,Marrakech,31.6295,-7.9811,22.98,53.0,1015.0,1.54,clear sky,2.0,0.34,96.48,24.82,10.04,Entrainement
2026-05-03 13:13:12.000000,Fes,34.0331,-5.0003,17.08,88.0,1015.0,1.54,broken clouds,2.0,0.28,75.34,10.69,4.87,Entrainement
2026-05-03 13:23:47.000000,Casablanca,33.5731,-7.5898,20.74,68.0,1016.0,4.12,scattered clouds,2.0,0.54,89.11,9.14,3.92,Entrainement
2026-05-03 13:23:49.000000,Tanger,35.7595,-5.834,20.64,68.0,1015.0,5.14,scattered clouds,2.0,0.68,92.97,7.87,5.28,Entrainement
2026-05-03 13:23:50.000000,Karia Ba Mohamed,34.3667,-5.2139,23.96,42.0,1014.0,3.38,overcast clouds,2.0,0.43,82.91,9.34,5.17,Entrainement
2026-05-03 13:23:52.000000,Fes,34.0331,-5.0003,20.14,77.0,1014.0,1.54,broken clouds,2.0,0.31,80.61,14.06,5.51,Entrainement
2026-05-03 14:13:19.000000,Casablanca,33.5731,-7.5898,21.66,64.0,1016.0,3.58,overcast clouds,2.0,0.44,95.6,11.12,5.3,Entrainement
2026-05-03 14:13:26.000000,Rabat,34.0209,-6.8416,22.37,64.0,1016.0,4.12,broken clouds,2.0,0.71,93.3,7.89,5.19,Entrainement
2026-05-03 14:13:33.000000,Marrakech,31.6295,-7.9811,23.98,46.0,1014.0,2.57,clear sky,2.0,0.3,98.28,22.69,8.98,Entrainement
2026-05-03 14:13:40.000000,Fes,34.0331,-5.0003,18.08,88.0,1014.0,1.54,broken clouds,2.0,0.26,78.97,11.91,5.08,Entrainement
2026-05-03 14:17:22.646394,Rabat,34.0209,-6.8416,22.37,64.0,1016.0,4.12,broken clouds,2.0,0.71,93.3,7.89,5.19,Entrainement
2026-05-03 14:17:22.646394,Marrakech,31.6295,-7.9811,23.98,46.0,1014.0,2.57,clear sky,2.0,0.3,98.28,22.69,8.98,Entrainement
2026-05-03 14:17:22.646394,Agadir,30.4278,-9.5981,23.06,64.0,1014.0,4.22,overcast clouds,2.0,0.16,86.84,12.37,4.14,Entrainement
2026-05-03 14:17:22.646394,Tanger,35.7595,-5.834,20.74,68.0,1015.0,4.12,scattered clouds,2.0,0.34,83.45,3.03,1.36,Entrainement
2026-05-03 14:23:53.000000,Casablanca,33.5731,-7.5898,20.74,64.0,1016.0,3.6,scattered clouds,2.0,0.46,88.73,8.08,3.57,Entrainement
2026-05-03 14:23:55.000000,Tanger,35.7595,-5.834,20.64,60.0,1015.0,5.14,scattered clouds,2.0,0.58,90.73,7.02,4.74,Entrainement
2026-05-03 14:23:56.000000,Karia Ba Mohamed,34.3667,-5.2139,24.59,41.0,1014.0,4.1,overcast clouds,2.0,0.35,85.8,8.84,5.08,Entrainement
2026-05-03 14:23:58.000000,Fes,34.0331,-5.0003,20.14,72.0,1013.0,1.03,broken clouds,2.0,0.25,83.9,12.03,5.32,Entrainement
2026-05-03 15:13:46.000000,Casablanca,33.5731,-7.5898,21.01,64.0,1015.0,4.02,scattered clouds,2.0,0.43,90.02,8.57,3.89,Entrainement
2026-05-03 15:13:53.000000,Rabat,34.0209,-6.8416,23.37,64.0,1016.0,3.09,broken clouds,2.0,0.58,90.73,7.02,4.74,Entrainement
2026-05-03 15:14:01.000000,Marrakech,31.6295,-7.9811,26.98,44.0,1013.0,1.54,clear sky,2.0,0.28,97.83,23.28,8.96,Entrainement
2026-05-03 15:14:08.000000,Fes,34.0331,-5.0003,20.08,72.0,1013.0,2.06,broken clouds,2.0,0.25,83.9,12.03,5.32,Entrainement
2026-05-03 15:17:31.930040,Rabat,34.0209,-6.8416,23.37,64.0,1016.0,3.09,broken clouds,2.0,0.58,90.73,7.02,4.74,Entrainement
2026-05-03 15:17:31.930040,Marrakech,31.6295,-7.9811,26.98,44.0,1013.0,1.54,clear sky,2.0,0.28,97.83,23.28,8.96,Entrainement
2026-05-03 15:17:31.930040,Tanger,35.7595,-5.834,20.74,68.0,1015.0,4.63,scattered clouds,2.0,0.3,83.82,3.06,1.46,Entrainement
2026-05-03 15:17:31.930040,Agadir,30.4278,-9.5981,24.06,61.0,1013.0,4.63,overcast clouds,2.0,0.15,84.86,11.12,4.01,Entrainement
2026-05-03 15:24:01.000000,Casablanca,33.5731,-7.5898,20.96,64.0,1015.0,3.6,scattered clouds,2.0,0.47,87.68,7.38,3.27,Entrainement
2026-05-03 15:24:03.000000,Tanger,35.7595,-5.834,19.64,68.0,1014.0,4.12,scattered clouds,2.0,0.59,89.6,6.53,4.41,Entrainement
2026-05-03 15:24:06.000000,Karia Ba Mohamed,34.3667,-5.2139,24.76,42.0,1013.0,4.49,overcast clouds,2.0,0.36,85.75,8.41,5.0,Entrainement
2026-05-03 15:24:08.000000,Fes,34.0331,-5.0003,21.14,68.0,1013.0,1.03,broken clouds,2.0,0.24,84.68,10.01,5.06,Entrainement
2026-05-03 16:17:22.814384,Rabat,34.0209,-6.8416,22.37,68.0,1015.0,3.6,broken clouds,2.0,0.59,89.6,6.53,4.41,Entrainement
2026-05-03 16:17:22.814384,Marrakech,31.6295,-7.9811,26.98,41.0,1012.0,2.57,clear sky,2.0,0.31,97.7,25.3,9.53,Entrainement
2026-05-03 16:17:22.814384,Tanger,35.7595,-5.834,19.74,68.0,1015.0,4.12,scattered clouds,2.0,0.32,83.83,2.91,1.34,Entrainement
2026-05-03 16:17:22.814384,Agadir,30.4278,-9.5981,23.06,57.0,1012.0,3.46,overcast clouds,2.0,0.16,83.61,10.08,3.72,Entrainement
2026-05-03 16:20:40.000000,Casablanca,33.5731,-7.5898,20.78,64.0,1015.0,3.6,scattered clouds,2.0,0.46,88.68,7.98,3.64,Entrainement
2026-05-03 16:20:47.000000,Rabat,34.0209,-6.8416,22.37,68.0,1015.0,3.6,broken clouds,2.0,0.59,89.6,6.53,4.41,Entrainement
2026-05-03 16:20:55.000000,Marrakech,31.6295,-7.9811,26.98,41.0,1012.0,2.57,clear sky,2.0,0.31,97.7,25.3,9.53,Entrainement
2026-05-03 16:21:02.000000,Fes,34.0331,-5.0003,21.08,68.0,1013.0,1.03,broken clouds,2.0,0.24,84.68,10.01,5.06,Entrainement
2026-05-03 16:24:09.000000,Casablanca,33.5731,-7.5898,20.74,64.0,1015.0,3.09,scattered clouds,2.0,0.53,86.91,6.65,2.86,Entrainement
2026-05-03 16:24:11.000000,Tanger,35.7595,-5.834,19.64,73.0,1014.0,4.63,broken clouds,2.0,0.76,88.99,6.11,4.08,Entrainement
2026-05-03 16:24:12.000000,Karia Ba Mohamed,34.3667,-5.2139,24.73,44.0,1013.0,3.89,overcast clouds,2.0,0.48,84.04,8.08,4.97,Entrainement
2026-05-03 16:24:13.000000,Fes,34.0331,-5.0003,21.14,64.0,1013.0,2.06,broken clouds,2.0,0.36,82.93,8.47,4.95,Entrainement
2026-05-03 17:17:34.960098,Marrakech,31.6295,-7.9811,27.97,36.0,1012.0,1.54,clear sky,2.0,0.4,98.22,27.34,10.13,Entrainement
2026-05-03 17:17:34.960098,Rabat,34.0209,-6.8416,21.35,73.0,1015.0,4.12,broken clouds,2.0,0.76,88.99,6.11,4.08,Entrainement
2026-05-03 17:17:34.960098,Agadir,30.4278,-9.5981,24.06,55.0,1011.0,4.49,overcast clouds,2.0,0.17,82.64,8.65,3.2,Entrainement
2026-05-03 17:17:34.960098,Tanger,35.7595,-5.834,19.75,73.0,1014.0,4.63,broken clouds,2.0,0.35,84.81,2.81,1.23,Entrainement
2026-05-03 17:21:08.000000,Casablanca,33.5731,-7.5898,21.01,64.0,1015.0,3.09,scattered clouds,2.0,0.55,88.09,7.4,3.3,Entrainement
2026-05-03 17:21:14.000000,Rabat,34.0209,-6.8416,21.37,73.0,1015.0,4.12,broken clouds,2.0,0.76,88.99,6.11,4.08,Entrainement
2026-05-03 17:21:20.000000,Marrakech,31.6295,-7.9811,27.97,36.0,1012.0,1.54,clear sky,2.0,0.4,98.22,27.34,10.13,Entrainement
2026-05-03 17:21:27.000000,Fes,34.0331,-5.0003,21.08,64.0,1013.0,2.06,broken clouds,2.0,0.36,82.93,8.47,4.95,Entrainement
2026-05-03 17:27:04.000000,Casablanca,33.5731,-7.5898,20.18,60.0,1015.0,3.09,scattered clouds,2.0,0.69,86.18,6.29,2.53,Entrainement
2026-05-03 17:27:06.000000,Tanger,35.7595,-5.834,18.64,77.0,1014.0,4.12,broken clouds,2.0,1.14,87.58,5.8,3.78,Entrainement
2026-05-03 17:27:07.000000,Karia Ba Mohamed,34.3667,-5.2139,24.21,46.0,1013.0,5.19,overcast clouds,2.0,0.74,79.77,7.6,4.81,Entrainement
2026-05-03 17:27:09.000000,Fes,34.0331,-5.0003,21.14,68.0,1013.0,2.57,broken clouds,2.0,0.62,78.7,7.6,4.85,Entrainement
2026-05-03 18:17:44.404501,Marrakech,31.6295,-7.9811,27.98,34.0,1012.0,2.06,clear sky,2.0,0.55,97.82,28.8,10.51,Entrainement
2026-05-03 18:17:44.404501,Rabat,34.0209,-6.8416,20.37,77.0,1015.0,3.6,broken clouds,2.0,1.14,87.58,5.8,3.78,Entrainement
2026-05-03 18:17:44.404501,Agadir,30.4278,-9.5981,23.06,55.0,1011.0,5.11,overcast clouds,2.0,0.18,81.49,7.32,2.62,Entrainement
2026-05-03 18:17:44.404501,Tanger,35.7595,-5.834,19.74,73.0,1014.0,4.12,broken clouds,2.0,0.45,86.06,2.72,1.14,Entrainement
2026-05-03 18:21:34.000000,Casablanca,33.5731,-7.5898,20.01,60.0,1015.0,3.09,scattered clouds,2.0,0.72,87.28,7.01,2.97,Entrainement
2026-05-03 18:21:42.000000,Rabat,34.0209,-6.8416,20.37,77.0,1015.0,3.6,broken clouds,2.0,1.14,87.58,5.8,3.78,Entrainement
2026-05-03 18:21:53.000000,Marrakech,31.6295,-7.9811,27.98,34.0,1012.0,2.06,clear sky,2.0,0.55,97.82,28.8,10.51,Entrainement
2026-05-03 18:22:00.000000,Fes,34.0331,-5.0003,21.08,68.0,1013.0,2.57,broken clouds,2.0,0.62,78.7,7.6,4.85,Entrainement
2026-05-03 18:27:10.000000,Casablanca,33.5731,-7.5898,19.7,64.0,1015.0,2.68,scattered clouds,2.0,0.91,85.88,6.09,2.3,Entrainement
2026-05-03 18:27:12.000000,Tanger,35.7595,-5.834,18.64,77.0,1014.0,4.12,broken clouds,2.0,1.64,84.89,5.29,3.3,Entrainement
2026-05-03 18:27:14.000000,Karia Ba Mohamed,34.3667,-5.2139,21.59,60.0,1013.0,7.17,overcast clouds,2.0,0.96,75.62,7.04,4.5,Entrainement
2026-05-03 18:27:15.000000,Fes,34.0331,-5.0003,21.14,68.0,1013.0,1.54,broken clouds,2.0,0.89,75.21,7.05,4.62,Entrainement
2026-05-03 19:17:54.481706,Tanger,35.7595,-5.834,18.74,77.0,1014.0,4.12,broken clouds,2.0,0.56,87.06,2.62,1.05,Entrainement
2026-05-03 19:17:54.481706,Marrakech,31.6295,-7.9811,26.98,36.0,1012.0,2.06,scattered clouds,2.0,0.71,96.56,28.95,10.48,Entrainement
2026-05-03 19:17:54.481706,Rabat,34.0209,-6.8416,19.37,82.0,1015.0,3.09,broken clouds,2.0,1.64,84.89,5.29,3.3,Entrainement
2026-05-03 19:17:54.481706,Agadir,30.4278,-9.5981,22.06,58.0,1011.0,4.53,overcast clouds,2.0,0.19,81.03,6.46,2.19,Entrainement
2026-05-03 19:22:07.000000,Casablanca,33.5731,-7.5898,19.49,64.0,1015.0,2.68,scattered clouds,2.0,0.92,86.68,6.72,2.7,Entrainement
2026-05-03 19:22:15.000000,Rabat,34.0209,-6.8416,19.37,82.0,1015.0,3.09,broken clouds,2.0,1.64,84.89,5.29,3.3,Entrainement
2026-05-03 19:22:24.000000,Marrakech,31.6295,-7.9811,26.98,36.0,1012.0,2.06,scattered clouds,2.0,0.71,96.56,28.95,10.48,Entrainement
2026-05-03 19:22:35.000000,Fes,34.0331,-5.0003,21.08,68.0,1013.0,1.54,broken clouds,2.0,0.89,75.21,7.05,4.62,Entrainement
2026-05-03 19:27:17.000000,Casablanca,33.5731,-7.5898,19.13,70.0,1016.0,2.57,scattered clouds,2.0,1.37,83.84,6.19,2.17,Entrainement
2026-05-03 19:27:18.000000,Tanger,35.7595,-5.834,17.64,82.0,1015.0,3.09,broken clouds,2.0,2.13,80.96,4.71,2.76,Entrainement
2026-05-03 19:27:20.000000,Karia Ba Mohamed,34.3667,-5.2139,19.77,68.0,1014.0,5.36,broken clouds,2.0,1.12,71.89,6.55,4.12,Entrainement
2026-05-03 19:27:22.000000,Fes,34.0331,-5.0003,20.14,72.0,1014.0,2.06,broken clouds,2.0,1.15,71.1,6.62,4.32,Entrainement
2026-05-03 20:17:38.108356,Agadir,30.4278,-9.5981,19.06,63.0,1012.0,3.14,overcast clouds,2.0,0.21,81.31,6.09,1.93,Entrainement
2026-05-03 20:17:38.108356,Rabat,34.0209,-6.8416,18.37,88.0,1016.0,2.06,broken clouds,2.0,2.13,80.96,4.71,2.76,Entrainement
2026-05-03 20:17:38.108356,Marrakech,31.6295,-7.9811,26.0,38.0,1013.0,2.57,scattered clouds,2.0,1.05,92.91,28.44,10.28,Entrainement
2026-05-03 20:17:38.108356,Tanger,35.7595,-5.834,17.74,82.0,1015.0,3.09,broken clouds,2.0,0.9,85.78,2.65,1.03,Entrainement
2026-05-03 20:22:42.000000,Casablanca,33.5731,-7.5898,18.95,70.0,1016.0,2.57,scattered clouds,2.0,1.31,84.3,6.69,2.52,Entrainement
2026-05-03 20:22:48.000000,Rabat,34.0209,-6.8416,18.37,88.0,1016.0,2.06,broken clouds,2.0,2.13,80.96,4.71,2.76,Entrainement
2026-05-03 20:22:54.000000,Marrakech,31.6295,-7.9811,25.98,41.0,1013.0,3.6,scattered clouds,2.0,1.05,92.91,28.44,10.28,Entrainement
2026-05-03 20:23:00.000000,Fes,34.0331,-5.0003,20.08,72.0,1014.0,2.06,broken clouds,2.0,1.15,71.1,6.62,4.32,Entrainement
2026-05-03 20:27:23.000000,Casablanca,33.5731,-7.5898,18.07,77.0,1017.0,2.57,scattered clouds,2.0,1.81,82.05,6.7,2.18,Entrainement
2026-05-03 20:27:25.000000,Tanger,35.7595,-5.834,17.64,82.0,1016.0,2.06,broken clouds,2.0,2.44,78.37,4.39,2.44,Entrainement
2026-05-03 20:27:26.000000,Karia Ba Mohamed,34.3667,-5.2139,18.06,76.0,1015.0,4.78,broken clouds,2.0,1.2,68.92,6.07,3.75,Entrainement
2026-05-03 20:27:28.000000,Fes,34.0331,-5.0003,19.14,82.0,1015.0,1.03,broken clouds,2.0,1.35,66.55,6.2,4.01,Entrainement
2026-05-03 21:17:47.576719,Agadir,30.4278,-9.5981,18.06,69.0,1013.0,2.62,overcast clouds,2.0,0.22,82.55,6.02,1.8,Entrainement
2026-05-03 21:17:47.576719,Marrakech,31.6295,-7.9811,22.98,53.0,1014.0,4.63,scattered clouds,2.0,1.4,90.53,28.19,10.25,Entrainement
2026-05-03 21:17:47.576719,Tanger,35.7595,-5.834,17.74,82.0,1016.0,2.06,broken clouds,2.0,1.24,83.61,2.85,1.07,Entrainement
2026-05-03 21:17:47.576719,Rabat,34.0209,-6.8416,18.37,82.0,1017.0,2.06,scattered clouds,2.0,2.44,78.37,4.39,2.44,Entrainement
2026-05-03 21:23:07.000000,Casablanca,33.5731,-7.5898,17.89,77.0,1017.0,2.57,scattered clouds,2.0,1.74,82.33,7.09,2.51,Entrainement
2026-05-03 21:23:14.000000,Rabat,34.0209,-6.8416,18.37,82.0,1017.0,2.06,scattered clouds,2.0,2.44,78.37,4.39,2.44,Entrainement
2026-05-03 21:23:21.000000,Marrakech,31.6295,-7.9811,22.98,53.0,1014.0,4.63,scattered clouds,2.0,1.4,90.53,28.19,10.25,Entrainement
2026-05-03 21:23:27.000000,Fes,34.0331,-5.0003,19.08,82.0,1015.0,1.03,broken clouds,2.0,1.35,66.55,6.2,4.01,Entrainement
2026-05-03 21:27:30.000000,Casablanca,33.5731,-7.5898,18.07,77.0,1017.0,2.06,scattered clouds,2.0,1.95,80.91,7.08,2.21,Entrainement
2026-05-03 21:27:32.000000,Tanger,35.7595,-5.834,17.64,82.0,1016.0,2.57,broken clouds,2.0,2.5,76.72,4.14,2.2,Entrainement
2026-05-03 21:27:33.000000,Karia Ba Mohamed,34.3667,-5.2139,16.88,83.0,1016.0,3.64,broken clouds,2.0,1.27,66.33,5.59,3.37,Entrainement
2026-05-03 21:27:35.000000,Fes,34.0331,-5.0003,18.14,77.0,1016.0,3.6,broken clouds,2.0,1.48,62.42,5.72,3.66,Entrainement
2026-05-03 22:17:57.236803,Marrakech,31.6295,-7.9811,20.98,60.0,1015.0,4.12,scattered clouds,2.0,1.59,89.06,27.74,10.17,Entrainement
2026-05-03 22:17:57.236803,Rabat,34.0209,-6.8416,17.37,88.0,1017.0,1.54,scattered clouds,2.0,2.5,76.72,4.14,2.2,Entrainement
2026-05-03 22:17:57.236803,Agadir,30.4278,-9.5981,18.06,74.0,1014.0,3.03,broken clouds,2.0,0.21,84.03,6.18,1.76,Entrainement
2026-05-03 22:17:57.236803,Tanger,35.7595,-5.834,17.74,82.0,1016.0,2.57,broken clouds,2.0,1.35,82.99,3.11,1.11,Entrainement
2026-05-03 22:23:34.000000,Casablanca,33.5731,-7.5898,17.89,77.0,1017.0,2.06,scattered clouds,2.0,1.91,81.02,7.36,2.5,Entrainement
2026-05-03 22:23:41.000000,Rabat,34.0209,-6.8416,17.37,88.0,1017.0,1.54,scattered clouds,2.0,2.5,76.72,4.14,2.2,Entrainement
2026-05-03 22:23:48.000000,Marrakech,31.6295,-7.9811,20.98,60.0,1015.0,4.12,scattered clouds,2.0,1.59,89.06,27.74,10.17,Entrainement
2026-05-03 22:23:54.000000,Fes,34.0331,-5.0003,18.08,77.0,1016.0,3.6,broken clouds,2.0,1.48,62.42,5.72,3.66,Entrainement
2026-05-03 23:17:36.344657,Agadir,30.4278,-9.5981,18.06,79.0,1015.0,3.25,broken clouds,2.0,0.23,85.26,6.34,1.76,Entrainement
2026-05-03 23:17:36.344657,Tanger,35.7595,-5.834,15.74,88.0,1017.0,2.06,broken clouds,2.0,1.44,82.59,3.41,1.18,Entrainement
2026-05-03 23:17:36.344657,Marrakech,31.6295,-7.9811,18.98,63.0,1016.0,3.09,scattered clouds,2.0,1.75,85.78,26.83,9.99,Entrainement
2026-05-03 23:17:36.344657,Rabat,34.0209,-6.8416,14.37,94.0,1017.0,0.0,broken clouds,2.0,2.5,74.17,3.91,2.01,Entrainement
2026-05-04 00:17:46.235487,Agadir,30.4278,-9.5981,18.06,82.0,1015.0,3.4,broken clouds,2.0,0.23,85.75,5.92,1.61,Entrainement
2026-05-04 00:17:46.235487,Tanger,35.7595,-5.834,15.74,88.0,1017.0,2.06,broken clouds,2.0,1.41,82.96,3.64,1.23,Entrainement
2026-05-04 00:17:46.235487,Marrakech,31.6295,-7.9811,17.98,68.0,1016.0,3.09,scattered clouds,2.0,1.83,83.49,26.63,10.1,Entrainement
2026-05-04 00:17:46.235487,Rabat,34.0209,-6.8416,14.35,100.0,1017.0,0.0,broken clouds,2.0,2.51,72.53,3.82,1.92,Entrainement
2026-05-04 01:17:56.232208,Tanger,35.7595,-5.834,15.74,82.0,1016.0,2.57,broken clouds,2.0,1.23,84.1,3.75,1.25,Entrainement
2026-05-04 01:17:56.232208,Marrakech,31.6295,-7.9811,17.98,68.0,1016.0,1.54,scattered clouds,2.0,1.74,81.48,26.61,10.26,Entrainement
2026-05-04 01:17:56.232208,Rabat,34.0209,-6.8416,15.37,100.0,1017.0,0.0,broken clouds,2.0,2.43,71.11,3.84,1.92,Entrainement
2026-05-04 01:17:56.232208,Agadir,30.4278,-9.5981,17.06,83.0,1015.0,3.91,broken clouds,2.0,0.23,85.31,5.4,1.45,Entrainement
2026-05-04 02:18:05.769987,Rabat,34.0209,-6.8416,15.37,100.0,1016.0,0.0,broken clouds,2.0,2.31,69.8,3.96,1.98,Entrainement
2026-05-04 02:18:05.769987,Marrakech,31.6295,-7.9811,15.98,77.0,1016.0,1.03,scattered clouds,2.0,1.62,77.39,26.16,10.32,Entrainement
2026-05-04 02:18:05.769987,Tanger,35.7595,-5.834,15.74,82.0,1016.0,2.57,broken clouds,2.0,0.98,85.38,3.66,1.22,Entrainement
2026-05-04 02:18:05.769987,Agadir,30.4278,-9.5981,15.06,84.0,1014.0,4.15,clear sky,2.0,0.23,84.36,5.29,1.41,Entrainement
2026-05-04 03:18:15.591101,Rabat,34.0209,-6.8416,16.37,100.0,1016.0,0.0,overcast clouds,2.0,2.23,68.69,4.13,2.05,Entrainement
2026-05-04 03:18:15.591101,Marrakech,31.6295,-7.9811,15.98,77.0,1015.0,3.09,scattered clouds,2.0,1.58,74.41,25.89,10.51,Entrainement
2026-05-04 03:18:15.591101,Tanger,35.7595,-5.834,15.74,82.0,1015.0,3.09,broken clouds,2.0,0.88,85.06,3.57,1.19,Entrainement
2026-05-04 03:18:15.591101,Agadir,30.4278,-9.5981,15.06,85.0,1014.0,3.78,clear sky,2.0,0.23,83.61,6.03,1.61,Entrainement
2026-05-04 04:18:25.409951,Rabat,34.0209,-6.8416,15.37,100.0,1016.0,0.0,overcast clouds,2.0,2.2,67.5,4.34,2.15,Entrainement
2026-05-04 04:18:25.409951,Agadir,30.4278,-9.5981,14.06,86.0,1014.0,3.07,clear sky,2.0,0.23,82.86,6.57,1.76,Entrainement
2026-05-04 04:18:25.409951,Tanger,35.7595,-5.834,15.74,88.0,1015.0,2.06,broken clouds,2.0,0.86,83.73,3.52,1.18,Entrainement
2026-05-04 04:18:25.409951,Marrakech,31.6295,-7.9811,14.98,82.0,1015.0,2.57,scattered clouds,2.0,1.56,73.64,25.9,10.81,Entrainement
2026-05-04 05:18:35.241885,Agadir,30.4278,-9.5981,14.06,87.0,1014.0,2.51,clear sky,2.0,0.23,82.15,7.18,1.93,Entrainement
2026-05-04 05:18:35.241885,Tanger,35.7595,-5.834,15.74,88.0,1015.0,1.54,broken clouds,2.0,0.91,82.26,3.52,1.18,Entrainement
2026-05-04 05:18:35.241885,Marrakech,31.6295,-7.9811,13.98,82.0,1015.0,2.57,scattered clouds,2.0,1.63,73.42,25.89,11.03,Entrainement
2026-05-04 05:18:35.241885,Rabat,34.0209,-6.8416,14.37,100.0,1016.0,0.0,overcast clouds,2.0,2.24,66.61,4.57,2.28,Entrainement
2026-05-04 06:18:45.056591,Agadir,30.4278,-9.5981,14.06,87.0,1014.0,1.88,clear sky,2.0,0.25,81.24,7.92,2.13,Entrainement
2026-05-04 06:18:45.056591,Tanger,35.7595,-5.834,15.74,88.0,1015.0,1.54,broken clouds,2.0,1.11,80.41,3.54,1.21,Entrainement
2026-05-04 06:18:45.056591,Marrakech,31.6295,-7.9811,14.98,82.0,1015.0,2.06,broken clouds,2.0,1.82,73.29,26.32,11.47,Entrainement
2026-05-04 06:18:45.056591,Rabat,34.0209,-6.8416,14.35,94.0,1016.0,0.0,broken clouds,2.0,2.4,66.16,4.96,2.5,Entrainement
2026-05-04 07:18:54.891657,Rabat,34.0209,-6.8416,14.37,94.0,1017.0,0.0,broken clouds,2.0,2.97,65.93,5.46,2.8,Entrainement
2026-05-04 07:18:54.891657,Marrakech,31.6295,-7.9811,14.98,82.0,1016.0,1.54,broken clouds,2.0,2.52,72.64,26.76,11.84,Entrainement
2026-05-04 07:18:54.891657,Tanger,35.7595,-5.834,15.74,88.0,1016.0,1.54,broken clouds,2.0,1.83,78.32,3.67,1.29,Entrainement
2026-05-04 07:18:54.891657,Agadir,30.4278,-9.5981,14.06,87.0,1014.0,1.42,clear sky,2.0,0.3,79.63,8.91,2.4,Entrainement
2026-05-04 08:19:04.518464,Agadir,30.4278,-9.5981,15.06,82.0,1015.0,2.37,clear sky,2.0,0.42,78.01,10.33,2.78,Entrainement
2026-05-04 08:19:04.518464,Tanger,35.7595,-5.834,16.74,82.0,1016.0,2.06,broken clouds,2.0,3.33,75.39,3.94,1.46,Entrainement
2026-05-04 08:19:04.518464,Marrakech,31.6295,-7.9811,15.98,77.0,1016.0,2.06,broken clouds,2.0,3.85,71.04,26.99,11.69,Entrainement
2026-05-04 08:19:04.518464,Rabat,34.0209,-6.8416,15.37,100.0,1017.0,0.0,broken clouds,2.0,3.92,66.45,5.91,3.12,Entrainement
2026-05-04 09:19:14.191009,Agadir,30.4278,-9.5981,18.06,79.0,1015.0,2.33,clear sky,2.0,0.49,77.09,11.91,3.19,Entrainement
2026-05-04 09:19:14.191009,Tanger,35.7595,-5.834,17.74,77.0,1016.0,3.6,scattered clouds,2.0,4.03,73.58,4.17,1.6,Entrainement
2026-05-04 09:19:14.191009,Marrakech,31.6295,-7.9811,16.98,77.0,1016.0,1.54,broken clouds,2.0,4.38,69.62,26.3,10.97,Entrainement
2026-05-04 09:19:14.191009,Rabat,34.0209,-6.8416,18.37,94.0,1017.0,0.0,broken clouds,2.0,4.15,68.18,6.08,3.28,Entrainement
2026-05-04 10:19:23.788838,Rabat,34.0209,-6.8416,20.37,73.0,1017.0,2.06,broken clouds,2.0,3.54,72.08,6.02,3.29,Entrainement
2026-05-04 10:19:23.788838,Marrakech,31.6295,-7.9811,18.98,68.0,1016.0,1.03,broken clouds,2.0,3.64,71.45,25.83,10.6,Entrainement
2026-05-04 10:19:23.788838,Agadir,30.4278,-9.5981,21.06,75.0,1015.0,2.56,clear sky,2.0,0.44,77.34,13.26,3.55,Entrainement
2026-05-04 10:19:23.788838,Tanger,35.7595,-5.834,18.74,68.0,1017.0,4.63,broken clouds,2.0,3.22,76.84,4.19,1.61,Entrainement
2026-05-04 11:19:33.347221,Tanger,35.7595,-5.834,18.74,68.0,1017.0,4.12,scattered clouds,2.0,0.89,91.17,3.48,1.23,Entrainement
2026-05-04 11:19:33.347221,Agadir,30.4278,-9.5981,21.06,72.0,1015.0,2.66,clear sky,2.0,0.33,78.5,14.46,3.94,Entrainement
2026-05-04 11:19:33.347221,Marrakech,31.6295,-7.9811,19.97,64.0,1016.0,2.06,scattered clouds,2.0,2.18,82.06,22.35,9.06,Entrainement
2026-05-04 11:19:33.347221,Rabat,34.0209,-6.8416,21.37,64.0,1018.0,2.57,broken clouds,2.0,2.13,84.28,5.52,3.13,Entrainement
2026-05-04 12:19:43.089520,Agadir,30.4278,-9.5981,23.06,68.0,1015.0,3.76,clear sky,2.0,0.25,80.34,15.95,4.51,Entrainement
2026-05-04 12:19:43.089520,Tanger,35.7595,-5.834,18.74,68.0,1017.0,4.63,scattered clouds,2.0,0.57,95.24,3.28,1.17,Entrainement
2026-05-04 12:19:43.089520,Marrakech,31.6295,-7.9811,22.98,56.0,1016.0,2.06,scattered clouds,2.0,1.37,85.64,21.92,8.79,Entrainement
2026-05-04 12:19:43.089520,Rabat,34.0209,-6.8416,21.37,68.0,1017.0,3.09,broken clouds,2.0,1.4,91.48,5.68,3.45,Entrainement
2026-05-04 13:19:52.596850,Agadir,30.4278,-9.5981,24.06,64.0,1014.0,5.35,clear sky,2.0,0.2,81.94,17.29,5.17,Entrainement
2026-05-04 13:19:52.596850,Tanger,35.7595,-5.834,19.74,64.0,1017.0,4.63,scattered clouds,2.0,0.43,98.52,3.32,1.22,Entrainement
2026-05-04 13:19:52.596850,Marrakech,31.6295,-7.9811,23.98,53.0,1015.0,1.54,scattered clouds,2.0,0.74,89.53,23.13,9.18,Entrainement
2026-05-04 13:19:52.596850,Rabat,34.0209,-6.8416,21.37,64.0,1017.0,3.6,broken clouds,2.0,1.08,95.66,6.12,3.93,Entrainement
2026-05-04 14:20:02.188569,Rabat,34.0209,-6.8416,21.37,60.0,1017.0,3.6,scattered clouds,3.0,0.66,101.33,5.85,3.87,Entrainement
2026-05-04 14:20:02.188569,Marrakech,31.6295,-7.9811,24.98,47.0,1014.0,3.09,scattered clouds,2.0,0.44,90.41,21.46,8.15,Entrainement
2026-05-04 14:20:02.188569,Agadir,30.4278,-9.5981,24.06,58.0,1013.0,5.37,clear sky,2.0,0.18,84.19,14.67,4.75,Entrainement
2026-05-04 14:20:02.188569,Tanger,35.7595,-5.834,18.74,63.0,1017.0,5.14,scattered clouds,3.0,0.33,102.85,3.36,1.25,Entrainement
2026-05-04 15:20:11.790653,Agadir,30.4278,-9.5981,24.06,54.0,1012.0,5.71,clear sky,2.0,0.18,86.0,15.08,5.2,Entrainement
2026-05-04 15:20:11.790653,Tanger,35.7595,-5.834,18.74,68.0,1016.0,5.14,scattered clouds,3.0,0.33,105.59,3.63,1.41,Entrainement
2026-05-04 15:20:11.790653,Marrakech,31.6295,-7.9811,24.98,47.0,1013.0,2.57,scattered clouds,2.0,0.38,89.72,20.99,7.66,Entrainement
2026-05-04 15:20:11.790653,Rabat,34.0209,-6.8416,21.37,60.0,1017.0,4.12,scattered clouds,3.0,0.62,102.64,5.92,3.95,Entrainement
2026-05-04 16:20:21.509359,Agadir,30.4278,-9.5981,24.06,51.0,1011.0,6.56,clear sky,2.0,0.19,88.51,15.08,5.47,Entrainement
2026-05-04 16:20:21.509359,Tanger,35.7595,-5.834,19.74,52.0,1016.0,5.14,few clouds,3.0,0.35,108.18,3.82,1.53,Entrainement
2026-05-04 16:20:21.509359,Marrakech,31.6295,-7.9811,27.98,42.0,1012.0,1.54,broken clouds,2.0,0.36,89.39,20.34,7.27,Entrainement
2026-05-04 16:20:21.509359,Rabat,34.0209,-6.8416,21.37,60.0,1016.0,3.6,scattered clouds,3.0,0.69,102.84,5.95,3.94,Entrainement
2026-05-04 17:20:31.246026,Agadir,30.4278,-9.5981,23.06,51.0,1011.0,8.11,clear sky,2.0,0.23,91.28,14.42,5.41,Entrainement
2026-05-04 17:20:31.246026,Tanger,35.7595,-5.834,18.74,52.0,1016.0,5.66,few clouds,3.0,0.41,110.54,3.94,1.6,Entrainement
2026-05-04 17:20:31.246026,Marrakech,31.6295,-7.9811,25.98,41.0,1012.0,1.54,broken clouds,2.0,0.42,90.21,20.44,7.23,Entrainement
2026-05-04 17:20:31.246026,Rabat,34.0209,-6.8416,21.37,64.0,1016.0,3.09,scattered clouds,3.0,0.9,103.21,5.97,3.82,Entrainement
2026-05-04 18:20:40.829501,Rabat,34.0209,-6.8416,20.35,68.0,1016.0,3.6,scattered clouds,3.0,1.26,103.43,6.06,3.65,Entrainement
2026-05-04 18:20:40.829501,Marrakech,31.6295,-7.9811,25.98,41.0,1011.0,2.06,scattered clouds,2.0,0.55,90.33,21.07,7.5,Entrainement
2026-05-04 18:20:40.829501,Tanger,35.7595,-5.834,18.77,52.0,1016.0,4.12,few clouds,3.0,0.53,112.85,4.01,1.64,Entrainement
2026-05-04 18:20:40.829501,Agadir,30.4278,-9.5981,22.06,52.0,1011.0,8.66,clear sky,2.0,0.27,93.61,13.21,5.01,Entrainement
2026-05-04 19:20:50.379056,Agadir,30.4278,-9.5981,21.06,56.0,1011.0,9.5,clear sky,2.0,0.31,95.01,11.91,4.47,Entrainement
2026-05-04 19:20:50.379056,Tanger,35.7595,-5.834,17.74,55.0,1016.0,4.63,few clouds,3.0,0.67,113.98,3.98,1.63,Entrainement
2026-05-04 19:20:50.379056,Marrakech,31.6295,-7.9811,25.98,41.0,1012.0,2.57,scattered clouds,2.0,0.7,89.8,20.11,7.21,Entrainement
2026-05-04 19:20:50.379056,Rabat,34.0209,-6.8416,19.37,68.0,1016.0,4.12,scattered clouds,3.0,1.75,101.51,5.79,3.16,Entrainement
2026-05-04 20:21:00.002296,Agadir,30.4278,-9.5981,20.06,59.0,1011.0,6.51,clear sky,2.0,0.37,95.29,10.8,3.89,Entrainement
2026-05-04 20:21:00.002296,Tanger,35.7595,-5.834,16.74,63.0,1016.0,4.12,few clouds,3.0,0.89,113.35,3.91,1.59,Entrainement
2026-05-04 20:21:00.002296,Marrakech,31.6295,-7.9811,26.02,38.0,1013.0,4.12,broken clouds,2.0,1.03,87.23,18.62,6.76,Entrainement
2026-05-04 20:21:00.002296,Rabat,34.0209,-6.8416,18.37,68.0,1017.0,3.6,scattered clouds,2.0,2.45,96.54,5.35,2.58,Entrainement
2026-05-04 20:41:17.000000,Casablanca,33.5731,-7.5898,18.88,68.0,1018.0,3.58,broken clouds,2.0,1.89,99.43,7.65,2.88,Entrainement
2026-05-04 20:41:34.000000,Rabat,34.0209,-6.8416,17.37,77.0,1018.0,3.09,scattered clouds,2.0,2.72,94.02,5.16,2.28,Entrainement
2026-05-04 20:42:26.000000,Marrakech,31.6295,-7.9811,23.98,46.0,1014.0,5.14,broken clouds,2.0,1.35,85.05,17.57,6.43,Entrainement
2026-05-04 20:42:42.000000,Fes,34.0331,-5.0003,18.08,72.0,1016.0,2.57,scattered clouds,2.0,1.39,69.82,3.97,2.49,Entrainement
2026-05-04 21:21:09.612687,Tanger,35.7595,-5.834,15.74,72.0,1017.0,3.6,few clouds,3.0,1.0,112.21,3.86,1.55,Entrainement
2026-05-04 21:21:09.612687,Marrakech,31.6295,-7.9811,22.98,49.0,1014.0,5.66,broken clouds,2.0,1.35,85.05,17.57,6.43,Entrainement
2026-05-04 21:21:09.612687,Rabat,34.0209,-6.8416,16.37,82.0,1018.0,2.57,scattered clouds,2.0,2.72,94.02,5.16,2.28,Entrainement
2026-05-04 21:21:09.612687,Agadir,30.4278,-9.5981,19.06,66.0,1012.0,3.76,clear sky,2.0,0.37,95.36,10.04,3.38,Entrainement
2026-05-04 21:43:22.000000,Casablanca,33.5731,-7.5898,17.89,68.0,1018.0,3.09,broken clouds,2.0,2.14,98.1,7.95,2.77,Entrainement
2026-05-04 21:43:36.000000,Rabat,34.0209,-6.8416,16.37,82.0,1018.0,2.57,scattered clouds,2.0,2.61,93.42,5.06,2.15,Entrainement
2026-05-04 21:43:55.000000,Marrakech,31.6295,-7.9811,22.97,49.0,1015.0,5.66,broken clouds,2.0,1.54,84.44,16.72,6.15,Entrainement
2026-05-04 21:44:04.000000,Fes,34.0331,-5.0003,17.08,77.0,1017.0,1.54,scattered clouds,2.0,1.67,67.64,4.11,2.49,Entrainement
2026-05-04 22:21:21.192033,Marrakech,31.6295,-7.9811,19.98,56.0,1015.0,4.63,broken clouds,2.0,1.54,84.44,16.72,6.15,Entrainement
2026-05-04 22:21:21.192033,Agadir,30.4278,-9.5981,18.06,71.0,1013.0,3.21,clear sky,2.0,0.35,95.43,9.65,3.02,Entrainement
2026-05-04 22:21:21.192033,Rabat,34.0209,-6.8416,16.37,82.0,1018.0,2.06,scattered clouds,2.0,2.61,93.42,5.06,2.15,Entrainement
2026-05-04 22:21:21.192033,Tanger,35.7595,-5.834,15.74,72.0,1017.0,3.6,few clouds,3.0,1.0,110.91,3.88,1.5,Entrainement
2026-05-04 22:44:16.000000,Casablanca,33.5731,-7.5898,17.89,68.0,1018.0,2.57,broken clouds,2.0,2.22,95.16,8.06,2.67,Entrainement
2026-05-04 22:44:34.000000,Rabat,34.0209,-6.8416,14.37,94.0,1018.0,1.54,scattered clouds,2.0,2.51,92.54,4.92,2.07,Entrainement
2026-05-04 22:44:48.000000,Marrakech,31.6295,-7.9811,18.98,59.0,1016.0,5.14,broken clouds,2.0,1.74,82.32,15.9,5.94,Entrainement
2026-05-04 22:45:07.000000,Fes,34.0331,-5.0003,17.08,77.0,1018.0,2.57,scattered clouds,2.0,1.96,63.3,4.13,2.44,Entrainement
2026-05-04 23:21:30.844203,Agadir,30.4278,-9.5981,18.06,72.0,1013.0,4.15,clear sky,2.0,0.35,95.26,9.48,2.79,Entrainement
2026-05-04 23:21:30.844203,Rabat,34.0209,-6.8416,13.37,94.0,1018.0,0.0,scattered clouds,2.0,2.51,92.54,4.92,2.07,Entrainement
2026-05-04 23:21:30.844203,Marrakech,31.6295,-7.9811,18.98,59.0,1016.0,4.63,broken clouds,2.0,1.74,82.32,15.9,5.94,Entrainement
2026-05-04 23:21:30.844203,Tanger,35.7595,-5.834,15.74,77.0,1017.0,2.57,few clouds,3.0,1.1,108.17,4.04,1.49,Entrainement
2026-05-04 23:45:26.000000,Casablanca,33.5731,-7.5898,16.84,72.0,1018.0,1.54,broken clouds,2.0,2.18,93.71,8.36,2.68,Entrainement
2026-05-04 23:45:34.000000,Rabat,34.0209,-6.8416,11.37,100.0,1018.0,0.0,scattered clouds,2.0,2.41,92.83,4.88,2.06,Entrainement
2026-05-04 23:45:44.000000,Marrakech,31.6295,-7.9811,18.98,59.0,1016.0,3.6,broken clouds,2.0,1.86,79.1,15.57,5.93,Entrainement
2026-05-04 23:45:51.000000,Fes,34.0331,-5.0003,15.08,77.0,1017.0,3.09,broken clouds,1.0,2.17,57.73,4.18,2.44,Entrainement
2026-05-05 00:26:15.709472,Agadir,30.4278,-9.5981,17.06,75.0,1014.0,3.91,clear sky,2.0,0.34,95.53,9.4,2.65,Entrainement
2026-05-05 00:26:15.709472,Tanger,35.7595,-5.834,15.74,77.0,1017.0,3.6,few clouds,3.0,1.22,105.31,4.35,1.5,Entrainement
2026-05-05 00:26:15.709472,Marrakech,31.6295,-7.9811,17.98,63.0,1016.0,2.06,broken clouds,2.0,1.86,79.1,15.57,5.93,Entrainement
2026-05-05 00:26:15.709472,Rabat,34.0209,-6.8416,11.37,93.0,1018.0,0.0,scattered clouds,2.0,2.41,92.83,4.88,2.06,Entrainement
2026-05-05 01:26:25.503296,Agadir,30.4278,-9.5981,15.06,79.0,1014.0,3.59,clear sky,2.0,0.31,95.57,9.37,2.56,Entrainement
2026-05-05 01:26:25.503296,Tanger,35.7595,-5.834,15.74,77.0,1017.0,2.57,few clouds,3.0,1.15,102.84,4.74,1.53,Entrainement
2026-05-05 01:26:25.503296,Marrakech,31.6295,-7.9811,17.98,63.0,1016.0,2.57,few clouds,2.0,1.75,75.79,15.43,5.95,Entrainement
2026-05-05 01:26:25.503296,Rabat,34.0209,-6.8416,9.37,100.0,1018.0,0.0,scattered clouds,2.0,2.26,92.97,5.02,2.12,Entrainement
2026-05-05 02:26:35.213724,Rabat,34.0209,-6.8416,8.37,100.0,1017.0,0.0,scattered clouds,2.0,2.09,92.68,5.25,2.22,Entrainement
2026-05-05 02:26:35.213724,Agadir,30.4278,-9.5981,15.06,82.0,1013.0,3.32,clear sky,2.0,0.28,95.11,9.44,2.52,Entrainement
2026-05-05 02:26:35.213724,Marrakech,31.6295,-7.9811,16.98,63.0,1015.0,1.54,few clouds,2.0,1.61,72.8,15.23,5.91,Entrainement
2026-05-05 02:26:35.213724,Tanger,35.7595,-5.834,15.74,82.0,1016.0,2.57,few clouds,3.0,1.03,101.14,5.09,1.57,Entrainement
2026-05-05 03:26:44.786264,Tanger,35.7595,-5.834,14.74,82.0,1015.0,3.09,few clouds,2.0,0.97,99.96,5.4,1.62,Entrainement
2026-05-05 03:26:44.786264,Rabat,34.0209,-6.8416,8.37,100.0,1016.0,0.0,scattered clouds,2.0,1.98,92.33,5.55,2.36,Entrainement
2026-05-05 03:26:44.786264,Agadir,30.4278,-9.5981,15.06,82.0,1013.0,3.82,clear sky,2.0,0.26,94.62,9.68,2.53,Entrainement
2026-05-05 03:26:44.786264,Marrakech,31.6295,-7.9811,15.98,67.0,1015.0,1.54,few clouds,2.0,1.55,72.37,15.22,5.98,Entrainement
2026-05-05 04:26:54.534294,Rabat,34.0209,-6.8416,9.37,100.0,1016.0,0.0,scattered clouds,2.0,1.93,91.45,5.88,2.52,Entrainement
2026-05-05 04:26:54.534294,Marrakech,31.6295,-7.9811,15.98,72.0,1015.0,2.06,few clouds,2.0,1.51,73.2,15.34,6.12,Entrainement
2026-05-05 04:26:54.534294,Tanger,35.7595,-5.834,15.74,72.0,1015.0,3.09,few clouds,2.0,0.97,99.17,5.73,1.71,Entrainement
2026-05-05 04:26:54.534294,Agadir,30.4278,-9.5981,16.06,87.0,1013.0,5.03,clear sky,2.0,0.25,93.9,9.91,2.58,Entrainement
2026-05-05 05:27:04.078828,Rabat,34.0209,-6.8416,10.37,100.0,1016.0,0.0,scattered clouds,2.0,1.95,90.62,6.19,2.69,Entrainement
2026-05-05 05:27:04.078828,Marrakech,31.6295,-7.9811,13.98,77.0,1015.0,3.09,clear sky,2.0,1.52,74.29,15.45,6.26,Entrainement
2026-05-05 05:27:04.078828,Tanger,35.7595,-5.834,15.74,72.0,1015.0,3.09,few clouds,2.0,1.07,97.13,6.22,1.85,Entrainement
2026-05-05 05:27:04.078828,Agadir,30.4278,-9.5981,17.06,88.0,1013.0,5.07,clear sky,2.0,0.25,93.67,10.2,2.67,Entrainement
2026-05-05 06:27:13.831769,Marrakech,31.6295,-7.9811,12.98,76.0,1015.0,1.03,clear sky,2.0,1.68,75.03,15.58,6.43,Entrainement
2026-05-05 06:27:13.831769,Rabat,34.0209,-6.8416,11.37,100.0,1016.0,0.0,scattered clouds,2.0,2.08,89.36,6.55,2.9,Entrainement
2026-05-05 06:27:13.831769,Tanger,35.7595,-5.834,14.74,77.0,1015.0,2.06,scattered clouds,2.0,1.34,93.45,6.75,2.01,Entrainement
2026-05-05 06:27:13.831769,Agadir,30.4278,-9.5981,16.06,89.0,1013.0,3.37,clear sky,2.0,0.26,93.23,10.59,2.8,Entrainement
2026-05-05 07:27:23.590265,Agadir,30.4278,-9.5981,15.06,89.0,1013.0,3.71,few clouds,2.0,0.33,92.78,11.05,2.98,Entrainement
2026-05-05 07:27:23.590265,Tanger,35.7595,-5.834,13.74,82.0,1016.0,1.03,scattered clouds,2.0,2.14,89.15,7.16,2.18,Entrainement
2026-05-05 07:27:23.590265,Marrakech,31.6295,-7.9811,12.98,76.0,1015.0,2.06,clear sky,2.0,2.37,74.9,15.77,6.65,Entrainement
2026-05-05 07:27:23.590265,Rabat,34.0209,-6.8416,11.37,100.0,1016.0,0.0,scattered clouds,2.0,2.55,88.11,6.93,3.13,Entrainement
2026-05-05 08:27:33.178855,Marrakech,31.6295,-7.9811,13.98,77.0,1015.0,2.57,clear sky,2.0,3.65,73.48,15.65,6.63,Entrainement
2026-05-05 08:27:33.178855,Agadir,30.4278,-9.5981,16.06,84.0,1014.0,4.08,overcast clouds,2.0,0.5,91.81,11.47,3.16,Entrainement
2026-05-05 08:27:33.178855,Tanger,35.7595,-5.834,15.74,77.0,1016.0,1.03,few clouds,2.0,3.77,84.1,7.1,2.35,Entrainement
2026-05-05 08:27:33.178855,Rabat,34.0209,-6.8416,13.37,100.0,1017.0,0.0,scattered clouds,2.0,3.45,86.33,7.25,3.35,Entrainement
2026-05-05 09:27:42.945492,Rabat,34.0209,-6.8416,16.37,94.0,1016.0,1.54,scattered clouds,2.0,3.74,86.15,7.52,3.53,Entrainement
2026-05-05 09:27:42.945492,Marrakech,31.6295,-7.9811,17.98,72.0,1015.0,0.51,clear sky,2.0,3.96,72.21,15.63,6.65,Entrainement
2026-05-05 09:27:42.945492,Agadir,30.4278,-9.5981,19.06,81.0,1014.0,3.49,overcast clouds,2.0,0.61,90.78,11.94,3.34,Entrainement
2026-05-05 09:27:42.945492,Tanger,35.7595,-5.834,16.74,72.0,1016.0,2.57,scattered clouds,2.0,4.86,81.8,6.73,2.43,Entrainement
2026-05-05 10:17:22.000000,Casablanca,33.5731,-7.5898,17.89,59.0,1016.0,2.57,broken clouds,2.0,2.15,92.48,11.91,4.22,Entrainement
2026-05-05 10:17:29.000000,Rabat,34.0209,-6.8416,18.37,63.0,1017.0,2.06,scattered clouds,2.0,3.36,88.29,7.83,3.71,Entrainement
2026-05-05 10:17:35.000000,Marrakech,31.6295,-7.9811,18.98,68.0,1015.0,1.03,clear sky,2.0,3.45,74.1,15.87,6.73,Entrainement
2026-05-05 10:17:42.000000,Fes,34.0331,-5.0003,14.08,76.0,1016.0,2.57,broken clouds,1.0,1.23,43.18,5.45,3.02,Entrainement
2026-05-05 10:27:52.495333,Agadir,30.4278,-9.5981,21.06,73.0,1014.0,3.24,overcast clouds,2.0,0.56,90.92,12.46,3.54,Entrainement
2026-05-05 10:27:52.495333,Tanger,35.7595,-5.834,17.74,68.0,1016.0,3.09,scattered clouds,2.0,4.4,84.28,6.32,2.42,Entrainement
2026-05-05 10:27:52.495333,Marrakech,31.6295,-7.9811,18.98,68.0,1015.0,1.03,clear sky,2.0,3.45,74.1,15.87,6.73,Entrainement
2026-05-05 10:27:52.495333,Rabat,34.0209,-6.8416,18.37,63.0,1017.0,2.06,scattered clouds,2.0,3.36,88.29,7.83,3.71,Entrainement
2026-05-05 11:06:05.000000,Casablanca,33.5731,-7.5898,20.19,52.0,1017.0,3.09,scattered clouds,3.0,0.76,107.06,9.94,4.1,Entrainement
2026-05-05 11:06:07.000000,Tanger,35.7595,-5.834,18.64,59.0,1016.0,3.6,scattered clouds,3.0,1.37,103.23,8.28,4.36,Entrainement
2026-05-05 11:06:08.000000,Karia Ba Mohamed,34.3667,-5.2139,19.52,47.0,1016.0,3.01,overcast clouds,2.0,0.45,83.69,6.43,3.11,Entrainement
2026-05-05 11:06:10.000000,Fes,34.0331,-5.0003,16.14,72.0,1016.0,2.57,broken clouds,2.0,0.2,79.48,5.89,3.19,Entrainement
2026-05-05 11:17:49.000000,Casablanca,33.5731,-7.5898,20.0,52.0,1017.0,3.09,scattered clouds,3.0,1.25,101.12,11.34,4.25,Entrainement
2026-05-05 11:17:55.000000,Rabat,34.0209,-6.8416,20.37,60.0,1017.0,2.57,scattered clouds,2.0,2.15,97.26,7.96,3.88,Entrainement
2026-05-05 11:18:02.000000,Marrakech,31.6295,-7.9811,20.97,56.0,1015.0,2.06,clear sky,2.0,1.98,89.09,13.95,5.44,Entrainement
2026-05-05 11:18:08.000000,Fes,34.0331,-5.0003,16.08,67.0,1016.0,2.57,broken clouds,2.0,0.34,77.1,5.85,3.11,Entrainement
2026-05-05 11:43:38.735878,Tanger,35.7595,-5.834,18.74,59.0,1016.0,3.6,scattered clouds,3.0,1.0,105.97,4.99,1.96,Entrainement
2026-05-05 11:43:38.735878,Agadir,30.4278,-9.5981,23.06,67.0,1014.0,2.37,overcast clouds,2.0,0.53,91.72,13.18,4.05,Entrainement
2026-05-05 11:43:38.735878,Marrakech,31.6295,-7.9811,20.98,56.0,1014.0,2.57,clear sky,2.0,1.27,93.1,14.15,5.52,Entrainement
2026-05-05 11:43:38.735878,Rabat,34.0209,-6.8416,19.37,59.0,1017.0,2.57,broken clouds,3.0,1.37,103.23,8.28,4.36,Entrainement
2026-05-05 12:06:11.000000,Casablanca,33.5731,-7.5898,20.18,52.0,1016.0,3.6,scattered clouds,3.0,0.59,110.06,10.4,4.66,Entrainement
2026-05-05 12:06:13.000000,Tanger,35.7595,-5.834,19.64,56.0,1016.0,4.12,scattered clouds,3.0,0.97,107.66,8.84,5.02,Entrainement
2026-05-05 12:06:14.000000,Karia Ba Mohamed,34.3667,-5.2139,20.37,44.0,1015.0,3.45,overcast clouds,2.0,0.31,85.46,6.33,3.14,Entrainement
2026-05-05 12:06:16.000000,Fes,34.0331,-5.0003,18.14,63.0,1015.0,2.06,broken clouds,2.0,0.16,79.59,5.95,3.23,Entrainement
2026-05-05 12:18:15.000000,Casablanca,33.5731,-7.5898,20.0,52.0,1017.0,3.6,scattered clouds,3.0,0.76,105.49,11.16,4.5,Entrainement
2026-05-05 12:18:22.000000,Rabat,34.0209,-6.8416,19.35,59.0,1017.0,2.57,broken clouds,3.0,1.37,103.23,8.28,4.36,Entrainement
2026-05-05 12:18:29.000000,Marrakech,31.6295,-7.9811,21.98,56.0,1014.0,2.57,clear sky,2.0,1.27,93.1,14.15,5.52,Entrainement
2026-05-05 12:18:35.000000,Fes,34.0331,-5.0003,17.08,67.0,1016.0,2.06,broken clouds,2.0,0.2,79.48,5.89,3.19,Entrainement
2026-05-05 12:43:48.514019,Agadir,30.4278,-9.5981,25.06,69.0,1014.0,3.61,overcast clouds,2.0,0.52,92.37,13.93,4.56,Entrainement
2026-05-05 12:43:48.514019,Tanger,35.7595,-5.834,19.74,56.0,1016.0,4.12,scattered clouds,3.0,0.67,108.78,4.74,1.99,Entrainement
2026-05-05 12:43:48.514019,Marrakech,31.6295,-7.9811,22.98,53.0,1014.0,2.57,clear sky,2.0,0.71,95.76,15.63,6.05,Entrainement
2026-05-05 12:43:48.514019,Rabat,34.0209,-6.8416,20.35,56.0,1016.0,4.12,scattered clouds,3.0,0.97,107.66,8.84,5.02,Entrainement
2026-05-05 13:06:18.000000,Casablanca,33.5731,-7.5898,20.18,52.0,1016.0,4.12,scattered clouds,3.0,0.5,113.4,10.09,4.83,Entrainement
2026-05-05 13:06:19.000000,Tanger,35.7595,-5.834,19.64,52.0,1015.0,4.63,scattered clouds,3.0,0.71,110.8,8.29,4.9,Entrainement
2026-05-05 13:06:21.000000,Karia Ba Mohamed,34.3667,-5.2139,21.71,40.0,1015.0,3.56,overcast clouds,2.0,0.24,86.14,5.66,2.87,Entrainement
2026-05-05 13:06:24.000000,Fes,34.0331,-5.0003,20.14,55.0,1014.0,3.09,scattered clouds,2.0,0.15,79.02,5.27,2.87,Entrainement
2026-05-05 13:18:42.000000,Casablanca,33.5731,-7.5898,19.97,52.0,1016.0,4.12,scattered clouds,3.0,0.57,108.62,11.43,5.0,Entrainement
2026-05-05 13:18:49.000000,Rabat,34.0209,-6.8416,20.37,56.0,1016.0,4.12,scattered clouds,3.0,0.97,107.66,8.84,5.02,Entrainement
2026-05-05 13:18:55.000000,Marrakech,31.6295,-7.9811,23.98,46.0,1014.0,2.57,clear sky,2.0,0.71,95.76,15.63,6.05,Entrainement
2026-05-05 13:19:02.000000,Fes,34.0331,-5.0003,19.08,59.0,1015.0,1.54,scattered clouds,2.0,0.16,79.59,5.95,3.23,Entrainement
2026-05-05 13:43:58.177169,Rabat,34.0209,-6.8416,20.37,52.0,1016.0,4.12,scattered clouds,3.0,0.71,110.8,8.29,4.9,Entrainement
2026-05-05 13:43:58.177169,Agadir,30.4278,-9.5981,26.06,68.0,1013.0,4.7,overcast clouds,2.0,0.52,93.48,15.53,5.39,Entrainement
2026-05-05 13:43:58.177169,Tanger,35.7595,-5.834,19.74,52.0,1016.0,4.63,scattered clouds,3.0,0.48,110.75,4.58,2.05,Entrainement
2026-05-05 13:43:58.177169,Marrakech,31.6295,-7.9811,24.98,47.0,1013.0,2.57,clear sky,2.0,0.29,87.6,14.42,5.04,Entrainement
2026-05-05 14:19:09.000000,Casablanca,33.5731,-7.5898,20.01,49.0,1016.0,3.09,scattered clouds,3.0,0.44,115.71,9.17,4.24,Entrainement
2026-05-05 14:19:17.000000,Rabat,34.0209,-6.8416,20.37,45.0,1016.0,4.63,scattered clouds,3.0,0.66,113.26,7.58,4.44,Entrainement
2026-05-05 14:19:24.000000,Marrakech,31.6295,-7.9811,24.98,47.0,1013.0,2.06,clear sky,2.0,0.29,86.41,14.42,5.01,Entrainement
2026-05-05 14:19:31.000000,Fes,34.0331,-5.0003,20.08,55.0,1014.0,3.6,scattered clouds,2.0,0.17,80.67,4.97,2.67,Entrainement
2026-05-05 14:44:07.951141,Tanger,35.7595,-5.834,19.74,60.0,1015.0,5.14,scattered clouds,3.0,0.45,111.18,4.46,1.89,Entrainement
2026-05-05 14:44:07.951141,Agadir,30.4278,-9.5981,27.06,59.0,1012.0,4.75,overcast clouds,3.0,0.56,103.36,17.9,6.71,Entrainement
2026-05-05 14:44:07.951141,Marrakech,31.6295,-7.9811,24.97,47.0,1012.0,2.06,clear sky,2.0,0.27,79.55,12.08,4.08,Entrainement
2026-05-05 14:44:07.951141,Rabat,34.0209,-6.8416,20.37,45.0,1015.0,4.12,scattered clouds,3.0,0.63,114.54,7.02,4.2,Entrainement
2026-05-05 14:48:56.000000,Casablanca,33.5731,-7.5898,20.19,49.0,1015.0,3.6,broken clouds,3.0,0.55,122.27,9.24,4.81,Entrainement
2026-05-05 14:48:58.000000,Tanger,35.7595,-5.834,18.64,55.0,1015.0,5.66,scattered clouds,3.0,0.69,115.31,6.77,4.04,Entrainement
2026-05-05 14:49:00.000000,Karia Ba Mohamed,34.3667,-5.2139,23.33,35.0,1013.0,4.4,overcast clouds,2.0,0.27,87.81,4.77,2.52,Entrainement
2026-05-05 14:49:01.000000,Fes,34.0331,-5.0003,22.14,49.0,1012.0,4.12,scattered clouds,2.0,0.22,79.66,3.69,2.09,Entrainement
2026-05-05 15:36:56.000000,Casablanca,33.5731,-7.5898,20.01,49.0,1015.0,3.6,broken clouds,3.0,0.44,118.26,8.71,4.29,Entrainement
2026-05-05 15:37:02.000000,Rabat,34.0209,-6.8416,21.37,46.0,1015.0,4.63,broken clouds,3.0,0.63,114.54,7.02,4.2,Entrainement
2026-05-05 15:37:08.000000,Marrakech,31.6295,-7.9811,25.98,44.0,1012.0,2.06,scattered clouds,2.0,0.27,79.55,12.08,4.08,Entrainement
2026-05-05 15:37:15.000000,Fes,34.0331,-5.0003,21.08,52.0,1012.0,4.12,scattered clouds,2.0,0.22,79.66,3.69,2.09,Entrainement
2026-05-05 15:44:17.802072,Agadir,30.4278,-9.5981,27.06,56.0,1011.0,5.16,overcast clouds,3.0,0.6,103.56,19.59,7.56,Entrainement
2026-05-05 15:44:17.802072,Tanger,35.7595,-5.834,19.83,56.0,1015.0,5.66,scattered clouds,3.0,0.44,111.17,4.23,1.84,Entrainement
2026-05-05 15:44:17.802072,Marrakech,31.6295,-7.9811,25.98,41.0,1011.0,3.09,scattered clouds,2.0,0.29,75.3,10.74,3.6,Entrainement
2026-05-05 15:44:17.802072,Rabat,34.0209,-6.8416,21.37,46.0,1015.0,4.63,broken clouds,3.0,0.69,115.31,6.77,4.04,Entrainement
2026-05-05 15:49:03.000000,Casablanca,33.5731,-7.5898,19.13,48.0,1015.0,4.12,broken clouds,3.0,0.7,121.95,8.97,4.55,Entrainement
2026-05-05 15:49:04.000000,Tanger,35.7595,-5.834,18.64,52.0,1014.0,6.17,scattered clouds,3.0,0.91,115.34,6.48,3.73,Entrainement
2026-05-05 15:49:05.000000,Karia Ba Mohamed,34.3667,-5.2139,23.45,34.0,1012.0,4.43,overcast clouds,2.0,0.36,90.43,5.22,2.73,Entrainement
2026-05-05 15:49:07.000000,Fes,34.0331,-5.0003,22.14,49.0,1012.0,4.63,scattered clouds,2.0,0.29,81.79,4.01,2.24,Entrainement
2026-05-05 16:37:21.000000,Casablanca,33.5731,-7.5898,19.01,48.0,1015.0,4.12,broken clouds,3.0,0.5,119.99,8.93,4.54,Entrainement
2026-05-05 16:37:28.000000,Rabat,34.0209,-6.8416,19.37,55.0,1015.0,4.63,broken clouds,3.0,0.69,115.31,6.77,4.04,Entrainement
2026-05-05 16:37:35.000000,Marrakech,31.6295,-7.9811,26.98,41.0,1011.0,2.06,scattered clouds,2.0,0.29,75.3,10.74,3.6,Entrainement
2026-05-05 16:37:41.000000,Fes,34.0331,-5.0003,22.08,49.0,1012.0,3.6,scattered clouds,2.0,0.29,81.79,4.01,2.24,Entrainement
2026-05-05 16:44:27.124479,Tanger,35.7595,-5.834,18.74,52.0,1014.0,6.17,scattered clouds,3.0,0.49,111.12,3.95,1.75,Entrainement
2026-05-05 16:44:27.124479,Rabat,34.0209,-6.8416,19.37,55.0,1015.0,4.63,broken clouds,3.0,0.91,115.34,6.48,3.73,Entrainement
2026-05-05 16:44:27.124479,Marrakech,31.6295,-7.9811,27.98,36.0,1011.0,2.57,scattered clouds,2.0,0.36,73.93,10.18,3.42,Entrainement
2026-05-05 16:44:27.124479,Agadir,30.4278,-9.5981,26.06,52.0,1010.0,5.27,overcast clouds,3.0,0.71,102.85,21.08,8.37,Entrainement
2026-05-05 16:49:09.000000,Casablanca,33.5731,-7.5898,19.13,52.0,1015.0,3.6,scattered clouds,3.0,0.91,120.27,8.62,4.03,Entrainement
2026-05-05 16:49:10.000000,Tanger,35.7595,-5.834,17.64,55.0,1014.0,5.14,broken clouds,3.0,1.32,113.59,6.26,3.42,Entrainement
2026-05-05 16:49:12.000000,Karia Ba Mohamed,34.3667,-5.2139,22.78,37.0,1012.0,5.33,overcast clouds,2.0,0.51,92.85,5.76,2.98,Entrainement
2026-05-05 16:49:13.000000,Fes,34.0331,-5.0003,21.14,52.0,1012.0,4.63,scattered clouds,2.0,0.37,84.29,4.45,2.46,Entrainement
2026-05-05 17:37:48.000000,Casablanca,33.5731,-7.5898,18.95,52.0,1015.0,3.6,scattered clouds,3.0,0.64,121.31,8.95,4.51,Entrainement
2026-05-05 17:37:55.000000,Rabat,34.0209,-6.8416,19.37,55.0,1015.0,4.12,overcast clouds,3.0,0.91,115.34,6.48,3.73,Entrainement
2026-05-05 17:38:01.000000,Marrakech,31.6295,-7.9811,27.98,36.0,1011.0,2.06,scattered clouds,2.0,0.36,73.93,10.18,3.42,Entrainement
2026-05-05 17:38:08.000000,Fes,34.0331,-5.0003,21.08,52.0,1012.0,4.63,scattered clouds,2.0,0.37,84.29,4.45,2.46,Entrainement
2026-05-05 17:44:38.150614,Marrakech,31.6295,-7.9811,27.98,36.0,1011.0,2.57,scattered clouds,2.0,0.47,73.07,9.96,3.39,Entrainement
2026-05-05 17:44:38.150614,Tanger,35.7595,-5.834,17.74,55.0,1014.0,5.14,broken clouds,3.0,0.64,110.23,3.74,1.65,Entrainement
2026-05-05 17:44:38.150614,Agadir,30.4278,-9.5981,26.06,51.0,1010.0,4.4,overcast clouds,3.0,0.82,101.94,21.6,8.87,Entrainement
2026-05-05 17:44:38.150614,Rabat,34.0209,-6.8416,19.37,55.0,1015.0,4.12,overcast clouds,3.0,1.32,113.59,6.26,3.42,Entrainement
2026-05-05 17:49:15.000000,Casablanca,33.5731,-7.5898,18.65,53.0,1015.0,4.12,scattered clouds,3.0,1.22,117.21,8.07,3.4,Entrainement
2026-05-05 17:49:17.000000,Tanger,35.7595,-5.834,17.64,48.0,1014.0,5.66,broken clouds,3.0,1.81,110.64,5.73,2.91,Entrainement
2026-05-05 17:49:18.000000,Karia Ba Mohamed,34.3667,-5.2139,20.49,49.0,1013.0,7.27,overcast clouds,2.0,0.67,94.51,6.12,3.12,Entrainement
2026-05-05 17:49:20.000000,Fes,34.0331,-5.0003,20.14,52.0,1012.0,4.63,broken clouds,2.0,0.43,86.94,4.82,2.61,Entrainement
2026-05-05 18:38:15.000000,Casablanca,33.5731,-7.5898,18.44,54.0,1015.0,4.12,scattered clouds,3.0,1.14,118.06,8.6,3.75,Entrainement
2026-05-05 18:38:22.000000,Rabat,34.0209,-6.8416,18.37,68.0,1015.0,4.63,overcast clouds,3.0,1.81,110.64,5.73,2.91,Entrainement
2026-05-05 18:38:29.000000,Marrakech,31.6295,-7.9811,25.98,36.0,1011.0,3.6,scattered clouds,2.0,0.57,72.42,9.55,3.29,Entrainement
2026-05-05 18:38:36.000000,Fes,34.0331,-5.0003,20.1,52.0,1013.0,5.14,broken clouds,2.0,0.43,86.94,4.82,2.61,Entrainement
2026-05-05 18:44:47.423062,Tanger,35.7595,-5.834,17.74,48.0,1014.0,5.66,broken clouds,3.0,0.77,109.11,3.59,1.55,Entrainement
2026-05-05 18:44:47.423062,Rabat,34.0209,-6.8416,18.37,68.0,1015.0,4.63,overcast clouds,3.0,1.81,110.64,5.73,2.91,Entrainement
2026-05-05 18:44:47.423062,Agadir,30.4278,-9.5981,25.06,53.0,1010.0,4.19,overcast clouds,3.0,0.75,102.89,20.86,8.7,Entrainement
2026-05-05 18:44:47.423062,Marrakech,31.6295,-7.9811,25.98,36.0,1011.0,3.6,scattered clouds,2.0,0.57,72.42,9.55,3.29,Entrainement
2026-05-05 18:49:21.000000,Casablanca,33.5731,-7.5898,18.19,55.0,1016.0,4.12,scattered clouds,3.0,1.71,111.43,7.54,2.8,Entrainement
2026-05-05 18:49:23.000000,Tanger,35.7595,-5.834,17.64,52.0,1015.0,4.12,broken clouds,3.0,2.44,105.31,5.09,2.38,Entrainement
2026-05-05 18:49:25.000000,Karia Ba Mohamed,34.3667,-5.2139,18.07,53.0,1014.0,5.84,overcast clouds,2.0,1.04,91.18,6.16,3.15,Entrainement
2026-05-05 18:49:28.000000,Fes,34.0331,-5.0003,19.14,52.0,1014.0,3.09,broken clouds,2.0,0.81,83.76,5.16,2.8,Entrainement
2026-05-05 19:38:49.000000,Casablanca,33.5731,-7.5898,18.01,55.0,1015.0,4.12,scattered clouds,3.0,1.6,112.31,8.09,3.16,Entrainement
2026-05-05 19:38:56.000000,Rabat,34.0209,-6.8416,17.37,72.0,1015.0,3.6,broken clouds,3.0,2.44,105.31,5.09,2.38,Entrainement
2026-05-05 19:39:03.000000,Marrakech,31.6295,-7.9811,24.98,33.0,1012.0,4.63,scattered clouds,2.0,0.88,71.91,10.04,3.48,Entrainement
2026-05-05 19:39:10.000000,Fes,34.0331,-5.0003,20.08,48.0,1014.0,4.12,broken clouds,2.0,0.81,83.76,5.16,2.8,Entrainement
2026-05-05 19:44:57.160950,Agadir,30.4278,-9.5981,23.06,56.0,1010.0,3.7,overcast clouds,3.0,0.56,107.37,18.63,7.63,Entrainement
2026-05-05 19:44:57.160950,Tanger,35.7595,-5.834,17.74,52.0,1015.0,4.12,broken clouds,3.0,0.85,107.51,3.48,1.46,Entrainement
2026-05-05 19:44:57.160950,Marrakech,31.6295,-7.9811,24.98,33.0,1012.0,4.63,scattered clouds,2.0,0.88,71.91,10.04,3.48,Entrainement
2026-05-05 19:44:57.160950,Rabat,34.0209,-6.8416,17.37,72.0,1015.0,3.6,broken clouds,3.0,2.44,105.31,5.09,2.38,Entrainement
2026-05-05 19:49:30.000000,Casablanca,33.5731,-7.5898,18.07,63.0,1016.0,3.09,scattered clouds,3.0,2.1,106.73,7.49,2.42,Entrainement
2026-05-05 19:49:32.000000,Tanger,35.7595,-5.834,16.64,59.0,1015.0,4.63,clear sky,3.0,2.74,101.34,4.76,2.09,Entrainement
2026-05-05 19:49:34.000000,Karia Ba Mohamed,34.3667,-5.2139,16.41,60.0,1014.0,4.62,overcast clouds,2.0,1.46,86.35,6.18,3.2,Entrainement
2026-05-05 19:49:36.000000,Fes,34.0331,-5.0003,16.14,67.0,1015.0,3.6,broken clouds,2.0,1.31,78.43,5.53,3.01,Entrainement
2026-05-05 20:39:16.000000,Casablanca,33.5731,-7.5898,17.89,63.0,1016.0,3.09,scattered clouds,3.0,2.0,107.36,7.95,2.73,Entrainement
2026-05-05 20:39:22.000000,Rabat,34.0209,-6.8416,17.36,67.0,1016.0,3.09,broken clouds,3.0,2.74,101.34,4.76,2.09,Entrainement
2026-05-05 20:39:29.000000,Marrakech,31.6295,-7.9811,23.98,35.0,1013.0,3.6,scattered clouds,2.0,1.26,72.33,11.46,3.95,Entrainement
2026-05-05 20:39:35.000000,Fes,34.0331,-5.0003,18.08,59.0,1015.0,4.12,broken clouds,2.0,1.31,78.43,5.53,3.01,Entrainement
2026-05-05 20:45:06.507749,Tanger,35.7595,-5.834,16.74,59.0,1015.0,4.63,clear sky,3.0,0.87,105.9,3.42,1.4,Entrainement
2026-05-05 20:45:06.507749,Marrakech,31.6295,-7.9811,23.98,35.0,1013.0,3.6,scattered clouds,2.0,1.26,72.33,11.46,3.95,Entrainement
2026-05-05 20:45:06.507749,Rabat,34.0209,-6.8416,17.37,63.0,1016.0,2.57,broken clouds,3.0,2.74,101.34,4.76,2.09,Entrainement
2026-05-05 20:45:06.507749,Agadir,30.4278,-9.5981,20.06,60.0,1010.0,2.09,overcast clouds,3.0,0.51,109.57,16.12,6.32,Entrainement
2026-05-05 20:49:37.000000,Casablanca,33.5731,-7.5898,17.02,67.0,1016.0,3.09,broken clouds,3.0,2.21,103.13,7.58,2.26,Entrainement
2026-05-05 20:49:39.000000,Tanger,35.7595,-5.834,16.64,63.0,1015.0,3.6,clear sky,2.0,2.73,98.83,4.67,1.99,Entrainement
2026-05-05 20:49:41.000000,Karia Ba Mohamed,34.3667,-5.2139,14.95,66.0,1015.0,2.89,overcast clouds,2.0,1.75,82.82,6.2,3.22,Entrainement
2026-05-05 20:49:43.000000,Fes,34.0331,-5.0003,15.14,77.0,1015.0,4.12,scattered clouds,2.0,1.66,74.29,5.75,3.11,Entrainement
2026-05-05 21:42:17.000000,Casablanca,33.5731,-7.5898,16.84,67.0,1016.0,3.09,broken clouds,3.0,2.17,103.56,7.92,2.48,Entrainement
2026-05-05 21:42:23.000000,Rabat,34.0209,-6.8416,16.37,67.0,1016.0,2.06,broken clouds,2.0,2.73,98.83,4.67,1.99,Entrainement
2026-05-05 21:42:30.000000,Marrakech,31.6295,-7.9811,20.98,46.0,1013.0,4.63,scattered clouds,2.0,1.48,73.26,12.5,4.27,Entrainement
2026-05-05 21:42:37.000000,Fes,34.0331,-5.0003,15.08,77.0,1015.0,4.12,scattered clouds,2.0,1.66,74.29,5.75,3.11,Entrainement
2026-05-05 21:45:16.502233,Agadir,30.4278,-9.5981,18.06,64.0,1011.0,1.87,broken clouds,3.0,0.44,110.38,14.33,5.21,Entrainement
2026-05-05 21:45:16.502233,Tanger,35.7595,-5.834,16.74,63.0,1015.0,3.6,clear sky,3.0,0.87,104.85,3.54,1.39,Entrainement
2026-05-05 21:45:16.502233,Marrakech,31.6295,-7.9811,20.98,46.0,1013.0,4.63,scattered clouds,2.0,1.48,73.26,12.5,4.27,Entrainement
2026-05-05 21:45:16.502233,Rabat,34.0209,-6.8416,16.37,67.0,1016.0,2.06,broken clouds,2.0,2.73,98.83,4.67,1.99,Entrainement
2026-05-05 22:37:06.706972,Agadir,30.4278,-9.5981,18.06,69.0,1012.0,2.89,broken clouds,3.0,0.41,109.28,13.08,4.42,Entrainement
2026-05-05 22:37:06.706972,Tanger,35.7595,-5.834,16.74,63.0,1015.0,3.6,clear sky,3.0,1.05,103.14,3.97,1.49,Entrainement
2026-05-05 22:37:06.706972,Marrakech,31.6295,-7.9811,18.97,55.0,1014.0,4.63,scattered clouds,2.0,1.59,72.79,12.93,4.38,Entrainement
2026-05-05 22:37:06.706972,Rabat,34.0209,-6.8416,16.37,72.0,1016.0,2.06,scattered clouds,2.0,2.72,95.82,4.71,2.01,Entrainement
2026-05-05 23:37:16.486662,Marrakech,31.6295,-7.9811,16.98,59.0,1014.0,4.63,scattered clouds,2.0,1.7,73.32,13.34,4.5,Entrainement
2026-05-05 23:37:16.486662,Agadir,30.4278,-9.5981,17.06,72.0,1012.0,3.0,broken clouds,3.0,0.38,107.7,11.95,3.81,Entrainement
2026-05-05 23:37:16.486662,Tanger,35.7595,-5.834,16.74,72.0,1015.0,2.06,clear sky,3.0,1.26,101.33,4.69,1.67,Entrainement
2026-05-05 23:37:16.486662,Rabat,34.0209,-6.8416,16.37,72.0,1016.0,1.54,scattered clouds,2.0,2.69,93.83,4.87,2.11,Entrainement
2026-05-06 00:37:26.084055,Marrakech,31.6295,-7.9811,15.98,63.0,1014.0,2.57,scattered clouds,2.0,1.69,73.85,13.7,4.62,Entrainement
2026-05-06 00:37:26.084055,Rabat,34.0209,-6.8416,14.37,77.0,1015.0,0.0,scattered clouds,2.0,2.54,92.2,5.06,2.24,Entrainement
2026-05-06 00:37:26.084055,Agadir,30.4278,-9.5981,17.06,78.0,1012.0,3.08,broken clouds,3.0,0.34,106.81,11.03,3.35,Entrainement
2026-05-06 00:37:26.084055,Tanger,35.7595,-5.834,15.74,77.0,1014.0,1.54,clear sky,3.0,1.26,100.38,5.58,1.86,Entrainement
2026-05-06 01:37:36.620021,Rabat,34.0209,-6.8416,11.37,93.0,1014.0,0.0,scattered clouds,2.0,2.39,89.94,5.26,2.36,Entrainement
2026-05-06 01:37:36.620021,Agadir,30.4278,-9.5981,16.06,78.0,1012.0,3.08,broken clouds,3.0,0.31,106.38,10.62,3.13,Entrainement
2026-05-06 01:37:36.620021,Tanger,35.7595,-5.834,15.74,77.0,1014.0,2.06,clear sky,2.0,1.22,98.81,6.48,2.05,Entrainement
2026-05-06 01:37:36.620021,Marrakech,31.6295,-7.9811,14.97,63.0,1014.0,1.54,scattered clouds,2.0,1.65,71.86,13.81,4.72,Entrainement
2026-05-06 02:37:46.390425,Marrakech,31.6295,-7.9811,14.98,63.0,1012.0,1.03,scattered clouds,2.0,1.62,70.45,14.02,4.85,Entrainement
2026-05-06 02:37:46.390425,Tanger,35.7595,-5.834,14.74,77.0,1012.0,2.06,clear sky,2.0,1.24,96.53,7.27,2.22,Entrainement
2026-05-06 02:37:46.390425,Rabat,34.0209,-6.8416,9.37,100.0,1014.0,0.0,scattered clouds,2.0,2.33,87.17,5.52,2.52,Entrainement
2026-05-06 02:37:46.390425,Agadir,30.4278,-9.5981,15.06,76.0,1011.0,3.66,scattered clouds,3.0,0.3,105.46,10.43,3.01,Entrainement
2026-05-06 03:37:56.480170,Agadir,30.4278,-9.5981,15.06,78.0,1010.0,3.25,scattered clouds,3.0,0.29,103.84,10.38,2.96,Entrainement
2026-05-06 03:37:56.480170,Marrakech,31.6295,-7.9811,12.97,71.0,1012.0,1.54,clear sky,2.0,1.54,70.58,14.25,4.98,Entrainement
2026-05-06 03:37:56.480170,Tanger,35.7595,-5.834,14.74,72.0,1012.0,2.57,clear sky,2.0,1.28,94.95,7.89,2.38,Entrainement
2026-05-06 03:37:56.480170,Rabat,34.0209,-6.8416,9.37,100.0,1013.0,0.0,scattered clouds,2.0,2.3,84.94,5.83,2.72,Entrainement
2026-05-06 04:38:06.193736,Rabat,34.0209,-6.8416,8.37,100.0,1013.0,0.0,scattered clouds,2.0,2.33,82.41,6.15,2.95,Entrainement
2026-05-06 04:38:06.193736,Marrakech,31.6295,-7.9811,11.98,76.0,1012.0,2.06,clear sky,2.0,1.53,71.36,14.45,5.1,Entrainement
2026-05-06 04:38:06.193736,Tanger,35.7595,-5.834,14.74,72.0,1012.0,2.57,scattered clouds,2.0,1.36,93.94,8.34,2.51,Entrainement
2026-05-06 04:38:06.193736,Agadir,30.4278,-9.5981,14.06,78.0,1010.0,2.79,scattered clouds,3.0,0.3,101.98,10.51,2.98,Entrainement
2026-05-06 05:38:16.017989,Agadir,30.4278,-9.5981,15.06,80.0,1010.0,1.56,scattered clouds,3.0,0.32,100.11,10.89,3.1,Entrainement
2026-05-06 05:38:16.017989,Marrakech,31.6295,-7.9811,11.98,71.0,1012.0,0.51,clear sky,2.0,1.7,71.61,14.6,5.22,Entrainement
2026-05-06 05:38:16.017989,Tanger,35.7595,-5.834,14.74,72.0,1012.0,3.09,scattered clouds,2.0,1.54,90.59,8.54,2.59,Entrainement
2026-05-06 05:38:16.017989,Rabat,34.0209,-6.8416,7.37,100.0,1013.0,0.0,scattered clouds,2.0,2.54,79.95,6.55,3.23,Entrainement
2026-05-06 06:38:25.775023,Agadir,30.4278,-9.5981,16.06,81.0,1011.0,0.77,scattered clouds,2.0,0.43,98.24,11.54,3.32,Entrainement
2026-05-06 06:38:25.775023,Tanger,35.7595,-5.834,14.74,72.0,1012.0,3.09,scattered clouds,2.0,2.22,86.93,8.67,2.69,Entrainement
2026-05-06 06:38:25.775023,Marrakech,31.6295,-7.9811,12.98,71.0,1012.0,1.54,clear sky,2.0,2.4,70.83,14.79,5.39,Entrainement
2026-05-06 06:38:25.775023,Rabat,34.0209,-6.8416,7.37,100.0,1013.0,0.0,scattered clouds,2.0,3.37,77.19,7.09,3.61,Entrainement
2026-05-06 07:38:35.813985,Agadir,30.4278,-9.5981,15.06,77.0,1011.0,0.97,clear sky,2.0,0.66,95.64,12.49,3.64,Entrainement
2026-05-06 07:38:35.813985,Tanger,35.7595,-5.834,13.74,77.0,1012.0,2.57,scattered clouds,2.0,3.5,83.05,8.78,2.84,Entrainement
2026-05-06 07:38:35.813985,Marrakech,31.6295,-7.9811,10.98,76.0,1013.0,1.03,clear sky,2.0,3.77,67.98,14.78,5.46,Entrainement
2026-05-06 07:38:35.813985,Rabat,34.0209,-6.8416,9.37,93.0,1013.0,0.0,scattered clouds,2.0,4.85,74.47,7.75,4.03,Entrainement
2026-05-06 08:38:45.831380,Marrakech,31.6295,-7.9811,12.98,71.0,1013.0,2.06,clear sky,2.0,4.19,64.19,14.86,5.52,Entrainement
2026-05-06 08:38:45.831380,Rabat,34.0209,-6.8416,13.37,100.0,1013.0,0.0,scattered clouds,2.0,5.03,75.64,8.32,4.35,Entrainement
2026-05-06 08:38:45.831380,Tanger,35.7595,-5.834,15.74,72.0,1013.0,3.09,broken clouds,2.0,4.19,79.06,8.84,3.01,Entrainement
2026-05-06 08:38:45.831380,Agadir,30.4278,-9.5981,17.06,76.0,1012.0,2.12,few clouds,2.0,0.74,94.42,13.73,4.04,Entrainement
2026-05-06 09:46:32.148319,Agadir,30.4278,-9.5981,19.06,69.0,1012.0,1.05,few clouds,2.0,0.64,95.3,15.19,4.53,Entrainement
2026-05-06 09:46:32.148319,Tanger,35.7595,-5.834,17.74,68.0,1013.0,3.6,broken clouds,2.0,4.31,79.2,8.9,3.19,Entrainement
2026-05-06 09:46:32.148319,Marrakech,31.6295,-7.9811,16.98,63.0,1012.0,1.03,clear sky,2.0,3.4,64.06,15.39,5.67,Entrainement
2026-05-06 09:46:32.148319,Rabat,34.0209,-6.8416,19.37,63.0,1013.0,0.0,scattered clouds,2.0,4.13,81.21,8.79,4.57,Entrainement
2026-05-06 10:18:43.000000,Casablanca,33.5731,-7.5898,19.93,60.0,1013.0,2.08,overcast clouds,2.0,2.34,87.45,13.33,4.73,Entrainement
2026-05-06 10:18:51.000000,Rabat,34.0209,-6.8416,18.33,68.0,1013.0,1.54,scattered clouds,2.0,4.13,81.21,8.79,4.57,Entrainement
2026-05-06 10:18:58.000000,Marrakech,31.6295,-7.9811,16.98,63.0,1012.0,1.54,clear sky,2.0,3.4,64.06,15.39,5.67,Entrainement
2026-05-06 10:19:05.000000,Fes,34.0331,-5.0003,14.08,71.0,1012.0,1.54,broken clouds,2.0,1.6,67.75,6.75,3.69,Entrainement
2026-05-06 10:30:40.000000,Casablanca,33.5731,-7.5898,20.19,52.0,1013.0,2.06,scattered clouds,3.0,0.79,111.66,11.51,4.41,Entrainement
2026-05-06 10:30:41.000000,Tanger,35.7595,-5.834,18.64,68.0,1012.0,4.63,broken clouds,3.0,1.01,109.62,8.65,4.65,Entrainement
2026-05-06 10:30:42.000000,Karia Ba Mohamed,34.3667,-5.2139,20.36,43.0,1012.0,2.54,broken clouds,2.0,0.33,95.73,6.48,3.33,Entrainement
2026-05-06 10:30:44.000000,Fes,34.0331,-5.0003,17.14,63.0,1012.0,1.54,broken clouds,2.0,0.2,87.75,5.14,2.69,Entrainement
2026-05-06 10:46:42.210602,Agadir,30.4278,-9.5981,22.06,65.0,1011.0,1.8,scattered clouds,2.0,0.49,97.83,17.01,5.15,Entrainement
2026-05-06 10:46:42.210602,Rabat,34.0209,-6.8416,18.37,68.0,1013.0,0.0,scattered clouds,3.0,1.84,101.67,8.3,4.26,Entrainement
2026-05-06 10:46:42.210602,Marrakech,31.6295,-7.9811,17.98,59.0,1012.0,1.54,clear sky,2.0,0.67,70.22,11.67,4.04,Entrainement
2026-05-06 10:46:42.210602,Tanger,35.7595,-5.834,18.74,68.0,1013.0,3.6,broken clouds,2.0,2.2,99.36,8.76,3.07,Entrainement
2026-05-06 11:19:12.000000,Casablanca,33.5731,-7.5898,20.01,52.0,1013.0,2.06,scattered clouds,3.0,1.22,105.06,11.96,4.36,Entrainement
2026-05-06 11:19:18.000000,Rabat,34.0209,-6.8416,20.37,56.0,1013.0,3.09,scattered clouds,3.0,1.84,101.67,8.3,4.26,Entrainement
2026-05-06 11:19:25.000000,Marrakech,31.6295,-7.9811,17.98,59.0,1012.0,1.54,clear sky,2.0,0.67,70.22,11.67,4.04,Entrainement
2026-05-06 11:19:32.000000,Fes,34.0331,-5.0003,17.08,63.0,1012.0,1.54,broken clouds,2.0,0.32,88.84,6.17,3.17,Entrainement
2026-05-06 11:30:45.000000,Casablanca,33.5731,-7.5898,20.19,49.0,1013.0,3.09,scattered clouds,3.0,0.79,111.66,11.51,4.41,Entrainement
2026-05-06 11:30:47.000000,Tanger,35.7595,-5.834,18.64,72.0,1012.0,4.12,broken clouds,3.0,0.73,113.21,9.3,5.16,Entrainement
2026-05-06 11:30:48.000000,Karia Ba Mohamed,34.3667,-5.2139,21.51,41.0,1011.0,3.27,broken clouds,2.0,0.26,96.33,5.97,3.11,Entrainement
2026-05-06 11:30:50.000000,Fes,34.0331,-5.0003,18.14,55.0,1011.0,1.54,broken clouds,2.0,0.18,86.94,4.52,2.37,Entrainement
2026-05-06 11:46:52.616157,Tanger,35.7595,-5.834,18.74,68.0,1012.0,4.63,broken clouds,3.0,1.61,103.4,8.69,3.18,Entrainement
2026-05-06 11:46:52.616157,Marrakech,31.6295,-7.9811,18.98,55.0,1012.0,1.54,clear sky,2.0,0.39,68.21,10.26,3.47,Entrainement
2026-05-06 11:46:52.616157,Rabat,34.0209,-6.8416,20.37,56.0,1013.0,3.09,scattered clouds,3.0,1.01,109.62,8.65,4.65,Entrainement
2026-05-06 11:46:52.616157,Agadir,30.4278,-9.5981,24.06,63.0,1011.0,3.16,scattered clouds,3.0,0.37,100.37,18.88,5.91,Entrainement
2026-05-06 12:19:39.000000,Casablanca,33.5731,-7.5898,20.01,49.0,1013.0,3.09,scattered clouds,3.0,0.75,111.1,11.77,4.55,Entrainement
2026-05-06 12:19:46.000000,Rabat,34.0209,-6.8416,20.37,56.0,1013.0,3.6,scattered clouds,3.0,1.01,109.62,8.65,4.65,Entrainement
2026-05-06 12:19:53.000000,Marrakech,31.6295,-7.9811,20.98,52.0,1012.0,1.54,clear sky,2.0,0.39,68.21,10.26,3.47,Entrainement
2026-05-06 12:20:00.000000,Fes,34.0331,-5.0003,18.08,55.0,1012.0,1.54,broken clouds,2.0,0.2,87.75,5.14,2.69,Entrainement
2026-05-06 12:30:51.000000,Casablanca,33.5731,-7.5898,20.96,49.0,1012.0,3.09,scattered clouds,3.0,0.63,114.68,12.4,5.09,Entrainement
2026-05-06 12:30:53.000000,Tanger,35.7595,-5.834,19.64,68.0,1012.0,4.12,scattered clouds,3.0,0.64,114.93,8.99,4.97,Entrainement
2026-05-06 12:30:54.000000,Karia Ba Mohamed,34.3667,-5.2139,22.17,40.0,1011.0,3.7,overcast clouds,2.0,0.27,94.76,5.07,2.63,Entrainement
2026-05-06 12:30:56.000000,Fes,34.0331,-5.0003,20.14,52.0,1011.0,3.09,broken clouds,2.0,0.19,84.54,3.55,1.85,Entrainement
2026-05-06 12:51:05.868589,Agadir,30.4278,-9.5981,24.06,60.0,1011.0,4.67,scattered clouds,3.0,0.3,103.15,20.24,6.72,Entrainement
2026-05-06 12:51:05.868589,Rabat,34.0209,-6.8416,20.37,60.0,1013.0,3.6,scattered clouds,3.0,0.73,113.21,9.3,5.16,Entrainement
2026-05-06 12:51:05.868589,Marrakech,31.6295,-7.9811,19.98,52.0,1011.0,2.57,clear sky,2.0,0.33,68.59,10.41,3.52,Entrainement
2026-05-06 12:51:05.868589,Tanger,35.7595,-5.834,18.74,68.0,1012.0,5.14,broken clouds,3.0,1.05,106.97,8.8,3.34,Entrainement
2026-05-06 13:20:07.000000,Casablanca,33.5731,-7.5898,20.78,49.0,1013.0,3.09,scattered clouds,3.0,0.58,114.32,12.32,5.09,Entrainement
2026-05-06 13:20:14.000000,Rabat,34.0209,-6.8416,20.37,60.0,1013.0,4.12,scattered clouds,3.0,0.73,113.21,9.3,5.16,Entrainement
2026-05-06 13:20:21.000000,Marrakech,31.6295,-7.9811,21.98,49.0,1011.0,2.06,clear sky,2.0,0.33,68.59,10.41,3.52,Entrainement
2026-05-06 13:20:28.000000,Fes,34.0331,-5.0003,20.08,52.0,1011.0,3.09,broken clouds,2.0,0.18,86.94,4.52,2.37,Entrainement
2026-05-06 13:30:57.000000,Casablanca,33.5731,-7.5898,20.48,50.0,1013.0,3.6,scattered clouds,3.0,0.56,113.94,9.34,3.76,Entrainement
2026-05-06 13:30:59.000000,Tanger,35.7595,-5.834,19.64,64.0,1012.0,4.63,scattered clouds,3.0,0.59,113.95,7.37,3.87,Entrainement
2026-05-06 13:31:00.000000,Karia Ba Mohamed,34.3667,-5.2139,23.17,38.0,1010.0,3.94,overcast clouds,2.0,0.26,94.96,5.38,2.83,Entrainement
2026-05-06 13:31:01.000000,Fes,34.0331,-5.0003,20.14,52.0,1010.0,3.6,broken clouds,2.0,0.2,86.63,4.35,2.46,Entrainement
2026-05-06 13:51:15.752692,Marrakech,31.6295,-7.9811,21.98,49.0,1010.0,2.57,clear sky,2.0,0.23,63.83,6.65,2.24,Entrainement
2026-05-06 13:51:15.752692,Rabat,34.0209,-6.8416,20.37,60.0,1013.0,4.12,scattered clouds,3.0,0.64,114.93,8.99,4.97,Entrainement
2026-05-06 13:51:15.752692,Tanger,35.7595,-5.834,19.74,73.0,1012.0,4.63,scattered clouds,3.0,0.55,110.33,8.13,3.09,Entrainement
2026-05-06 13:51:15.752692,Agadir,30.4278,-9.5981,25.06,57.0,1010.0,5.14,scattered clouds,3.0,0.25,106.14,19.55,7.0,Entrainement
2026-05-06 14:20:34.000000,Casablanca,33.5731,-7.5898,20.28,51.0,1012.0,3.6,scattered clouds,3.0,0.5,116.04,11.43,4.94,Entrainement
2026-05-06 14:20:40.000000,Rabat,34.0209,-6.8416,20.37,60.0,1013.0,4.12,scattered clouds,3.0,0.64,114.93,8.99,4.97,Entrainement
2026-05-06 14:20:47.000000,Marrakech,31.6295,-7.9811,22.98,46.0,1010.0,3.6,scattered clouds,2.0,0.23,63.83,6.65,2.24,Entrainement
2026-05-06 14:20:53.000000,Fes,34.0331,-5.0003,20.08,52.0,1010.0,3.6,broken clouds,2.0,0.2,87.52,5.46,2.86,Entrainement
2026-05-06 14:31:03.000000,Casablanca,33.5731,-7.5898,21.19,46.0,1012.0,3.6,scattered clouds,3.0,0.63,111.59,8.25,3.23,Entrainement
2026-05-06 14:31:04.000000,Tanger,35.7595,-5.834,19.64,52.0,1011.0,4.63,scattered clouds,3.0,0.61,113.02,6.86,3.58,Entrainement
2026-05-06 14:31:06.000000,Karia Ba Mohamed,34.3667,-5.2139,23.59,35.0,1009.0,4.51,broken clouds,2.0,0.31,94.08,5.05,2.74,Entrainement
2026-05-06 14:31:07.000000,Fes,34.0331,-5.0003,21.14,49.0,1009.0,3.6,scattered clouds,2.0,0.24,86.08,3.85,2.32,Entrainement
2026-05-06 14:51:25.078280,Rabat,34.0209,-6.8416,21.37,60.0,1012.0,3.6,scattered clouds,3.0,0.59,113.95,7.37,3.87,Entrainement
2026-05-06 14:51:25.078280,Agadir,30.4278,-9.5981,25.14,52.0,1009.0,5.94,broken clouds,3.0,0.22,108.69,14.38,5.45,Entrainement
2026-05-06 14:51:25.078280,Tanger,35.7595,-5.834,19.74,68.0,1012.0,4.63,scattered clouds,3.0,0.56,108.39,6.59,2.58,Entrainement
2026-05-06 14:51:25.078280,Marrakech,31.6295,-7.9811,22.98,46.0,1009.0,2.57,scattered clouds,2.0,0.25,64.59,5.87,1.83,Entrainement
2026-05-06 15:20:59.000000,Casablanca,33.5731,-7.5898,21.01,46.0,1012.0,3.6,scattered clouds,3.0,0.51,114.92,9.92,4.09,Entrainement
2026-05-06 15:21:05.000000,Rabat,34.0209,-6.8416,20.37,64.0,1012.0,4.12,scattered clouds,3.0,0.59,113.95,7.37,3.87,Entrainement
2026-05-06 15:21:11.000000,Marrakech,31.6295,-7.9811,24.98,44.0,1009.0,2.57,scattered clouds,2.0,0.25,64.59,5.87,1.83,Entrainement
2026-05-06 15:21:18.000000,Fes,34.0331,-5.0003,21.08,49.0,1010.0,3.6,scattered clouds,2.0,0.2,86.63,4.35,2.46,Entrainement
2026-05-06 15:31:11.000000,Casablanca,33.5731,-7.5898,20.18,60.0,1011.0,4.12,broken clouds,3.0,0.8,109.9,7.41,2.77,Entrainement
2026-05-06 15:31:14.000000,Tanger,35.7595,-5.834,18.64,68.0,1010.0,5.66,clear sky,3.0,0.82,111.95,6.45,3.32,Entrainement
2026-05-06 15:31:20.000000,Karia Ba Mohamed,34.3667,-5.2139,23.46,33.0,1009.0,4.47,broken clouds,2.0,0.42,94.67,5.32,2.84,Entrainement
2026-05-06 15:31:22.000000,Fes,34.0331,-5.0003,21.14,49.0,1009.0,4.12,scattered clouds,2.0,0.35,86.98,3.98,2.4,Entrainement
2026-05-06 15:51:34.695127,Agadir,30.4278,-9.5981,26.06,50.0,1008.0,6.35,broken clouds,3.0,0.21,109.31,11.43,4.35,Entrainement
2026-05-06 15:51:34.695127,Rabat,34.0209,-6.8416,20.37,64.0,1011.0,3.6,scattered clouds,3.0,0.61,113.02,6.86,3.58,Entrainement
2026-05-06 15:51:34.695127,Marrakech,31.6295,-7.9811,24.98,44.0,1008.0,4.12,scattered clouds,2.0,0.26,67.04,5.46,1.77,Entrainement
2026-05-06 15:51:34.695127,Tanger,35.7595,-5.834,19.74,60.0,1011.0,4.63,scattered clouds,3.0,0.57,108.98,6.25,2.52,Entrainement
2026-05-06 16:21:26.000000,Casablanca,33.5731,-7.5898,20.01,60.0,1011.0,4.12,broken clouds,3.0,0.57,113.08,9.03,3.65,Entrainement
2026-05-06 16:21:35.000000,Rabat,34.0209,-6.8416,20.37,64.0,1011.0,4.63,scattered clouds,3.0,0.61,113.02,6.86,3.58,Entrainement
2026-05-06 16:21:42.000000,Marrakech,31.6295,-7.9811,25.0,41.0,1008.0,3.09,scattered clouds,2.0,0.26,67.04,5.46,1.77,Entrainement
2026-05-06 16:21:49.000000,Fes,34.0331,-5.0003,21.08,49.0,1009.0,4.12,scattered clouds,2.0,0.24,86.08,3.85,2.32,Entrainement
2026-05-06 16:31:24.000000,Casablanca,33.5731,-7.5898,20.19,60.0,1011.0,3.6,broken clouds,3.0,1.0,107.94,7.02,2.51,Entrainement
2026-05-06 16:31:26.000000,Tanger,35.7595,-5.834,19.64,68.0,1010.0,5.66,clear sky,3.0,1.18,109.87,6.09,3.04,Entrainement
2026-05-06 16:31:27.000000,Karia Ba Mohamed,34.3667,-5.2139,23.01,32.0,1008.0,4.1,broken clouds,2.0,0.6,95.23,5.76,2.96,Entrainement
2026-05-06 16:31:29.000000,Fes,34.0331,-5.0003,21.14,49.0,1008.0,4.12,scattered clouds,2.0,0.53,88.1,4.37,2.57,Entrainement
2026-05-06 16:51:43.926216,Rabat,34.0209,-6.8416,20.37,64.0,1011.0,4.12,scattered clouds,3.0,0.82,111.95,6.45,3.32,Entrainement
2026-05-06 16:51:43.926216,Marrakech,31.6295,-7.9811,23.98,43.0,1008.0,1.54,scattered clouds,2.0,0.31,70.43,5.27,1.78,Entrainement
2026-05-06 16:51:43.926216,Tanger,35.7595,-5.834,18.74,68.0,1010.0,5.66,clear sky,3.0,0.61,110.31,5.96,2.51,Entrainement
2026-05-06 16:51:43.926216,Agadir,30.4278,-9.5981,26.06,50.0,1008.0,7.05,overcast clouds,3.0,0.22,110.22,8.76,3.18,Entrainement
2026-05-06 17:22:18.000000,Casablanca,33.5731,-7.5898,20.0,60.0,1011.0,3.6,broken clouds,3.0,0.72,111.96,8.21,3.21,Entrainement
2026-05-06 17:22:24.000000,Rabat,34.0209,-6.8416,20.37,64.0,1011.0,4.12,scattered clouds,3.0,0.82,111.95,6.45,3.32,Entrainement
2026-05-06 17:22:32.000000,Marrakech,31.6295,-7.9811,22.98,43.0,1008.0,2.57,scattered clouds,2.0,0.31,70.43,5.27,1.78,Entrainement
2026-05-06 17:22:38.000000,Fes,34.0331,-5.0003,21.08,49.0,1009.0,4.12,scattered clouds,2.0,0.35,86.98,3.98,2.4,Entrainement
2026-05-06 17:31:32.000000,Casablanca,33.5731,-7.5898,19.7,61.0,1011.0,3.58,broken clouds,3.0,1.25,106.18,6.81,2.38,Entrainement
2026-05-06 17:31:34.000000,Tanger,35.7595,-5.834,18.64,68.0,1010.0,5.14,clear sky,3.0,1.58,107.18,5.66,2.68,Entrainement
2026-05-06 17:31:36.000000,Karia Ba Mohamed,34.3667,-5.2139,21.31,45.0,1008.0,5.72,broken clouds,2.0,0.74,95.17,6.09,3.05,Entrainement
2026-05-06 17:31:38.000000,Fes,34.0331,-5.0003,20.14,48.0,1009.0,4.12,scattered clouds,2.0,0.53,88.1,4.37,2.57,Entrainement
2026-05-06 17:51:53.809819,Agadir,30.4278,-9.5981,25.06,51.0,1008.0,8.97,overcast clouds,3.0,0.24,111.43,7.21,2.39,Entrainement
2026-05-06 17:51:53.809819,Tanger,35.7595,-5.834,18.74,72.0,1010.0,5.66,clear sky,3.0,0.72,111.46,5.72,2.49,Entrainement
2026-05-06 17:51:53.809819,Rabat,34.0209,-6.8416,20.37,64.0,1011.0,3.6,scattered clouds,3.0,1.18,109.87,6.09,3.04,Entrainement
2026-05-06 17:51:53.809819,Marrakech,31.6295,-7.9811,23.98,41.0,1008.0,1.54,broken clouds,2.0,0.38,73.42,5.34,1.86,Entrainement
2026-05-06 18:22:46.000000,Casablanca,33.5731,-7.5898,19.49,62.0,1011.0,3.58,broken clouds,3.0,0.91,110.21,7.77,2.91,Entrainement
2026-05-06 18:22:52.000000,Rabat,34.0209,-6.8416,19.37,68.0,1011.0,3.6,scattered clouds,3.0,1.18,109.87,6.09,3.04,Entrainement
2026-05-06 18:23:00.000000,Marrakech,31.6295,-7.9811,22.98,43.0,1008.0,2.06,broken clouds,2.0,0.38,73.42,5.34,1.86,Entrainement
2026-05-06 18:23:07.000000,Fes,34.0331,-5.0003,20.08,48.0,1009.0,4.12,scattered clouds,2.0,0.53,88.1,4.37,2.57,Entrainement
2026-05-06 18:31:40.000000,Casablanca,33.5731,-7.5898,18.19,68.0,1011.0,4.12,broken clouds,3.0,1.64,102.56,6.74,2.29,Entrainement
2026-05-06 18:31:42.000000,Tanger,35.7595,-5.834,17.64,68.0,1010.0,4.63,clear sky,3.0,2.15,102.76,5.13,2.36,Entrainement
2026-05-06 18:31:43.000000,Karia Ba Mohamed,34.3667,-5.2139,17.56,63.0,1010.0,5.55,scattered clouds,2.0,0.9,94.06,6.26,3.07,Entrainement
2026-05-06 18:31:45.000000,Fes,34.0331,-5.0003,20.14,48.0,1009.0,3.09,scattered clouds,2.0,0.99,86.06,5.07,2.82,Entrainement
2026-05-06 18:54:32.650037,Tanger,35.7595,-5.834,18.74,68.0,1010.0,5.14,clear sky,3.0,0.83,111.91,5.45,2.4,Entrainement
2026-05-06 18:54:32.650037,Marrakech,31.6295,-7.9811,22.98,43.0,1008.0,2.06,broken clouds,2.0,0.43,76.87,5.27,1.84,Entrainement
2026-05-06 18:54:32.650037,Agadir,30.4278,-9.5981,23.06,53.0,1008.0,7.69,broken clouds,3.0,0.26,112.18,6.51,1.95,Entrainement
2026-05-06 18:54:32.650037,Rabat,34.0209,-6.8416,18.37,72.0,1011.0,3.6,scattered clouds,3.0,1.58,107.18,5.66,2.68,Entrainement
2026-05-06 19:23:24.000000,Casablanca,33.5731,-7.5898,18.01,68.0,1011.0,4.12,broken clouds,3.0,1.14,108.22,7.47,2.71,Entrainement
2026-05-06 19:23:35.000000,Rabat,34.0209,-6.8416,18.37,77.0,1011.0,3.09,scattered clouds,3.0,1.58,107.18,5.66,2.68,Entrainement
2026-05-06 19:23:49.000000,Marrakech,31.6295,-7.9811,22.98,43.0,1008.0,2.57,broken clouds,2.0,0.43,76.87,5.27,1.84,Entrainement
2026-05-06 19:23:58.000000,Fes,34.0331,-5.0003,20.08,48.0,1009.0,3.09,scattered clouds,2.0,0.67,88.68,4.76,2.73,Entrainement
2026-05-06 19:31:46.000000,Casablanca,33.5731,-7.5898,18.19,68.0,1011.0,3.6,broken clouds,3.0,1.64,102.56,6.74,2.29,Entrainement
2026-05-06 19:31:48.000000,Tanger,35.7595,-5.834,16.64,72.0,1011.0,3.6,clear sky,2.0,2.49,99.26,4.79,2.24,Entrainement
2026-05-06 19:31:49.000000,Karia Ba Mohamed,34.3667,-5.2139,16.34,65.0,1010.0,3.52,broken clouds,2.0,1.04,92.75,6.26,3.04,Entrainement
2026-05-06 19:31:50.000000,Fes,34.0331,-5.0003,19.14,52.0,1011.0,2.57,scattered clouds,2.0,1.36,83.09,5.43,2.92,Entrainement
2026-05-06 19:54:43.776137,Tanger,35.7595,-5.834,17.74,68.0,1010.0,4.12,clear sky,3.0,1.04,111.11,5.27,2.32,Entrainement
2026-05-06 19:54:43.776137,Marrakech,31.6295,-7.9811,22.98,43.0,1008.0,2.06,broken clouds,2.0,0.76,78.75,5.82,2.0,Entrainement
2026-05-06 19:54:43.776137,Rabat,34.0209,-6.8416,18.37,77.0,1011.0,3.09,scattered clouds,3.0,2.15,102.76,5.13,2.36,Entrainement
2026-05-06 19:54:43.776137,Agadir,30.4278,-9.5981,21.06,56.0,1008.0,6.85,scattered clouds,3.0,0.28,112.69,5.87,1.61,Entrainement
2026-05-06 20:24:05.000000,Casablanca,33.5731,-7.5898,18.01,68.0,1011.0,3.6,broken clouds,3.0,1.51,104.26,7.28,2.53,Entrainement
2026-05-06 20:24:12.000000,Rabat,34.0209,-6.8416,17.37,82.0,1011.0,2.57,scattered clouds,3.0,2.15,102.76,5.13,2.36,Entrainement
2026-05-06 20:24:19.000000,Marrakech,31.6295,-7.9811,21.98,46.0,1008.0,4.12,broken clouds,2.0,0.76,78.75,5.82,2.0,Entrainement
2026-05-06 20:24:26.000000,Fes,34.0331,-5.0003,19.08,52.0,1009.0,2.57,scattered clouds,2.0,0.99,86.06,5.07,2.82,Entrainement
2026-05-06 20:31:52.000000,Casablanca,33.5731,-7.5898,18.07,67.0,1012.0,3.09,overcast clouds,2.0,1.97,99.94,8.11,2.57,Entrainement
2026-05-06 20:31:54.000000,Tanger,35.7595,-5.834,15.64,77.0,1011.0,1.54,clear sky,2.0,2.49,97.52,4.59,2.22,Entrainement
2026-05-06 20:31:56.000000,Karia Ba Mohamed,34.3667,-5.2139,16.42,64.0,1011.0,3.56,overcast clouds,2.0,1.15,91.21,6.01,2.9,Entrainement
2026-05-06 20:31:58.000000,Fes,34.0331,-5.0003,17.14,63.0,1011.0,2.57,scattered clouds,2.0,1.36,83.09,5.43,2.92,Entrainement
2026-05-06 20:54:53.095695,Marrakech,31.6295,-7.9811,20.98,49.0,1009.0,5.14,broken clouds,2.0,1.15,81.11,7.12,2.35,Entrainement
2026-05-06 20:54:53.095695,Rabat,34.0209,-6.8416,17.37,82.0,1012.0,2.06,scattered clouds,2.0,2.49,99.26,4.79,2.24,Entrainement
2026-05-06 20:54:53.095695,Tanger,35.7595,-5.834,15.74,77.0,1011.0,2.57,clear sky,3.0,1.14,109.77,5.15,2.23,Entrainement
2026-05-06 20:54:53.095695,Agadir,30.4278,-9.5981,19.06,61.0,1009.0,4.73,few clouds,3.0,0.27,112.99,5.5,1.41,Entrainement
2026-05-06 21:24:32.000000,Casablanca,33.5731,-7.5898,17.89,68.0,1012.0,3.09,overcast clouds,3.0,1.81,101.67,7.61,2.52,Entrainement
2026-05-06 21:24:38.000000,Rabat,34.0209,-6.8416,17.37,88.0,1012.0,2.06,scattered clouds,2.0,2.49,99.26,4.79,2.24,Entrainement
2026-05-06 21:24:44.000000,Marrakech,31.6295,-7.9811,19.98,52.0,1009.0,4.63,broken clouds,2.0,1.15,81.11,7.12,2.35,Entrainement
2026-05-06 21:24:51.000000,Fes,34.0331,-5.0003,17.08,63.0,1011.0,2.57,scattered clouds,2.0,1.36,83.09,5.43,2.92,Entrainement
2026-05-06 21:32:00.000000,Casablanca,33.5731,-7.5898,17.02,72.0,1012.0,2.57,overcast clouds,2.0,1.98,99.08,8.89,2.81,Entrainement
2026-05-06 21:32:02.000000,Tanger,35.7595,-5.834,14.64,82.0,1011.0,0.51,clear sky,2.0,2.44,95.65,4.36,2.21,Entrainement
2026-05-06 21:32:04.000000,Karia Ba Mohamed,34.3667,-5.2139,15.76,67.0,1011.0,2.78,overcast clouds,2.0,1.26,86.94,5.29,2.59,Entrainement
2026-05-06 21:32:06.000000,Fes,34.0331,-5.0003,17.14,72.0,1011.0,2.57,scattered clouds,2.0,1.86,78.89,5.25,2.77,Entrainement
2026-05-06 21:55:03.660763,Agadir,30.4278,-9.5981,17.06,66.0,1010.0,2.41,clear sky,3.0,0.24,113.29,5.42,1.34,Entrainement
2026-05-06 21:55:03.660763,Tanger,35.7595,-5.834,15.74,77.0,1011.0,1.54,clear sky,3.0,1.14,109.28,5.16,2.15,Entrainement
2026-05-06 21:55:03.660763,Marrakech,31.6295,-7.9811,18.98,55.0,1010.0,4.63,broken clouds,2.0,1.38,83.78,8.11,2.54,Entrainement
2026-05-06 21:55:03.660763,Rabat,34.0209,-6.8416,17.37,82.0,1012.0,1.54,broken clouds,2.0,2.49,97.52,4.59,2.22,Entrainement
2026-05-06 23:00:47.827967,Rabat,34.0209,-6.8416,16.37,88.0,1012.0,2.06,broken clouds,2.0,2.44,95.65,4.36,2.21,Entrainement
2026-05-06 23:00:47.827967,Agadir,30.4278,-9.5981,16.06,72.0,1011.0,2.68,clear sky,3.0,0.23,113.1,5.48,1.33,Entrainement
2026-05-06 23:00:47.827967,Tanger,35.7595,-5.834,15.74,77.0,1011.0,1.54,clear sky,3.0,1.22,108.46,5.46,2.16,Entrainement
2026-05-06 23:00:47.827967,Marrakech,31.6295,-7.9811,16.98,67.0,1011.0,3.6,broken clouds,2.0,1.51,84.67,8.75,2.6,Entrainement
2026-05-07 00:00:57.727766,Agadir,30.4278,-9.5981,16.06,72.0,1011.0,3.11,clear sky,3.0,0.22,113.14,5.49,1.33,Entrainement
2026-05-07 00:00:57.727766,Marrakech,31.6295,-7.9811,16.98,67.0,1012.0,3.6,broken clouds,2.0,1.55,86.55,9.44,2.7,Entrainement
2026-05-07 00:00:57.727766,Rabat,34.0209,-6.8416,16.37,82.0,1012.0,0.0,scattered clouds,2.0,2.37,94.93,4.3,2.23,Entrainement
2026-05-07 00:00:57.727766,Tanger,35.7595,-5.834,15.77,77.0,1011.0,1.54,clear sky,3.0,1.29,107.56,6.02,2.26,Entrainement
2026-05-07 01:01:08.265945,Agadir,30.4278,-9.5981,16.06,74.0,1011.0,2.38,clear sky,3.0,0.21,112.95,5.41,1.32,Entrainement
2026-05-07 01:01:08.265945,Tanger,35.7595,-5.834,14.74,82.0,1011.0,0.51,clear sky,3.0,1.17,107.21,6.7,2.38,Entrainement
2026-05-07 01:01:08.265945,Marrakech,31.6295,-7.9811,15.98,72.0,1012.0,3.6,broken clouds,2.0,1.43,88.0,9.94,2.76,Entrainement
2026-05-07 01:01:08.265945,Rabat,34.0209,-6.8416,12.37,87.0,1012.0,0.0,scattered clouds,2.0,2.19,94.74,4.52,2.32,Entrainement
2026-05-07 02:01:18.694766,Agadir,30.4278,-9.5981,16.06,77.0,1010.0,2.41,clear sky,3.0,0.2,112.49,5.12,1.27,Entrainement
2026-05-07 02:01:18.694766,Tanger,35.7595,-5.834,13.74,82.0,1010.0,1.03,clear sky,3.0,0.99,106.61,7.15,2.43,Entrainement
2026-05-07 02:01:18.694766,Rabat,34.0209,-6.8416,10.37,100.0,1011.0,1.54,scattered clouds,2.0,1.96,94.42,5.05,2.44,Entrainement
2026-05-07 02:01:18.694766,Marrakech,31.6295,-7.9811,15.98,72.0,1011.0,2.06,broken clouds,2.0,1.24,87.32,10.24,2.76,Entrainement
2026-05-07 03:01:28.539344,Rabat,34.0209,-6.8416,11.37,100.0,1011.0,0.0,scattered clouds,2.0,1.77,94.74,5.72,2.6,Entrainement
2026-05-07 03:01:28.539344,Tanger,35.7595,-5.834,13.74,82.0,1010.0,0.51,clear sky,3.0,0.86,105.77,7.29,2.4,Entrainement
2026-05-07 03:01:28.539344,Agadir,30.4278,-9.5981,16.06,80.0,1010.0,3.09,clear sky,3.0,0.19,112.01,4.77,1.21,Entrainement
2026-05-07 03:01:28.539344,Marrakech,31.6295,-7.9811,14.98,77.0,1011.0,1.54,broken clouds,2.0,1.03,86.59,10.54,2.77,Entrainement
2026-05-07 04:01:38.543915,Tanger,35.7595,-5.834,14.74,82.0,1010.0,2.06,clear sky,3.0,0.79,104.54,7.41,2.38,Entrainement
2026-05-07 04:01:38.543915,Agadir,30.4278,-9.5981,16.06,80.0,1010.0,2.4,clear sky,3.0,0.19,111.29,4.41,1.14,Entrainement
2026-05-07 04:01:38.543915,Marrakech,31.6295,-7.9811,15.02,77.0,1011.0,1.54,broken clouds,2.0,0.8,86.97,10.77,2.76,Entrainement
2026-05-07 04:01:38.543915,Rabat,34.0209,-6.8416,10.37,100.0,1011.0,0.0,broken clouds,2.0,1.65,95.36,6.26,2.74,Entrainement
2026-05-07 05:01:48.719540,Agadir,30.4278,-9.5981,15.06,81.0,1010.0,3.02,clear sky,3.0,0.19,110.83,3.92,1.03,Entrainement
2026-05-07 05:01:48.719540,Tanger,35.7595,-5.834,14.74,82.0,1010.0,1.54,clear sky,3.0,0.79,103.18,7.38,2.35,Entrainement
2026-05-07 05:01:48.719540,Marrakech,31.6295,-7.9811,13.98,82.0,1011.0,0.51,mist,2.0,0.53,90.02,10.77,2.69,Entrainement
2026-05-07 05:01:48.719540,Rabat,34.0209,-6.8416,14.37,94.0,1011.0,0.0,broken clouds,2.0,1.61,95.54,6.55,2.85,Entrainement
2026-05-07 06:01:58.759150,Rabat,34.0209,-6.8416,16.37,82.0,1011.0,2.57,light rain,2.0,1.7,95.21,6.65,2.89,Entrainement
2026-05-07 06:01:58.759150,Agadir,30.4278,-9.5981,15.06,83.0,1010.0,2.65,clear sky,3.0,0.19,110.39,3.44,0.93,Entrainement
2026-05-07 06:01:58.759150,Tanger,35.7595,-5.834,14.74,82.0,1010.0,2.06,clear sky,3.0,0.89,101.52,7.08,2.28,Entrainement
2026-05-07 06:01:58.759150,Marrakech,31.6295,-7.9811,13.98,82.0,1011.0,2.06,mist,2.0,0.46,90.89,10.67,2.65,Entrainement
2026-05-07 07:02:08.632636,Marrakech,31.6295,-7.9811,13.98,82.0,1011.0,2.06,light rain,2.0,0.53,90.86,10.64,2.65,Entrainement
2026-05-07 07:02:08.632636,Tanger,35.7595,-5.834,13.74,82.0,1011.0,2.57,few clouds,2.0,1.42,99.39,6.73,2.22,Entrainement
2026-05-07 07:02:08.632636,Agadir,30.4278,-9.5981,14.06,84.0,1011.0,2.88,clear sky,3.0,0.22,109.95,3.08,0.85,Entrainement
2026-05-07 07:02:08.632636,Rabat,34.0209,-6.8416,16.37,72.0,1012.0,2.06,light rain,2.0,2.31,94.2,6.78,2.95,Entrainement
2026-05-07 08:02:18.463927,Agadir,30.4278,-9.5981,13.06,81.0,1012.0,2.47,few clouds,3.0,0.3,109.71,2.93,0.83,Entrainement
2026-05-07 08:02:18.463927,Tanger,35.7595,-5.834,14.74,77.0,1012.0,3.09,few clouds,2.0,2.49,96.75,6.44,2.21,Entrainement
2026-05-07 08:02:18.463927,Marrakech,31.6295,-7.9811,12.98,88.0,1012.0,1.54,drizzle,2.0,0.72,90.2,10.29,2.61,Entrainement
2026-05-07 08:02:18.463927,Rabat,34.0209,-6.8416,16.37,72.0,1013.0,0.0,light rain,2.0,3.6,92.32,6.93,3.03,Entrainement
2026-05-07 09:02:28.302651,Agadir,30.4278,-9.5981,16.06,76.0,1012.0,1.38,scattered clouds,3.0,0.32,109.45,2.87,0.84,Entrainement
2026-05-07 09:02:28.302651,Tanger,35.7595,-5.834,16.74,72.0,1012.0,4.12,scattered clouds,2.0,2.73,96.71,6.09,2.15,Entrainement
2026-05-07 09:02:28.302651,Marrakech,31.6295,-7.9811,13.98,88.0,1012.0,2.06,broken clouds,2.0,0.79,89.58,9.87,2.56,Entrainement
2026-05-07 09:02:28.302651,Rabat,34.0209,-6.8416,18.37,63.0,1013.0,2.06,few clouds,2.0,4.14,92.06,6.96,3.06,Entrainement
2026-05-07 10:02:38.363304,Tanger,35.7595,-5.834,17.74,68.0,1012.0,4.12,scattered clouds,3.0,2.05,100.5,5.68,2.02,Entrainement
2026-05-07 10:02:38.363304,Marrakech,31.6295,-7.9811,14.98,82.0,1012.0,1.54,broken clouds,2.0,0.7,90.09,9.37,2.51,Entrainement
2026-05-07 10:02:38.363304,Rabat,34.0209,-6.8416,19.37,59.0,1013.0,2.06,scattered clouds,2.0,3.6,94.78,6.87,3.09,Entrainement
2026-05-07 10:02:38.363304,Agadir,30.4278,-9.5981,19.06,70.0,1012.0,1.61,scattered clouds,3.0,0.29,109.42,2.93,0.9,Entrainement
2026-05-07 10:08:51.000000,Casablanca,33.5731,-7.5898,16.66,59.0,1013.0,1.79,clear sky,3.0,1.57,107.18,11.68,3.59,Entrainement
2026-05-07 10:09:01.000000,Rabat,34.0209,-6.8416,19.37,59.0,1013.0,2.06,scattered clouds,2.0,3.6,94.78,6.87,3.09,Entrainement
2026-05-07 10:09:13.000000,Marrakech,31.6295,-7.9811,14.97,82.0,1012.0,1.54,broken clouds,2.0,0.7,90.09,9.37,2.51,Entrainement
2026-05-07 10:09:26.000000,Fes,34.0331,-5.0003,12.08,100.0,1013.0,1.54,light rain,2.0,1.12,72.73,4.12,2.34,Entrainement
2026-05-07 10:59:44.000000,Casablanca,33.5731,-7.5898,19.13,54.0,1013.0,2.57,scattered clouds,3.0,0.64,114.65,8.84,3.05,Entrainement
2026-05-07 10:59:45.000000,Tanger,35.7595,-5.834,19.64,56.0,1012.0,4.12,scattered clouds,3.0,2.02,105.04,7.12,3.51,Entrainement
2026-05-07 10:59:47.000000,Karia Ba Mohamed,34.3667,-5.2139,18.02,61.0,1013.0,2.17,overcast clouds,2.0,1.91,77.95,4.89,2.89,Entrainement
2026-05-07 10:59:48.000000,Fes,34.0331,-5.0003,14.14,88.0,1013.0,2.57,broken clouds,2.0,0.61,82.57,4.02,2.45,Entrainement
2026-05-07 11:02:48.133130,Agadir,30.4278,-9.5981,20.06,66.0,1012.0,1.63,scattered clouds,3.0,0.24,109.62,3.25,1.04,Entrainement
2026-05-07 11:02:48.133130,Rabat,34.0209,-6.8416,19.37,55.0,1013.0,2.06,scattered clouds,3.0,2.67,100.81,6.85,3.22,Entrainement
2026-05-07 11:02:48.133130,Marrakech,31.6295,-7.9811,15.98,72.0,1013.0,2.06,broken clouds,2.0,0.47,92.98,8.34,2.25,Entrainement
2026-05-07 11:02:48.133130,Tanger,35.7595,-5.834,18.77,55.0,1012.0,4.63,scattered clouds,3.0,0.63,110.73,5.04,1.68,Entrainement
2026-05-07 11:10:29.000000,Rabat,34.0209,-6.8416,19.37,55.0,1013.0,2.06,scattered clouds,3.0,2.67,100.81,6.85,3.22,Entrainement
2026-05-07 11:10:49.000000,Marrakech,31.6295,-7.9811,15.98,72.0,1013.0,2.06,broken clouds,2.0,0.47,92.98,8.34,2.25,Entrainement
2026-05-07 11:10:56.000000,Fes,34.0331,-5.0003,13.08,100.0,1013.0,1.54,broken clouds,2.0,0.76,79.97,4.17,2.42,Entrainement
2026-05-07 11:11:15.000000,Casablanca,33.5731,-7.5898,18.88,55.0,1013.0,1.79,few clouds,3.0,0.9,111.88,10.08,3.25,Entrainement
2026-05-07 11:59:50.000000,Casablanca,33.5731,-7.5898,20.19,49.0,1012.0,2.57,scattered clouds,3.0,0.51,115.2,8.6,3.05,Entrainement
2026-05-07 11:59:51.000000,Tanger,35.7595,-5.834,19.64,60.0,1012.0,6.17,scattered clouds,3.0,1.44,109.46,7.4,3.84,Entrainement
2026-05-07 11:59:52.000000,Karia Ba Mohamed,34.3667,-5.2139,18.58,58.0,1012.0,2.28,overcast clouds,2.0,1.39,81.89,4.69,2.87,Entrainement
2026-05-07 11:59:54.000000,Fes,34.0331,-5.0003,16.14,77.0,1013.0,2.06,broken clouds,2.0,0.51,84.05,3.76,2.41,Entrainement
2026-05-07 12:02:58.159024,Tanger,35.7595,-5.834,19.77,56.0,1012.0,4.12,scattered clouds,3.0,0.48,112.12,4.89,1.63,Entrainement
2026-05-07 12:02:58.159024,Agadir,30.4278,-9.5981,22.06,62.0,1011.0,2.61,scattered clouds,3.0,0.2,109.13,3.75,1.25,Entrainement
2026-05-07 12:02:58.159024,Marrakech,31.6295,-7.9811,16.98,67.0,1012.0,2.06,broken clouds,2.0,0.31,94.67,7.48,2.05,Entrainement
2026-05-07 12:02:58.159024,Rabat,34.0209,-6.8416,20.37,52.0,1013.0,2.57,scattered clouds,3.0,2.02,105.04,7.12,3.51,Entrainement
2026-05-07 12:12:11.000000,Casablanca,33.5731,-7.5898,20.01,49.0,1013.0,2.57,scattered clouds,3.0,0.59,112.95,8.95,2.97,Entrainement
2026-05-07 12:12:25.000000,Rabat,34.0209,-6.8416,20.37,52.0,1013.0,2.57,scattered clouds,3.0,2.02,105.04,7.12,3.51,Entrainement
2026-05-07 12:13:28.000000,Marrakech,31.6295,-7.9811,16.98,67.0,1012.0,2.06,broken clouds,2.0,0.31,94.67,7.48,2.05,Entrainement
2026-05-07 12:13:42.000000,Fes,34.0331,-5.0003,15.08,88.0,1013.0,2.06,broken clouds,2.0,0.61,82.57,4.02,2.45,Entrainement
2026-05-07 12:59:55.000000,Casablanca,33.5731,-7.5898,20.19,45.0,1012.0,3.09,scattered clouds,3.0,0.46,117.4,8.8,3.21,Entrainement
2026-05-07 12:59:57.000000,Tanger,35.7595,-5.834,19.64,60.0,1011.0,4.63,scattered clouds,3.0,0.84,114.95,6.92,3.7,Entrainement
2026-05-07 12:59:58.000000,Karia Ba Mohamed,34.3667,-5.2139,19.75,53.0,1012.0,2.57,overcast clouds,2.0,0.58,91.07,4.34,2.72,Entrainement
2026-05-07 12:59:59.000000,Fes,34.0331,-5.0003,18.14,67.0,1012.0,2.06,broken clouds,2.0,0.36,86.52,3.44,2.28,Entrainement
2026-05-07 13:03:07.986812,Tanger,35.7595,-5.834,19.74,60.0,1012.0,6.17,scattered clouds,3.0,0.42,113.27,4.88,1.65,Entrainement
2026-05-07 13:03:07.986812,Marrakech,31.6295,-7.9811,17.98,63.0,1011.0,1.54,broken clouds,2.0,0.23,95.97,7.16,2.01,Entrainement
2026-05-07 13:03:07.986812,Agadir,30.4278,-9.5981,23.06,59.0,1011.0,4.84,scattered clouds,3.0,0.17,108.64,4.17,1.44,Entrainement
2026-05-07 13:03:07.986812,Rabat,34.0209,-6.8416,20.37,52.0,1013.0,3.09,scattered clouds,3.0,1.44,109.46,7.4,3.84,Entrainement
2026-05-07 13:13:58.000000,Casablanca,33.5731,-7.5898,20.01,45.0,1012.0,3.09,scattered clouds,3.0,0.49,113.03,8.82,2.97,Entrainement
2026-05-07 13:14:11.000000,Rabat,34.0209,-6.8416,20.37,52.0,1013.0,3.09,scattered clouds,3.0,1.44,109.46,7.4,3.84,Entrainement
2026-05-07 13:14:29.000000,Marrakech,31.6295,-7.9811,18.98,63.0,1011.0,2.06,broken clouds,2.0,0.23,95.97,7.16,2.01,Entrainement
2026-05-07 13:14:39.000000,Fes,34.0331,-5.0003,17.08,72.0,1013.0,1.54,broken clouds,2.0,0.51,84.05,3.76,2.41,Entrainement
2026-05-07 14:00:01.000000,Casablanca,33.5731,-7.5898,20.19,42.0,1011.0,3.6,scattered clouds,3.0,0.45,116.24,7.91,3.01,Entrainement
2026-05-07 14:00:02.000000,Tanger,35.7595,-5.834,19.64,60.0,1011.0,5.14,scattered clouds,3.0,0.63,114.22,5.33,2.93,Entrainement
2026-05-07 14:00:04.000000,Karia Ba Mohamed,34.3667,-5.2139,19.72,54.0,1011.0,1.39,overcast clouds,2.0,0.32,96.73,3.49,2.14,Entrainement
2026-05-07 14:00:05.000000,Fes,34.0331,-5.0003,17.14,63.0,1011.0,2.06,broken clouds,2.0,0.21,90.39,2.94,1.9,Entrainement
2026-05-07 14:03:18.586285,Tanger,35.7595,-5.834,19.74,60.0,1012.0,4.63,scattered clouds,3.0,0.39,114.44,4.86,1.66,Entrainement
2026-05-07 14:03:18.586285,Marrakech,31.6295,-7.9811,18.98,59.0,1010.0,1.54,broken clouds,2.0,0.21,99.1,7.19,2.09,Entrainement
2026-05-07 14:03:18.586285,Rabat,34.0209,-6.8416,20.37,56.0,1012.0,3.6,scattered clouds,3.0,0.84,114.95,6.92,3.7,Entrainement
2026-05-07 14:03:18.586285,Agadir,30.4278,-9.5981,24.06,58.0,1011.0,6.05,few clouds,3.0,0.16,108.37,4.29,1.55,Entrainement
2026-05-07 15:00:07.000000,Casablanca,33.5731,-7.5898,20.19,49.0,1011.0,3.6,scattered clouds,3.0,0.49,116.29,7.77,3.06,Entrainement
2026-05-07 15:00:08.000000,Tanger,35.7595,-5.834,19.64,60.0,1011.0,5.66,scattered clouds,3.0,0.7,114.22,5.61,3.19,Entrainement
2026-05-07 15:00:10.000000,Karia Ba Mohamed,34.3667,-5.2139,20.25,51.0,1010.0,1.34,overcast clouds,2.0,0.3,96.65,3.33,2.07,Entrainement
2026-05-07 15:00:11.000000,Fes,34.0331,-5.0003,18.14,67.0,1010.0,2.06,broken clouds,2.0,0.2,90.14,2.88,1.89,Entrainement
2026-05-07 15:03:29.095868,Rabat,34.0209,-6.8416,20.37,49.0,1012.0,3.09,scattered clouds,3.0,0.63,114.22,5.33,2.93,Entrainement
2026-05-07 15:03:29.095868,Marrakech,31.6295,-7.9811,21.98,53.0,1009.0,1.54,broken clouds,3.0,0.22,101.21,6.29,2.01,Entrainement
2026-05-07 15:03:29.095868,Tanger,35.7595,-5.834,19.74,60.0,1011.0,5.14,scattered clouds,3.0,0.36,114.76,3.99,1.44,Entrainement
2026-05-07 15:03:29.095868,Agadir,30.4278,-9.5981,24.06,56.0,1010.0,7.52,few clouds,3.0,0.16,109.47,4.67,1.6,Entrainement
2026-05-07 16:00:12.000000,Casablanca,33.5731,-7.5898,20.19,52.0,1011.0,3.6,scattered clouds,3.0,0.62,118.59,7.8,3.16,Entrainement
2026-05-07 16:00:14.000000,Tanger,35.7595,-5.834,18.64,63.0,1010.0,4.63,scattered clouds,3.0,0.92,114.91,5.98,3.44,Entrainement
2026-05-07 16:00:15.000000,Karia Ba Mohamed,34.3667,-5.2139,20.51,50.0,1010.0,2.48,overcast clouds,2.0,0.42,96.77,3.47,2.16,Entrainement
2026-05-07 16:00:17.000000,Fes,34.0331,-5.0003,19.14,63.0,1009.0,1.54,broken clouds,2.0,0.28,90.21,3.04,2.01,Entrainement
2026-05-07 16:03:41.269055,Tanger,35.7595,-5.834,19.74,60.0,1011.0,5.66,scattered clouds,3.0,0.4,115.08,3.98,1.44,Entrainement
2026-05-07 16:03:41.269055,Agadir,30.4278,-9.5981,23.06,54.0,1010.0,9.3,few clouds,3.0,0.16,108.94,4.4,1.51,Entrainement
2026-05-07 16:03:41.269055,Rabat,34.0209,-6.8416,20.37,49.0,1011.0,3.09,scattered clouds,3.0,0.7,114.22,5.61,3.19,Entrainement
2026-05-07 16:03:41.269055,Marrakech,31.6295,-7.9811,21.98,49.0,1008.0,2.57,broken clouds,3.0,0.24,102.78,7.14,2.31,Entrainement
2026-05-07 17:00:18.000000,Casablanca,33.5731,-7.5898,19.13,55.0,1011.0,3.6,clear sky,3.0,0.9,117.83,7.75,3.1,Entrainement
2026-05-07 17:00:20.000000,Tanger,35.7595,-5.834,18.64,59.0,1011.0,5.14,scattered clouds,3.0,1.38,114.23,6.33,3.57,Entrainement
2026-05-07 17:00:21.000000,Karia Ba Mohamed,34.3667,-5.2139,20.82,49.0,1009.0,2.6,overcast clouds,2.0,0.69,94.84,3.85,2.35,Entrainement
2026-05-07 17:00:23.000000,Fes,34.0331,-5.0003,19.14,59.0,1009.0,1.54,broken clouds,2.0,0.47,88.76,3.37,2.21,Entrainement
2026-05-07 17:03:51.193971,Tanger,35.7595,-5.834,18.74,63.0,1010.0,4.63,scattered clouds,3.0,0.52,115.45,3.98,1.43,Entrainement
2026-05-07 17:03:51.193971,Agadir,30.4278,-9.5981,23.06,55.0,1009.0,8.22,few clouds,3.0,0.18,108.46,4.08,1.38,Entrainement
2026-05-07 17:03:51.193971,Marrakech,31.6295,-7.9811,23.98,43.0,1008.0,1.54,broken clouds,3.0,0.32,105.64,8.77,2.88,Entrainement
2026-05-07 17:03:51.193971,Rabat,34.0209,-6.8416,19.37,52.0,1011.0,4.12,scattered clouds,3.0,0.92,114.91,5.98,3.44,Entrainement
2026-05-07 18:00:24.000000,Casablanca,33.5731,-7.5898,19.13,55.0,1011.0,3.6,clear sky,3.0,1.32,113.69,7.31,2.75,Entrainement
2026-05-07 18:00:26.000000,Tanger,35.7595,-5.834,18.64,59.0,1011.0,4.63,clear sky,3.0,1.93,112.07,6.13,3.25,Entrainement
2026-05-07 18:00:27.000000,Karia Ba Mohamed,34.3667,-5.2139,20.46,51.0,1009.0,1.76,overcast clouds,2.0,0.96,92.63,4.15,2.47,Entrainement
2026-05-07 18:00:29.000000,Fes,34.0331,-5.0003,19.14,59.0,1009.0,1.54,broken clouds,2.0,0.68,87.1,3.64,2.36,Entrainement
2026-05-07 18:04:03.944188,Agadir,30.4278,-9.5981,23.06,56.0,1009.0,8.08,scattered clouds,3.0,0.22,107.56,3.78,1.25,Entrainement
2026-05-07 18:04:03.944188,Rabat,34.0209,-6.8416,19.37,59.0,1011.0,4.12,scattered clouds,3.0,1.38,114.23,6.33,3.57,Entrainement
2026-05-07 18:04:03.944188,Marrakech,31.6295,-7.9811,23.98,43.0,1008.0,1.03,broken clouds,3.0,0.43,107.0,10.39,3.46,Entrainement
2026-05-07 18:04:03.944188,Tanger,35.7595,-5.834,18.74,59.0,1011.0,5.14,scattered clouds,3.0,0.67,115.32,3.95,1.4,Entrainement
2026-05-07 19:00:30.000000,Casablanca,33.5731,-7.5898,18.65,55.0,1012.0,3.58,broken clouds,3.0,1.76,106.79,6.88,2.35,Entrainement
2026-05-07 19:00:32.000000,Tanger,35.7595,-5.834,16.64,67.0,1011.0,3.09,clear sky,3.0,2.49,107.24,5.57,2.71,Entrainement
2026-05-07 19:00:33.000000,Karia Ba Mohamed,34.3667,-5.2139,18.34,58.0,1010.0,0.96,overcast clouds,2.0,1.37,87.47,4.39,2.52,Entrainement
2026-05-07 19:00:34.000000,Fes,34.0331,-5.0003,17.14,72.0,1010.0,1.03,scattered clouds,2.0,1.16,80.87,3.83,2.46,Entrainement
2026-05-07 19:04:13.679845,Tanger,35.7595,-5.834,18.77,59.0,1011.0,4.63,clear sky,3.0,0.77,114.65,3.83,1.35,Entrainement
2026-05-07 19:04:13.679845,Agadir,30.4278,-9.5981,22.06,61.0,1009.0,7.93,few clouds,3.0,0.25,106.41,3.56,1.14,Entrainement
2026-05-07 19:04:13.679845,Marrakech,31.6295,-7.9811,22.97,40.0,1008.0,1.54,broken clouds,3.0,0.56,107.35,10.76,3.6,Entrainement
2026-05-07 19:04:13.679845,Rabat,34.0209,-6.8416,18.37,63.0,1011.0,3.09,scattered clouds,3.0,1.93,112.07,6.13,3.25,Entrainement
2026-05-07 20:00:36.000000,Casablanca,33.5731,-7.5898,17.12,61.0,1012.0,3.57,overcast clouds,3.0,1.98,102.76,6.97,2.14,Entrainement
2026-05-07 20:00:37.000000,Tanger,35.7595,-5.834,16.64,67.0,1012.0,2.57,broken clouds,3.0,2.83,103.16,5.2,2.34,Entrainement
2026-05-07 20:00:39.000000,Karia Ba Mohamed,34.3667,-5.2139,16.45,61.0,1011.0,3.25,overcast clouds,2.0,1.7,81.35,4.63,2.55,Entrainement
2026-05-07 20:00:40.000000,Fes,34.0331,-5.0003,17.14,77.0,1011.0,1.03,scattered clouds,2.0,1.66,72.55,4.01,2.55,Entrainement
2026-05-07 20:04:23.762468,Rabat,34.0209,-6.8416,17.37,67.0,1012.0,3.6,scattered clouds,3.0,2.49,107.24,5.57,2.71,Entrainement
2026-05-07 20:04:23.762468,Marrakech,31.6295,-7.9811,21.98,43.0,1009.0,2.57,broken clouds,3.0,0.79,105.33,10.39,3.44,Entrainement
2026-05-07 20:04:23.762468,Tanger,35.7595,-5.834,16.74,67.0,1011.0,3.09,clear sky,3.0,0.93,112.99,3.67,1.29,Entrainement
2026-05-07 20:04:23.762468,Agadir,30.4278,-9.5981,20.06,62.0,1010.0,7.37,broken clouds,3.0,0.27,105.55,3.4,1.06,Entrainement
2026-05-07 21:00:41.000000,Casablanca,33.5731,-7.5898,17.02,63.0,1013.0,2.06,overcast clouds,3.0,2.0,100.96,7.25,2.08,Entrainement
2026-05-07 21:00:43.000000,Tanger,35.7595,-5.834,16.64,67.0,1013.0,2.06,broken clouds,3.0,2.92,100.1,5.04,2.12,Entrainement
2026-05-07 21:00:44.000000,Karia Ba Mohamed,34.3667,-5.2139,14.35,72.0,1012.0,3.31,overcast clouds,2.0,1.9,77.8,4.89,2.56,Entrainement
2026-05-07 21:00:46.000000,Fes,34.0331,-5.0003,16.14,82.0,1012.0,0.51,scattered clouds,2.0,1.97,67.47,4.2,2.59,Entrainement
2026-05-07 21:04:33.871779,Tanger,35.7595,-5.834,16.74,67.0,1012.0,2.57,broken clouds,3.0,1.07,110.9,3.59,1.27,Entrainement
2026-05-07 21:04:33.871779,Marrakech,31.6295,-7.9811,21.0,52.0,1010.0,2.57,broken clouds,3.0,0.96,103.6,10.41,3.35,Entrainement
2026-05-07 21:04:33.871779,Agadir,30.4278,-9.5981,18.06,67.0,1011.0,7.26,broken clouds,3.0,0.26,105.2,3.34,1.01,Entrainement
2026-05-07 21:04:33.871779,Rabat,34.0209,-6.8416,17.37,67.0,1012.0,2.57,scattered clouds,3.0,2.83,103.16,5.2,2.34,Entrainement
2026-05-07 22:04:43.905606,Agadir,30.4278,-9.5981,17.06,69.0,1012.0,5.28,scattered clouds,3.0,0.24,105.54,3.36,1.0,Entrainement
2026-05-07 22:04:43.905606,Marrakech,31.6295,-7.9811,18.98,48.0,1012.0,4.63,broken clouds,3.0,1.01,102.36,10.3,3.22,Entrainement
2026-05-07 22:04:43.905606,Rabat,34.0209,-6.8416,16.37,72.0,1013.0,2.06,scattered clouds,3.0,2.92,100.1,5.04,2.12,Entrainement
2026-05-07 22:04:43.905606,Tanger,35.7595,-5.834,16.74,67.0,1013.0,2.06,broken clouds,3.0,1.13,109.28,3.56,1.26,Entrainement
2026-05-07 23:04:53.974509,Marrakech,31.6295,-7.9811,17.98,52.0,1013.0,4.12,broken clouds,2.0,1.06,99.11,9.91,3.03,Entrainement
2026-05-07 23:04:53.974509,Rabat,34.0209,-6.8416,15.37,77.0,1013.0,1.54,scattered clouds,2.0,2.99,96.72,5.04,2.04,Entrainement
2026-05-07 23:04:53.974509,Agadir,30.4278,-9.5981,17.06,70.0,1011.0,2.82,broken clouds,3.0,0.22,105.86,3.4,1.0,Entrainement
2026-05-07 23:04:53.974509,Tanger,35.7595,-5.834,16.74,63.0,1013.0,1.54,broken clouds,3.0,1.42,105.91,3.64,1.29,Entrainement
2026-05-08 02:05:39.745526,Rabat,34.0209,-6.8416,12.37,100.0,1012.0,0.0,scattered clouds,2.0,2.66,89.35,5.65,2.34,Entrainement
2026-05-08 02:05:39.745526,Marrakech,31.6295,-7.9811,14.98,58.0,1012.0,2.06,broken clouds,2.0,0.99,93.32,9.54,2.92,Entrainement
2026-05-08 02:05:39.745526,Tanger,35.7595,-5.834,14.77,77.0,1011.0,1.54,broken clouds,2.0,1.74,94.86,3.87,1.42,Entrainement
2026-05-08 02:05:39.745526,Agadir,30.4278,-9.5981,16.06,80.0,1012.0,3.25,overcast clouds,3.0,0.18,106.69,3.84,1.06,Entrainement
2026-05-08 03:05:49.360948,Tanger,35.7595,-5.834,14.74,77.0,1011.0,1.03,broken clouds,2.0,1.58,91.83,3.98,1.48,Entrainement
2026-05-08 03:05:49.360948,Rabat,34.0209,-6.8416,12.37,100.0,1011.0,0.0,scattered clouds,2.0,2.61,82.98,6.06,2.51,Entrainement
2026-05-08 03:05:49.360948,Marrakech,31.6295,-7.9811,13.98,67.0,1011.0,2.57,broken clouds,2.0,0.99,88.58,9.68,2.99,Entrainement
2026-05-08 03:05:49.360948,Agadir,30.4278,-9.5981,15.06,81.0,1012.0,2.47,overcast clouds,3.0,0.18,107.15,3.86,1.06,Entrainement
2026-05-08 04:05:59.024962,Rabat,34.0209,-6.8416,14.37,88.0,1011.0,1.54,clear sky,2.0,2.5,77.52,6.48,2.65,Entrainement
2026-05-08 04:05:59.024962,Agadir,30.4278,-9.5981,15.06,79.0,1011.0,2.54,broken clouds,3.0,0.17,107.62,3.84,1.05,Entrainement
2026-05-08 04:05:59.024962,Tanger,35.7595,-5.834,14.74,77.0,1011.0,2.06,clear sky,2.0,1.47,89.19,4.15,1.57,Entrainement
2026-05-08 04:05:59.024962,Marrakech,31.6295,-7.9811,11.98,76.0,1011.0,2.06,broken clouds,2.0,1.0,84.96,9.85,3.06,Entrainement
2026-05-08 05:06:08.832753,Agadir,30.4278,-9.5981,14.06,77.0,1011.0,2.9,broken clouds,3.0,0.17,108.1,3.72,1.02,Entrainement
2026-05-08 05:06:08.832753,Tanger,35.7595,-5.834,14.74,77.0,1011.0,0.51,clear sky,2.0,1.42,90.25,4.38,1.67,Entrainement
2026-05-08 05:06:08.832753,Marrakech,31.6295,-7.9811,10.98,82.0,1011.0,1.54,scattered clouds,2.0,1.08,81.97,10.02,3.15,Entrainement
2026-05-08 05:06:08.832753,Rabat,34.0209,-6.8416,10.37,93.0,1011.0,0.0,scattered clouds,2.0,2.55,71.13,6.85,2.77,Entrainement
2026-05-08 06:06:18.421904,Agadir,30.4278,-9.5981,15.06,78.0,1011.0,3.0,broken clouds,3.0,0.17,108.36,3.55,0.98,Entrainement
2026-05-08 06:06:18.421904,Tanger,35.7595,-5.834,13.77,82.0,1011.0,2.06,clear sky,2.0,1.61,91.42,4.68,1.81,Entrainement
2026-05-08 06:06:18.421904,Marrakech,31.6295,-7.9811,9.98,81.0,1011.0,2.06,scattered clouds,2.0,1.29,79.03,10.31,3.35,Entrainement
2026-05-08 06:06:18.421904,Rabat,34.0209,-6.8416,10.37,93.0,1011.0,0.0,scattered clouds,2.0,2.92,63.2,7.25,2.91,Entrainement
2026-05-08 07:06:27.986748,Marrakech,31.6295,-7.9811,11.98,76.0,1011.0,2.57,scattered clouds,2.0,2.01,75.54,10.6,3.51,Entrainement
2026-05-08 07:06:27.986748,Agadir,30.4278,-9.5981,15.06,78.0,1012.0,2.75,broken clouds,3.0,0.19,108.38,3.35,0.94,Entrainement
2026-05-08 07:06:27.986748,Tanger,35.7595,-5.834,13.74,82.0,1012.0,1.03,clear sky,2.0,2.4,91.81,5.1,2.02,Entrainement
2026-05-08 07:06:27.986748,Rabat,34.0209,-6.8416,8.37,100.0,1011.0,0.0,scattered clouds,1.0,4.36,54.98,7.86,3.13,Entrainement
2026-05-08 08:06:37.610205,Agadir,30.4278,-9.5981,15.06,77.0,1012.0,1.73,broken clouds,3.0,0.27,108.6,3.17,0.88,Entrainement
2026-05-08 08:06:37.610205,Tanger,35.7595,-5.834,14.77,82.0,1012.0,1.54,clear sky,2.0,3.74,91.33,5.59,2.29,Entrainement
2026-05-08 08:06:37.610205,Marrakech,31.6295,-7.9811,12.98,76.0,1012.0,2.06,few clouds,2.0,3.25,71.2,10.59,3.57,Entrainement
2026-05-08 08:06:37.610205,Rabat,34.0209,-6.8416,11.37,100.0,1012.0,0.0,scattered clouds,1.0,6.51,46.84,8.56,3.4,Entrainement
2026-05-08 09:06:47.207574,Marrakech,31.6295,-7.9811,14.98,67.0,1012.0,1.54,few clouds,2.0,3.4,69.17,10.34,3.57,Entrainement
2026-05-08 09:06:47.207574,Rabat,34.0209,-6.8416,15.37,100.0,1012.0,0.0,scattered clouds,1.0,6.45,43.7,9.36,3.68,Entrainement
2026-05-08 09:06:47.207574,Agadir,30.4278,-9.5981,16.06,74.0,1012.0,2.35,broken clouds,3.0,0.29,109.49,2.95,0.82,Entrainement
2026-05-08 09:06:47.207574,Tanger,35.7595,-5.834,17.74,68.0,1012.0,2.57,scattered clouds,2.0,4.13,92.48,6.05,2.55,Entrainement
2026-05-08 10:06:56.804526,Tanger,35.7595,-5.834,17.74,68.0,1012.0,2.06,scattered clouds,2.0,3.8,95.34,6.45,2.83,Entrainement
2026-05-08 10:06:56.804526,Marrakech,31.6295,-7.9811,16.98,63.0,1011.0,1.03,clear sky,2.0,2.68,73.7,10.46,3.69,Entrainement
2026-05-08 10:06:56.804526,Rabat,34.0209,-6.8416,19.37,63.0,1012.0,0.0,scattered clouds,1.0,5.77,46.21,10.41,4.02,Entrainement
2026-05-08 10:06:56.804526,Agadir,30.4278,-9.5981,17.06,72.0,1013.0,1.84,broken clouds,3.0,0.25,109.91,2.72,0.77,Entrainement
2026-05-08 11:07:06.712456,Rabat,34.0209,-6.8416,20.37,52.0,1012.0,2.06,scattered clouds,3.0,1.43,102.08,10.64,4.52,Entrainement
2026-05-08 11:07:06.712456,Agadir,30.4278,-9.5981,20.06,68.0,1013.0,1.09,broken clouds,3.0,0.2,110.56,2.57,0.74,Entrainement
2026-05-08 11:07:06.712456,Tanger,35.7595,-5.834,19.74,56.0,1012.0,2.06,scattered clouds,3.0,1.08,111.63,5.48,2.4,Entrainement
2026-05-08 11:07:06.712456,Marrakech,31.6295,-7.9811,18.98,55.0,1011.0,1.54,clear sky,3.0,0.52,111.87,7.45,2.37,Entrainement
2026-05-08 12:07:16.499913,Agadir,30.4278,-9.5981,20.06,66.0,1013.0,2.22,broken clouds,3.0,0.15,110.26,2.5,0.73,Entrainement
2026-05-08 12:07:16.499913,Marrakech,31.6295,-7.9811,20.98,49.0,1011.0,2.06,clear sky,3.0,0.29,115.94,6.31,2.07,Entrainement
2026-05-08 12:07:16.499913,Rabat,34.0209,-6.8416,21.37,52.0,1011.0,4.12,scattered clouds,3.0,0.77,110.0,10.42,4.93,Entrainement
2026-05-08 12:07:16.499913,Tanger,35.7595,-5.834,20.74,56.0,1011.0,2.57,scattered clouds,3.0,0.65,114.84,5.55,2.59,Entrainement
2026-05-08 13:07:26.168217,Agadir,30.4278,-9.5981,22.06,66.0,1013.0,4.1,broken clouds,3.0,0.13,109.72,2.46,0.72,Entrainement
2026-05-08 13:07:26.168217,Tanger,35.7595,-5.834,21.74,49.0,1011.0,2.06,scattered clouds,3.0,0.47,116.64,5.84,2.88,Entrainement
2026-05-08 13:07:26.168217,Marrakech,31.6295,-7.9811,21.98,43.0,1010.0,3.6,clear sky,3.0,0.24,114.98,6.27,2.11,Entrainement
2026-05-08 13:07:26.168217,Rabat,34.0209,-6.8416,21.37,52.0,1011.0,4.63,scattered clouds,3.0,0.64,112.39,11.37,5.75,Entrainement
2026-05-08 14:42:27.675999,Rabat,34.0209,-6.8416,21.37,60.0,1010.0,4.63,scattered clouds,3.0,0.58,118.04,12.6,6.9,Entrainement
2026-05-08 14:42:27.675999,Marrakech,31.6295,-7.9811,22.98,38.0,1009.0,4.12,clear sky,3.0,0.27,116.47,5.97,2.04,Entrainement
2026-05-08 14:42:27.675999,Agadir,30.4278,-9.5981,23.06,66.0,1012.0,4.83,overcast clouds,3.0,0.13,107.01,2.81,0.81,Entrainement
2026-05-08 14:42:27.675999,Tanger,35.7595,-5.834,22.77,53.0,1010.0,5.66,scattered clouds,3.0,0.55,118.92,5.88,2.96,Entrainement
2026-05-08 15:42:37.513449,Agadir,30.4278,-9.5981,22.06,65.0,1012.0,5.43,overcast clouds,3.0,0.13,106.27,2.79,0.82,Entrainement
2026-05-08 15:42:37.513449,Tanger,35.7595,-5.834,22.74,53.0,1009.0,7.2,broken clouds,3.0,0.55,117.73,5.45,2.62,Entrainement
2026-05-08 15:42:37.513449,Marrakech,31.6295,-7.9811,23.98,35.0,1008.0,3.6,clear sky,3.0,0.3,116.08,6.57,2.26,Entrainement
2026-05-08 15:42:37.513449,Rabat,34.0209,-6.8416,20.37,56.0,1009.0,3.6,broken clouds,3.0,0.67,117.84,12.52,6.96,Entrainement
2026-05-08 15:48:08.000000,Casablanca,33.5731,-7.5898,21.01,43.0,1010.0,3.09,clear sky,3.0,0.32,107.67,9.96,3.31,Entrainement
2026-05-08 15:48:15.000000,Rabat,34.0209,-6.8416,20.37,56.0,1009.0,3.6,broken clouds,3.0,0.67,117.84,12.52,6.96,Entrainement
2026-05-08 15:48:23.000000,Marrakech,31.6295,-7.9811,23.98,35.0,1008.0,3.6,clear sky,3.0,0.3,116.08,6.57,2.26,Entrainement
2026-05-08 15:48:30.000000,Fes,34.0331,-5.0003,24.08,43.0,1007.0,2.06,broken clouds,2.0,0.25,97.54,9.96,4.48,Entrainement
2026-05-08 16:48:36.000000,Casablanca,33.5731,-7.5898,20.78,43.0,1009.0,3.6,clear sky,3.0,0.37,107.57,8.18,2.6,Entrainement
2026-05-08 16:48:43.000000,Rabat,34.0209,-6.8416,21.37,52.0,1009.0,3.6,broken clouds,3.0,0.96,117.93,12.07,6.82,Entrainement
2026-05-08 16:48:50.000000,Marrakech,31.6295,-7.9811,23.98,35.0,1008.0,3.6,clear sky,3.0,0.37,115.81,7.56,2.59,Entrainement
2026-05-08 16:48:56.000000,Fes,34.0331,-5.0003,24.08,46.0,1007.0,3.09,broken clouds,2.0,0.36,98.68,10.25,4.63,Entrainement
2026-05-08 17:50:00.000000,Marrakech,31.6295,-7.9811,24.98,38.0,1008.0,3.09,clear sky,3.0,0.49,113.78,8.59,2.9,Entrainement
2026-05-08 17:50:08.000000,Fes,34.0331,-5.0003,24.08,46.0,1007.0,1.54,broken clouds,2.0,0.55,97.97,10.53,4.82,Entrainement
2026-05-08 17:50:29.000000,Casablanca,33.5731,-7.5898,20.0,52.0,1010.0,4.12,clear sky,3.0,0.48,106.99,6.96,2.06,Entrainement
2026-05-08 17:50:36.000000,Rabat,34.0209,-6.8416,20.37,56.0,1009.0,3.09,broken clouds,3.0,1.55,114.94,11.04,6.31,Entrainement
2026-05-08 18:50:56.000000,Casablanca,33.5731,-7.5898,18.95,59.0,1010.0,3.6,clear sky,3.0,0.61,106.18,6.21,1.68,Entrainement
2026-05-08 18:51:04.000000,Rabat,34.0209,-6.8416,19.37,59.0,1010.0,2.57,broken clouds,3.0,2.24,109.71,9.68,5.41,Entrainement
2026-05-08 18:51:11.000000,Marrakech,31.6295,-7.9811,22.98,40.0,1009.0,5.14,clear sky,3.0,0.62,111.0,8.7,2.81,Entrainement
2026-05-08 18:51:17.000000,Fes,34.0331,-5.0003,24.08,46.0,1007.0,2.06,broken clouds,2.0,0.72,96.98,10.75,4.98,Entrainement
2026-05-08 19:51:24.000000,Casablanca,33.5731,-7.5898,18.95,63.0,1011.0,4.12,clear sky,3.0,0.76,103.49,5.98,1.47,Entrainement
2026-05-08 19:51:31.000000,Rabat,34.0209,-6.8416,18.37,63.0,1010.0,1.54,broken clouds,3.0,2.77,102.96,8.15,4.27,Entrainement
2026-05-08 19:51:37.000000,Marrakech,31.6295,-7.9811,20.98,49.0,1011.0,6.69,clear sky,3.0,0.96,105.77,8.26,2.51,Entrainement
2026-05-08 19:51:44.000000,Fes,34.0331,-5.0003,22.08,52.0,1008.0,3.09,broken clouds,2.0,0.87,95.47,10.98,5.21,Entrainement
2026-05-08 23:17:20.000000,Casablanca,33.5731,-7.5898,18.01,59.0,1012.0,1.03,overcast clouds,3.0,0.75,100.18,7.8,1.6,Entrainement
2026-05-08 23:17:54.000000,Rabat,34.0209,-6.8416,17.37,77.0,1012.0,1.54,broken clouds,2.0,2.21,95.94,6.39,2.33,Entrainement
2026-05-08 23:18:42.000000,Marrakech,31.6295,-7.9811,15.98,51.0,1014.0,3.6,broken clouds,2.0,1.59,96.63,7.16,1.83,Entrainement
2026-05-08 23:20:09.000000,Fes,34.0331,-5.0003,16.08,77.0,1011.0,4.12,few clouds,2.0,1.31,88.68,11.54,6.57,Entrainement
2026-05-09 00:33:45.000000,Casablanca,33.5731,-7.5898,17.39,59.0,1012.0,1.54,overcast clouds,2.0,0.57,99.6,9.53,1.84,Entrainement
2026-05-09 00:34:08.000000,Rabat,34.0209,-6.8416,17.37,77.0,1012.0,2.06,broken clouds,2.0,1.44,95.71,7.43,2.06,Entrainement
2026-05-09 00:34:24.000000,Marrakech,31.6295,-7.9811,15.98,55.0,1014.0,3.09,broken clouds,2.0,1.3,96.45,6.6,1.61,Entrainement
2026-05-09 00:34:39.000000,Fes,34.0331,-5.0003,16.08,67.0,1012.0,4.63,scattered clouds,2.0,1.26,84.69,12.21,7.41,Entrainement
2026-05-09 09:49:14.000000,Casablanca,33.5731,-7.5898,20.01,56.0,1013.0,5.14,dust,2.0,1.03,90.57,8.83,2.05,Entrainement
2026-05-09 09:49:21.000000,Rabat,34.0209,-6.8416,20.37,56.0,1013.0,6.17,broken clouds,2.0,0.99,91.49,9.6,2.19,Entrainement
2026-05-09 09:49:29.000000,Marrakech,31.6295,-7.9811,18.98,52.0,1014.0,2.06,scattered clouds,2.0,1.0,90.68,4.77,1.19,Entrainement
2026-05-09 09:49:37.000000,Fes,34.0331,-5.0003,19.08,55.0,1013.0,2.06,clear sky,2.0,0.5,85.75,7.12,2.27,Entrainement
2026-05-09 10:49:43.000000,Casablanca,33.5731,-7.5898,21.01,52.0,1013.0,5.14,dust,2.0,0.34,98.13,5.37,1.32,Entrainement
2026-05-09 10:49:49.000000,Rabat,34.0209,-6.8416,22.37,46.0,1013.0,6.17,scattered clouds,2.0,0.56,96.33,6.24,1.57,Entrainement
2026-05-09 10:49:55.000000,Marrakech,31.6295,-7.9811,20.98,46.0,1014.0,2.57,scattered clouds,2.0,0.29,96.78,4.08,0.98,Entrainement
2026-05-09 10:50:02.000000,Fes,34.0331,-5.0003,20.08,52.0,1013.0,1.03,clear sky,2.0,0.21,94.91,4.31,1.26,Entrainement
2026-05-09 11:50:09.000000,Casablanca,33.5731,-7.5898,22.01,46.0,1013.0,5.14,dust,3.0,0.21,101.01,4.19,1.07,Entrainement
2026-05-09 11:50:15.000000,Rabat,34.0209,-6.8416,22.37,56.0,1013.0,6.17,scattered clouds,2.0,0.38,99.39,4.39,1.23,Entrainement
2026-05-09 11:50:22.000000,Marrakech,31.6295,-7.9811,22.98,40.0,1014.0,5.14,scattered clouds,2.0,0.17,96.32,3.53,0.89,Entrainement
2026-05-09 11:50:29.000000,Fes,34.0331,-5.0003,20.08,52.0,1013.0,4.63,scattered clouds,2.0,0.15,94.98,3.04,0.9,Entrainement
2026-05-09 12:50:36.000000,Casablanca,33.5731,-7.5898,23.01,40.0,1013.0,4.63,broken clouds,3.0,0.18,102.0,3.84,1.0,Entrainement
2026-05-09 12:50:43.000000,Rabat,34.0209,-6.8416,23.37,53.0,1013.0,5.66,scattered clouds,3.0,0.33,100.72,3.73,1.13,Entrainement
2026-05-09 12:50:50.000000,Marrakech,31.6295,-7.9811,23.98,35.0,1013.0,5.14,scattered clouds,2.0,0.15,95.21,3.66,0.95,Entrainement
2026-05-09 12:50:57.000000,Fes,34.0331,-5.0003,22.08,43.0,1013.0,4.12,scattered clouds,2.0,0.13,94.02,2.73,0.8,Entrainement
2026-05-09 13:51:04.000000,Casablanca,33.5731,-7.5898,23.01,49.0,1013.0,4.12,broken clouds,3.0,0.18,103.5,3.78,1.0,Entrainement
2026-05-09 13:51:11.000000,Rabat,34.0209,-6.8416,22.37,60.0,1013.0,6.17,scattered clouds,3.0,0.33,102.46,3.5,1.12,Entrainement
2026-05-09 13:51:18.000000,Marrakech,31.6295,-7.9811,24.98,33.0,1013.0,6.69,scattered clouds,2.0,0.15,96.57,3.79,1.02,Entrainement
2026-05-09 13:51:24.000000,Fes,34.0331,-5.0003,24.08,31.0,1012.0,6.69,scattered clouds,2.0,0.13,94.56,2.79,0.78,Entrainement
2026-05-09 14:51:31.000000,Casablanca,33.5731,-7.5898,21.01,60.0,1013.0,7.72,dust,3.0,0.19,103.14,3.65,1.0,Entrainement
2026-05-09 14:51:37.000000,Rabat,34.0209,-6.8416,22.37,60.0,1014.0,5.66,scattered clouds,3.0,0.3,102.74,3.46,1.05,Entrainement
2026-05-09 14:51:43.000000,Marrakech,31.6295,-7.9811,23.98,43.0,1012.0,5.66,scattered clouds,2.0,0.13,97.18,3.36,0.87,Entrainement
2026-05-09 14:51:49.000000,Fes,34.0331,-5.0003,25.08,29.0,1012.0,6.17,scattered clouds,2.0,0.12,94.83,3.4,0.9,Entrainement
2026-05-09 15:51:56.000000,Casablanca,33.5731,-7.5898,22.01,56.0,1013.0,6.69,dust,3.0,0.2,102.79,3.74,1.01,Entrainement
2026-05-09 15:52:03.000000,Rabat,34.0209,-6.8416,21.37,64.0,1014.0,5.66,scattered clouds,3.0,0.32,102.1,3.4,1.05,Entrainement
2026-05-09 15:52:10.000000,Marrakech,31.6295,-7.9811,24.98,41.0,1012.0,5.14,scattered clouds,2.0,0.14,96.91,3.32,0.87,Entrainement
2026-05-09 15:52:17.000000,Fes,34.0331,-5.0003,24.08,33.0,1011.0,5.14,scattered clouds,2.0,0.13,94.51,3.56,0.94,Entrainement
2026-05-09 16:52:24.000000,Casablanca,33.5731,-7.5898,21.01,60.0,1013.0,7.2,dust,3.0,0.25,103.27,4.28,1.12,Entrainement
2026-05-09 16:52:32.000000,Rabat,34.0209,-6.8416,21.37,64.0,1013.0,5.14,scattered clouds,3.0,0.41,102.41,3.5,1.1,Entrainement
2026-05-09 16:52:38.000000,Marrakech,31.6295,-7.9811,24.98,44.0,1012.0,4.63,scattered clouds,2.0,0.17,97.78,3.33,0.89,Entrainement
2026-05-09 16:52:50.000000,Fes,34.0331,-5.0003,25.08,31.0,1011.0,4.63,scattered clouds,2.0,0.17,94.64,3.82,1.01,Entrainement
2026-05-09 17:52:58.000000,Casablanca,33.5731,-7.5898,21.01,56.0,1013.0,6.69,dust,3.0,0.33,103.28,5.65,1.44,Entrainement
2026-05-09 17:53:04.000000,Rabat,34.0209,-6.8416,20.37,68.0,1014.0,4.63,broken clouds,3.0,0.56,102.22,3.96,1.23,Entrainement
2026-05-09 17:53:11.000000,Marrakech,31.6295,-7.9811,24.98,41.0,1012.0,4.63,scattered clouds,2.0,0.22,97.52,3.42,0.92,Entrainement
2026-05-09 17:53:18.000000,Fes,34.0331,-5.0003,24.08,40.0,1012.0,6.17,scattered clouds,2.0,0.24,93.8,4.05,1.07,Entrainement
2026-05-09 18:53:26.000000,Casablanca,33.5731,-7.5898,20.01,64.0,1014.0,5.66,scattered clouds,3.0,0.41,102.68,7.03,1.77,Entrainement
2026-05-09 18:53:32.000000,Rabat,34.0209,-6.8416,20.37,73.0,1014.0,4.12,broken clouds,3.0,0.69,101.44,4.47,1.35,Entrainement
2026-05-09 18:53:40.000000,Marrakech,31.6295,-7.9811,23.97,41.0,1013.0,4.63,scattered clouds,2.0,0.26,98.36,3.44,0.92,Entrainement
2026-05-09 18:53:47.000000,Fes,34.0331,-5.0003,22.08,52.0,1014.0,7.72,scattered clouds,2.0,0.32,92.89,4.15,1.1,Entrainement
2026-05-09 19:53:54.000000,Casablanca,33.5731,-7.5898,20.01,64.0,1015.0,6.17,scattered clouds,2.0,0.54,99.85,8.19,2.03,Entrainement
2026-05-09 19:54:02.000000,Rabat,34.0209,-6.8416,19.37,72.0,1015.0,3.09,broken clouds,2.0,0.98,98.75,5.09,1.5,Entrainement
2026-05-09 19:54:08.000000,Marrakech,31.6295,-7.9811,22.98,40.0,1014.0,4.12,scattered clouds,2.0,0.48,96.85,3.75,0.98,Entrainement
2026-05-09 19:54:15.000000,Fes,34.0331,-5.0003,19.08,63.0,1015.0,5.14,scattered clouds,2.0,0.53,87.52,4.07,1.11,Entrainement
2026-05-09 20:54:22.000000,Casablanca,33.5731,-7.5898,19.01,68.0,1016.0,4.63,few clouds,2.0,0.64,97.89,9.41,2.27,Entrainement
2026-05-09 20:54:29.000000,Rabat,34.0209,-6.8416,18.37,88.0,1016.0,3.09,broken clouds,2.0,1.3,96.2,6.06,1.74,Entrainement
2026-05-09 20:54:36.000000,Marrakech,31.6295,-7.9811,20.98,49.0,1016.0,4.63,scattered clouds,2.0,0.77,94.34,4.48,1.14,Entrainement
2026-05-09 20:54:45.000000,Fes,34.0331,-5.0003,18.08,67.0,1017.0,4.12,broken clouds,2.0,0.78,79.89,4.01,1.13,Entrainement
2026-05-09 21:54:52.000000,Casablanca,33.5731,-7.5898,17.89,77.0,1016.0,3.09,clear sky,2.0,0.68,96.43,10.4,2.48,Entrainement
2026-05-09 21:54:58.000000,Rabat,34.0209,-6.8416,17.37,94.0,1016.0,2.57,scattered clouds,2.0,1.47,94.51,6.98,1.99,Entrainement
2026-05-09 21:55:05.000000,Marrakech,31.6295,-7.9811,18.98,55.0,1017.0,4.63,scattered clouds,2.0,0.95,92.85,5.17,1.28,Entrainement
2026-05-09 21:55:12.000000,Fes,34.0331,-5.0003,17.08,72.0,1017.0,2.57,broken clouds,2.0,0.99,74.4,4.02,1.17,Entrainement
2026-05-10 09:04:24.000000,Casablanca,33.5731,-7.5898,16.84,72.0,1017.0,2.06,scattered clouds,2.0,2.66,66.19,24.39,5.33,Entrainement
2026-05-10 09:04:31.000000,Rabat,34.0209,-6.8416,18.37,77.0,1017.0,4.63,scattered clouds,2.0,1.76,81.71,17.61,4.07,Entrainement
2026-05-10 09:04:38.000000,Marrakech,31.6295,-7.9811,16.98,67.0,1018.0,1.54,clear sky,2.0,2.96,75.08,7.43,1.9,Entrainement
2026-05-10 09:04:45.000000,Fes,34.0331,-5.0003,18.1,67.0,1017.0,1.03,scattered clouds,1.0,1.83,43.74,4.28,1.45,Entrainement
2026-05-10 10:04:52.000000,Casablanca,33.5731,-7.5898,17.34,72.0,1017.0,1.79,broken clouds,2.0,2.1,70.84,24.38,5.25,Entrainement
2026-05-10 10:04:59.000000,Rabat,34.0209,-6.8416,19.37,68.0,1017.0,4.12,scattered clouds,2.0,1.52,82.92,16.95,3.84,Entrainement
2026-05-10 10:05:06.000000,Marrakech,31.6295,-7.9811,16.98,63.0,1018.0,2.57,clear sky,2.0,2.37,75.22,7.94,2.04,Entrainement
2026-05-10 10:05:12.000000,Fes,34.0331,-5.0003,19.08,63.0,1017.0,1.54,broken clouds,1.0,1.28,52.9,5.03,1.62,Entrainement
2026-05-10 11:05:19.000000,Casablanca,33.5731,-7.5898,19.01,68.0,1017.0,2.06,broken clouds,2.0,0.52,90.48,18.54,3.83,Entrainement
2026-05-10 11:05:25.000000,Rabat,34.0209,-6.8416,20.37,64.0,1017.0,3.6,scattered clouds,2.0,0.78,89.36,12.26,2.88,Entrainement
2026-05-10 11:05:31.000000,Marrakech,31.6295,-7.9811,18.98,55.0,1017.0,2.06,clear sky,3.0,0.52,106.13,6.36,1.53,Entrainement
2026-05-10 11:05:37.000000,Fes,34.0331,-5.0003,20.08,59.0,1017.0,4.12,broken clouds,2.0,0.31,88.4,7.09,2.01,Entrainement
2026-05-10 12:05:45.000000,Casablanca,33.5731,-7.5898,20.78,52.0,1017.0,3.6,broken clouds,2.0,0.28,92.87,14.23,3.0,Entrainement
2026-05-10 12:05:53.000000,Rabat,34.0209,-6.8416,21.37,60.0,1017.0,2.57,scattered clouds,2.0,0.49,91.98,10.21,2.51,Entrainement
2026-05-10 12:06:00.000000,Marrakech,31.6295,-7.9811,19.98,52.0,1017.0,2.06,scattered clouds,3.0,0.27,110.13,5.19,1.3,Entrainement
2026-05-10 12:06:08.000000,Fes,34.0331,-5.0003,21.08,56.0,1017.0,4.12,broken clouds,2.0,0.18,91.41,7.31,2.06,Entrainement
2026-05-10 13:06:16.000000,Casablanca,33.5731,-7.5898,20.01,64.0,1016.0,4.12,broken clouds,2.0,0.22,92.69,12.06,2.61,Entrainement
2026-05-10 13:06:23.000000,Rabat,34.0209,-6.8416,21.37,60.0,1017.0,3.6,broken clouds,2.0,0.41,92.94,9.39,2.45,Entrainement
2026-05-10 13:06:30.000000,Marrakech,31.6295,-7.9811,21.98,49.0,1016.0,2.06,scattered clouds,3.0,0.22,110.65,5.15,1.34,Entrainement
2026-05-10 13:06:38.000000,Fes,34.0331,-5.0003,21.03,49.0,1016.0,4.63,broken clouds,2.0,0.14,91.46,7.42,2.12,Entrainement
2026-05-10 14:06:45.000000,Casablanca,33.5731,-7.5898,24.93,58.0,1016.0,6.24,overcast clouds,2.0,0.21,93.69,9.9,2.22,Entrainement
2026-05-10 14:06:51.000000,Rabat,34.0209,-6.8416,21.37,56.0,1017.0,3.6,broken clouds,2.0,0.38,95.26,8.18,2.34,Entrainement
2026-05-10 14:06:58.000000,Marrakech,31.6295,-7.9811,22.98,46.0,1015.0,2.57,clear sky,3.0,0.2,121.21,4.21,1.22,Entrainement
2026-05-10 14:07:04.000000,Fes,34.0331,-5.0003,23.08,46.0,1015.0,3.6,broken clouds,2.0,0.13,93.16,6.82,2.0,Entrainement
2026-05-10 15:07:12.000000,Casablanca,33.5731,-7.5898,20.01,60.0,1016.0,5.14,broken clouds,2.0,0.21,93.49,7.31,1.7,Entrainement
2026-05-10 15:07:20.000000,Rabat,34.0209,-6.8416,22.37,53.0,1016.0,3.6,broken clouds,2.0,0.42,95.59,5.79,1.8,Entrainement
2026-05-10 15:07:27.000000,Marrakech,31.6295,-7.9811,23.98,43.0,1015.0,3.09,clear sky,3.0,0.2,125.69,4.3,1.34,Entrainement
2026-05-10 15:07:34.000000,Fes,34.0331,-5.0003,24.08,43.0,1015.0,3.6,broken clouds,2.0,0.13,91.68,7.15,2.13,Entrainement
2026-05-10 16:07:40.000000,Casablanca,33.5731,-7.5898,20.51,56.0,1016.0,4.92,broken clouds,2.0,0.23,93.06,6.42,1.52,Entrainement
2026-05-10 16:07:47.000000,Rabat,34.0209,-6.8416,21.37,60.0,1016.0,4.12,broken clouds,2.0,0.46,95.83,4.93,1.65,Entrainement
2026-05-10 16:07:53.000000,Marrakech,31.6295,-7.9811,24.98,41.0,1013.0,2.57,clear sky,3.0,0.21,124.26,5.61,1.7,Entrainement
2026-05-10 16:08:00.000000,Fes,34.0331,-5.0003,24.1,46.0,1014.0,4.63,broken clouds,2.0,0.14,90.28,7.1,2.1,Entrainement
2026-05-10 17:08:07.000000,Casablanca,33.5731,-7.5898,20.78,60.0,1015.0,4.63,broken clouds,2.0,0.29,93.15,6.01,1.45,Entrainement
2026-05-10 17:08:14.000000,Rabat,34.0209,-6.8416,22.37,60.0,1016.0,3.6,broken clouds,2.0,0.65,95.97,4.39,1.54,Entrainement
2026-05-10 17:08:21.000000,Marrakech,31.6295,-7.9811,24.98,38.0,1013.0,3.09,clear sky,3.0,0.27,121.03,8.37,2.42,Entrainement
2026-05-10 17:08:28.000000,Fes,34.0331,-5.0003,24.08,46.0,1014.0,3.09,broken clouds,2.0,0.21,89.31,7.29,2.15,Entrainement
2026-05-10 18:19:58.000000,Casablanca,33.5731,-7.5898,20.0,64.0,1016.0,4.12,broken clouds,2.0,0.39,92.41,5.95,1.42,Entrainement
2026-05-10 18:20:05.000000,Rabat,34.0209,-6.8416,20.37,73.0,1016.0,2.57,scattered clouds,2.0,0.98,93.96,4.09,1.46,Entrainement
2026-05-10 18:20:13.000000,Marrakech,31.6295,-7.9811,25.98,36.0,1013.0,3.09,clear sky,3.0,0.35,115.3,11.99,3.35,Entrainement
2026-05-10 18:20:20.000000,Fes,34.0331,-5.0003,22.08,46.0,1014.0,4.12,broken clouds,2.0,0.33,87.01,7.51,2.26,Entrainement
2026-05-10 19:20:30.000000,Casablanca,33.5731,-7.5898,18.95,72.0,1016.0,3.6,scattered clouds,2.0,0.52,91.15,5.93,1.39,Entrainement
2026-05-10 19:20:42.000000,Rabat,34.0209,-6.8416,19.37,82.0,1016.0,2.06,scattered clouds,2.0,1.36,91.26,3.87,1.37,Entrainement
2026-05-10 19:21:39.000000,Marrakech,31.6295,-7.9811,24.98,38.0,1014.0,3.6,clear sky,3.0,0.44,110.45,13.81,3.76,Entrainement
2026-05-10 19:21:56.000000,Fes,34.0331,-5.0003,21.08,52.0,1015.0,2.57,broken clouds,2.0,0.49,85.1,7.57,2.36,Entrainement
2026-05-11 08:27:39.000000,Casablanca,33.5731,-7.5898,19.13,68.0,1018.0,2.06,clear sky,1.0,2.87,39.08,17.79,4.55,Entrainement
2026-05-11 08:27:40.000000,Tanger,35.7595,-5.834,17.64,72.0,1018.0,2.57,broken clouds,1.0,6.53,48.38,10.15,4.23,Entrainement
2026-05-11 08:27:42.000000,Karia Ba Mohamed,34.3667,-5.2139,17.73,75.0,1018.0,0.34,scattered clouds,1.0,2.51,27.38,6.19,2.79,Entrainement
2026-05-11 08:27:43.000000,Fes,34.0331,-5.0003,16.14,82.0,1019.0,2.06,broken clouds,1.0,1.74,37.11,6.79,2.86,Entrainement
2026-05-11 09:27:43.000000,Casablanca,33.5731,-7.5898,20.19,56.0,1018.0,2.06,few clouds,2.0,2.67,41.57,20.27,5.05,Entrainement
2026-05-11 09:27:44.000000,Tanger,35.7595,-5.834,18.64,68.0,1018.0,2.57,broken clouds,1.0,6.0,51.11,11.25,4.63,Entrainement
2026-05-11 09:27:46.000000,Karia Ba Mohamed,34.3667,-5.2139,19.48,64.0,1018.0,0.7,broken clouds,1.0,1.97,35.51,6.91,3.0,Entrainement
2026-05-11 09:27:47.000000,Fes,34.0331,-5.0003,18.14,72.0,1019.0,1.03,broken clouds,1.0,1.16,47.25,7.6,3.08,Entrainement
2026-05-11 10:27:49.000000,Casablanca,33.5731,-7.5898,20.0,56.0,1018.0,2.06,few clouds,2.0,3.35,45.41,21.9,5.35,Entrainement
2026-05-11 10:28:02.000000,Rabat,34.0209,-6.8416,20.37,64.0,1018.0,2.06,few clouds,1.0,6.0,51.11,11.25,4.63,Entrainement
2026-05-11 10:28:17.000000,Marrakech,31.6295,-7.9811,19.98,60.0,1017.0,2.06,scattered clouds,2.0,2.87,81.39,10.55,3.23,Entrainement
2026-05-11 10:28:32.000000,Fes,34.0331,-5.0003,18.08,72.0,1019.0,1.03,broken clouds,1.0,1.16,47.25,7.6,3.08,Entrainement
2026-05-11 12:58:28.000000,Casablanca,33.5731,-7.5898,21.01,52.0,1017.0,3.6,few clouds,2.0,0.29,92.1,18.04,4.75,Entrainement
2026-05-11 12:58:36.000000,Rabat,34.0209,-6.8416,21.37,60.0,1018.0,3.6,few clouds,2.0,0.62,97.65,10.86,5.79,Entrainement
2026-05-11 12:58:43.000000,Marrakech,31.6295,-7.9811,22.98,49.0,1016.0,2.06,scattered clouds,3.0,0.16,105.34,7.51,2.11,Entrainement
2026-05-11 12:58:51.000000,Fes,34.0331,-5.0003,24.08,46.0,1016.0,2.06,scattered clouds,2.0,0.16,87.24,9.26,3.96,Entrainement
2026-05-11 13:48:25.000000,Casablanca,33.5731,-7.5898,20.74,52.0,1017.0,4.12,clear sky,2.0,0.29,96.72,12.85,4.26,Entrainement
2026-05-11 13:48:27.000000,Tanger,35.7595,-5.834,20.64,68.0,1017.0,5.14,scattered clouds,3.0,0.54,104.34,10.15,5.96,Entrainement
2026-05-11 13:48:28.000000,Karia Ba Mohamed,34.3667,-5.2139,25.4,38.0,1015.0,2.61,clear sky,2.0,0.2,89.6,8.91,4.1,Entrainement
2026-05-11 13:48:30.000000,Fes,34.0331,-5.0003,25.14,38.0,1015.0,2.57,few clouds,2.0,0.16,88.92,8.01,3.58,Entrainement
2026-05-11 13:58:58.000000,Casablanca,33.5731,-7.5898,21.01,46.0,1017.0,3.6,few clouds,2.0,0.28,95.23,16.68,4.75,Entrainement
2026-05-11 13:59:05.000000,Rabat,34.0209,-6.8416,21.37,64.0,1017.0,4.12,few clouds,3.0,0.53,101.81,10.65,5.91,Entrainement
2026-05-11 13:59:13.000000,Marrakech,31.6295,-7.9811,25.98,41.0,1015.0,2.06,clear sky,3.0,0.17,105.72,7.02,2.09,Entrainement
2026-05-11 13:59:20.000000,Fes,34.0331,-5.0003,25.08,38.0,1016.0,2.57,few clouds,2.0,0.15,88.86,8.5,3.72,Entrainement
2026-05-11 14:48:32.000000,Casablanca,33.5731,-7.5898,20.18,60.0,1016.0,4.63,clear sky,2.0,0.34,98.15,10.77,4.1,Entrainement
2026-05-11 14:48:34.000000,Tanger,35.7595,-5.834,20.64,64.0,1016.0,4.12,scattered clouds,3.0,0.62,106.78,10.09,6.3,Entrainement
2026-05-11 14:48:35.000000,Karia Ba Mohamed,34.3667,-5.2139,26.19,36.0,1014.0,3.59,clear sky,2.0,0.23,90.01,8.75,4.18,Entrainement
2026-05-11 14:48:37.000000,Fes,34.0331,-5.0003,25.14,38.0,1014.0,2.06,few clouds,2.0,0.18,88.43,7.97,3.65,Entrainement
2026-05-11 15:12:29.000000,Casablanca,33.5731,-7.5898,20.28,56.0,1016.0,4.63,clear sky,2.0,0.31,96.85,14.74,4.66,Entrainement
2026-05-11 15:12:35.000000,Rabat,34.0209,-6.8416,21.37,52.0,1017.0,4.12,few clouds,3.0,0.54,104.34,10.15,5.96,Entrainement
2026-05-11 15:12:42.000000,Marrakech,31.6295,-7.9811,26.98,39.0,1014.0,1.03,few clouds,3.0,0.17,104.15,6.85,2.14,Entrainement
2026-05-11 15:12:48.000000,Fes,34.0331,-5.0003,25.08,38.0,1015.0,2.57,few clouds,2.0,0.16,88.92,8.01,3.58,Entrainement
2026-05-11 15:48:39.000000,Casablanca,33.5731,-7.5898,20.18,56.0,1016.0,4.63,clear sky,2.0,0.43,99.31,8.76,3.66,Entrainement
2026-05-11 15:48:40.000000,Tanger,35.7595,-5.834,20.64,64.0,1016.0,4.63,scattered clouds,3.0,0.81,109.86,10.19,6.76,Entrainement
2026-05-11 15:48:42.000000,Karia Ba Mohamed,34.3667,-5.2139,26.34,35.0,1014.0,3.73,clear sky,2.0,0.31,91.5,8.89,4.45,Entrainement
2026-05-11 15:48:44.000000,Fes,34.0331,-5.0003,26.14,38.0,1013.0,2.57,few clouds,2.0,0.25,88.78,8.07,3.79,Entrainement
2026-05-11 16:13:05.000000,Casablanca,33.5731,-7.5898,19.99,60.0,1016.0,4.47,clear sky,2.0,0.35,98.38,12.83,4.54,Entrainement
2026-05-11 16:13:33.000000,Rabat,34.0209,-6.8416,21.37,60.0,1016.0,4.63,few clouds,3.0,0.62,106.78,10.09,6.3,Entrainement
2026-05-11 16:13:46.000000,Marrakech,31.6295,-7.9811,26.98,36.0,1013.0,3.09,few clouds,3.0,0.19,102.23,7.19,2.29,Entrainement
2026-05-11 16:13:56.000000,Fes,34.0331,-5.0003,26.08,36.0,1014.0,3.6,few clouds,2.0,0.18,88.43,7.97,3.65,Entrainement
2026-05-11 16:48:46.000000,Casablanca,33.5731,-7.5898,20.19,60.0,1017.0,3.6,clear sky,2.0,0.52,98.79,5.95,2.27,Entrainement
2026-05-11 16:48:49.000000,Tanger,35.7595,-5.834,19.64,64.0,1016.0,4.63,scattered clouds,3.0,1.09,107.68,7.59,4.86,Entrainement
2026-05-11 16:48:52.000000,Karia Ba Mohamed,34.3667,-5.2139,26.08,34.0,1013.0,3.41,clear sky,2.0,0.47,90.65,7.89,4.21,Entrainement
2026-05-11 16:48:56.000000,Fes,34.0331,-5.0003,26.14,38.0,1013.0,2.57,few clouds,2.0,0.4,86.46,6.96,3.28,Entrainement
2026-05-11 17:19:38.000000,Casablanca,33.5731,-7.5898,20.0,60.0,1016.0,3.6,clear sky,3.0,0.43,100.33,9.08,3.41,Entrainement
2026-05-11 17:19:44.000000,Rabat,34.0209,-6.8416,20.37,64.0,1016.0,3.6,clear sky,3.0,0.76,107.4,7.95,4.89,Entrainement
2026-05-11 17:19:51.000000,Marrakech,31.6295,-7.9811,26.98,36.0,1013.0,4.63,few clouds,2.0,0.21,86.56,15.68,4.81,Entrainement
2026-05-11 17:19:58.000000,Fes,34.0331,-5.0003,26.08,36.0,1013.0,2.06,few clouds,2.0,0.25,88.1,6.73,3.06,Entrainement
2026-05-11 18:03:32.000000,Casablanca,33.5731,-7.5898,20.19,60.0,1017.0,3.09,clear sky,2.0,0.66,98.08,5.55,1.93,Entrainement
2026-05-11 18:03:34.000000,Tanger,35.7595,-5.834,19.64,56.0,1016.0,3.09,scattered clouds,3.0,1.52,106.03,7.08,4.5,Entrainement
2026-05-11 18:03:36.000000,Karia Ba Mohamed,34.3667,-5.2139,24.86,39.0,1014.0,4.68,clear sky,2.0,0.64,89.93,8.16,4.55,Entrainement
2026-05-11 18:03:37.000000,Fes,34.0331,-5.0003,24.14,43.0,1013.0,3.6,few clouds,2.0,0.58,84.95,7.3,3.6,Entrainement
2026-05-11 18:20:05.000000,Casablanca,33.5731,-7.5898,20.0,60.0,1017.0,3.09,clear sky,3.0,0.56,101.34,7.91,3.08,Entrainement
2026-05-11 18:20:13.000000,Rabat,34.0209,-6.8416,20.37,64.0,1016.0,4.63,clear sky,3.0,1.09,107.68,7.59,4.86,Entrainement
2026-05-11 18:20:20.000000,Marrakech,31.6295,-7.9811,27.98,36.0,1014.0,4.63,few clouds,2.0,0.29,88.93,17.41,5.07,Entrainement
2026-05-11 18:20:27.000000,Fes,34.0331,-5.0003,25.08,43.0,1013.0,3.6,few clouds,2.0,0.4,86.46,6.96,3.28,Entrainement
2026-05-11 19:03:39.000000,Casablanca,33.5731,-7.5898,20.19,52.0,1017.0,2.57,clear sky,2.0,1.02,94.49,5.63,1.72,Entrainement
2026-05-11 19:03:41.000000,Tanger,35.7595,-5.834,18.64,59.0,1016.0,2.57,scattered clouds,2.0,2.44,99.98,6.51,3.96,Entrainement
2026-05-11 19:03:43.000000,Karia Ba Mohamed,34.3667,-5.2139,20.38,56.0,1015.0,6.73,clear sky,2.0,0.93,88.19,8.29,4.78,Entrainement
2026-05-11 19:03:45.000000,Fes,34.0331,-5.0003,23.14,49.0,1015.0,3.09,clear sky,2.0,0.88,82.66,7.71,4.04,Entrainement
2026-05-11 19:20:34.000000,Casablanca,33.5731,-7.5898,20.0,52.0,1017.0,2.57,clear sky,3.0,0.73,101.02,7.14,2.72,Entrainement
2026-05-11 19:20:40.000000,Rabat,34.0209,-6.8416,19.37,63.0,1017.0,3.09,clear sky,3.0,1.52,106.03,7.08,4.5,Entrainement
2026-05-11 19:20:46.000000,Marrakech,31.6295,-7.9811,25.98,38.0,1014.0,6.17,few clouds,2.0,0.36,90.17,17.85,4.94,Entrainement
2026-05-11 19:20:52.000000,Fes,34.0331,-5.0003,24.08,46.0,1013.0,3.6,clear sky,2.0,0.58,84.95,7.3,3.6,Entrainement
2026-05-11 20:03:48.000000,Casablanca,33.5731,-7.5898,18.56,61.0,1019.0,1.54,clear sky,2.0,1.4,90.69,6.21,1.67,Entrainement
2026-05-11 20:03:49.000000,Tanger,35.7595,-5.834,17.64,68.0,1017.0,1.54,few clouds,2.0,3.32,94.15,6.22,3.53,Entrainement
2026-05-11 20:03:51.000000,Karia Ba Mohamed,34.3667,-5.2139,18.17,59.0,1017.0,5.84,few clouds,2.0,1.16,86.8,8.32,4.95,Entrainement
2026-05-11 20:03:53.000000,Fes,34.0331,-5.0003,20.14,59.0,1017.0,2.06,clear sky,2.0,1.12,80.5,8.11,4.53,Entrainement
2026-05-11 20:21:00.000000,Casablanca,33.5731,-7.5898,18.95,59.0,1018.0,1.54,clear sky,2.0,1.13,97.24,6.84,2.39,Entrainement
2026-05-11 20:21:09.000000,Rabat,34.0209,-6.8416,18.37,68.0,1017.0,2.06,clear sky,2.0,2.44,99.98,6.51,3.96,Entrainement
2026-05-11 20:21:16.000000,Marrakech,31.6295,-7.9811,22.98,43.0,1017.0,5.14,few clouds,2.0,0.55,91.83,16.54,4.4,Entrainement
2026-05-11 20:21:23.000000,Fes,34.0331,-5.0003,21.08,56.0,1015.0,2.57,clear sky,2.0,0.88,82.66,7.71,4.04,Entrainement
2026-05-11 21:03:54.000000,Casablanca,33.5731,-7.5898,18.07,63.0,1019.0,1.54,clear sky,2.0,1.57,87.97,6.88,1.7,Entrainement
2026-05-11 21:03:56.000000,Tanger,35.7595,-5.834,16.64,67.0,1018.0,0.51,few clouds,2.0,3.68,90.07,6.14,3.22,Entrainement
2026-05-11 21:03:57.000000,Karia Ba Mohamed,34.3667,-5.2139,16.89,64.0,1019.0,4.01,few clouds,2.0,1.32,85.88,8.24,5.04,Entrainement
2026-05-11 21:03:58.000000,Fes,34.0331,-5.0003,17.14,72.0,1018.0,3.09,clear sky,2.0,1.28,79.26,8.39,4.96,Entrainement
2026-05-11 21:21:31.000000,Casablanca,33.5731,-7.5898,17.89,63.0,1019.0,1.54,clear sky,2.0,1.56,93.32,7.2,2.22,Entrainement
2026-05-11 21:21:38.000000,Rabat,34.0209,-6.8416,17.37,72.0,1018.0,1.54,scattered clouds,2.0,3.32,94.15,6.22,3.53,Entrainement
2026-05-11 21:21:45.000000,Marrakech,31.6295,-7.9811,20.98,46.0,1018.0,5.14,few clouds,2.0,0.77,95.02,15.45,3.92,Entrainement
2026-05-11 21:21:51.000000,Fes,34.0331,-5.0003,18.03,67.0,1017.0,6.17,clear sky,2.0,1.12,80.5,8.11,4.53,Entrainement
2026-05-11 22:21:58.000000,Casablanca,33.5731,-7.5898,16.84,67.0,1019.0,1.54,clear sky,2.0,1.79,90.34,7.72,2.14,Entrainement
2026-05-11 22:22:04.000000,Rabat,34.0209,-6.8416,14.37,88.0,1019.0,0.0,few clouds,2.0,3.68,90.07,6.14,3.22,Entrainement
2026-05-11 22:22:10.000000,Marrakech,31.6295,-7.9811,19.98,45.0,1019.0,4.63,few clouds,2.0,0.86,96.13,15.09,3.62,Entrainement
2026-05-11 22:22:16.000000,Fes,34.0331,-5.0003,16.08,77.0,1018.0,4.12,clear sky,2.0,1.28,79.26,8.39,4.96,Entrainement
2026-05-12 09:45:51.000000,Casablanca,33.5731,-7.5898,18.95,63.0,1022.0,1.54,clear sky,2.0,3.28,55.67,22.31,5.44,Test
2026-05-12 09:46:04.000000,Rabat,34.0209,-6.8416,20.37,56.0,1022.0,3.09,scattered clouds,1.0,5.73,52.48,13.81,5.4,Test
2026-05-12 09:46:17.000000,Marrakech,31.6295,-7.9811,17.98,59.0,1021.0,1.54,scattered clouds,2.0,3.52,71.27,19.23,4.61,Test
2026-05-12 09:46:29.000000,Fes,34.0331,-5.0003,18.08,67.0,1022.0,1.54,scattered clouds,1.0,1.16,55.03,7.32,4.95,Test
2026-05-12 09:52:09.000000,Casablanca,33.5731,-7.5898,20.19,56.0,1022.0,2.06,scattered clouds,2.0,0.44,89.64,11.12,2.53,Test
2026-05-12 09:52:11.000000,Tanger,35.7595,-5.834,19.64,60.0,1022.0,6.69,scattered clouds,2.0,1.44,90.22,9.21,3.87,Test
2026-05-12 09:52:12.000000,Karia Ba Mohamed,34.3667,-5.2139,21.16,52.0,1022.0,2.02,scattered clouds,2.0,0.41,89.12,7.4,4.34,Test
2026-05-12 09:52:14.000000,Fes,34.0331,-5.0003,19.14,59.0,1022.0,2.57,scattered clouds,2.0,0.38,86.32,7.48,4.43,Test
2026-05-12 10:46:41.000000,Casablanca,33.5731,-7.5898,20.0,56.0,1022.0,2.06,scattered clouds,2.0,0.62,89.86,14.17,3.26,Test
2026-05-12 10:46:56.000000,Rabat,34.0209,-6.8416,22.37,56.0,1022.0,3.09,few clouds,2.0,1.44,90.22,9.21,3.87,Test
2026-05-12 10:47:02.000000,Marrakech,31.6295,-7.9811,18.98,55.0,1021.0,2.06,broken clouds,2.0,1.0,91.37,15.67,3.84,Test
2026-05-12 10:47:17.000000,Fes,34.0331,-5.0003,19.08,59.0,1022.0,2.57,scattered clouds,2.0,0.38,86.32,7.48,4.43,Test
2026-05-12 10:52:16.000000,Casablanca,33.5731,-7.5898,20.96,60.0,1022.0,3.09,scattered clouds,2.0,0.23,93.49,8.82,1.95,Test
2026-05-12 10:52:17.000000,Tanger,35.7595,-5.834,19.64,64.0,1022.0,5.14,scattered clouds,2.0,0.67,96.44,6.78,2.98,Test
2026-05-12 10:52:21.000000,Karia Ba Mohamed,34.3667,-5.2139,21.67,46.0,1021.0,2.61,few clouds,2.0,0.22,91.62,6.73,3.61,Test
2026-05-12 10:52:22.000000,Fes,34.0331,-5.0003,20.14,52.0,1022.0,4.12,scattered clouds,2.0,0.21,88.63,7.59,4.09,Test
2026-05-12 11:47:29.000000,Casablanca,33.5731,-7.5898,20.78,60.0,1021.0,3.09,scattered clouds,2.0,0.31,93.84,11.7,2.64,Test
2026-05-12 11:47:40.000000,Rabat,34.0209,-6.8416,21.37,56.0,1022.0,4.12,clear sky,2.0,0.67,96.44,6.78,2.98,Test
2026-05-12 11:47:47.000000,Marrakech,31.6295,-7.9811,19.98,52.0,1020.0,3.09,broken clouds,2.0,0.46,97.29,13.19,3.49,Test
2026-05-12 11:48:01.000000,Fes,34.0331,-5.0003,20.08,52.0,1022.0,4.12,scattered clouds,2.0,0.21,88.63,7.59,4.09,Test
2026-05-12 11:52:24.000000,Casablanca,33.5731,-7.5898,21.85,53.0,1021.0,3.09,scattered clouds,2.0,0.21,94.6,8.57,1.94,Test
2026-05-12 11:52:25.000000,Tanger,35.7595,-5.834,20.64,60.0,1021.0,5.14,scattered clouds,2.0,0.49,99.34,6.59,3.07,Test
2026-05-12 11:52:26.000000,Karia Ba Mohamed,34.3667,-5.2139,22.87,40.0,1021.0,3.0,few clouds,2.0,0.18,91.61,6.86,3.51,Test
2026-05-12 11:52:28.000000,Fes,34.0331,-5.0003,22.14,43.0,1021.0,4.63,broken clouds,2.0,0.15,88.5,8.01,4.06,Test
2026-05-12 12:48:16.000000,Casablanca,33.5731,-7.5898,22.01,53.0,1021.0,3.09,scattered clouds,2.0,0.26,95.15,11.43,2.64,Test
2026-05-12 12:48:30.000000,Rabat,34.0209,-6.8416,22.37,60.0,1022.0,4.12,clear sky,2.0,0.49,99.34,6.59,3.07,Test
2026-05-12 12:48:45.000000,Marrakech,31.6295,-7.9811,21.98,46.0,1019.0,2.06,broken clouds,3.0,0.32,100.14,11.3,3.22,Test
2026-05-12 12:48:58.000000,Fes,34.0331,-5.0003,22.08,43.0,1021.0,4.63,broken clouds,2.0,0.15,88.5,8.01,4.06,Test
2026-05-12 12:52:29.000000,Casablanca,33.5731,-7.5898,20.74,56.0,1021.0,4.12,scattered clouds,2.0,0.23,97.33,8.54,2.13,Test
2026-05-12 12:52:31.000000,Tanger,35.7595,-5.834,20.64,64.0,1021.0,6.17,scattered clouds,3.0,0.47,103.61,6.8,3.39,Test
2026-05-12 12:52:32.000000,Karia Ba Mohamed,34.3667,-5.2139,23.96,37.0,1020.0,3.87,clear sky,2.0,0.17,94.07,6.31,3.2,Test
2026-05-12 12:52:34.000000,Fes,34.0331,-5.0003,24.14,35.0,1020.0,5.14,broken clouds,2.0,0.13,91.26,6.9,3.33,Test
2026-05-12 13:49:08.000000,Casablanca,33.5731,-7.5898,21.01,56.0,1021.0,4.12,scattered clouds,2.0,0.26,97.99,10.54,2.63,Test
2026-05-12 13:49:14.000000,Rabat,34.0209,-6.8416,22.37,56.0,1021.0,3.6,clear sky,3.0,0.47,103.61,6.8,3.39,Test
2026-05-12 13:49:21.000000,Marrakech,31.6295,-7.9811,22.98,40.0,1018.0,2.57,broken clouds,3.0,0.22,105.22,6.22,1.95,Test
2026-05-12 13:49:28.000000,Fes,34.0331,-5.0003,24.08,35.0,1020.0,5.14,broken clouds,2.0,0.13,91.26,6.9,3.33,Test
2026-05-12 13:52:35.000000,Casablanca,33.5731,-7.5898,21.85,49.0,1021.0,4.12,scattered clouds,3.0,0.27,100.09,7.96,2.31,Test
2026-05-12 13:52:37.000000,Tanger,35.7595,-5.834,20.64,68.0,1021.0,5.66,scattered clouds,3.0,0.5,106.54,6.73,3.61,Test
2026-05-12 13:52:38.000000,Karia Ba Mohamed,34.3667,-5.2139,24.69,32.0,1019.0,3.51,clear sky,2.0,0.18,95.74,5.37,2.83,Test
2026-05-12 13:52:39.000000,Fes,34.0331,-5.0003,25.14,33.0,1019.0,5.66,broken clouds,2.0,0.13,92.72,5.54,2.69,Test
2026-05-12 14:03:08.000000,Casablanca,33.5731,-7.5898,21.85,49.0,1021.0,4.12,scattered clouds,3.0,0.27,100.09,7.96,2.31,Test
2026-05-12 14:03:09.000000,Tanger,35.7595,-5.834,20.64,68.0,1021.0,5.66,scattered clouds,3.0,0.5,106.54,6.73,3.61,Test
2026-05-12 14:03:11.000000,Karia Ba Mohamed,34.3667,-5.2139,24.69,32.0,1019.0,3.51,clear sky,2.0,0.18,95.74,5.37,2.83,Test
2026-05-12 14:03:12.000000,Fes,34.0331,-5.0003,25.14,33.0,1019.0,5.66,broken clouds,2.0,0.13,92.72,5.54,2.69,Test
2026-05-12 14:49:34.000000,Casablanca,33.5731,-7.5898,22.01,49.0,1021.0,4.12,scattered clouds,3.0,0.29,100.5,9.25,2.61,Test
2026-05-12 14:49:41.000000,Rabat,34.0209,-6.8416,21.37,56.0,1021.0,4.12,few clouds,3.0,0.5,106.54,6.73,3.61,Test
2026-05-12 14:49:47.000000,Marrakech,31.6295,-7.9811,25.98,36.0,1018.0,2.06,broken clouds,3.0,0.22,107.13,4.86,1.62,Test
2026-05-12 14:49:53.000000,Fes,34.0331,-5.0003,25.08,33.0,1019.0,5.66,broken clouds,2.0,0.13,92.72,5.54,2.69,Test
2026-05-12 15:03:14.000000,Casablanca,33.5731,-7.5898,21.85,46.0,1020.0,3.09,clear sky,3.0,0.34,102.17,7.6,2.53,Test
2026-05-12 15:03:16.000000,Tanger,35.7595,-5.834,20.64,64.0,1020.0,5.66,scattered clouds,3.0,0.57,109.0,6.82,3.91,Test
2026-05-12 15:03:18.000000,Karia Ba Mohamed,34.3667,-5.2139,25.36,30.0,1018.0,3.61,clear sky,2.0,0.21,97.05,4.97,2.74,Test
2026-05-12 15:03:19.000000,Fes,34.0331,-5.0003,25.14,31.0,1018.0,5.66,broken clouds,2.0,0.15,93.7,4.93,2.44,Test
2026-05-12 15:50:02.000000,Casablanca,33.5731,-7.5898,22.01,46.0,1020.0,3.09,clear sky,3.0,0.34,102.7,8.55,2.74,Test
2026-05-12 15:50:09.000000,Rabat,34.0209,-6.8416,22.37,53.0,1021.0,4.12,few clouds,3.0,0.57,109.0,6.82,3.91,Test
2026-05-12 15:50:18.000000,Marrakech,31.6295,-7.9811,24.98,33.0,1017.0,2.57,scattered clouds,3.0,0.25,107.95,5.0,1.69,Test
2026-05-12 15:50:24.000000,Fes,34.0331,-5.0003,25.08,31.0,1019.0,5.66,broken clouds,2.0,0.15,93.7,4.93,2.44,Test
2026-05-12 17:53:20.000000,Casablanca,33.5731,-7.5898,20.96,56.0,1020.0,3.6,clear sky,3.0,0.83,108.24,7.27,2.85,Test
2026-05-12 17:53:22.000000,Tanger,35.7595,-5.834,19.64,64.0,1020.0,5.14,scattered clouds,3.0,1.65,111.52,7.89,4.9,Test
2026-05-12 17:53:23.000000,Karia Ba Mohamed,34.3667,-5.2139,22.92,41.0,1018.0,6.58,clear sky,2.0,0.55,99.94,5.28,3.33,Test
2026-05-12 17:53:25.000000,Fes,34.0331,-5.0003,23.14,37.0,1018.0,5.14,scattered clouds,2.0,0.48,94.21,4.73,2.73,Test
2026-05-12 18:53:28.000000,Casablanca,33.5731,-7.5898,20.19,60.0,1021.0,3.6,clear sky,3.0,1.31,105.37,7.21,2.59,Test
2026-05-12 18:53:30.000000,Tanger,35.7595,-5.834,18.64,68.0,1021.0,4.63,few clouds,3.0,2.48,105.76,7.29,4.35,Test
2026-05-12 18:53:31.000000,Karia Ba Mohamed,34.3667,-5.2139,19.89,50.0,1019.0,5.08,clear sky,2.0,0.8,97.93,5.53,3.53,Test
2026-05-12 18:53:33.000000,Fes,34.0331,-5.0003,21.14,49.0,1019.0,4.63,few clouds,2.0,0.83,90.58,4.99,3.04,Test
2026-05-12 19:04:00.000000,Casablanca,33.5731,-7.5898,20.78,56.0,1020.0,3.6,clear sky,3.0,0.83,110.14,8.2,3.39,Test
2026-05-12 19:04:19.000000,Rabat,34.0209,-6.8416,20.37,60.0,1020.0,4.12,clear sky,3.0,1.65,111.52,7.89,4.9,Test
2026-05-12 19:04:34.000000,Marrakech,31.6295,-7.9811,26.98,28.0,1016.0,1.54,scattered clouds,3.0,0.68,106.21,8.47,2.66,Test
2026-05-12 19:04:48.000000,Fes,34.0331,-5.0003,23.08,37.0,1018.0,5.14,scattered clouds,2.0,0.48,94.21,4.73,2.73,Test
2026-05-12 19:53:35.000000,Casablanca,33.5731,-7.5898,19.13,63.0,1022.0,3.09,clear sky,3.0,1.82,102.29,7.6,2.42,Test
2026-05-12 19:53:38.000000,Tanger,35.7595,-5.834,17.64,72.0,1021.0,3.09,few clouds,3.0,3.16,100.63,6.84,3.85,Test
2026-05-12 19:53:40.000000,Karia Ba Mohamed,34.3667,-5.2139,17.63,55.0,1020.0,3.61,clear sky,2.0,1.06,95.56,5.81,3.72,Test
2026-05-12 19:53:42.000000,Fes,34.0331,-5.0003,19.14,59.0,1021.0,3.6,few clouds,2.0,1.19,86.38,5.36,3.43,Test
2026-05-12 20:53:43.000000,Casablanca,33.5731,-7.5898,18.07,72.0,1022.0,2.57,clear sky,2.0,2.04,99.64,8.01,2.32,Test
2026-05-12 20:53:45.000000,Tanger,35.7595,-5.834,16.64,77.0,1022.0,2.57,few clouds,2.0,3.32,96.8,6.53,3.42,Test
2026-05-12 20:53:47.000000,Karia Ba Mohamed,34.3667,-5.2139,16.47,60.0,1022.0,2.88,clear sky,2.0,1.27,93.01,6.12,3.89,Test
2026-05-12 20:53:48.000000,Fes,34.0331,-5.0003,17.14,63.0,1022.0,3.09,few clouds,2.0,1.48,83.23,5.82,3.82,Test
2026-05-12 21:53:50.000000,Casablanca,33.5731,-7.5898,18.07,72.0,1022.0,2.06,clear sky,2.0,2.19,95.44,8.46,2.35,Test
2026-05-12 21:53:51.000000,Tanger,35.7595,-5.834,16.64,77.0,1022.0,2.06,few clouds,2.0,3.41,92.51,6.4,3.19,Test
2026-05-12 21:53:53.000000,Karia Ba Mohamed,34.3667,-5.2139,15.54,64.0,1022.0,2.1,clear sky,2.0,1.62,85.4,6.17,3.88,Test
2026-05-12 21:53:54.000000,Fes,34.0331,-5.0003,16.14,67.0,1022.0,2.57,few clouds,2.0,1.79,77.36,6.02,3.99,Test
2026-05-12 22:37:52.000000,Casablanca,33.5731,-7.5898,17.89,72.0,1022.0,2.06,clear sky,2.0,2.29,96.46,8.94,2.87,Test
2026-05-12 22:40:30.000000,Marrakech,31.6295,-7.9811,20.97,49.0,1021.0,6.17,scattered clouds,2.0,1.43,90.38,13.38,3.68,Test
2026-05-12 22:40:41.000000,Fes,34.0331,-5.0003,17.08,63.0,1022.0,2.57,few clouds,2.0,1.79,77.36,6.02,3.99,Test
2026-05-12 22:43:35.000000,Rabat,34.0209,-6.8416,15.37,88.0,1022.0,1.54,clear sky,2.0,3.41,92.51,6.4,3.19,Test
2026-05-13 09:28:53.000000,Casablanca,33.5731,-7.5898,18.95,68.0,1021.0,1.54,few clouds,2.0,2.88,72.63,15.43,5.63,Test
2026-05-13 09:29:06.000000,Rabat,34.0209,-6.8416,18.37,88.0,1021.0,2.06,clear sky,2.0,4.92,64.57,9.61,4.66,Test
2026-05-13 09:29:21.000000,Marrakech,31.6295,-7.9811,17.98,68.0,1020.0,1.03,clear sky,2.0,4.34,80.04,13.04,4.16,Test
2026-05-13 09:29:27.000000,Fes,34.0331,-5.0003,17.08,72.0,1021.0,2.06,clear sky,1.0,2.35,37.8,6.7,4.2,Test
2026-05-13 10:29:37.000000,Casablanca,33.5731,-7.5898,20.0,60.0,1021.0,1.54,few clouds,2.0,2.36,79.73,16.04,5.97,Test
2026-05-13 10:29:45.000000,Rabat,34.0209,-6.8416,20.37,64.0,1021.0,2.06,few clouds,2.0,4.57,68.71,10.36,5.11,Test
2026-05-13 10:29:55.000000,Marrakech,31.6295,-7.9811,18.98,59.0,1019.0,1.03,clear sky,2.0,3.59,79.23,13.58,4.28,Test
2026-05-13 10:30:07.000000,Fes,34.0331,-5.0003,19.08,63.0,1020.0,3.6,clear sky,2.0,0.47,87.64,7.81,4.65,Test
2026-05-13 11:30:13.000000,Casablanca,33.5731,-7.5898,20.01,52.0,1020.0,2.57,clear sky,3.0,0.72,106.84,14.29,5.97,Test
2026-05-13 11:30:20.000000,Rabat,34.0209,-6.8416,21.37,60.0,1020.0,3.6,few clouds,3.0,1.32,103.56,11.25,6.51,Test
2026-05-13 11:30:26.000000,Marrakech,31.6295,-7.9811,21.97,53.0,1019.0,2.06,clear sky,3.0,0.43,104.52,10.13,3.2,Test
2026-05-13 11:30:32.000000,Fes,34.0331,-5.0003,21.08,52.0,1020.0,1.54,clear sky,2.0,0.26,93.49,7.75,4.68,Test
2026-05-13 11:38:46.000000,Casablanca,33.5731,-7.5898,20.18,49.0,1020.0,3.6,clear sky,3.0,0.55,111.13,14.0,6.67,Test
2026-05-13 11:38:48.000000,Tanger,35.7595,-5.834,19.64,64.0,1020.0,3.6,scattered clouds,3.0,0.95,108.39,12.15,7.63,Test
2026-05-13 11:38:49.000000,Karia Ba Mohamed,34.3667,-5.2139,23.48,36.0,1019.0,3.03,clear sky,2.0,0.3,96.02,8.24,4.62,Test
2026-05-13 11:38:51.000000,Fes,34.0331,-5.0003,23.14,43.0,1019.0,2.57,few clouds,2.0,0.21,95.06,7.81,4.77,Test
2026-05-13 12:30:40.000000,Casablanca,33.5731,-7.5898,20.01,49.0,1020.0,3.6,clear sky,3.0,0.55,110.7,14.93,6.83,Test
2026-05-13 12:30:47.000000,Rabat,34.0209,-6.8416,21.37,60.0,1020.0,4.12,few clouds,3.0,0.95,108.39,12.15,7.63,Test
2026-05-13 12:30:54.000000,Marrakech,31.6295,-7.9811,22.98,46.0,1018.0,2.06,clear sky,3.0,0.35,105.64,10.18,3.28,Test
2026-05-13 12:31:01.000000,Fes,34.0331,-5.0003,23.03,43.0,1019.0,2.57,few clouds,2.0,0.21,95.06,7.81,4.77,Test
2026-05-13 12:38:52.000000,Casablanca,33.5731,-7.5898,20.74,56.0,1020.0,3.09,clear sky,3.0,0.47,115.73,13.62,6.95,Test
2026-05-13 12:38:53.000000,Tanger,35.7595,-5.834,19.64,68.0,1020.0,3.6,scattered clouds,3.0,0.7,112.44,11.34,7.34,Test
2026-05-13 12:38:55.000000,Karia Ba Mohamed,34.3667,-5.2139,24.62,29.0,1018.0,3.47,clear sky,2.0,0.24,99.99,7.72,4.33,Test
2026-05-13 12:38:56.000000,Fes,34.0331,-5.0003,24.14,35.0,1018.0,2.57,few clouds,2.0,0.19,99.11,7.38,4.44,Test
2026-05-13 13:31:08.000000,Casablanca,33.5731,-7.5898,21.01,56.0,1020.0,3.09,clear sky,3.0,0.55,110.7,14.93,6.83,Test
2026-05-13 13:31:15.000000,Rabat,34.0209,-6.8416,21.37,56.0,1020.0,4.12,clear sky,3.0,0.95,108.39,12.15,7.63,Test
2026-05-13 13:31:21.000000,Marrakech,31.6295,-7.9811,23.98,43.0,1017.0,2.06,clear sky,3.0,0.29,112.67,7.82,2.55,Test
2026-05-13 13:31:28.000000,Fes,34.0331,-5.0003,24.01,35.0,1020.0,2.57,few clouds,2.0,0.21,95.06,7.81,4.77,Test
2026-05-13 13:38:58.000000,Casablanca,33.5731,-7.5898,20.74,56.0,1019.0,3.6,few clouds,3.0,0.45,115.2,12.61,6.57,Test
2026-05-13 13:38:59.000000,Tanger,35.7595,-5.834,20.64,60.0,1019.0,4.12,scattered clouds,3.0,0.63,112.69,9.31,5.99,Test
2026-05-13 13:39:01.000000,Karia Ba Mohamed,34.3667,-5.2139,25.2,26.0,1017.0,4.0,clear sky,3.0,0.23,101.89,6.68,3.39,Test
2026-05-13 13:39:02.000000,Fes,34.0331,-5.0003,24.14,28.0,1017.0,2.57,few clouds,3.0,0.19,100.82,6.96,3.81,Test
2026-05-13 14:31:34.000000,Casablanca,33.5731,-7.5898,21.01,56.0,1020.0,3.6,few clouds,3.0,0.47,114.77,14.32,6.9,Test
2026-05-13 14:31:41.000000,Rabat,34.0209,-6.8416,21.37,56.0,1020.0,5.14,clear sky,3.0,0.71,112.51,9.75,6.21,Test
2026-05-13 14:31:47.000000,Marrakech,31.6295,-7.9811,26.98,34.0,1016.0,2.57,scattered clouds,3.0,0.27,113.5,7.01,2.43,Test
2026-05-13 14:31:53.000000,Fes,34.0331,-5.0003,24.08,28.0,1017.0,2.57,few clouds,3.0,0.18,100.35,7.4,4.02,Test
2026-05-13 14:39:05.000000,Casablanca,33.5731,-7.5898,20.74,60.0,1019.0,3.09,few clouds,3.0,0.49,115.26,12.24,6.53,Test
2026-05-13 14:39:07.000000,Tanger,35.7595,-5.834,20.64,60.0,1019.0,4.12,scattered clouds,3.0,0.67,111.57,9.06,5.82,Test
2026-05-13 14:39:09.000000,Karia Ba Mohamed,34.3667,-5.2139,25.58,25.0,1016.0,4.08,clear sky,3.0,0.25,101.5,6.37,3.22,Test
2026-05-13 14:39:10.000000,Fes,34.0331,-5.0003,25.14,31.0,1016.0,3.6,few clouds,3.0,0.21,101.09,6.59,3.62,Test
2026-05-13 15:32:00.000000,Casablanca,33.5731,-7.5898,21.01,60.0,1019.0,3.09,few clouds,3.0,0.47,115.18,12.4,6.53,Test
2026-05-13 15:32:07.000000,Rabat,34.0209,-6.8416,21.35,60.0,1020.0,4.63,clear sky,3.0,0.67,111.57,9.06,5.82,Test
2026-05-13 15:32:13.000000,Marrakech,31.6295,-7.9811,27.97,32.0,1016.0,2.06,scattered clouds,3.0,0.29,113.25,7.47,2.56,Test
2026-05-13 15:32:20.000000,Fes,34.0331,-5.0003,25.08,31.0,1016.0,3.6,few clouds,3.0,0.21,101.09,6.59,3.62,Test
2026-05-13 21:46:47.000000,Casablanca,33.5731,-7.5898,17.89,72.0,1019.0,2.57,clear sky,2.0,2.35,90.73,9.26,3.45,Test
2026-05-13 21:46:57.000000,Rabat,34.0209,-6.8416,16.37,88.0,1019.0,2.57,clear sky,2.0,2.98,84.76,5.44,2.26,Test
2026-05-13 21:47:08.000000,Marrakech,31.6295,-7.9811,21.98,46.0,1016.0,5.66,scattered clouds,3.0,1.6,102.9,10.84,4.51,Test
2026-05-13 21:47:21.000000,Fes,34.0331,-5.0003,18.08,63.0,1018.0,3.6,clear sky,2.0,1.75,84.52,5.89,2.9,Test
2026-05-14 10:27:28.000000,Casablanca,33.5731,-7.5898,20.19,64.0,1014.0,3.09,broken clouds,2.0,1.56,92.37,10.83,4.15,Test
2026-05-14 10:27:30.000000,Tanger,35.7595,-5.834,19.64,73.0,1014.0,3.6,broken clouds,2.0,2.31,87.16,8.06,3.81,Test
2026-05-14 10:27:31.000000,Karia Ba Mohamed,34.3667,-5.2139,20.43,55.0,1014.0,3.13,overcast clouds,2.0,1.22,78.18,7.83,3.09,Test
2026-05-14 10:27:33.000000,Fes,34.0331,-5.0003,20.14,55.0,1014.0,2.06,clear sky,2.0,0.71,79.38,7.04,3.45,Test
2026-05-14 11:27:34.000000,Casablanca,33.5731,-7.5898,20.19,60.0,1015.0,4.12,broken clouds,3.0,0.93,100.13,10.31,4.47,Test
2026-05-14 11:27:36.000000,Tanger,35.7595,-5.834,19.64,68.0,1014.0,4.63,broken clouds,2.0,1.34,96.11,8.02,4.29,Test
2026-05-14 11:27:37.000000,Karia Ba Mohamed,34.3667,-5.2139,21.85,48.0,1013.0,4.4,overcast clouds,2.0,0.57,88.57,8.14,3.36,Test
2026-05-14 11:27:38.000000,Fes,34.0331,-5.0003,21.14,49.0,1014.0,1.54,clear sky,2.0,0.38,86.53,7.95,3.86,Test
2026-05-14 12:27:40.000000,Casablanca,33.5731,-7.5898,19.13,68.0,1015.0,3.6,broken clouds,3.0,0.66,103.54,9.88,4.6,Test
2026-05-14 12:27:41.000000,Tanger,35.7595,-5.834,19.64,73.0,1013.0,6.17,broken clouds,3.0,0.93,101.23,8.09,4.76,Test
2026-05-14 12:27:44.000000,Karia Ba Mohamed,34.3667,-5.2139,22.66,46.0,1014.0,5.01,overcast clouds,2.0,0.38,91.32,8.39,3.55,Test
2026-05-14 12:27:45.000000,Fes,34.0331,-5.0003,21.14,49.0,1013.0,2.06,clear sky,2.0,0.29,89.44,8.82,4.22,Test
2026-05-14 14:34:00.000000,Casablanca,33.5731,-7.5898,20.19,60.0,1014.0,3.6,broken clouds,3.0,0.43,104.25,5.46,2.21,Test
2026-05-14 14:34:01.000000,Tanger,35.7595,-5.834,19.64,73.0,1012.0,5.14,broken clouds,3.0,0.82,104.37,5.86,2.83,Test
2026-05-14 14:34:02.000000,Karia Ba Mohamed,34.3667,-5.2139,25.29,38.0,1010.0,5.95,clear sky,2.0,0.35,93.95,8.81,3.93,Test
2026-05-14 14:34:04.000000,Fes,34.0331,-5.0003,24.14,38.0,1011.0,4.12,scattered clouds,2.0,0.3,90.88,9.2,4.26,Test
2026-05-14 14:34:31.000000,Casablanca,33.5731,-7.5898,20.19,60.0,1014.0,3.6,broken clouds,3.0,0.43,104.25,5.46,2.21,Test
2026-05-14 14:34:32.000000,Tanger,35.7595,-5.834,19.64,73.0,1012.0,5.14,broken clouds,3.0,0.82,104.37,5.86,2.83,Test
2026-05-14 14:34:33.000000,Karia Ba Mohamed,34.3667,-5.2139,25.29,38.0,1010.0,5.95,clear sky,2.0,0.35,93.95,8.81,3.93,Test
2026-05-14 14:34:35.000000,Fes,34.0331,-5.0003,24.14,38.0,1011.0,4.12,scattered clouds,2.0,0.3,90.88,9.2,4.26,Test
2026-05-14 15:34:36.000000,Casablanca,33.5731,-7.5898,19.07,59.0,1014.0,3.09,broken clouds,3.0,0.43,104.25,5.46,2.21,Test
2026-05-14 15:34:38.000000,Tanger,35.7595,-5.834,20.64,68.0,1012.0,5.14,scattered clouds,3.0,1.08,103.7,5.78,2.67,Test
2026-05-14 15:34:40.000000,Karia Ba Mohamed,34.3667,-5.2139,24.29,39.0,1011.0,8.45,clear sky,2.0,0.4,95.28,8.29,3.95,Test
2026-05-14 15:34:41.000000,Fes,34.0331,-5.0003,23.14,40.0,1011.0,6.69,scattered clouds,2.0,0.35,91.16,8.69,4.26,Test
2026-05-14 16:24:39.000000,Casablanca,33.5731,-7.5898,19.01,59.0,1014.0,3.09,broken clouds,3.0,0.48,104.56,6.49,2.72,Test
2026-05-14 16:24:46.000000,Rabat,34.0209,-6.8416,20.37,60.0,1014.0,3.6,broken clouds,3.0,0.82,104.37,5.86,2.83,Test
2026-05-14 16:24:53.000000,Marrakech,31.6295,-7.9811,20.98,52.0,1012.0,2.57,broken clouds,2.0,0.19,99.79,7.99,3.16,Test
2026-05-14 16:25:00.000000,Fes,34.0331,-5.0003,23.08,40.0,1011.0,6.69,scattered clouds,2.0,0.3,90.88,9.2,4.26,Test
2026-05-14 16:34:43.000000,Casablanca,33.5731,-7.5898,20.19,60.0,1014.0,3.09,scattered clouds,3.0,0.59,103.95,4.86,1.76,Test
2026-05-14 16:34:45.000000,Tanger,35.7595,-5.834,19.64,68.0,1012.0,5.66,scattered clouds,3.0,1.31,103.85,5.99,2.7,Test
2026-05-14 16:34:46.000000,Karia Ba Mohamed,34.3667,-5.2139,23.02,40.0,1011.0,8.22,few clouds,2.0,0.52,96.49,7.2,3.72,Test
2026-05-14 16:34:49.000000,Fes,34.0331,-5.0003,24.14,40.0,1011.0,5.14,scattered clouds,2.0,0.49,91.32,7.5,4.02,Test
2026-05-14 17:25:06.000000,Casablanca,33.5731,-7.5898,20.0,60.0,1014.0,3.09,scattered clouds,3.0,0.57,104.14,5.97,2.36,Test
2026-05-14 17:25:12.000000,Rabat,34.0209,-6.8416,20.37,64.0,1014.0,3.09,broken clouds,3.0,1.08,103.7,5.78,2.67,Test
2026-05-14 17:25:19.000000,Marrakech,31.6295,-7.9811,21.98,53.0,1011.0,3.6,broken clouds,3.0,0.24,100.51,8.91,3.41,Test
2026-05-14 17:25:25.000000,Fes,34.0331,-5.0003,24.08,40.0,1012.0,5.14,scattered clouds,2.0,0.35,91.16,8.69,4.26,Test
2026-05-14 17:34:50.000000,Casablanca,33.5731,-7.5898,20.19,60.0,1015.0,3.09,scattered clouds,3.0,0.75,103.29,4.98,1.7,Test
2026-05-14 17:34:52.000000,Tanger,35.7595,-5.834,19.64,73.0,1012.0,5.66,broken clouds,3.0,1.48,103.56,6.08,2.67,Test
2026-05-14 17:34:53.000000,Karia Ba Mohamed,34.3667,-5.2139,21.06,48.0,1012.0,7.87,few clouds,2.0,0.62,97.01,6.3,3.35,Test
2026-05-14 17:34:55.000000,Fes,34.0331,-5.0003,22.14,46.0,1012.0,5.66,scattered clouds,2.0,0.65,91.14,6.41,3.65,Test
2026-05-14 18:25:31.000000,Casablanca,33.5731,-7.5898,20.0,60.0,1014.0,3.09,scattered clouds,3.0,0.68,103.94,5.61,2.1,Test
2026-05-14 18:25:37.000000,Rabat,34.0209,-6.8416,20.37,60.0,1014.0,4.12,broken clouds,3.0,1.31,103.85,5.99,2.7,Test
2026-05-14 18:25:43.000000,Marrakech,31.6295,-7.9811,21.98,49.0,1011.0,2.57,broken clouds,3.0,0.32,100.82,10.51,3.9,Test
2026-05-14 18:25:49.000000,Fes,34.0331,-5.0003,22.08,46.0,1011.0,5.66,scattered clouds,2.0,0.49,91.32,7.5,4.02,Test
2026-05-14 19:02:01.000000,Casablanca,33.5731,-7.5898,19.13,63.0,1015.0,2.57,scattered clouds,3.0,1.01,100.97,5.29,1.69,Test
2026-05-14 19:02:03.000000,Tanger,35.7595,-5.834,18.64,72.0,1013.0,5.66,scattered clouds,3.0,1.83,101.13,5.91,2.51,Test
2026-05-14 19:02:04.000000,Karia Ba Mohamed,34.3667,-5.2139,18.78,58.0,1013.0,6.81,clear sky,2.0,0.78,94.75,5.48,2.94,Test
2026-05-14 19:02:06.000000,Fes,34.0331,-5.0003,19.14,59.0,1013.0,6.17,scattered clouds,2.0,0.86,88.9,5.47,3.25,Test
2026-05-14 19:25:55.000000,Casablanca,33.5731,-7.5898,18.95,63.0,1014.0,2.57,scattered clouds,3.0,0.82,103.6,5.59,1.98,Test
2026-05-14 19:26:02.000000,Rabat,34.0209,-6.8416,19.37,63.0,1014.0,3.09,broken clouds,3.0,1.48,103.56,6.08,2.67,Test
2026-05-14 19:26:09.000000,Marrakech,31.6295,-7.9811,20.98,52.0,1012.0,2.57,broken clouds,2.0,0.43,99.97,11.52,4.19,Test
2026-05-14 19:26:15.000000,Fes,34.0331,-5.0003,21.08,52.0,1012.0,5.66,scattered clouds,2.0,0.65,91.14,6.41,3.65,Test
2026-05-14 20:02:07.000000,Casablanca,33.5731,-7.5898,18.07,63.0,1015.0,3.09,scattered clouds,2.0,1.27,99.69,5.9,1.77,Test
2026-05-14 20:02:09.000000,Tanger,35.7595,-5.834,17.64,72.0,1013.0,4.12,scattered clouds,2.0,2.07,98.9,5.78,2.35,Test
2026-05-14 20:02:10.000000,Karia Ba Mohamed,34.3667,-5.2139,17.24,66.0,1014.0,5.94,clear sky,2.0,0.92,92.53,4.91,2.65,Test
2026-05-14 20:02:12.000000,Fes,34.0331,-5.0003,17.14,67.0,1014.0,6.17,light rain,2.0,1.04,86.42,4.78,2.94,Test
2026-05-14 21:02:14.000000,Casablanca,33.5731,-7.5898,18.07,63.0,1016.0,2.57,clear sky,2.0,1.34,98.61,6.34,1.83,Test
2026-05-14 21:02:16.000000,Tanger,35.7595,-5.834,17.64,72.0,1014.0,3.09,scattered clouds,2.0,2.03,97.47,5.61,2.2,Test
2026-05-14 21:02:18.000000,Karia Ba Mohamed,34.3667,-5.2139,16.43,76.0,1015.0,4.72,clear sky,2.0,1.02,90.63,4.54,2.45,Test
2026-05-14 21:02:19.000000,Fes,34.0331,-5.0003,17.14,72.0,1015.0,5.14,scattered clouds,2.0,1.14,84.06,4.28,2.7,Test
2026-05-14 22:02:22.000000,Casablanca,33.5731,-7.5898,18.07,67.0,1016.0,2.06,clear sky,2.0,1.37,96.19,6.69,1.87,Test
2026-05-14 22:02:23.000000,Tanger,35.7595,-5.834,17.64,77.0,1014.0,3.6,scattered clouds,2.0,1.98,94.76,5.2,2.06,Test
2026-05-14 22:02:25.000000,Karia Ba Mohamed,34.3667,-5.2139,14.97,81.0,1015.0,2.87,clear sky,2.0,1.07,87.44,4.19,2.3,Test
2026-05-14 22:02:26.000000,Fes,34.0331,-5.0003,16.14,77.0,1016.0,4.12,scattered clouds,2.0,1.21,80.6,3.86,2.5,Test
2026-05-15 09:12:58.000000,Casablanca,33.5731,-7.5898,15.74,87.0,1015.0,4.09,broken clouds,1.0,3.52,58.34,17.18,4.63,Test
2026-05-15 09:13:00.000000,Tanger,35.7595,-5.834,17.64,68.0,1013.0,6.17,scattered clouds,2.0,5.01,64.23,7.84,2.76,Test
2026-05-15 09:13:01.000000,Karia Ba Mohamed,34.3667,-5.2139,18.1,61.0,1015.0,4.1,scattered clouds,2.0,1.48,77.8,4.39,2.41,Test
2026-05-15 09:13:03.000000,Fes,34.0331,-5.0003,18.14,55.0,1015.0,3.6,broken clouds,2.0,1.46,72.03,3.35,2.02,Test
2026-05-15 09:15:31.000000,Casablanca,33.5731,-7.5898,14.99,87.0,1017.0,1.79,light rain,2.0,3.42,66.62,16.72,4.28,Test
2026-05-15 09:15:39.000000,Rabat,34.0209,-6.8416,18.37,88.0,1015.0,2.57,light rain,1.0,5.71,59.64,8.02,2.75,Test
2026-05-15 09:15:47.000000,Marrakech,31.6295,-7.9811,15.97,67.0,1015.0,2.06,broken clouds,2.0,2.24,78.25,4.73,1.36,Test
2026-05-15 09:15:54.000000,Fes,34.0331,-5.0003,16.06,72.0,1015.0,4.12,scattered clouds,2.0,2.09,67.81,3.37,2.1,Test
2026-05-15 10:13:04.000000,Casablanca,33.5731,-7.5898,17.96,77.0,1016.0,3.38,broken clouds,2.0,1.4,96.05,12.66,4.11,Test
2026-05-15 10:13:07.000000,Tanger,35.7595,-5.834,18.64,63.0,1013.0,6.17,scattered clouds,2.0,1.25,96.71,5.07,2.27,Test
2026-05-15 10:13:08.000000,Karia Ba Mohamed,34.3667,-5.2139,19.97,54.0,1015.0,4.52,broken clouds,2.0,0.54,89.53,2.99,1.6,Test
2026-05-15 10:13:10.000000,Fes,34.0331,-5.0003,19.14,48.0,1015.0,4.63,broken clouds,2.0,0.37,87.61,2.07,1.14,Test
2026-05-15 10:16:00.000000,Casablanca,33.5731,-7.5898,17.89,77.0,1015.0,1.54,scattered clouds,2.0,3.13,67.99,17.27,4.47,Test
2026-05-15 10:16:06.000000,Rabat,34.0209,-6.8416,19.37,68.0,1016.0,2.57,broken clouds,2.0,5.01,64.23,7.84,2.76,Test
2026-05-15 10:16:12.000000,Marrakech,31.6295,-7.9811,16.98,63.0,1015.0,2.57,broken clouds,2.0,1.92,80.02,4.36,1.27,Test
2026-05-15 10:16:19.000000,Fes,34.0331,-5.0003,18.08,55.0,1015.0,3.6,broken clouds,2.0,1.46,72.03,3.35,2.02,Test
2026-05-15 11:07:05.000000,Casablanca,33.5731,-7.5898,18.07,67.0,1016.0,2.06,scattered clouds,3.0,0.83,100.45,9.1,3.37,Test
2026-05-15 11:07:07.000000,Tanger,35.7595,-5.834,18.64,63.0,1013.0,6.69,scattered clouds,3.0,0.72,101.26,4.14,2.12,Test
2026-05-15 11:07:10.000000,Karia Ba Mohamed,34.3667,-5.2139,21.37,52.0,1015.0,5.11,scattered clouds,2.0,0.36,90.83,2.66,1.41,Test
2026-05-15 11:07:12.000000,Fes,34.0331,-5.0003,18.14,55.0,1015.0,5.14,broken clouds,2.0,0.24,88.47,1.89,0.96,Test
2026-05-15 12:07:13.000000,Casablanca,33.5731,-7.5898,19.13,55.0,1015.0,3.09,scattered clouds,3.0,0.62,102.33,7.89,3.2,Test
2026-05-15 12:07:15.000000,Tanger,35.7595,-5.834,19.64,60.0,1013.0,6.17,scattered clouds,3.0,0.61,103.34,4.29,2.31,Test
2026-05-15 12:07:16.000000,Karia Ba Mohamed,34.3667,-5.2139,21.3,49.0,1014.0,5.95,scattered clouds,2.0,0.3,91.7,2.94,1.57,Test
2026-05-15 12:07:17.000000,Fes,34.0331,-5.0003,19.14,52.0,1014.0,5.66,broken clouds,2.0,0.2,88.42,2.19,1.07,Test
2026-05-15 13:07:19.000000,Casablanca,33.5731,-7.5898,20.18,52.0,1015.0,2.68,clear sky,3.0,0.57,104.22,6.91,2.95,Test
2026-05-15 13:07:20.000000,Tanger,35.7595,-5.834,19.64,60.0,1013.0,6.17,scattered clouds,3.0,0.58,105.64,4.73,2.51,Test
2026-05-15 13:07:21.000000,Karia Ba Mohamed,34.3667,-5.2139,22.18,46.0,1014.0,5.19,scattered clouds,2.0,0.27,94.74,3.25,1.79,Test
2026-05-15 13:07:23.000000,Fes,34.0331,-5.0003,20.14,48.0,1014.0,4.63,broken clouds,2.0,0.18,90.6,2.55,1.29,Test
2026-05-15 14:14:32.000000,Casablanca,33.5731,-7.5898,20.19,56.0,1015.0,4.12,scattered clouds,3.0,0.5,104.63,5.15,2.24,Test
2026-05-15 14:14:35.000000,Tanger,35.7595,-5.834,19.64,56.0,1013.0,7.2,scattered clouds,3.0,0.63,106.11,4.93,2.59,Test
2026-05-15 14:14:37.000000,Karia Ba Mohamed,34.3667,-5.2139,23.08,41.0,1013.0,6.07,few clouds,2.0,0.36,96.04,3.81,2.15,Test
2026-05-15 14:14:40.000000,Fes,34.0331,-5.0003,22.14,43.0,1013.0,6.17,broken clouds,2.0,0.29,91.8,3.34,1.81,Test
2026-05-15 15:14:42.000000,Casablanca,33.5731,-7.5898,20.18,56.0,1014.0,4.02,clear sky,3.0,0.56,104.22,5.05,2.17,Test
2026-05-15 15:14:44.000000,Tanger,35.7595,-5.834,18.64,63.0,1012.0,7.2,scattered clouds,3.0,0.66,105.9,5.02,2.58,Test
2026-05-15 15:14:45.000000,Karia Ba Mohamed,34.3667,-5.2139,23.43,37.0,1012.0,6.24,few clouds,2.0,0.36,96.95,3.94,2.28,Test
2026-05-15 15:14:46.000000,Fes,34.0331,-5.0003,21.14,42.0,1013.0,5.66,broken clouds,2.0,0.31,92.59,3.54,2.04,Test
2026-05-15 18:28:18.000000,Casablanca,33.5731,-7.5898,18.07,67.0,1015.0,4.12,scattered clouds,3.0,0.95,101.56,4.24,1.76,Test
2026-05-15 18:28:20.000000,Tanger,35.7595,-5.834,17.64,68.0,1013.0,3.6,few clouds,3.0,1.61,103.45,5.39,2.35,Test
2026-05-15 18:28:21.000000,Karia Ba Mohamed,34.3667,-5.2139,20.44,48.0,1013.0,7.0,clear sky,2.0,0.72,98.82,4.87,2.58,Test
2026-05-15 18:28:23.000000,Fes,34.0331,-5.0003,19.14,52.0,1013.0,5.14,scattered clouds,2.0,0.71,94.82,4.28,2.64,Test
2026-05-15 19:28:23.000000,Casablanca,33.5731,-7.5898,18.07,63.0,1015.0,3.09,scattered clouds,2.0,1.22,99.81,4.89,1.84,Test
2026-05-15 19:28:24.000000,Tanger,35.7595,-5.834,16.64,67.0,1014.0,4.12,few clouds,3.0,1.98,100.95,5.72,2.28,Test
2026-05-15 19:28:26.000000,Karia Ba Mohamed,34.3667,-5.2139,18.2,56.0,1014.0,6.44,clear sky,2.0,0.83,96.95,5.11,2.51,Test
2026-05-15 19:28:27.000000,Fes,34.0331,-5.0003,18.14,55.0,1015.0,4.63,scattered clouds,2.0,0.88,93.04,4.6,2.65,Test
2026-05-15 20:28:28.000000,Casablanca,33.5731,-7.5898,17.02,72.0,1016.0,3.09,few clouds,2.0,1.44,98.59,6.16,2.13,Test
2026-05-15 20:28:30.000000,Tanger,35.7595,-5.834,16.64,72.0,1014.0,2.57,scattered clouds,2.0,2.14,99.47,6.26,2.42,Test
2026-05-15 20:28:31.000000,Karia Ba Mohamed,34.3667,-5.2139,16.39,65.0,1015.0,5.39,clear sky,2.0,0.91,94.98,5.3,2.4,Test
2026-05-15 20:28:33.000000,Fes,34.0331,-5.0003,16.14,67.0,1016.0,4.63,scattered clouds,2.0,1.01,90.84,4.86,2.56,Test
2026-05-15 21:28:34.000000,Casablanca,33.5731,-7.5898,17.02,72.0,1016.0,3.6,clear sky,2.0,1.49,98.27,7.28,2.5,Test
2026-05-15 21:28:36.000000,Tanger,35.7595,-5.834,16.64,72.0,1014.0,3.09,broken clouds,2.0,2.08,98.96,6.89,2.68,Test
2026-05-15 21:28:37.000000,Karia Ba Mohamed,34.3667,-5.2139,15.02,74.0,1016.0,3.4,clear sky,2.0,0.96,93.49,5.44,2.28,Test
2026-05-15 21:28:39.000000,Fes,34.0331,-5.0003,15.14,77.0,1016.0,4.12,scattered clouds,2.0,1.08,89.03,5.01,2.42,Test
2026-05-15 22:28:40.000000,Casablanca,33.5731,-7.5898,17.02,67.0,1016.0,3.6,clear sky,2.0,1.59,96.97,8.42,2.95,Test
2026-05-15 22:28:41.000000,Tanger,35.7595,-5.834,16.64,72.0,1015.0,2.57,scattered clouds,2.0,2.02,98.02,7.55,2.93,Test
2026-05-15 22:28:43.000000,Karia Ba Mohamed,34.3667,-5.2139,14.14,78.0,1016.0,2.01,clear sky,2.0,1.02,90.35,5.47,2.19,Test
2026-05-15 22:28:44.000000,Fes,34.0331,-5.0003,14.14,82.0,1017.0,3.09,scattered clouds,2.0,1.1,86.12,4.97,2.25,Test
2026-05-15 22:40:16.000000,Casablanca,33.5731,-7.5898,16.84,72.0,1016.0,3.6,clear sky,2.0,1.62,96.99,8.72,2.89,Test
2026-05-15 22:40:51.000000,Rabat,34.0209,-6.8416,17.37,67.0,1016.0,1.54,scattered clouds,2.0,2.02,98.02,7.55,2.93,Test
2026-05-15 22:41:06.000000,Marrakech,31.6295,-7.9811,14.98,82.0,1016.0,4.12,light rain,2.0,0.67,94.8,4.13,1.55,Test
2026-05-15 22:41:28.000000,Fes,34.0331,-5.0003,15.08,77.0,1016.0,3.6,scattered clouds,2.0,1.1,86.12,4.97,2.25,Test
2026-05-16 09:28:58.000000,Casablanca,33.5731,-7.5898,16.19,88.0,1016.0,1.54,moderate rain,2.0,3.16,67.66,17.28,5.51,Test
2026-05-16 09:28:59.000000,Tanger,35.7595,-5.834,20.64,52.0,1016.0,2.06,few clouds,2.0,2.62,82.07,11.71,3.81,Test
2026-05-16 09:29:01.000000,Karia Ba Mohamed,34.3667,-5.2139,16.55,76.0,1017.0,1.37,light rain,2.0,1.43,68.42,5.96,2.59,Test
2026-05-16 09:29:02.000000,Fes,34.0331,-5.0003,14.14,88.0,1017.0,2.06,broken clouds,2.0,1.61,63.4,4.06,1.92,Test
2026-05-16 10:16:10.000000,Casablanca,33.5731,-7.5898,17.01,77.0,1016.0,2.06,moderate rain,2.0,2.73,76.2,19.0,5.42,Test
2026-05-16 10:16:16.000000,Rabat,34.0209,-6.8416,21.37,56.0,1017.0,0.0,light rain,2.0,2.62,82.07,11.71,3.81,Test
2026-05-16 10:16:23.000000,Marrakech,31.6295,-7.9811,16.98,67.0,1017.0,2.06,scattered clouds,2.0,1.9,78.69,5.4,1.63,Test
2026-05-16 10:16:29.000000,Fes,34.0331,-5.0003,14.08,94.0,1018.0,2.06,broken clouds,2.0,1.61,63.4,4.06,1.92,Test
2026-05-16 10:29:04.000000,Casablanca,33.5731,-7.5898,17.19,88.0,1016.0,1.54,moderate rain,2.0,1.86,91.34,13.29,4.47,Test
2026-05-16 10:29:06.000000,Tanger,35.7595,-5.834,21.64,49.0,1016.0,2.06,few clouds,2.0,1.27,92.23,9.59,3.49,Test
2026-05-16 10:29:07.000000,Karia Ba Mohamed,34.3667,-5.2139,17.76,67.0,1017.0,1.65,broken clouds,2.0,0.63,90.44,4.42,1.96,Test
2026-05-16 10:29:09.000000,Fes,34.0331,-5.0003,15.14,82.0,1017.0,1.03,broken clouds,2.0,1.14,76.33,3.21,1.62,Test
2026-05-16 11:16:35.000000,Casablanca,33.5731,-7.5898,17.01,88.0,1016.0,1.54,moderate rain,2.0,1.57,93.62,14.4,4.33,Test
2026-05-16 11:16:42.000000,Rabat,34.0209,-6.8416,21.37,56.0,1017.0,2.06,light rain,2.0,1.27,92.23,9.59,3.49,Test
2026-05-16 11:16:48.000000,Marrakech,31.6295,-7.9811,18.98,55.0,1016.0,2.06,scattered clouds,2.0,0.84,92.43,5.0,1.45,Test
2026-05-16 11:16:55.000000,Fes,34.0331,-5.0003,15.08,82.0,1017.0,1.03,broken clouds,2.0,1.14,76.33,3.21,1.62,Test
2026-05-16 11:29:11.000000,Casablanca,33.5731,-7.5898,17.19,88.0,1016.0,1.54,broken clouds,2.0,1.43,92.17,10.04,3.73,Test
2026-05-16 11:29:13.000000,Tanger,35.7595,-5.834,21.64,60.0,1016.0,4.12,light rain,2.0,0.95,93.89,7.8,3.18,Test
2026-05-16 11:29:14.000000,Karia Ba Mohamed,34.3667,-5.2139,19.22,58.0,1017.0,1.87,broken clouds,2.0,0.44,94.13,3.17,1.51,Test
2026-05-16 11:29:17.000000,Fes,34.0331,-5.0003,16.14,72.0,1017.0,2.06,broken clouds,2.0,0.88,78.58,2.44,1.36,Test
2026-05-16 12:17:01.000000,Casablanca,33.5731,-7.5898,17.01,88.0,1016.0,1.54,light rain,2.0,1.18,94.51,11.17,3.62,Test
2026-05-16 12:17:07.000000,Rabat,34.0209,-6.8416,21.37,60.0,1016.0,3.6,broken clouds,2.0,0.95,93.89,7.8,3.18,Test
2026-05-16 12:17:13.000000,Marrakech,31.6295,-7.9811,19.98,49.0,1017.0,2.06,scattered clouds,2.0,0.42,98.76,4.66,1.36,Test
2026-05-16 12:17:19.000000,Fes,34.0331,-5.0003,16.08,72.0,1017.0,2.06,broken clouds,2.0,0.88,78.58,2.44,1.36,Test
2026-05-16 12:33:21.000000,Casablanca,33.5731,-7.5898,18.19,88.0,1016.0,1.03,broken clouds,2.0,0.95,92.83,7.39,3.14,Test
2026-05-16 12:33:23.000000,Tanger,35.7595,-5.834,21.64,56.0,1016.0,5.14,light rain,2.0,0.79,95.46,7.03,3.39,Test
2026-05-16 12:33:24.000000,Karia Ba Mohamed,34.3667,-5.2139,21.69,47.0,1016.0,0.54,few clouds,2.0,0.28,97.45,2.6,1.31,Test
2026-05-16 12:33:26.000000,Fes,34.0331,-5.0003,18.14,63.0,1016.0,1.54,broken clouds,2.0,0.27,91.68,1.77,1.07,Test
2026-05-16 13:17:27.000000,Casablanca,33.5731,-7.5898,17.01,94.0,1016.0,1.03,moderate rain,2.0,1.0,94.11,9.89,3.36,Test
2026-05-16 13:17:33.000000,Rabat,34.0209,-6.8416,21.37,60.0,1016.0,4.12,broken clouds,2.0,0.86,94.05,7.14,3.19,Test
2026-05-16 13:17:39.000000,Marrakech,31.6295,-7.9811,21.98,43.0,1016.0,2.57,scattered clouds,3.0,0.29,102.0,4.61,1.36,Test
2026-05-16 13:17:46.000000,Fes,34.0331,-5.0003,18.08,63.0,1017.0,1.54,broken clouds,2.0,0.64,81.51,2.1,1.24,Test
2026-05-16 13:33:27.000000,Casablanca,33.5731,-7.5898,19.19,77.0,1016.0,1.54,broken clouds,2.0,0.78,93.34,6.57,2.87,Test
2026-05-16 13:33:29.000000,Tanger,35.7595,-5.834,21.64,60.0,1015.0,5.14,scattered clouds,2.0,0.73,97.07,5.75,3.03,Test
2026-05-16 13:33:30.000000,Karia Ba Mohamed,34.3667,-5.2139,22.68,42.0,1015.0,0.97,clear sky,2.0,0.25,96.19,2.34,1.21,Test
2026-05-16 13:33:31.000000,Fes,34.0331,-5.0003,19.14,55.0,1016.0,2.06,broken clouds,2.0,0.23,91.04,1.7,1.02,Test
2026-05-16 14:17:52.000000,Casablanca,33.5731,-7.5898,19.01,77.0,1016.0,1.54,broken clouds,2.0,0.81,96.18,8.87,3.42,Test
2026-05-16 14:18:01.000000,Rabat,34.0209,-6.8416,21.37,60.0,1016.0,4.12,broken clouds,2.0,0.79,96.49,5.61,2.86,Test
2026-05-16 14:18:07.000000,Marrakech,31.6295,-7.9811,21.97,40.0,1015.0,1.54,scattered clouds,3.0,0.23,108.72,3.76,1.24,Test
2026-05-16 14:18:14.000000,Fes,34.0331,-5.0003,19.08,55.0,1017.0,2.06,broken clouds,2.0,0.28,89.73,1.78,1.1,Test
2026-05-16 14:33:33.000000,Casablanca,33.5731,-7.5898,19.19,77.0,1016.0,3.09,broken clouds,2.0,0.75,92.57,5.95,2.55,Test
2026-05-16 14:33:34.000000,Tanger,35.7595,-5.834,21.64,60.0,1015.0,5.14,few clouds,2.0,0.76,97.12,6.06,3.23,Test
2026-05-16 14:33:36.000000,Karia Ba Mohamed,34.3667,-5.2139,23.0,39.0,1014.0,1.54,clear sky,2.0,0.26,96.26,2.42,1.26,Test
2026-05-16 14:33:37.000000,Fes,34.0331,-5.0003,20.14,45.0,1015.0,2.57,broken clouds,2.0,0.23,91.38,1.68,1.0,Test
2026-05-16 15:18:25.000000,Casablanca,33.5731,-7.5898,19.01,77.0,1016.0,3.09,broken clouds,2.0,0.72,95.29,7.54,3.0,Test
2026-05-16 15:18:32.000000,Rabat,34.0209,-6.8416,21.37,64.0,1016.0,3.6,broken clouds,2.0,0.73,97.07,5.75,3.03,Test
2026-05-16 15:18:38.000000,Marrakech,31.6295,-7.9811,23.98,38.0,1016.0,2.57,scattered clouds,3.0,0.21,106.84,3.3,1.06,Test
2026-05-16 15:18:44.000000,Fes,34.0331,-5.0003,20.08,45.0,1017.0,2.57,broken clouds,2.0,0.23,91.04,1.7,1.02,Test
2026-05-16 15:39:06.000000,Casablanca,33.5731,-7.5898,20.19,73.0,1016.0,3.09,broken clouds,2.0,0.76,92.1,6.37,2.44,Test
2026-05-16 15:39:08.000000,Tanger,35.7595,-5.834,21.64,60.0,1015.0,4.12,light rain,2.0,1.0,96.92,6.62,3.5,Test
2026-05-16 15:39:09.000000,Karia Ba Mohamed,34.3667,-5.2139,23.28,40.0,1014.0,5.94,clear sky,2.0,0.35,96.22,2.73,1.44,Test
2026-05-16 15:39:11.000000,Fes,34.0331,-5.0003,21.14,42.0,1015.0,2.06,broken clouds,2.0,0.31,91.41,1.84,1.05,Test
2026-05-16 16:18:52.000000,Casablanca,33.5731,-7.5898,21.93,68.0,1016.0,5.16,broken clouds,2.0,0.71,94.4,6.9,2.77,Test
2026-05-16 16:18:59.000000,Rabat,34.0209,-6.8416,21.37,68.0,1016.0,4.12,broken clouds,2.0,0.76,97.12,6.06,3.23,Test
2026-05-16 16:19:06.000000,Marrakech,31.6295,-7.9811,24.98,36.0,1015.0,2.57,scattered clouds,3.0,0.22,104.2,3.36,1.07,Test
2026-05-16 16:19:12.000000,Fes,34.0331,-5.0003,21.06,42.0,1016.0,2.06,broken clouds,2.0,0.23,91.38,1.68,1.0,Test
2026-05-16 16:39:12.000000,Casablanca,33.5731,-7.5898,20.19,68.0,1016.0,2.57,broken clouds,2.0,0.84,92.36,7.32,2.56,Test
2026-05-16 16:39:14.000000,Tanger,35.7595,-5.834,21.64,64.0,1015.0,4.12,scattered clouds,2.0,1.44,96.25,7.4,3.85,Test
2026-05-16 16:39:15.000000,Karia Ba Mohamed,34.3667,-5.2139,21.95,45.0,1015.0,7.94,few clouds,2.0,0.54,94.16,3.17,1.69,Test
2026-05-16 16:39:17.000000,Fes,34.0331,-5.0003,22.14,40.0,1015.0,1.54,broken clouds,2.0,0.48,89.15,2.1,1.16,Test
2026-05-16 17:19:19.000000,Casablanca,33.5731,-7.5898,20.01,68.0,1016.0,2.57,broken clouds,2.0,0.76,94.01,6.96,2.69,Test
2026-05-16 17:19:25.000000,Rabat,34.0209,-6.8416,21.37,64.0,1016.0,3.6,broken clouds,2.0,1.0,96.92,6.62,3.5,Test
2026-05-16 17:19:31.000000,Marrakech,31.6295,-7.9811,23.97,35.0,1015.0,2.57,scattered clouds,3.0,0.27,104.32,3.95,1.23,Test
2026-05-16 17:19:38.000000,Fes,34.0331,-5.0003,22.06,40.0,1016.0,1.54,broken clouds,2.0,0.31,91.41,1.84,1.05,Test
2026-05-16 17:39:19.000000,Casablanca,33.5731,-7.5898,19.19,72.0,1016.0,3.09,broken clouds,2.0,1.0,93.31,8.47,2.79,Test
2026-05-16 17:39:20.000000,Tanger,35.7595,-5.834,20.64,68.0,1015.0,3.09,scattered clouds,2.0,1.82,95.65,7.97,4.13,Test
2026-05-16 17:39:22.000000,Karia Ba Mohamed,34.3667,-5.2139,20.84,49.0,1015.0,6.27,scattered clouds,2.0,0.7,91.8,3.54,1.91,Test
2026-05-16 17:39:23.000000,Fes,34.0331,-5.0003,21.14,42.0,1015.0,2.06,broken clouds,2.0,0.63,86.81,2.3,1.26,Test
2026-05-16 18:39:26.000000,Casablanca,33.5731,-7.5898,19.19,68.0,1016.0,2.57,broken clouds,2.0,1.38,94.0,10.48,3.23,Test
2026-05-16 18:39:28.000000,Tanger,35.7595,-5.834,19.64,73.0,1016.0,2.57,few clouds,2.0,2.18,94.56,9.11,4.43,Test
2026-05-16 18:39:31.000000,Karia Ba Mohamed,34.3667,-5.2139,19.75,53.0,1015.0,2.17,overcast clouds,2.0,0.86,88.37,3.85,2.1,Test
2026-05-16 18:39:33.000000,Fes,34.0331,-5.0003,21.14,42.0,1016.0,1.03,scattered clouds,2.0,0.85,83.33,2.5,1.39,Test
2026-05-17 11:43:01.000000,Casablanca,33.5731,-7.5898,18.01,72.0,1019.0,3.6,broken clouds,3.0,0.91,101.04,17.21,6.21,Test
2026-05-17 11:43:08.000000,Rabat,34.0209,-6.8416,19.37,72.0,1019.0,3.6,broken clouds,3.0,1.37,101.9,15.08,6.9,Test
2026-05-17 11:43:14.000000,Marrakech,31.6295,-7.9811,19.98,60.0,1017.0,2.57,broken clouds,2.0,0.28,96.71,11.84,2.84,Test
2026-05-17 11:43:20.000000,Fes,34.0331,-5.0003,21.08,56.0,1017.0,3.09,scattered clouds,2.0,0.17,91.07,3.74,2.1,Test
2026-05-17 12:38:05.000000,Casablanca,33.5731,-7.5898,19.19,68.0,1019.0,3.6,broken clouds,3.0,0.75,104.25,14.64,5.68,Test
2026-05-17 12:38:06.000000,Tanger,35.7595,-5.834,19.64,73.0,1017.0,5.66,scattered clouds,3.0,0.91,104.13,14.61,6.42,Test
2026-05-17 12:38:08.000000,Karia Ba Mohamed,34.3667,-5.2139,24.24,46.0,1016.0,3.95,overcast clouds,2.0,0.22,91.64,5.35,2.74,Test
2026-05-17 12:38:09.000000,Fes,34.0331,-5.0003,22.14,52.0,1017.0,4.63,scattered clouds,2.0,0.16,90.46,4.02,2.26,Test
2026-05-17 12:43:27.000000,Casablanca,33.5731,-7.5898,18.01,68.0,1019.0,3.09,broken clouds,3.0,0.8,102.41,16.8,6.3,Test
2026-05-17 12:43:33.000000,Rabat,34.0209,-6.8416,21.37,64.0,1019.0,3.09,broken clouds,3.0,1.14,103.72,16.05,7.28,Test
2026-05-17 12:43:39.000000,Marrakech,31.6295,-7.9811,20.98,56.0,1017.0,1.54,broken clouds,2.0,0.24,96.39,12.0,3.01,Test
2026-05-17 12:43:46.000000,Fes,34.0331,-5.0003,22.08,56.0,1017.0,3.6,scattered clouds,2.0,0.15,90.28,3.82,2.16,Test
2026-05-17 13:38:11.000000,Casablanca,33.5731,-7.5898,19.13,68.0,1019.0,4.12,broken clouds,2.0,1.06,98.12,11.38,4.1,Test
2026-05-17 13:38:12.000000,Tanger,35.7595,-5.834,20.64,64.0,1017.0,4.63,scattered clouds,3.0,1.08,101.28,11.22,5.07,Test
2026-05-17 13:38:14.000000,Karia Ba Mohamed,34.3667,-5.2139,23.41,42.0,1016.0,4.67,overcast clouds,2.0,0.23,92.8,5.48,2.89,Test
2026-05-17 13:38:15.000000,Fes,34.0331,-5.0003,22.14,49.0,1016.0,4.12,scattered clouds,2.0,0.16,92.36,3.6,2.09,Test
2026-05-17 13:43:52.000000,Casablanca,33.5731,-7.5898,19.01,68.0,1019.0,3.6,broken clouds,3.0,0.66,103.92,14.65,5.74,Test
2026-05-17 13:43:58.000000,Rabat,34.0209,-6.8416,20.37,68.0,1018.0,3.6,broken clouds,3.0,0.91,104.13,14.61,6.42,Test
2026-05-17 13:44:05.000000,Marrakech,31.6295,-7.9811,21.98,53.0,1017.0,1.54,broken clouds,2.0,0.2,97.52,10.76,2.79,Test
2026-05-17 13:44:11.000000,Fes,34.0331,-5.0003,22.08,52.0,1017.0,4.63,scattered clouds,2.0,0.16,90.46,4.02,2.26,Test
2026-05-17 14:38:17.000000,Casablanca,33.5731,-7.5898,19.19,63.0,1018.0,3.6,broken clouds,2.0,1.05,98.44,10.88,3.75,Test
2026-05-17 14:38:18.000000,Tanger,35.7595,-5.834,19.64,68.0,1017.0,5.14,scattered clouds,3.0,1.1,101.53,10.52,4.64,Test
2026-05-17 14:38:20.000000,Karia Ba Mohamed,34.3667,-5.2139,23.28,44.0,1015.0,6.69,overcast clouds,2.0,0.26,92.41,5.62,2.97,Test
2026-05-17 14:38:21.000000,Fes,34.0331,-5.0003,22.14,49.0,1016.0,3.09,broken clouds,2.0,0.19,91.86,3.81,2.21,Test
2026-05-17 14:44:18.000000,Casablanca,33.5731,-7.5898,18.95,68.0,1019.0,4.12,broken clouds,2.0,0.96,98.71,11.45,4.28,Test
2026-05-17 14:44:24.000000,Rabat,34.0209,-6.8416,20.37,68.0,1018.0,4.12,broken clouds,3.0,1.08,101.28,11.22,5.07,Test
2026-05-17 14:44:31.000000,Marrakech,31.6295,-7.9811,22.98,49.0,1016.0,2.06,broken clouds,2.0,0.19,97.01,12.22,3.06,Test
2026-05-17 14:44:37.000000,Fes,34.0331,-5.0003,22.08,49.0,1016.0,4.12,scattered clouds,2.0,0.16,92.36,3.6,2.09,Test
2026-05-17 15:38:23.000000,Casablanca,33.5731,-7.5898,19.19,63.0,1018.0,4.12,broken clouds,2.0,1.16,99.65,11.24,3.58,Test
2026-05-17 15:38:24.000000,Tanger,35.7595,-5.834,20.64,52.0,1017.0,5.66,broken clouds,3.0,1.44,102.06,10.85,4.35,Test
2026-05-17 15:38:25.000000,Karia Ba Mohamed,34.3667,-5.2139,23.57,44.0,1015.0,5.98,overcast clouds,2.0,0.36,92.43,5.93,3.13,Test
2026-05-17 15:38:27.000000,Fes,34.0331,-5.0003,22.14,49.0,1016.0,4.63,broken clouds,2.0,0.28,91.12,4.26,2.47,Test
2026-05-17 15:44:43.000000,Casablanca,33.5731,-7.5898,19.01,63.0,1018.0,3.6,broken clouds,2.0,0.94,98.86,10.86,3.96,Test
2026-05-17 15:44:49.000000,Rabat,34.0209,-6.8416,19.37,72.0,1018.0,4.12,broken clouds,3.0,1.1,101.53,10.52,4.64,Test
2026-05-17 15:44:55.000000,Marrakech,31.6295,-7.9811,22.98,46.0,1015.0,2.06,broken clouds,2.0,0.21,96.01,12.9,3.28,Test
2026-05-17 15:45:01.000000,Fes,34.0331,-5.0003,22.08,49.0,1016.0,5.14,broken clouds,2.0,0.19,91.86,3.81,2.21,Test
2026-05-17 16:38:28.000000,Casablanca,33.5731,-7.5898,19.19,63.0,1018.0,4.12,broken clouds,2.0,1.16,99.65,11.24,3.58,Test
2026-05-17 16:38:29.000000,Tanger,35.7595,-5.834,18.64,63.0,1016.0,5.14,broken clouds,3.0,2.03,102.49,11.69,4.26,Test
2026-05-17 16:38:31.000000,Karia Ba Mohamed,34.3667,-5.2139,23.73,44.0,1015.0,4.08,overcast clouds,2.0,0.56,90.82,6.39,3.29,Test
2026-05-17 16:38:32.000000,Fes,34.0331,-5.0003,22.14,49.0,1015.0,4.63,broken clouds,2.0,0.46,88.61,4.78,2.74,Test
2026-05-17 16:45:08.000000,Casablanca,33.5731,-7.5898,19.01,63.0,1018.0,4.12,broken clouds,2.0,1.06,99.92,11.13,3.83,Test
2026-05-17 16:45:14.000000,Rabat,34.0209,-6.8416,20.37,68.0,1018.0,3.6,broken clouds,3.0,1.44,102.06,10.85,4.35,Test
2026-05-17 16:45:21.000000,Marrakech,31.6295,-7.9811,23.98,43.0,1015.0,1.54,broken clouds,2.0,0.28,96.33,14.64,3.87,Test
2026-05-17 16:45:27.000000,Fes,34.0331,-5.0003,23.08,49.0,1016.0,4.12,broken clouds,2.0,0.28,91.12,4.26,2.47,Test
2026-05-17 17:38:33.000000,Casablanca,33.5731,-7.5898,19.13,63.0,1018.0,3.6,broken clouds,3.0,1.59,102.07,12.88,3.58,Test
2026-05-17 17:38:35.000000,Tanger,35.7595,-5.834,18.64,63.0,1017.0,4.12,broken clouds,3.0,2.39,103.23,11.76,4.1,Test
2026-05-17 17:38:37.000000,Karia Ba Mohamed,34.3667,-5.2139,22.09,51.0,1015.0,7.54,overcast clouds,2.0,0.78,88.77,6.82,3.31,Test
2026-05-17 17:38:38.000000,Fes,34.0331,-5.0003,21.14,52.0,1016.0,5.14,broken clouds,2.0,0.69,85.69,5.03,2.77,Test
2026-05-17 17:45:33.000000,Casablanca,33.5731,-7.5898,19.01,63.0,1018.0,4.12,broken clouds,3.0,1.32,100.99,12.2,3.84,Test
2026-05-17 17:45:39.000000,Rabat,34.0209,-6.8416,20.37,68.0,1018.0,3.6,broken clouds,3.0,2.03,102.49,11.69,4.26,Test
2026-05-17 17:45:46.000000,Marrakech,31.6295,-7.9811,24.98,44.0,1014.0,2.57,broken clouds,2.0,0.4,96.61,16.94,4.72,Test
2026-05-17 17:45:52.000000,Fes,34.0331,-5.0003,22.08,49.0,1016.0,4.12,broken clouds,2.0,0.46,88.61,4.78,2.74,Test
2026-05-17 18:38:40.000000,Casablanca,33.5731,-7.5898,18.19,63.0,1018.0,2.57,broken clouds,3.0,1.77,102.22,13.11,3.59,Test
2026-05-17 18:38:43.000000,Tanger,35.7595,-5.834,18.64,68.0,1017.0,3.6,broken clouds,3.0,2.45,103.23,11.12,3.85,Test
2026-05-17 18:38:46.000000,Karia Ba Mohamed,34.3667,-5.2139,19.62,56.0,1016.0,6.28,overcast clouds,2.0,0.97,86.63,7.32,3.32,Test
2026-05-17 18:38:48.000000,Fes,34.0331,-5.0003,20.14,59.0,1017.0,5.66,broken clouds,2.0,0.99,81.21,5.24,2.7,Test
2026-05-17 18:45:59.000000,Casablanca,33.5731,-7.5898,18.95,63.0,1018.0,3.6,broken clouds,3.0,1.55,102.13,13.04,3.85,Test
2026-05-17 18:46:05.000000,Rabat,34.0209,-6.8416,20.37,64.0,1018.0,3.6,broken clouds,3.0,2.39,103.23,11.76,4.1,Test
2026-05-17 18:46:12.000000,Marrakech,31.6295,-7.9811,23.98,43.0,1014.0,2.06,broken clouds,2.0,0.51,96.53,18.6,5.4,Test
2026-05-17 18:46:19.000000,Fes,34.0331,-5.0003,21.08,52.0,1016.0,5.66,broken clouds,2.0,0.69,85.69,5.03,2.77,Test
2026-05-17 19:38:49.000000,Casablanca,33.5731,-7.5898,18.07,67.0,1019.0,2.57,broken clouds,3.0,1.87,102.91,13.46,3.69,Test
2026-05-17 19:38:51.000000,Tanger,35.7595,-5.834,17.64,72.0,1018.0,3.6,scattered clouds,3.0,2.33,103.56,10.44,3.66,Test
2026-05-17 19:38:52.000000,Karia Ba Mohamed,34.3667,-5.2139,18.12,60.0,1017.0,4.56,broken clouds,2.0,1.11,85.58,8.02,3.44,Test
2026-05-17 19:38:53.000000,Fes,34.0331,-5.0003,19.14,59.0,1018.0,5.14,broken clouds,2.0,1.26,77.09,5.68,2.72,Test
2026-05-17 19:57:38.000000,Casablanca,33.5731,-7.5898,18.01,63.0,1018.0,2.57,broken clouds,3.0,1.76,102.24,13.43,3.83,Test
2026-05-17 19:57:47.000000,Rabat,34.0209,-6.8416,18.37,68.0,1018.0,2.57,broken clouds,3.0,2.45,103.23,11.12,3.85,Test
2026-05-17 19:57:59.000000,Marrakech,31.6295,-7.9811,21.97,53.0,1015.0,6.69,broken clouds,2.0,0.82,93.71,19.6,5.96,Test
2026-05-17 19:58:08.000000,Fes,34.0331,-5.0003,20.08,59.0,1017.0,5.14,broken clouds,2.0,0.99,81.21,5.24,2.7,Test
2026-05-17 20:38:55.000000,Casablanca,33.5731,-7.5898,17.02,67.0,1020.0,2.57,broken clouds,3.0,1.79,103.37,13.33,3.67,Test
2026-05-17 20:38:56.000000,Tanger,35.7595,-5.834,16.64,77.0,1019.0,3.09,scattered clouds,3.0,2.15,103.51,9.83,3.49,Test
2026-05-17 20:38:58.000000,Karia Ba Mohamed,34.3667,-5.2139,16.99,66.0,1019.0,3.52,broken clouds,2.0,1.2,85.29,8.7,3.6,Test
2026-05-17 20:38:59.000000,Fes,34.0331,-5.0003,18.14,63.0,1019.0,4.63,broken clouds,2.0,1.42,74.58,6.2,2.79,Test
2026-05-17 20:58:19.000000,Casablanca,33.5731,-7.5898,17.89,68.0,1019.0,2.57,broken clouds,3.0,1.89,103.1,13.85,3.9,Test
2026-05-17 20:58:28.000000,Rabat,34.0209,-6.8416,17.37,77.0,1019.0,2.57,broken clouds,3.0,2.33,103.56,10.44,3.66,Test
2026-05-17 20:58:38.000000,Marrakech,31.6295,-7.9811,19.98,60.0,1016.0,5.66,broken clouds,2.0,1.16,90.86,20.23,6.42,Test
2026-05-17 20:58:49.000000,Fes,34.0331,-5.0003,19.08,59.0,1018.0,4.63,broken clouds,2.0,1.26,77.09,5.68,2.72,Test
2026-05-17 21:39:01.000000,Casablanca,33.5731,-7.5898,17.02,67.0,1020.0,2.57,scattered clouds,3.0,1.71,102.12,12.91,3.58,Test
2026-05-17 21:39:03.000000,Tanger,35.7595,-5.834,15.64,77.0,1019.0,2.57,scattered clouds,3.0,2.08,101.14,9.28,3.35,Test
2026-05-17 21:39:07.000000,Karia Ba Mohamed,34.3667,-5.2139,15.99,73.0,1019.0,2.73,broken clouds,2.0,1.29,81.35,8.85,3.62,Test
2026-05-17 21:39:11.000000,Fes,34.0331,-5.0003,16.14,72.0,1019.0,2.57,broken clouds,2.0,1.54,69.53,6.29,2.78,Test
2026-05-17 21:58:58.000000,Casablanca,33.5731,-7.5898,16.84,67.0,1020.0,2.57,broken clouds,3.0,1.82,103.73,13.72,3.87,Test
2026-05-17 21:59:14.000000,Rabat,34.0209,-6.8416,17.37,77.0,1020.0,3.09,broken clouds,3.0,2.15,103.51,9.83,3.49,Test
2026-05-17 21:59:21.000000,Marrakech,31.6295,-7.9811,17.98,63.0,1017.0,5.66,broken clouds,2.0,1.34,88.77,20.04,6.59,Test
2026-05-17 21:59:34.000000,Fes,34.0331,-5.0003,17.08,67.0,1019.0,3.6,broken clouds,2.0,1.42,74.58,6.2,2.79,Test
2026-05-17 22:59:42.000000,Casablanca,33.5731,-7.5898,16.84,67.0,1020.0,2.57,broken clouds,3.0,1.74,102.41,13.26,3.77,Test
2026-05-17 22:59:51.000000,Rabat,34.0209,-6.8416,17.37,72.0,1020.0,2.06,broken clouds,3.0,2.08,101.14,9.28,3.35,Test
2026-05-17 23:00:04.000000,Marrakech,31.6295,-7.9811,16.98,67.0,1019.0,4.12,broken clouds,2.0,1.49,84.96,19.02,6.48,Test
2026-05-17 23:00:14.000000,Fes,34.0331,-5.0003,16.08,72.0,1019.0,3.09,broken clouds,2.0,1.54,69.53,6.29,2.78,Test
2026-05-23 13:19:18.000000,Casablanca,33.5731,-7.5898,32.97,33.0,1018.0,3.09,clear sky,3.0,0.66,110.27,88.9,21.93,Test
2026-05-23 13:19:24.000000,Rabat,34.0209,-6.8416,37.35,22.0,1018.0,0.0,broken clouds,3.0,0.75,113.55,71.26,20.65,Test
2026-05-23 13:19:30.000000,Marrakech,31.6295,-7.9811,38.98,15.0,1017.0,3.09,scattered clouds,3.0,0.19,109.71,46.15,9.63,Test
2026-05-23 13:19:36.000000,Fes,34.0331,-5.0003,35.08,21.0,1018.0,2.57,scattered clouds,2.0,0.16,93.77,30.93,7.78,Test
