lat,lon,temperature,feels_like,humidity,pressure,wind_speed,wind_deg,clouds,aqi,co,no,no2,o3,so2,pm10,nh3,year,month,day,hour,city_Fes,city_Marrakech,city_Rabat,weather_main_Clouds,weather_main_Dust,weather_main_Mist,weather_main_Rain,weather_main_Thunderstorm,weather_description_clear sky,weather_description_dust,weather_description_few clouds,weather_description_light rain,weather_description_mist,weather_description_moderate rain,weather_description_overcast clouds,weather_description_scattered clouds,weather_description_thunderstorm,pm2_5
0.26071224724053804,-0.644423446632987,0.09548310597831484,0.20036083612067482,0.725794419733866,-1.001843143121603,-1.2595251287973548,-1.176758355821166,1.1019984742780453,1.4555205617921865,1.2403089456792316,0.12047128073171982,-0.5201541237507525,0.7801887949857488,0.959030010088412,0.9288447752874273,0.3115275396257096,0.0,-1.8170270503179924,1.364058294999725,-0.8893802785886971,False,False,False,True,False,False,False,False,False,False,False,False,False,False,False,False,False,9.22
0.7254297272866008,1.6140441945725148,1.1036359002688134,1.1694932582356996,-0.4094709350807288,-1.001843143121603,1.1569381965253858,-0.8869554665050461,-1.7638144312415096,-0.5332831638162967,-1.1362599968998157,-0.2929847985900408,-0.9821631944865106,-1.1371795830884472,-1.0900707428670902,0.619260135476078,0.6172883722804806,0.0,-1.8170270503179924,1.364058294999725,-0.8893802785886971,True,False,False,False,False,False,False,False,True,False,False,False,False,False,False,False,False,4.25
-1.7028201314932108,-0.9857010631627074,1.3991855793767782,1.4694628174617788,-0.6098118800480102,-1.5589556433663767,-0.8528711064129453,0.9967633140497334,-0.33090797848173215,-0.5332831638162967,-0.41087551788732984,-0.15516610548278725,-0.7826592775778878,0.06496848816832049,-1.015869322843632,3.4044356318841484,2.1053244245336993,0.0,-1.8170270503179924,1.364058294999725,-0.8893802785886971,False,True,False,True,False,False,False,False,False,False,False,False,False,False,False,True,False,9.27
0.7131046115114662,0.00812935859966714,0.5420915099636826,0.7376689477014534,1.0596959946793352,-1.001843143121603,-0.04738333130536522,0.6345097024045835,-0.33090797848173215,1.4555205617921865,1.878946414830431,0.5798669244225647,-0.026644434555738162,0.9030044032271245,2.032096699658424,1.01791825060157,1.04535353799716,0.0,-1.8170270503179924,1.364058294999725,-0.8893802785886971,False,False,True,True,False,False,False,False,False,False,False,False,False,False,False,True,False,13.7
0.26071224724053804,-0.644423446632987,0.09548310597831484,0.157508041945521,0.391892844788397,-1.001843143121603,-0.04738333130536522,-1.249209078150196,-0.044326687929776655,1.4555205617921865,1.0967276879777923,-0.06328697674461824,-0.6566568037408629,1.0713340309932473,1.0161080254910724,0.6366403257812766,-0.13692168160128773,0.0,-1.8170270503179924,1.364058294999725,-0.6413301357095853,False,False,False,True,False,False,False,False,False,False,False,False,False,False,False,True,False,8.63
0.7254297272866008,1.6140441945725148,1.4320244326109957,1.4793519238098904,-0.8101528250152917,-1.2803993932439899,1.1569381965253858,-1.0318569111631062,-1.047361204861621,-0.5332831638162967,-1.1601902065167218,-0.3848639273282098,-1.0031636067926815,-0.7839040982058995,-1.0957785444073562,0.8137010145154869,0.4338318726876181,0.0,-1.8170270503179924,1.364058294999725,-0.6413301357095853,True,False,False,True,False,False,False,False,False,False,True,False,False,False,False,False,False,4.55
-1.7028201314932108,-0.9857010631627074,1.7275741117189605,1.81887790842842,-1.0104937699825731,-1.5589556433663767,0.35145042141780575,-1.176758355821166,-0.33090797848173215,1.4555205617921865,-0.26430298398377783,-0.2929847985900408,-0.9191619575679981,0.3120445941597957,-1.0501161320852281,4.715553738032566,1.04535353799716,0.0,-1.8170270503179924,1.364058294999725,-0.6413301357095853,False,True,False,True,False,False,False,False,False,False,False,False,False,False,False,True,False,11.22
0.7131046115114662,0.00812935859966714,0.21370297762150028,0.3750683816039959,1.0596959946793352,-1.2803993932439899,0.35145042141780575,0.8518618693916735,-0.33090797848173215,1.4555205617921865,1.736860795230047,0.16641084510080426,-0.4151520622198985,1.1414111721662679,1.8836938596115078,0.7876307290576888,0.3115275396257096,0.0,-1.8170270503179924,1.364058294999725,-0.6413301357095853,False,False,True,True,False,False,False,False,False,False,False,False,False,False,False,True,False,12.38
0.26071224724053804,-0.644423446632987,0.30893565200073286,0.3948465943002205,0.391892844788397,-1.001843143121603,-0.36801438741614934,-1.104307633492136,-0.5100212850767043,1.4555205617921865,0.6674795529745277,-0.10922654111370278,-0.6881574222001191,1.0930073736240782,0.7421335515583032,0.19779052057501267,-0.25922601466319617,0.0,-1.8170270503179924,1.364058294999725,-0.14522984995136187,False,False,False,True,False,False,False,False,False,False,False,False,False,False,False,True,False,7.15
0.7254297272866008,1.6140441945725148,1.760412964953178,1.8518415962554609,-1.0104937699825731,-1.5589556433663767,0.7581044438022152,-1.104307633492136,-1.047361204861621,-0.5332831638162967,-1.2708674259949146,-0.3848639273282098,-0.9506625760272543,-0.7275534073657384,-1.0900707428670902,0.7420077295065428,0.5357521502392083,0.0,-1.8170270503179924,1.364058294999725,-0.14522984995136187,True,False,False,True,False,False,False,False,False,False,True,False,False,False,False,False,False,4.42
-1.7028201314932108,-0.9857010631627074,2.384351176403325,2.4155206580978734,-1.3443953449280421,-1.8375118934887635,-0.8528711064129453,-1.466561245137286,-0.33090797848173215,1.4555205617921865,-0.4512577466158615,-0.3848639273282098,-0.9611627821803398,0.47748444290847286,-1.0786551397865582,4.653636810070296,0.4134478171773,0.0,-1.8170270503179924,1.364058294999725,-0.14522984995136187,False,True,False,True,False,False,False,False,False,False,False,False,False,False,False,True,False,10.89
0.7131046115114662,0.00812935859966714,0.5420915099636826,0.6519633593511457,0.391892844788397,-1.2803993932439899,0.35145042141780575,0.9967633140497334,-0.33090797848173215,1.4555205617921865,1.4093160510986367,0.07453171636263528,-0.4991537114445817,0.9766937681719511,1.3871151256083636,0.39440392340257135,0.04653481799157477,0.0,-1.8170270503179924,1.364058294999725,-0.14522984995136187,False,False,True,True,False,False,False,False,False,False,False,False,False,False,False,True,False,10.14
0.26071224724053804,-0.644423446632987,0.30893565200073286,0.3585865376904749,0.12477158483202172,-1.2803993932439899,0.33580988209532847,-1.249209078150196,-0.40255330111972104,1.4555205617921865,0.642053705256564,-0.10922654111370278,-0.6461565975877774,1.2042638657956775,0.8734129869844217,0.2553624009609829,-0.32037818119415035,0.0,-1.8170270503179924,1.364058294999725,0.10282029292774987,False,False,False,True,False,False,False,False,False,False,False,False,False,False,False,True,False,7.77
0.7254297272866008,1.6140441945725148,1.760412964953178,1.8518415962554609,-1.0104937699825731,-1.5589556433663767,1.1569381965253858,-0.8145047441760161,-1.047361204861621,-0.5332831638162967,-1.3172322071276716,-0.3848639273282098,-0.8876613391087419,-0.7470594157334861,-1.0900707428670902,0.6322952782049767,0.6172883722804806,0.0,-1.8170270503179924,1.364058294999725,0.10282029292774987,True,False,False,True,False,False,False,False,False,False,True,False,False,False,False,False,False,4.24
-1.7028201314932108,-0.9857010631627074,2.712739708745507,2.6495628416698693,-1.5447362898953236,-2.1160681436111504,-0.45403735368977466,-1.466561245137286,-0.33090797848173215,1.4555205617921865,-0.3704932891588004,-0.3389243629591253,-0.940162369874169,0.5323902442399121,-1.0558239336254942,4.690569714468843,0.5153680947288902,0.0,-1.8170270503179924,1.364058294999725,0.10282029292774987,False,True,False,True,False,False,False,False,False,False,False,False,False,False,False,True,False,11.02
0.7131046115114662,0.00812935859966714,0.8704800423058648,0.9783038688388576,0.12477158483202172,-1.2803993932439899,0.35145042141780575,0.7794111470626435,-0.33090797848173215,1.4555205617921865,1.3135952126310098,0.12047128073171982,-0.45715288683224004,0.9463510884887874,1.3072059040446395,0.3737649474151481,0.06691887350189285,0.0,-1.8170270503179924,1.364058294999725,0.10282029292774987,False,False,True,True,False,False,False,False,False,False,False,False,False,False,False,True,False,9.94
0.26071224724053804,-0.644423446632987,0.09548310597831484,0.20036083612067482,0.725794419733866,-1.2803993932439899,0.35145042141780575,-1.104307633492136,-0.33090797848173215,1.4555205617921865,0.9232336682552192,-0.24704523422095628,-0.45715288683224004,1.257724777618395,1.0218158270313382,0.34552213816920047,-0.25922601466319617,0.0,-1.8170270503179924,1.364058294999725,0.3508704358068616,False,False,False,True,False,False,False,False,False,False,False,False,False,False,False,True,False,8.21
0.7254297272866008,1.6140441945725148,2.08880149729536,2.201256687222103,-1.2108347149498546,-1.5589556433663767,0.35145042141780575,-0.8869554665050461,-1.047361204861621,-0.5332831638162967,-1.3037714642181613,-0.2929847985900408,-0.635656391434692,-1.1335673593166422,-1.0729473382462922,0.4128703756018448,1.1268897600384322,0.0,-1.8170270503179924,1.364058294999725,0.3508704358068616,True,False,False,True,False,False,False,False,False,False,True,False,False,False,False,False,False,4.07
-1.7028201314932108,-0.9857010631627074,3.3695167734298717,3.302243860645294,-1.6782969198735114,-2.1160681436111504,-0.04738333130536522,-1.466561245137286,-0.33090797848173215,1.4555205617921865,-0.26430298398377783,-0.2929847985900408,-0.8351603083433148,0.5482840288358549,-0.9987459182228339,4.786160761147435,0.7395927053423889,0.0,-1.8170270503179924,1.364058294999725,0.3508704358068616,False,True,False,True,False,False,False,False,False,False,False,False,False,False,False,True,False,11.52
0.7131046115114662,0.00812935859966714,0.8704800423058648,0.9453401810118154,-0.14234967512435354,-1.2803993932439899,0.7581044438022152,0.9967633140497334,-0.33090797848173215,1.4555205617921865,1.572340604113812,0.25828997383897334,-0.16314711454584863,1.0070364478551148,1.375699522527832,0.3889726139321969,0.3115275396257096,0.0,-1.8170270503179924,1.364058294999725,0.3508704358068616,False,False,True,True,False,False,False,False,False,False,False,False,False,False,False,True,False,9.82
0.7254297272866008,1.6140441945725148,1.760412964953178,1.8518415962554609,-1.0104937699825731,-1.5589556433663767,0.7581044438022152,-0.9594061888340761,-1.047361204861621,-0.5332831638162967,-1.279841254601255,-0.2929847985900408,-0.24714876377053185,-1.628442016053953,-1.0558239336254942,0.19779052057501267,1.9218679249408366,0.0,-1.8170270503179924,1.364058294999725,0.5989205786859734,True,False,False,True,False,False,False,False,False,False,True,False,False,False,False,False,False,3.9
0.26071224724053804,-0.644423446632987,0.09548310597831484,0.28606642447098246,1.3935975696248042,-1.5589556433663767,-0.8528711064129453,0.8518618693916735,-0.33090797848173215,-0.5332831638162967,2.7853031040707705,1.314899954327917,0.5193662854047032,-0.46386107202395904,0.7135945438569732,2.006416574209739,0.6580564833011168,0.0,-1.8170270503179924,1.4695548126780713,-1.3854805643469206,False,False,False,False,False,True,False,False,False,False,False,False,True,False,False,False,False,12.28
0.7254297272866008,1.6140441945725148,0.44685883558444883,0.5464795583046124,0.391892844788397,-1.2803993932439899,0.7581044438022152,-0.9594061888340761,-1.7638144312415096,-0.5332831638162967,-1.2544154068832913,-0.24704523422095628,-0.8351603083433148,-0.5368279922144242,-1.0900707428670902,3.825905246785214,0.780360816363025,0.0,-1.8170270503179924,1.4695548126780713,-1.3854805643469206,True,False,False,False,False,False,False,False,True,False,False,False,False,False,False,False,False,8.96
-1.7028201314932108,-0.9857010631627074,0.085631450008049,0.14761893559740816,0.391892844788397,-1.5589556433663767,-0.04738333130536522,0.5620589800755535,-1.7638144312415096,1.4555205617921865,0.9815635541964294,2.1877516773405223,1.7583906114687813,-0.8062998855910918,-0.7304792458303309,4.894786950554925,12.052743513568913,0.0,-1.8170270503179924,1.4695548126780713,-1.3854805643469206,False,True,False,False,False,False,False,False,True,False,False,False,False,False,False,False,False,14.07
0.7131046115114662,0.00812935859966714,-0.11468555472068201,0.20036083612067482,2.528862924439399,-1.5589556433663767,-1.2595251287973548,0.7794111470626435,-0.33090797848173215,-0.5332831638162967,2.3620375214717333,3.106542964722213,1.8108916422342087,-0.6069051333874449,0.8448739792830917,1.4524230082315341,1.4326505926932032,0.0,-1.8170270503179924,1.4695548126780713,-1.3854805643469206,False,False,True,True,False,False,False,False,False,False,False,False,False,False,False,True,False,10.42
0.26071224724053804,-0.644423446632987,0.4238716383204971,0.5629614022181334,0.725794419733866,-1.5589556433663767,-0.04738333130536522,0.7794111470626435,-0.33090797848173215,-0.5332831638162967,2.299220721227353,0.5339273600534804,-0.1001458776273361,0.3214363759664889,1.398530728688896,2.1965124056728484,0.18922320656380123,0.0,-1.8170270503179924,1.4695548126780713,-1.1374304214678088,False,False,False,True,False,False,False,False,False,False,False,False,False,False,False,True,False,13.73
0.7254297272866008,1.6140441945725148,1.1036359002688134,1.2024569460627406,-0.14234967512435354,-1.5589556433663767,1.5557719492485564,-0.8869554665050461,-1.7638144312415096,-0.5332831638162967,-1.5011956935576425,-0.3389243629591253,-0.9296621637210836,-0.3511596903436379,-1.0957785444073562,4.161560172054361,0.5357521502392083,0.0,-1.8170270503179924,1.4695548126780713,-1.1374304214678088,True,False,False,False,False,False,False,False,True,False,False,False,False,False,False,False,False,9.53
-1.7028201314932108,-0.9857010631627074,0.4140199823502313,0.5102195016948667,0.391892844788397,-1.5589556433663767,0.35145042141780575,0.48960825774652356,-1.7638144312415096,1.4555205617921865,0.6510275338629044,1.1770812612206634,0.4248644300269344,-0.2774703253988113,-0.8389274750953852,4.894786950554925,7.486715079257667,0.0,-1.8170270503179924,1.4695548126780713,-1.1374304214678088,False,True,False,False,False,False,False,False,True,False,False,False,False,False,False,False,False,13.55
0.7131046115114662,0.00812935859966714,0.8704800423058648,1.1431223079740658,1.3935975696248042,-1.5589556433663767,-0.8528711064129453,0.8518618693916735,-0.33090797848173215,-0.5332831638162967,2.1466656349195734,1.314899954327917,0.6873695838540697,0.4363050919098942,1.461316545631822,2.2421354052239937,0.8415129828939792,0.0,-1.8170270503179924,1.4695548126780713,-1.1374304214678088,False,False,True,True,False,False,False,False,False,False,False,False,False,False,False,True,False,13.73
0.26071224724053804,-0.644423446632987,0.4238716383204971,0.5629614022181334,0.725794419733866,-1.8375118934887635,0.7581044438022152,0.8518618693916735,-0.33090797848173215,1.4555205617921865,1.9701803389948875,0.21235040946988878,-0.36265103145447136,0.92034307733179,2.0492201042792226,2.268205690681792,-0.11653762609096965,0.0,-1.8170270503179924,1.4695548126780713,-0.8893802785886971,False,False,False,True,False,False,False,False,False,False,False,False,False,False,False,True,False,14.96
0.7254297272866008,1.6140441945725148,1.4320244326109957,1.5386865618985652,-0.342690620091635,-1.8375118934887635,1.1569381965253858,-0.8869554665050461,-1.7638144312415096,-0.5332831638162967,-1.6881504561897263,-0.3389243629591253,-0.9611627821803398,-0.25435209325925856,-1.0957785444073562,4.163732695842511,0.4338318726876181,0.0,-1.8170270503179924,1.4695548126780713,-0.8893802785886971,True,False,False,False,False,False,False,False,True,False,False,False,False,False,False,False,False,9.5
-1.7028201314932108,-0.9857010631627074,1.3991855793767782,1.5386865618985652,-0.07556936013525972,-1.8375118934887635,0.35145042141780575,0.6345097024045835,-1.7638144312415096,1.4555205617921865,0.31151768492304105,0.30422953820805776,-0.3521508253013859,0.16538830902450485,-0.8960054904980456,4.608013810519149,4.897940029447274,0.0,-1.8170270503179924,1.4695548126780713,-0.8893802785886971,False,True,False,False,False,False,False,False,True,False,False,False,False,False,False,False,False,12.97
0.7131046115114662,0.00812935859966714,1.1988685746480472,1.4628700798963694,1.0596959946793352,-1.8375118934887635,-0.45403735368977466,0.7069604247336135,-0.33090797848173215,1.4555205617921865,2.0973095775847037,0.5339273600534804,0.1413588638936283,1.1515253987273224,2.0549279058194885,2.7657136381681013,0.474599983708254,0.0,-1.8170270503179924,1.4695548126780713,-0.8893802785886971,False,False,True,True,False,False,False,False,False,False,False,False,False,False,False,True,False,16.9
0.26071224724053804,-0.644423446632987,0.4238716383204971,0.5629614022181334,0.725794419733866,-1.8375118934887635,0.7581044438022152,0.8518618693916735,-0.33090797848173215,1.4555205617921865,1.8280947193945036,0.028592151993550734,-0.48865350529149626,1.4072708417711295,2.3060711735911936,2.077023597324608,-0.4426825142560587,0.0,-1.8170270503179924,1.4695548126780713,-0.6413301357095853,False,False,False,True,False,False,False,False,False,False,False,False,False,False,False,True,False,14.2
0.7254297272866008,1.6140441945725148,1.4320244326109957,1.5386865618985652,-0.342690620091635,-2.1160681436111504,1.1569381965253858,-0.8869554665050461,-1.7638144312415096,1.4555205617921865,-1.6627246084717626,-0.3848639273282098,-0.9821631944865106,-0.08313268647569215,-1.1014863459476223,4.816576094181532,0.2299913175844374,0.0,-1.8170270503179924,1.4695548126780713,-0.6413301357095853,True,False,False,False,False,False,False,False,True,False,False,False,False,False,False,False,False,10.52
-1.7028201314932108,-0.9857010631627074,1.4123211206704651,1.5518720370293828,-0.07556936013525972,-2.1160681436111504,0.7581044438022152,0.48960825774652356,-1.7638144312415096,1.4555205617921865,0.13503238899835307,-0.20110566985187175,-0.8561607206494856,0.6082469434478209,-0.9644991089812377,4.409227883903441,1.8199476473892462,0.0,-1.8170270503179924,1.4695548126780713,-0.6413301357095853,False,True,False,False,False,False,False,False,True,False,False,False,False,False,False,False,False,11.37
0.7131046115114662,0.00812935859966714,1.1988685746480472,1.4200172857212157,0.725794419733866,-1.8375118934887635,-0.45403735368977466,0.6345097024045835,-0.33090797848173215,1.4555205617921865,1.8819376910325436,-0.06328697674461824,0.04685700851585954,1.3097407999323898,2.3346101812925237,2.4311449747930287,-0.09615357058065169,0.0,-1.8170270503179924,1.4695548126780713,-0.6413301357095853,False,False,True,True,False,False,False,False,False,False,False,False,False,False,False,True,False,15.79
0.26071224724053804,-0.644423446632987,0.4238716383204971,0.5629614022181334,0.725794419733866,-1.8375118934887635,0.7581044438022152,0.7794111470626435,-0.33090797848173215,1.4555205617921865,1.4556808322313917,-0.20110566985187175,-0.5201541237507525,1.3205774712478047,1.7124598134035272,1.6403463159064937,-0.524218736297331,0.0,-1.8170270503179924,1.4695548126780713,-0.3932799928304736,False,False,False,True,False,False,False,False,False,False,False,False,False,False,False,True,False,11.55
0.7254297272866008,1.6140441945725148,2.08880149729536,2.316629594616748,-0.8101528250152917,-2.394624393733537,0.7581044438022152,-1.104307633492136,0.9228851676830732,1.4555205617921865,-1.7001155609981793,-0.4308034916972943,-1.0031636067926815,0.053409372098544114,-1.1014863459476223,4.701432333409592,0.1280710400328471,0.0,-1.8170270503179924,1.4695548126780713,-0.3932799928304736,True,False,False,True,False,False,False,False,False,False,False,False,False,False,False,False,False,10.47
-1.7028201314932108,-0.9857010631627074,2.0690981853548296,2.300147750703228,-0.8101528250152917,-2.394624393733537,0.7581044438022152,0.5620589800755535,-1.047361204861621,1.4555205617921865,-0.20298182184045277,-0.2929847985900408,-0.940162369874169,0.7765765712139427,-0.9587913074409717,2.4257136653226543,0.3930637616669819,0.0,-1.8170270503179924,1.4695548126780713,-0.3932799928304736,False,True,False,True,False,False,False,False,False,False,True,False,False,False,False,False,False,7.65
0.7131046115114662,0.00812935859966714,1.1988685746480472,1.38375722911147,0.4586731597774908,-1.8375118934887635,-0.04738333130536522,0.7069604247336135,-0.33090797848173215,1.4555205617921865,1.5543929469011335,-0.06328697674461824,-0.13164649608659235,1.3436957033873584,1.935064073473902,2.2312727862832453,-0.13692168160128773,0.0,-1.8170270503179924,1.4695548126780713,-0.3932799928304736,False,False,True,True,False,False,False,False,False,False,False,False,False,False,False,True,False,14.67
0.26071224724053804,-0.644423446632987,0.4238716383204971,0.5629614022181334,0.725794419733866,-2.1160681436111504,0.7581044438022152,0.7794111470626435,-0.33090797848173215,1.4555205617921865,1.5289670991831699,-0.3389243629591253,-0.3836514437606422,1.2512227748291453,1.6553817980008667,1.362263271023317,-0.5649868473179671,0.0,-1.8170270503179924,1.4695548126780713,-0.14522984995136187,False,False,False,True,False,False,False,False,False,False,False,False,False,False,False,True,False,10.77
0.7254297272866008,1.6140441945725148,1.760412964953178,1.8518415962554609,-0.8101528250152917,-2.673180643855924,-0.04738333130536522,-1.0318569111631062,0.9228851676830732,-0.5332831638162967,-1.779384380354183,-0.4308034916972943,-0.9926634006395959,0.07725004899245826,-1.1071941474878884,4.008397244989799,0.1280710400328471,0.0,-1.8170270503179924,1.4695548126780713,-0.14522984995136187,True,False,False,False,False,False,False,True,False,False,False,False,False,False,False,False,True,9.38
-1.7028201314932108,-0.9857010631627074,2.384351176403325,2.6561555792352776,-0.7433725100261979,-2.394624393733537,1.1569381965253858,0.48960825774652356,-0.33090797848173215,1.4555205617921865,-0.1551214026066404,-0.2929847985900408,-0.9086617514149127,0.760682786618,-0.9017132920383115,1.773956528877708,0.2503753730947555,0.0,-1.8170270503179924,1.4695548126780713,-0.14522984995136187,False,True,False,True,False,False,False,False,False,False,False,False,False,False,False,True,False,6.75
0.7131046115114662,0.00812935859966714,1.1923008040012035,1.334311697370908,0.12477158483202172,-2.1160681436111504,-0.04738333130536522,0.7069604247336135,1.388579764830001,1.4555205617921865,1.4885848704546403,-0.2929847985900408,0.12035845158745748,1.2281045426895916,2.003557691957094,1.9564485270822929,-0.1776897926219239,0.0,-1.8170270503179924,1.4695548126780713,-0.14522984995136187,False,False,True,True,False,False,False,False,False,False,False,False,False,False,True,False,False,14.07
0.26071224724053804,-0.644423446632987,0.019953743539612774,0.16080441072822452,1.0596959946793352,-2.1160681436111504,-0.04738333130536522,0.9967633140497334,-0.33090797848173215,1.4555205617921865,2.1092746823931567,-0.47674305606637885,0.09935803928128664,0.7729643474421378,1.1473874609171908,1.3448830807181182,-0.19807384813224196,0.0,-1.8170270503179924,1.4695548126780713,0.5989205786859734,False,False,False,True,False,False,False,False,False,False,False,False,False,False,False,True,False,9.77
0.7254297272866008,1.6140441945725148,1.760412964953178,1.8518415962554609,-0.6098118800480102,-2.673180643855924,-0.8528711064129453,-0.8869554665050461,0.9228851676830732,-0.5332831638162967,-1.4907262268502448,-0.2929847985900408,0.28836175003682396,-1.4384390456570002,-1.027284925924164,2.2128063340839716,2.41108525718847,0.0,-1.8170270503179924,1.4695548126780713,0.5989205786859734,True,False,False,False,False,False,False,True,False,False,False,False,False,False,False,False,True,7.89
-1.7028201314932108,-0.9857010631627074,1.0707970470345958,1.166196889452995,-0.14234967512435354,-2.1160681436111504,3.972235274571297,0.6345097024045835,0.9228851676830732,-0.5332831638162967,0.8978078205372556,-0.3389243629591253,-0.2576489699236173,0.36333817171942895,-0.6106154134847442,1.32098531904847,0.5357521502392083,0.0,-1.8170270503179924,1.4695548126780713,0.5989205786859734,False,True,False,False,False,False,True,False,False,False,False,False,False,True,False,False,False,7.3
0.7131046115114662,0.00812935859966714,1.1988685746480472,1.2815697968476412,-0.342690620091635,-2.394624393733537,0.35145042141780575,1.0692140363787634,1.1019984742780453,-0.5332831638162967,2.798763846980281,-0.20110566985187175,2.440904011419333,0.5381698022748004,2.8197733122151356,1.827183361687378,0.8211289273836612,0.0,-1.8170270503179924,1.4695548126780713,0.5989205786859734,False,False,True,True,False,False,False,False,False,False,False,False,False,False,False,False,False,15.83
0.26071224724053804,-0.644423446632987,0.019953743539612774,0.16080441072822452,1.0596959946793352,-1.8375118934887635,-0.36801438741614934,0.9967633140497334,-0.33090797848173215,-0.5332831638162967,2.1376918063132333,-0.5226826204354633,0.22536051311831168,0.5251657966963021,0.8334583762025597,1.3633495329173915,0.06691887350189285,0.0,-1.8170270503179924,1.4695548126780713,0.846970721565085,False,False,False,True,False,False,False,False,False,False,False,False,False,False,False,True,False,9.66
0.7254297272866008,1.6140441945725148,0.7752473679266311,0.9519329185772248,0.725794419733866,-2.1160681436111504,-0.04738333130536522,-0.8145047441760161,0.9228851676830732,-0.5332831638162967,-1.5475604746903997,-0.47674305606637885,0.6768693777009842,-1.880575235325955,-1.010161521303366,1.708780815233213,3.1041431445392846,0.0,-1.8170270503179924,1.4695548126780713,0.846970721565085,True,False,False,False,False,False,False,True,False,False,False,False,False,False,False,False,True,7.16
-1.7028201314932108,-0.9857010631627074,0.4140199823502313,0.47395944508511995,0.12477158483202172,-1.5589556433663767,2.361259724356137,0.6345097024045835,0.9228851676830732,-0.5332831638162967,0.972589725590089,-0.47674305606637885,0.036356802362774124,0.023066692415380386,-0.5991998104042123,1.019004512495645,0.5765202612598445,0.0,-1.8170270503179924,1.4695548126780713,0.846970721565085,False,True,False,False,False,False,True,False,False,False,False,False,False,True,False,False,False,6.93
0.7131046115114662,0.00812935859966714,0.5420915099636826,0.6519633593511457,0.391892844788397,-2.1160681436111504,-0.8528711064129453,0.8518618693916735,-1.4772331406895542,-0.5332831638162967,3.002170628723988,-0.4308034916972943,2.934413700614347,0.14732719016547888,2.642831464466889,1.696831934398389,1.0249694824868418,0.0,-1.8170270503179924,1.4695548126780713,0.846970721565085,False,False,True,False,False,False,False,False,True,False,False,False,False,False,False,False,False,15.35
0.26071224724053804,-0.644423446632987,-0.23290542636386743,-0.07653414162647497,1.3935975696248042,-1.5589556433663767,0.35145042141780575,0.7069604247336135,-0.33090797848173215,-0.5332831638162967,2.3246465689453166,-0.5226826204354633,0.31986236849608024,0.32938326826446024,0.5366526961087265,1.4469916987611595,0.4134478171773,0.0,-1.8170270503179924,1.4695548126780713,1.0950208644441968,False,False,False,False,False,False,True,False,False,False,False,True,False,False,False,False,False,9.85
0.7254297272866008,1.6140441945725148,0.44685883558444883,0.5893323524797662,0.725794419733866,-2.1160681436111504,-0.04738333130536522,-0.5971525771889262,0.9228851676830732,-0.5332831638162967,-1.3366755024414076,-0.5226826204354633,0.9183741192219487,-2.2100100433145893,-1.015869322843632,1.3079501763195713,3.2468315331115107,0.0,-1.8170270503179924,1.4695548126780713,1.0950208644441968,True,False,False,False,False,False,False,True,False,False,False,False,False,False,False,False,True,6.6
-1.7028201314932108,-0.9857010631627074,-0.2427570823341333,-0.17212883632489548,0.725794419733866,-1.2803993932439899,1.1569381965253858,0.41715753541749356,0.9228851676830732,-0.5332831638162967,1.2537696885887422,-0.5226826204354633,0.21486030696522626,-0.16693627798157235,-0.6163232150250104,0.8158735383036367,0.6376724277907987,0.0,-1.8170270503179924,1.4695548126780713,1.0950208644441968,False,True,False,False,False,False,True,False,False,False,False,False,False,True,False,False,False,6.64
0.7131046115114662,0.00812935859966714,-0.11468555472068201,0.055320609681691155,1.3935975696248042,-1.8375118934887635,-1.2595251287973548,0.34470681308846357,-1.548878463327543,-0.5332831638162967,3.3506543062701915,-0.5226826204354633,2.8924128760020054,-0.09396935779110814,2.1005903181416166,1.62622491128352,1.1676578710590684,0.0,-1.8170270503179924,1.4695548126780713,1.0950208644441968,False,False,True,False,False,False,False,False,True,False,False,False,False,False,False,False,False,15.05
0.26071224724053804,-0.644423446632987,-0.23618931168728977,-0.07983051040917966,1.3935975696248042,-0.7232868929992161,-0.8528711064129453,0.05490392377234366,-0.40255330111972104,-0.5332831638162967,2.375498264381244,-0.5226826204354633,0.35136298695533646,-0.023892216618087513,0.20560020677329707,1.5447552692279016,0.6376724277907987,0.0,-1.8170270503179924,1.4695548126780713,1.5911211502024203,False,False,False,False,False,False,True,False,False,False,False,False,False,True,False,False,False,10.15
0.7254297272866008,1.6140441945725148,0.44685883558444883,0.5464795583046124,0.391892844788397,-2.1160681436111504,0.35145042141780575,1.0692140363787634,0.9228851676830732,-2.52208688942478,-1.2409546639737807,-0.5226826204354633,1.1598788607429131,-2.670929796596931,-1.044408330544962,0.8093559669391874,1.5549549257551116,0.0,-1.8170270503179924,1.4695548126780713,1.5911211502024203,True,False,False,False,False,False,False,True,False,False,False,False,False,False,False,False,True,6.0
-1.7028201314932108,-0.9857010631627074,-0.8995341470184979,-0.8643662806927705,0.9929156796902413,-0.7232868929992161,1.1569381965253858,0.5620589800755535,0.9228851676830732,-0.5332831638162967,1.460167746534562,-0.5226826204354633,0.26736133773065335,-0.4407428398844063,-0.6791090319679366,0.6160013497938532,0.6172883722804806,0.0,-1.8170270503179924,1.4695548126780713,1.5911211502024203,False,True,False,False,False,False,True,False,False,False,False,False,False,True,False,False,False,6.28
0.7131046115114662,0.00812935859966714,-0.11468555472068201,0.15091530438011283,2.1281810345048364,-1.5589556433663767,1.9624259716329662,0.05490392377234366,-1.6563464472845264,-0.5332831638162967,3.4688097162536695,-0.5226826204354633,2.083897002214429,-0.3554943588698033,1.2272966824809148,1.368780842387766,0.8415129828939792,0.0,-1.8170270503179924,1.4695548126780713,1.5911211502024203,False,False,True,False,False,False,True,False,False,False,False,True,False,False,False,False,False,14.14
0.26071224724053804,-0.644423446632987,-0.5809972706465815,-0.5116548209434248,0.9929156796902413,-1.2803993932439899,-1.2595251287973548,-0.01754679855668632,0.9228851676830732,-0.5332831638162967,2.0389796916434935,-0.4308034916972943,0.07835762697511581,-0.09180202352802494,-0.6848168335082025,0.26405249611358217,0.1280710400328471,0.0,-1.8170270503179924,1.5750513303564178,-1.6335307072260323,False,False,False,True,False,False,False,False,False,False,False,False,False,False,False,False,False,4.87
0.7254297272866008,1.6140441945725148,-0.538306761442098,-0.4655056579855663,0.9929156796902413,-1.001843143121603,1.9624259716329662,0.41715753541749356,-1.7638144312415096,-2.52208688942478,-0.7862806812525546,-0.01734741237553375,1.0863774176713155,-3.4266070096585772,-0.9816225136020358,0.30641670998250375,0.7192086498320708,0.0,-1.8170270503179924,1.5750513303564178,-1.6335307072260323,True,False,False,False,False,False,False,False,True,False,False,False,False,False,False,False,False,6.14
-1.7028201314932108,-0.9857010631627074,-1.8846997440450446,-1.8038313837634574,2.1281810345048364,-0.7232868929992161,-0.8528711064129453,0.5620589800755535,0.9228851676830732,-0.5332831638162967,1.2118918217591552,-0.47674305606637885,-0.07914546532116526,-0.49998330974201094,-0.9017132920383115,-0.1476407617408088,0.06691887350189285,0.0,-1.8170270503179924,1.5750513303564178,-1.6335307072260323,False,True,False,True,False,False,False,False,False,False,False,False,False,False,False,False,False,3.93
0.7131046115114662,0.00812935859966714,-0.4430740870628643,-0.26442716224061247,1.7274991445702732,-1.2803993932439899,0.7581044438022152,-0.0899975208857163,0.9228851676830732,-0.5332831638162967,2.0823531965741378,-0.3848639273282098,1.033876386905888,-0.5975133515807517,0.09715197750824266,0.4052665423433206,0.2299913175844374,0.0,-1.8170270503179924,1.5750513303564178,-1.6335307072260323,False,False,True,False,False,True,False,False,False,False,False,False,True,False,False,False,False,5.89
0.26071224724053804,-0.644423446632987,-0.23618931168728977,-0.16553609875948727,0.725794419733866,-1.001843143121603,-1.2595251287973548,0.41715753541749356,0.9228851676830732,-0.5332831638162967,1.9238155578621305,-0.3389243629591253,-0.06864525916807984,0.02956869520462998,-0.6334466196458083,0.20973940140983663,0.08730292901221094,0.0,-1.8170270503179924,1.5750513303564178,-1.3854805643469206,False,False,False,True,False,False,False,False,False,False,False,False,False,False,False,False,False,4.82
0.7254297272866008,1.6140441945725148,-0.538306761442098,-0.4655056579855663,0.9929156796902413,-1.001843143121603,1.1569381965253858,0.48960825774652356,-0.33090797848173215,-2.52208688942478,-0.46471848952536987,0.25828997383897334,0.5298664915577886,-2.8045820761537232,-0.9530835059007057,0.10654452147272021,0.3930637616669819,0.0,-1.8170270503179924,1.5750513303564178,-1.3854805643469206,True,False,False,True,False,False,False,False,False,False,False,False,False,False,False,True,False,5.58
-1.7028201314932108,-0.9857010631627074,-1.8781319733982011,-1.849980546721316,1.7274991445702732,-0.7232868929992161,-1.2595251287973548,0.48960825774652356,0.9228851676830732,-0.5332831638162967,1.1894572502433065,-0.4308034916972943,-0.026644434555738162,-0.4877017489178742,-0.8960054904980456,-0.18457366613935597,0.04653481799157477,0.0,-1.8170270503179924,1.5750513303564178,-1.3854805643469206,False,True,False,True,False,False,False,False,False,False,False,False,False,False,False,False,False,3.81
0.7131046115114662,0.00812935859966714,0.21370297762150028,0.3750683816039959,1.0596959946793352,-1.2803993932439899,-0.04738333130536522,0.05490392377234366,0.9228851676830732,-0.5332831638162967,1.9462501293779793,-0.10922654111370278,0.8238722638441799,-0.4378530608669617,0.11998318366930677,0.15542630670609112,0.14845509554316508,0.0,-1.8170270503179924,1.5750513303564178,-1.3854805643469206,False,False,True,True,False,False,False,False,False,False,False,False,False,False,False,False,False,4.96
0.26071224724053804,-0.644423446632987,-0.23947319701071212,-0.17872157389030366,0.6590141047447723,-1.001843143121603,-1.4159305220221277,0.41715753541749356,1.6751610553819563,-0.5332831638162967,1.8804420529314863,-0.24704523422095628,-0.3311504129952151,0.23402056068880367,-0.5991998104042123,0.131528545036443,-0.014617348539379356,0.0,-1.8170270503179924,1.5750513303564178,-1.1374304214678088,False,False,False,True,False,False,False,False,False,False,False,False,False,False,True,False,False,4.64
0.7254297272866008,1.6140441945725148,0.11847030324226653,0.18387899220715376,0.391892844788397,-1.001843143121603,-0.45403735368977466,0.5620589800755535,-0.33090797848173215,-0.5332831638162967,0.15746696051420397,-0.20110566985187175,-0.40465185606681303,-1.0779391132308416,-0.9302522997396415,-0.20412638023270432,-0.05538545956001552,0.0,-1.8170270503179924,1.5750513303564178,-1.1374304214678088,True,False,False,False,False,False,True,False,False,False,False,True,False,False,False,False,False,4.6
-1.7028201314932108,-0.9857010631627074,-1.8846997440450446,-1.8038313837634574,2.1281810345048364,-0.7232868929992161,-1.2595251287973548,0.41715753541749356,0.9228851676830732,-0.5332831638162967,1.0922407736746222,-0.3389243629591253,-0.1001458776273361,-0.4306286133233517,-0.8902976889577795,-0.26278452251274936,0.005766706970938724,0.0,-1.8170270503179924,1.5750513303564178,-1.1374304214678088,False,True,False,True,False,False,False,False,False,False,False,False,False,False,False,False,False,3.58
0.7131046115114662,0.00812935859966714,0.5420915099636826,0.7376689477014534,1.0596959946793352,-1.001843143121603,-0.04738333130536522,0.41715753541749356,0.9228851676830732,-0.5332831638162967,1.790703766868087,-0.20110566985187175,0.4563650484861907,-0.18427495208623793,0.05719736672638034,-0.08246504809631423,0.08730292901221094,0.0,-1.8170270503179924,1.5750513303564178,-1.1374304214678088,False,False,True,True,False,False,False,False,False,False,False,False,False,False,False,False,False,4.08
0.26071224724053804,-0.644423446632987,0.36804558782232555,0.4607739699543036,0.391892844788397,-1.001843143121603,-0.45403735368977466,0.7069604247336135,0.9228851676830732,-0.5332831638162967,1.6860090997941197,-0.24704523422095628,-0.4991537114445817,0.3214363759664889,-0.5592451996223501,0.12826975935421836,-0.014617348539379356,0.0,-1.8170270503179924,1.5750513303564178,-0.8893802785886971,False,False,False,True,False,False,False,False,False,False,False,False,False,False,False,False,False,4.66
0.7254297272866008,1.6140441945725148,0.44685883558444883,0.5102195016948667,0.12477158483202172,-1.001843143121603,-0.45403735368977466,-1.104307633492136,-0.33090797848173215,-0.5332831638162967,0.17840589392899742,-0.24704523422095628,-0.6146559791285212,-0.9067197064472762,-0.9530835059007057,-0.3583755691913415,-0.05538545956001552,0.0,-1.8170270503179924,1.5750513303564178,-0.8893802785886971,True,False,False,False,False,False,True,False,False,False,False,True,False,False,False,False,False,4.23
-1.7028201314932108,-0.9857010631627074,-0.8995341470184979,-0.8215134865176167,1.3268172546357104,-0.7232868929992161,-0.8528711064129453,0.27225609075943363,0.9228851676830732,-0.5332831638162967,0.9606246207816359,-0.2929847985900408,-0.16314711454584863,-0.3872819280616898,-0.8788820858772475,-0.35511678350911685,0.005766706970938724,0.0,-1.8170270503179924,1.5750513303564178,-0.8893802785886971,False,True,False,True,False,False,False,False,False,False,False,False,False,False,False,False,False,3.32
0.7131046115114662,0.00812935859966714,0.5420915099636826,0.7376689477014534,1.0596959946793352,-1.2803993932439899,-0.45403735368977466,0.41715753541749356,0.9228851676830732,-0.5332831638162967,1.5798187946190971,-0.20110566985187175,0.22536051311831168,-0.0672389018797494,0.05148956518611444,-0.19652254697417992,0.10768698452252902,0.0,-1.8170270503179924,1.5750513303564178,-0.8893802785886971,False,False,True,True,False,False,False,False,False,False,False,False,False,False,False,False,False,3.68
0.26071224724053804,-0.644423446632987,0.4238716383204971,0.5201086080429784,0.391892844788397,-1.001843143121603,0.35145042141780575,0.8518618693916735,0.9228851676830732,-0.5332831638162967,1.518497632475772,-0.24704523422095628,-0.6041557729754358,0.3915135171395095,-0.53070619192102,0.1000269501082707,-0.014617348539379356,0.0,-1.8170270503179924,1.5750513303564178,-0.6413301357095853,False,False,False,True,False,False,False,False,False,False,False,False,False,False,False,False,False,4.6
0.7254297272866008,1.6140441945725148,0.11847030324226653,0.2596954742093497,0.9929156796902413,-1.2803993932439899,0.35145042141780575,0.9243125917207035,-0.33090797848173215,-0.5332831638162967,0.11558909368461706,-0.2929847985900408,-0.7406584529655461,-0.890103477096972,-0.9759147120617698,-0.4963308297388552,-0.014617348539379356,0.0,-1.8170270503179924,1.5750513303564178,-0.6413301357095853,True,False,False,True,False,False,False,False,False,False,False,False,False,False,False,True,False,3.78
-1.7028201314932108,-0.9857010631627074,-0.5711456146763155,-0.5017657145953119,0.9929156796902413,-1.001843143121603,-0.45403735368977466,0.41715753541749356,0.9228851676830732,-0.5332831638162967,0.8813558014256323,-0.24704523422095628,-0.24714876377053185,-0.34971480083491513,-0.8560508797161833,-0.4289825923062107,0.005766706970938724,0.0,-1.8170270503179924,1.5750513303564178,-0.6413301357095853,False,True,False,True,False,False,False,False,False,False,False,False,False,False,False,False,False,3.08
0.7131046115114662,0.00812935859966714,0.5420915099636826,0.7376689477014534,1.0596959946793352,-1.2803993932439899,-0.04738333130536522,0.5620589800755535,0.9228851676830732,-0.5332831638162967,1.4063247748965217,-0.20110566985187175,0.07835762697511581,0.04329514553748954,0.11427538212904062,-0.2443180703134759,0.1280710400328471,0.0,-1.8170270503179924,1.5750513303564178,-0.6413301357095853,False,False,True,True,False,False,False,False,False,False,False,False,False,False,False,False,False,3.58
0.26071224724053804,-0.644423446632987,0.4238716383204971,0.5201086080429784,0.391892844788397,-1.2803993932439899,0.7581044438022152,0.8518618693916735,0.9228851676830732,-0.5332831638162967,1.6216966614486819,-0.24704523422095628,-0.583155360669265,0.5092720121003594,-0.5877842073236802,-0.38770464033136415,-0.09615357058065169,0.0,-1.8170270503179924,1.5750513303564178,-0.3932799928304736,False,False,False,True,False,False,False,False,False,False,False,False,False,False,False,False,False,2.97
0.7254297272866008,1.6140441945725148,0.44685883558444883,0.5464795583046124,0.391892844788397,-1.5589556433663767,-0.04738333130536522,-1.394110522808256,0.9228851676830732,-0.5332831638162967,-0.4617272133232571,-0.3389243629591253,-0.9716629883334252,-0.21172785275195705,-1.0044537197630998,-0.004254191722920799,0.06691887350189285,0.0,-1.8170270503179924,1.5750513303564178,-0.3932799928304736,True,False,False,True,False,False,False,False,False,False,False,False,False,False,False,False,False,4.92
-1.7028201314932108,-0.9857010631627074,-0.2427570823341333,-0.17212883632489548,0.725794419733866,-1.001843143121603,-0.04738333130536522,0.48960825774652356,0.9228851676830732,-0.5332831638162967,0.7856349629580054,-0.15516610548278725,-0.45715288683224004,-0.12864670600043723,-0.8446352766356513,-0.3399091169920681,-0.03500140404969744,0.0,-1.8170270503179924,1.5750513303564178,-0.3932799928304736,False,True,False,True,False,False,False,False,False,False,False,False,False,False,False,False,False,3.37
0.7131046115114662,0.00812935859966714,0.5420915099636826,0.6948161535262996,0.725794419733866,-1.2803993932439899,0.7581044438022152,0.6345097024045835,0.9228851676830732,-0.5332831638162967,1.356968717561652,-0.10922654111370278,-0.3206502068421297,0.23402056068880367,-0.21677710720638865,-0.5050209248914544,0.005766706970938724,0.0,-1.8170270503179924,1.5750513303564178,-0.3932799928304736,False,False,True,True,False,False,False,False,False,False,False,False,False,False,False,False,False,2.68
0.26071224724053804,-0.644423446632987,-0.23290542636386743,-0.12597967336703814,0.9929156796902413,-1.2803993932439899,0.7581044438022152,0.9243125917207035,0.9228851676830732,1.4555205617921865,1.4272637083113153,-0.2929847985900408,-0.6881574222001191,0.5663451476948809,-0.5706608027028821,-0.39422221169581356,-0.13692168160128773,0.0,-1.8170270503179924,1.5750513303564178,-0.14522984995136187,False,False,False,True,False,False,False,False,False,False,False,False,False,False,False,False,False,3.06
0.7254297272866008,1.6140441945725148,0.7752473679266311,0.8728200677923241,0.12477158483202172,-1.8375118934887635,-0.04738333130536522,0.8518618693916735,0.9228851676830732,-0.5332831638162967,-0.511083270658127,-0.3848639273282098,-0.9821631944865106,-0.20739318422579064,-1.010161521303366,-0.11939795249486117,0.026150762481256692,0.0,-1.8170270503179924,1.5750513303564178,-0.14522984995136187,True,False,False,True,False,False,False,False,False,False,False,False,False,False,False,False,False,4.48
-1.7028201314932108,-0.9857010631627074,0.085631450008049,0.14761893559740816,0.391892844788397,-1.2803993932439899,-0.45403735368977466,0.7794111470626435,0.9228851676830732,-0.5332831638162967,0.6076540289322622,-0.20110566985187175,-0.635656391434692,-0.054957341055611626,-0.8160962689343211,-0.3301327599453939,-0.0757695150703336,0.0,-1.8170270503179924,1.5750513303564178,-0.14522984995136187,False,True,False,True,False,False,False,False,False,False,False,False,False,False,False,False,False,3.37
0.7131046115114662,0.00812935859966714,0.5420915099636826,0.6948161535262996,0.725794419733866,-1.2803993932439899,0.7581044438022152,0.48960825774652356,0.9228851676830732,-0.5332831638162967,1.1505706596158323,-0.15516610548278725,-0.31015000068904425,0.3228812654752117,0.00011935132372017912,-0.5093659724677542,-0.014617348539379356,0.0,-1.8170270503179924,1.5750513303564178,-0.14522984995136187,False,False,True,True,False,False,False,False,False,False,False,False,False,False,False,False,False,2.78
0.26071224724053804,-0.644423446632987,-0.5612939587060497,-0.4457274452893418,1.3268172546357104,-1.2803993932439899,1.1569381965253858,0.9243125917207035,0.9228851676830732,1.4555205617921865,1.3479948889553117,-0.2929847985900408,-0.6986576283532046,0.6024673854129328,-0.5078749857599558,-0.3268739742631691,-0.13692168160128773,0.0,-1.8170270503179924,1.5750513303564178,0.10282029292774987,False,False,False,True,False,False,False,False,False,False,False,False,False,False,False,False,False,3.61
0.7254297272866008,1.6140441945725148,0.7752473679266311,0.8398563799652833,-0.14234967512435354,-2.1160681436111504,-0.04738333130536522,0.9967633140497334,0.9228851676830732,-0.5332831638162967,-0.4886486991422782,-0.3848639273282098,-0.9611627821803398,-0.2622989855572299,-1.010161521303366,-0.2378004989490264,0.026150762481256692,0.0,-1.8170270503179924,1.5750513303564178,0.10282029292774987,True,False,False,False,False,False,True,False,False,False,False,True,False,False,False,False,False,4.15
-1.7028201314932108,-0.9857010631627074,0.4140199823502313,0.47395944508511995,0.12477158483202172,-1.5589556433663767,-0.45403735368977466,0.34470681308846357,0.9228851676830732,-0.5332831638162967,0.45509894262448036,-0.20110566985187175,-0.6986576283532046,-0.054957341055611626,-0.787557261232991,-0.2986311650172214,-0.05538545956001552,0.0,-1.8170270503179924,1.5750513303564178,0.10282029292774987,False,True,False,True,False,False,False,False,False,False,False,False,False,False,False,False,False,3.51
0.7131046115114662,0.00812935859966714,0.21370297762150028,0.3750683816039959,1.0596959946793352,-1.5589556433663767,0.35145042141780575,0.7069604247336135,0.9228851676830732,-0.5332831638162967,1.0727974783608862,-0.15516610548278725,-0.16314711454584863,0.39584818566567587,0.30263283295781945,-0.45939792534030827,-0.014617348539379356,0.0,-1.8170270503179924,1.5750513303564178,0.10282029292774987,False,False,True,True,False,False,False,False,False,False,False,False,False,False,False,False,False,3.24
0.26071224724053804,-0.644423446632987,-0.5809972706465815,-0.5116548209434248,0.9929156796902413,-1.2803993932439899,-0.04738333130536522,0.9243125917207035,0.9228851676830732,1.4555205617921865,1.6486181472677028,-0.3848639273282098,-0.058145053014994424,0.5685124819579641,-0.028419656377609962,0.2444997820202338,0.16883915105348316,0.0,-1.8170270503179924,1.5750513303564178,0.846970721565085,False,False,False,True,False,False,False,False,False,False,False,False,False,False,False,False,False,7.47
0.7254297272866008,1.6140441945725148,0.11847030324226653,0.2267317863823076,0.725794419733866,-1.5589556433663767,0.7581044438022152,0.9967633140497334,0.9228851676830732,-0.5332831638162967,-0.09828715476648764,-0.3389243629591253,-0.5516547422100088,-0.5064853125312605,-0.9987459182228339,-0.5799729955826233,0.4134478171773,0.0,-1.8170270503179924,1.5750513303564178,0.846970721565085,True,False,False,False,False,False,True,False,False,False,False,True,False,False,False,False,False,3.08
-1.7028201314932108,-0.9857010631627074,-0.2427570823341333,-0.21498163050005045,0.391892844788397,-1.5589556433663767,-0.04738333130536522,0.27225609075943363,0.9228851676830732,-0.5332831638162967,0.8514430394044985,-0.3848639273282098,-0.16314711454584863,-0.06940623614283259,-0.770433856612193,-0.45831166344623336,0.1280710400328471,0.0,-1.8170270503179924,1.5750513303564178,0.846970721565085,False,True,False,True,False,False,False,False,False,False,False,False,False,False,False,False,False,3.24
0.7131046115114662,0.00812935859966714,-0.4430740870628643,-0.26442716224061247,1.7274991445702732,-1.2803993932439899,-0.45403735368977466,0.5620589800755535,1.8184517006579342,-0.5332831638162967,1.7159218618152534,-0.3389243629591253,1.453884633029305,0.3936808514025927,0.930491002387082,0.14782247344756672,0.3930637616669819,0.0,-1.8170270503179924,1.5750513303564178,0.846970721565085,False,False,True,True,False,False,False,False,False,False,False,False,False,False,True,False,False,7.35
0.26071224724053804,-0.644423446632987,-0.7484754221410937,-0.6698805225132248,1.1932566246575227,-1.001843143121603,-0.36801438741614934,0.9243125917207035,0.9228851676830732,-0.5332831638162967,1.5693493279116992,-0.47674305606637885,0.18335968850597,0.3965706304200373,0.08002857288744444,0.4041802804492457,0.3319115951360277,0.0,-1.8170270503179924,1.5750513303564178,1.0950208644441968,False,False,False,True,False,False,False,False,False,False,False,False,False,False,False,False,False,8.19
0.7254297272866008,1.6140441945725148,-0.20991822909991575,-0.1029050918881089,0.9929156796902413,-1.2803993932439899,0.35145042141780575,0.9243125917207035,0.9228851676830732,-0.5332831638162967,-0.18204288842565933,-0.47674305606637885,0.04685700851585954,-1.256382967558019,-0.9873303151423019,-0.6418899235448932,1.2695781486106585,0.0,-1.8170270503179924,1.5750513303564178,1.0950208644441968,True,False,False,False,False,False,True,False,False,False,False,False,False,True,False,False,False,2.92
-1.7028201314932108,-0.9857010631627074,-0.2427570823341333,-0.21498163050005045,0.391892844788397,-1.5589556433663767,-0.8528711064129453,0.34470681308846357,0.9228851676830732,-0.5332831638162967,0.8215302773833647,-0.47674305606637885,0.04685700851585954,-0.24062564292639899,-0.798972864313523,-0.5071934486796043,0.2096072620741193,0.0,-1.8170270503179924,1.5750513303564178,1.0950208644441968,False,True,False,True,False,False,False,False,False,False,False,False,False,False,False,False,False,2.91
0.7131046115114662,0.00812935859966714,-0.7714626194050466,-0.5742858278148044,2.1281810345048364,-1.2803993932439899,-1.2595251287973548,0.41715753541749356,1.8184517006579342,-0.5332831638162967,1.6560963377729858,-0.47674305606637885,1.6848891683971836,0.21379210756669453,0.8619973839038897,0.3466084000632753,0.5765202612598445,0.0,-1.8170270503179924,1.5750513303564178,1.0950208644441968,False,False,True,True,False,False,False,False,False,False,False,False,False,False,True,False,False,8.13
0.26071224724053804,-0.644423446632987,-0.9290891149292942,-0.8511808055619542,1.3268172546357104,-1.001843143121603,-0.8528711064129453,0.8518618693916735,1.567693071424973,-0.5332831638162967,1.6351574043581925,-0.5226826204354633,0.31986236849608024,0.2506367900391078,0.16564559599143475,0.5464805885730588,0.5153680947288902,0.0,-1.8170270503179924,1.5750513303564178,1.3430710073233085,False,False,False,True,False,False,False,False,False,False,False,False,False,False,True,False,False,8.48
0.7254297272866008,1.6140441945725148,-0.538306761442098,-0.36991096328714584,1.7274991445702732,-1.2803993932439899,-0.45403735368977466,0.8518618693916735,0.9228851676830732,-0.5332831638162967,-0.09529587856437277,-0.5226826204354633,0.6558689653948134,-2.139210457387207,-0.9816225136020358,-0.6668739471086161,1.8607157584098823,0.0,-1.8170270503179924,1.5750513303564178,1.3430710073233085,True,False,False,False,False,False,True,False,False,False,False,True,False,False,False,False,False,2.91
-1.7028201314932108,-0.9857010631627074,-0.2427570823341333,-0.21498163050005045,0.391892844788397,-1.2803993932439899,-0.8528711064129453,0.27225609075943363,0.9228851676830732,-0.5332831638162967,0.9471638778721254,-0.5226826204354633,0.20436010081214084,-0.33815568476513874,-0.8046806658537892,-0.45939792534030827,0.37267970615666385,0.0,-1.8170270503179924,1.5750513303564178,1.3430710073233085,False,True,False,True,False,False,False,False,False,False,False,False,False,False,False,False,False,2.96
0.7131046115114662,0.00812935859966714,-0.7714626194050466,-0.5742858278148044,2.1281810345048364,-1.001843143121603,-0.8528711064129453,0.48960825774652356,1.8184517006579342,-0.5332831638162967,1.7577997286448404,-0.5226826204354633,1.6533885499379275,0.06858071194012547,0.7478413530985691,0.47913235114041447,0.8415129828939792,0.0,-1.8170270503179924,1.5750513303564178,1.3430710073233085,False,False,True,True,False,False,False,False,False,False,False,False,False,False,True,False,False,8.38
0.26071224724053804,-0.644423446632987,-0.9290891149292942,-0.8511808055619542,1.3268172546357104,-0.7232868929992161,-1.2595251287973548,0.6345097024045835,1.388579764830001,-0.5332831638162967,1.69946984270363,-0.5226826204354633,0.3723633992615073,0.15310674820036707,0.21701580985382912,0.6333815400990518,0.6172883722804806,0.0,-1.8170270503179924,1.5750513303564178,1.5911211502024203,False,False,False,True,False,False,False,False,False,False,False,False,False,False,True,False,False,8.41
0.7254297272866008,1.6140441945725148,-0.538306761442098,-0.31716906276387913,2.1281810345048364,-1.001843143121603,-0.45403735368977466,0.8518618693916735,0.9228851676830732,-2.52208688942478,-0.030983440218937106,-0.5226826204354633,0.9498747376812047,-2.7265580426827314,-0.9816225136020358,-0.6842541374138147,2.146092535554335,0.0,-1.8170270503179924,1.5750513303564178,1.5911211502024203,True,False,False,True,False,False,False,False,False,False,False,False,False,False,False,False,False,2.88
-1.7028201314932108,-0.9857010631627074,-0.5711456146763155,-0.5775821965975079,0.391892844788397,-1.001843143121603,1.1569381965253858,0.7794111470626435,0.9228851676830732,-0.5332831638162967,1.1386055548073792,-0.5226826204354633,0.28836175003682396,-0.41473482872740897,-0.8103884673940551,-0.39856725927211323,0.5765202612598445,0.0,-1.8170270503179924,1.5750513303564178,1.5911211502024203,False,True,False,True,False,False,False,False,False,False,False,False,False,False,False,False,False,3.13
0.7131046115114662,0.00812935859966714,-0.7714626194050466,-0.5742858278148044,2.1281810345048364,-1.001843143121603,-2.463846656628106,-1.466561245137286,1.8184517006579342,-0.5332831638162967,1.8460423766071823,-0.5226826204354633,1.5483864884070733,-0.05712467531869482,0.6451009253737808,0.5367042315263847,1.04535353799716,0.0,-1.8170270503179924,1.5750513303564178,1.5911211502024203,False,False,True,True,False,False,False,False,False,False,False,False,False,False,True,False,False,8.32
0.26071224724053804,-0.644423446632987,-0.9290891149292942,-0.8511808055619542,1.3268172546357104,-0.7232868929992161,-1.2595251287973548,0.41715753541749356,1.2811117808730175,-0.5332831638162967,1.6202010233476265,-0.5226826204354633,0.39336381156767813,0.010785131591242612,0.2855094283370215,0.6757457539679733,0.6376724277907987,0.0,-1.8170270503179924,1.5750513303564178,1.839171293081532,False,False,False,True,False,False,False,False,False,False,False,False,False,False,True,False,False,8.15
0.7254297272866008,1.6140441945725148,-0.8666952937842803,-0.6303240971207745,2.528862924439399,-1.001843143121603,0.7581044438022152,0.9243125917207035,0.9228851676830732,-2.52208688942478,-0.1940079932341124,-0.5226826204354633,1.0653770053651446,-3.1744737903865747,-0.9930381166825679,-0.691857970672339,2.4722374237194242,0.0,-1.8170270503179924,1.5750513303564178,1.839171293081532,True,False,False,False,False,False,True,False,False,False,False,True,False,False,False,False,False,2.84
-1.7028201314932108,-0.9857010631627074,-0.8995341470184979,-0.9072190748679244,0.6590141047447723,-0.7232868929992161,0.35145042141780575,0.6345097024045835,0.9228851676830732,-0.5332831638162967,1.038397802036582,-0.5226826204354633,0.31986236849608024,-0.5483871082842007,-0.8218040704745871,-0.3790145451787648,0.7395927053423889,0.0,-1.8170270503179924,1.5750513303564178,1.839171293081532,False,True,False,True,False,False,False,False,False,False,False,False,False,False,False,False,False,3.22
0.7131046115114662,0.00812935859966714,-0.7714626194050466,-0.6270277283380711,1.7274991445702732,-1.001843143121603,-1.2595251287973548,0.27225609075943363,1.8184517006579342,-0.5332831638162967,1.775747385857519,-0.5226826204354633,1.5063856637947317,-0.25290720375053677,0.5309448945684603,0.47913235114041447,1.1880419265693865,0.0,-1.8170270503179924,1.5750513303564178,1.839171293081532,False,False,True,False,False,False,True,False,False,False,False,True,False,False,False,False,False,8.1
0.26071224724053804,-0.644423446632987,-0.23290542636386743,-0.16223972997678376,0.725794419733866,-0.7232868929992161,-0.45403735368977466,1.1416647587077935,-0.33090797848173215,-0.5332831638162967,0.7347832675220781,-0.24704523422095628,-0.5936555668223503,0.3069874808792679,0.08573637442771061,-0.1976088088682548,-0.09615357058065169,0.0,-1.8170270503179924,1.680547848034764,-0.3932799928304736,False,False,False,True,False,False,False,False,False,False,False,False,False,False,False,True,False,3.99
0.7254297272866008,1.6140441945725148,-0.538306761442098,-0.31716906276387913,2.1281810345048364,-1.2803993932439899,0.35145042141780575,0.8518618693916735,0.9228851676830732,-0.5332831638162967,-0.1730690598193211,-0.2929847985900408,-0.8771611329556565,-0.6986556171912964,-0.9131288951188437,-0.7059793752953128,0.29114348411539154,0.0,-1.8170270503179924,1.680547848034764,-0.3932799928304736,True,False,False,False,False,False,True,False,False,False,False,True,False,False,False,False,False,3.03
-1.7028201314932108,-0.9857010631627074,0.085631450008049,0.14761893559740816,0.391892844788397,-1.5589556433663767,-0.8528711064129453,-1.466561245137286,0.9228851676830732,-0.5332831638162967,0.015381340913819977,-0.24704523422095628,-0.9296621637210836,0.1834494278835308,-1.027284925924164,-0.5137110200440538,0.005766706970938724,0.0,-1.8170270503179924,1.680547848034764,-0.3932799928304736,False,True,False,True,False,False,False,False,False,False,False,False,False,False,False,False,False,2.35
0.7131046115114662,0.00812935859966714,-0.11468555472068201,0.055320609681691155,1.3935975696248042,-0.7232868929992161,-0.8528711064129453,0.7069604247336135,0.9228851676830732,-0.5332831638162967,0.911268563446764,0.028592151993550734,-0.005644022249567323,0.37345239828048354,0.8677051854441556,-0.4778643775395817,-0.09615357058065169,0.0,-1.8170270503179924,1.680547848034764,-0.3932799928304736,False,False,True,True,False,False,False,False,False,False,False,False,False,False,False,False,False,4.3
0.26071224724053804,-0.644423446632987,-0.23290542636386743,-0.2050925241519376,0.391892844788397,-1.001843143121603,-0.45403735368977466,-1.394110522808256,-0.33090797848173215,-0.5332831638162967,0.5612892477995051,-0.24704523422095628,-0.5621549483630942,0.2983181438269361,0.1485221913706368,-0.22476535622012755,-0.0757695150703336,0.0,-1.8170270503179924,1.680547848034764,-0.14522984995136187,False,False,False,True,False,False,False,False,False,False,False,False,False,False,False,True,False,3.82
0.7254297272866008,1.6140441945725148,-0.538306761442098,-0.36991096328714584,1.7274991445702732,-1.2803993932439899,-0.04738333130536522,0.7794111470626435,0.9228851676830732,-0.5332831638162967,-0.14913885020241277,-0.2929847985900408,-0.866660926802571,-0.6105173571592499,-0.8503430781759173,-0.6940304944604889,0.18922320656380123,0.0,-1.8170270503179924,1.680547848034764,-0.14522984995136187,True,False,False,True,False,False,False,False,False,False,False,False,False,False,False,False,False,3.36
-1.7028201314932108,-0.9857010631627074,0.085631450008049,0.11135887898766252,0.12477158483202172,-1.5589556433663767,-0.8528711064129453,-1.394110522808256,0.9228851676830732,-0.5332831638162967,-0.16259959311192332,-0.24704523422095628,-0.8981615452618273,0.11842939999103694,-0.9873303151423019,-0.47460559185735696,0.04653481799157477,0.0,-1.8170270503179924,1.680547848034764,-0.14522984995136187,False,True,False,True,False,False,False,False,False,False,False,False,False,False,False,False,False,2.56
0.7131046115114662,0.00812935859966714,0.21370297762150028,0.3750683816039959,1.0596959946793352,-0.7232868929992161,-0.45403735368977466,0.7794111470626435,0.9228851676830732,-0.5332831638162967,0.8484517632023858,-0.01734741237553375,0.015356390056603516,0.44208464994478236,0.8391661777428255,-0.46700175859883253,-0.0757695150703336,0.0,-1.8170270503179924,1.680547848034764,-0.14522984995136187,False,False,True,True,False,False,False,False,False,False,False,False,False,False,False,False,False,4.38
0.26071224724053804,-0.644423446632987,-0.23618931168728977,-0.20838889293464227,0.391892844788397,-1.001843143121603,-0.45403735368977466,-1.321659800479226,-0.33090797848173215,-0.5332831638162967,0.5627848859005604,-0.20110566985187175,-0.4151520622198985,0.341664829088598,0.35400304682021355,-0.20304011833862942,-0.03500140404969744,0.0,-1.8170270503179924,1.680547848034764,0.10282029292774987,False,False,False,True,False,False,False,False,False,False,False,False,False,False,False,True,False,3.81
0.7254297272866008,1.6140441945725148,-0.20991822909991575,-0.06005229771295391,1.3268172546357104,-1.2803993932439899,0.7581044438022152,0.7794111470626435,0.9228851676830732,-0.5332831638162967,-0.029487802117879672,-0.24704523422095628,-0.7301582468124608,-0.6199091389659441,-0.759018253531661,-0.6636151614263914,0.2299913175844374,0.0,-1.8170270503179924,1.680547848034764,0.10282029292774987,True,False,False,True,False,False,False,False,False,False,False,False,False,False,False,False,False,3.87
-1.7028201314932108,-0.9857010631627074,0.4140199823502313,0.440995757258079,-0.14234967512435354,-1.5589556433663767,-0.04738333130536522,-1.321659800479226,0.9228851676830732,-0.5332831638162967,0.09913707457299378,-0.15516610548278725,-0.8036596898840586,0.185616762146614,-0.9188366966591095,-0.37032445002616554,0.18922320656380123,0.0,-1.8170270503179924,1.680547848034764,0.10282029292774987,False,True,False,True,False,False,False,False,False,False,False,False,False,False,False,False,False,3.0
0.7131046115114662,0.00812935859966714,-0.11468555472068201,0.0025787091584244704,0.9929156796902413,-1.001843143121603,-0.04738333130536522,0.7069604247336135,-0.33090797848173215,-0.5332831638162967,0.8514430394044985,-0.06328697674461824,0.33036257464916563,0.40668485698109186,0.8677051854441556,-0.4300688542002856,0.10768698452252902,0.0,-1.8170270503179924,1.680547848034764,0.10282029292774987,False,False,True,True,False,False,False,False,False,False,False,False,False,False,False,True,False,4.38
0.26071224724053804,-0.644423446632987,-0.23618931168728977,-0.20838889293464227,0.391892844788397,-1.001843143121603,-0.04738333130536522,-1.249209078150196,-0.33090797848173215,-0.5332831638162967,0.5717587145069007,-0.06328697674461824,-0.18414752685201935,0.3568361689301804,0.6736399330751109,-0.13895066658820954,0.06691887350189285,0.0,-1.8170270503179924,1.680547848034764,0.3508704358068616,False,False,False,True,False,False,False,False,False,False,False,False,False,False,False,True,False,3.91
0.7254297272866008,1.6140441945725148,-0.538306761442098,-0.36991096328714584,1.7274991445702732,-1.2803993932439899,0.35145042141780575,0.7069604247336135,0.9228851676830732,-0.5332831638162967,0.11409345558355963,-0.10922654111370278,-0.4466526806791546,-0.7860714324689827,-0.6848168335082025,-0.6234234713456197,0.4949840392185721,0.0,-1.8170270503179924,1.680547848034764,0.3508704358068616,True,False,False,True,False,False,False,False,False,False,False,False,False,False,False,False,False,4.4
-1.7028201314932108,-0.9857010631627074,0.4140199823502313,0.440995757258079,-0.14234967512435354,-1.8375118934887635,-0.8528711064129453,0.9243125917207035,0.9228851676830732,-0.5332831638162967,0.3160045992262112,-0.06328697674461824,-0.635656391434692,0.20945743904052813,-0.8160962689343211,-0.21607526106752828,0.4338318726876181,0.0,-1.8170270503179924,1.680547848034764,0.3508704358068616,False,True,False,True,False,False,False,False,False,False,False,False,False,False,False,False,False,3.58
0.7131046115114662,0.00812935859966714,-0.11468555472068201,0.0025787091584244704,0.9929156796902413,-1.001843143121603,-0.45403735368977466,0.9243125917207035,-0.33090797848173215,-0.5332831638162967,0.9187467539520491,-0.15516610548278725,0.9813753561404612,0.25424901381091286,0.9704456131689441,-0.37684202139061507,0.4338318726876181,0.0,-1.8170270503179924,1.680547848034764,0.3508704358068616,False,False,True,True,False,False,False,False,False,False,False,False,False,False,False,True,False,4.32
0.26071224724053804,-0.644423446632987,-0.40366746318180324,-0.376503700852554,0.5254534747665847,-0.7232868929992161,-0.04738333130536522,1.1416647587077935,-0.33090797848173215,-0.5332831638162967,0.6181234956396578,-0.06328697674461824,0.10985824543437206,0.3185465969490453,0.9533222085481462,-0.09006888135483863,0.16883915105348316,0.0,-1.8170270503179924,1.680547848034764,0.5989205786859734,False,False,False,True,False,False,False,False,False,False,False,False,False,False,False,True,False,3.96
0.7254297272866008,1.6140441945725148,-0.538306761442098,-0.36991096328714584,1.7274991445702732,-1.001843143121603,0.35145042141780575,0.7069604247336135,0.9228851676830732,-0.5332831638162967,0.21130993215224397,-0.15516610548278725,-0.12114628993350694,-0.9674050658136036,-0.6676934288874045,-0.6071295429344961,0.6988245943217529,0.0,-1.8170270503179924,1.680547848034764,0.5989205786859734,True,False,False,True,False,False,False,False,False,False,False,False,False,False,False,False,False,4.62
-1.7028201314932108,-0.9857010631627074,0.4205877529970748,0.44758849482348717,-0.14234967512435354,-1.5589556433663767,-0.45403735368977466,-0.8145047441760161,0.9228851676830732,-0.5332831638162967,0.45809021882659523,-0.10922654111370278,-0.4361524745260693,0.16538830902450485,-0.7133558412095328,-0.06617111968519053,0.6376724277907987,0.0,-1.8170270503179924,1.680547848034764,0.5989205786859734,False,True,False,True,False,False,False,False,False,False,False,False,False,False,False,False,False,4.04
0.7131046115114662,0.00812935859966714,-0.4430740870628643,-0.31716906276387913,1.3268172546357104,-0.7232868929992161,-0.45403735368977466,1.0692140363787634,-0.33090797848173215,-0.5332831638162967,0.9860504684995974,-0.3389243629591253,1.5693869007132442,0.07508271472937506,1.0218158270313382,-0.3420816407802179,0.6988245943217529,0.0,-1.8170270503179924,1.680547848034764,0.5989205786859734,False,False,True,True,False,False,False,False,False,False,False,False,False,False,False,True,False,4.2
0.26071224724053804,-0.644423446632987,-0.5809972706465815,-0.5545076151185786,0.6590141047447723,-0.44473064287682923,-0.45403735368977466,-1.249209078150196,-0.33090797848173215,-0.5332831638162967,0.6914097625914338,-0.3389243629591253,0.6348685530886425,0.12926607130645293,1.1473874609171908,-0.044445881803692404,0.3930637616669819,0.0,-1.8170270503179924,1.680547848034764,0.846970721565085,False,False,False,True,False,False,False,False,False,False,False,False,False,False,False,True,False,3.95
0.7254297272866008,1.6140441945725148,-0.8666952937842803,-0.6797696288613377,2.1281810345048364,-1.001843143121603,0.35145042141780575,0.7069604247336135,0.9228851676830732,-0.5332831638162967,0.23972705607232034,-0.4308034916972943,0.4248644300269344,-1.3372967800464546,-0.6848168335082025,-0.6049570191463463,1.2084259820797045,0.0,-1.8170270503179924,1.680547848034764,0.846970721565085,True,False,False,True,False,False,False,False,False,False,False,False,False,False,False,False,False,4.64
-1.7028201314932108,-0.9857010631627074,0.085631450008049,0.11135887898766252,0.12477158483202172,-1.5589556433663767,-0.8528711064129453,-0.7420540218469861,0.9228851676830732,-0.5332831638162967,0.3548911898536833,-0.3848639273282098,-0.13164649608659235,-0.07590823893208218,-0.6562778258068724,0.02616114131117682,0.8415129828939792,0.0,-1.8170270503179924,1.680547848034764,0.846970721565085,False,True,False,True,False,False,False,False,False,False,False,False,False,False,False,False,False,4.2
0.7131046115114662,0.00812935859966714,-0.4430740870628643,-0.31716906276387913,1.3268172546357104,-0.7232868929992161,-0.8528711064129453,1.0692140363787634,-0.33090797848173215,-0.5332831638162967,1.0443803544408077,-0.47674305606637885,2.041896177602087,-0.13081404026352045,1.0446470331924023,-0.32361518858094446,0.9026651494249335,0.0,-1.8170270503179924,1.680547848034764,0.846970721565085,False,False,True,True,False,False,False,False,False,False,False,False,False,False,False,True,False,4.09
0.26071224724053804,-0.644423446632987,-0.7484754221410937,-0.7127333166883787,0.8593550497120537,-0.1661743927544424,-0.45403735368977466,-1.176758355821166,-0.33090797848173215,-0.5332831638162967,0.9471638778721254,-0.5226826204354633,1.0653770053651446,-0.08818979975621996,1.2330044840211813,0.02616114131117682,0.6988245943217529,0.0,-1.8170270503179924,1.680547848034764,1.0950208644441968,False,False,False,True,False,False,False,False,False,False,False,False,False,False,False,True,False,4.01
0.7254297272866008,1.6140441945725148,-1.1950838261264627,-0.9929246632182331,2.528862924439399,-0.44473064287682923,-0.45403735368977466,0.41715753541749356,0.9228851676830732,-0.5332831638162967,0.35339555175262793,-0.5226826204354633,0.8553728823034361,-1.635666463597564,-0.6962324365887347,-0.6049570191463463,2.064556313513063,0.0,-1.8170270503179924,1.680547848034764,1.0950208644441968,True,False,False,True,False,False,False,False,False,False,False,False,False,False,False,False,False,4.6
-1.7028201314932108,-0.9857010631627074,0.085631450008049,0.14761893559740816,0.391892844788397,-1.001843143121603,1.1569381965253858,-0.5971525771889262,0.9228851676830732,-0.5332831638162967,0.4984724475551247,-0.5226826204354633,0.08885783312820122,-0.22689919259353944,-0.6562778258068724,0.09568190253197095,1.0249694824868418,0.0,-1.8170270503179924,1.680547848034764,1.0950208644441968,False,True,False,True,False,False,False,False,False,False,False,False,False,False,False,False,False,4.24
0.7131046115114662,0.00812935859966714,-0.7714626194050466,-0.6270277283380711,1.7274991445702732,-0.1661743927544424,-0.45403735368977466,1.1416647587077935,-0.33090797848173215,-0.5332831638162967,1.2597522409929698,-0.5226826204354633,2.335901949888479,-0.3107027840994196,1.0846016439742647,-0.30623499827574585,1.0045854269765238,0.0,-1.8170270503179924,1.680547848034764,1.0950208644441968,False,False,True,True,False,False,False,False,False,False,False,False,False,False,False,True,False,4.06
0.26071224724053804,-0.644423446632987,-0.5809972706465815,-0.5545076151185786,0.6590141047447723,0.3909381074903313,-0.45403735368977466,-0.8145047441760161,0.9228851676830732,-0.5332831638162967,1.5379409277895102,-0.24704523422095628,2.5354058667971016,-1.9903868379888336,-0.005588450216545849,0.7029023013198461,0.8211289273836612,0.0,-1.8170270503179924,1.7860443657131102,-1.6335307072260323,False,False,False,True,False,False,False,False,False,False,False,False,False,False,False,False,False,6.59
0.7254297272866008,1.6140441945725148,-1.1950838261264627,-0.9929246632182331,2.528862924439399,0.3909381074903313,-0.8528711064129453,1.0692140363787634,0.9228851676830732,-2.52208688942478,-0.4048929654831044,0.5798669244225647,0.8658730884565216,-3.5096881564100966,-1.0329927274644302,-0.6299410427100691,0.7395927053423889,0.0,-1.8170270503179924,1.7860443657131102,-1.6335307072260323,True,False,False,True,False,False,False,False,False,False,False,False,False,False,False,False,False,3.03
-1.7028201314932108,-0.9857010631627074,-1.5563112117028624,-1.4939727181892661,1.7274991445702732,0.11238185736794444,-0.45403735368977466,0.34470681308846357,1.8184517006579342,-0.5332831638162967,0.837982296494988,-0.20110566985187175,1.7268899930095252,-1.6277195712995915,-0.8731742843369814,0.2694838055839568,3.552592365766282,0.0,-1.8170270503179924,1.7860443657131102,-1.6335307072260323,False,True,False,True,False,False,False,False,False,False,False,False,False,False,True,False,False,4.2
0.7131046115114662,0.00812935859966714,-1.099851151747229,-0.8874408621716998,2.528862924439399,0.3909381074903313,-0.45403735368977466,-1.321659800479226,-0.33090797848173215,-0.5332831638162967,1.2806911744077631,1.1311416968515788,4.341441325127793,-2.1912264797012018,0.8848285900649538,-0.2291104037964271,1.1676578710590684,0.0,-1.8170270503179924,1.7860443657131102,-1.6335307072260323,False,False,True,True,False,False,False,False,False,False,False,False,False,False,False,True,False,4.57
0.26071224724053804,-0.644423446632987,-0.23290542636386743,-0.16223972997678376,0.725794419733866,0.3909381074903313,-0.04738333130536522,-1.104307633492136,-0.33090797848173215,-0.5332831638162967,1.2477871361845145,0.5798669244225647,2.115397620673686,-1.2542156332949357,1.6211349887592708,0.7952345623162133,-0.09615357058065169,0.0,-1.8170270503179924,1.7860443657131102,-1.1374304214678088,False,False,False,True,False,False,False,False,False,False,False,False,False,False,False,True,False,7.43
0.7254297272866008,1.6140441945725148,-0.538306761442098,-0.4226528638104125,1.3268172546357104,0.11238185736794444,-0.8528711064129453,-1.104307633492136,0.9228851676830732,-0.5332831638162967,-0.15960831690981056,-0.24704523422095628,-0.1526469083927632,-1.5655893224245423,-1.015869322843632,-0.5778004717944735,0.8618970384042973,0.0,-1.8170270503179924,1.7860443657131102,-1.1374304214678088,True,False,False,True,False,False,False,False,False,False,False,False,False,False,False,False,False,2.78
-1.7028201314932108,-0.9857010631627074,-0.8995341470184979,-0.8215134865176167,1.3268172546357104,0.11238185736794444,-1.2595251287973548,0.5620589800755535,1.8184517006579342,-0.5332831638162967,0.7916175153622309,1.590537340542424,1.2333803038145108,-1.0374822069866243,-0.8446352766356513,0.15977135428239087,4.388338641689323,0.0,-1.8170270503179924,1.7860443657131102,-1.1374304214678088,False,True,False,True,False,False,False,False,False,False,False,False,False,False,True,False,False,4.0
0.7131046115114662,0.00812935859966714,-0.11468555472068201,-0.030384978668616475,0.725794419733866,0.3909381074903313,-0.45403735368977466,0.8518618693916735,0.9228851676830732,-0.5332831638162967,1.2208656503654955,1.0852021324824943,3.427923389809362,-1.303341876591486,2.003557691957094,-0.20195385644455435,0.6172883722804806,0.0,-1.8170270503179924,1.7860443657131102,-1.1374304214678088,False,False,True,True,False,False,False,False,False,False,False,False,False,False,False,False,False,4.9
0.26071224724053804,-0.644423446632987,-0.23290542636386743,-0.2050925241519376,0.391892844788397,0.3909381074903313,0.35145042141780575,-1.249209078150196,-0.33090797848173215,-0.5332831638162967,1.0309196115312993,0.7176856175298184,1.800391436081123,-0.9428419441653281,2.191915142785873,0.8343399905029104,-0.2796100701735142,0.0,-1.8170270503179924,1.7860443657131102,-0.8893802785886971,False,False,False,True,False,False,False,False,False,False,False,False,False,False,False,True,False,7.74
0.7254297272866008,1.6140441945725148,-0.538306761442098,-0.36991096328714584,1.7274991445702732,0.11238185736794444,-1.2595251287973548,-1.104307633492136,0.9228851676830732,-0.5332831638162967,-0.17606033602143384,-0.3389243629591253,-0.42565226837298387,-1.1169511299663382,-1.0329927274644302,-0.6136471142989455,0.7192086498320708,0.0,-1.8170270503179924,1.7860443657131102,-0.8893802785886971,True,False,False,True,False,False,False,False,False,False,False,False,False,False,False,False,False,2.61
-1.7028201314932108,-0.9857010631627074,-1.2279226793606801,-1.1841140526150742,1.3268172546357104,0.11238185736794444,-0.45403735368977466,0.5620589800755535,1.8184517006579342,-0.5332831638162967,0.5597936096984476,1.5445977761733394,0.540366697710874,-0.6972107276825746,-0.8788820858772475,0.12066592609569395,3.837969142910735,0.0,-1.8170270503179924,1.7860443657131102,-0.8893802785886971,False,True,False,True,False,False,False,False,False,False,False,False,False,False,True,False,False,3.94
0.7131046115114662,0.00812935859966714,0.21370297762150028,0.2531027366439415,0.12477158483202172,0.3909381074903313,0.35145042141780575,0.9243125917207035,0.9228851676830732,-0.5332831638162967,1.1042058784830753,0.9473834393752408,2.692908959093383,-0.9739070686028523,2.209038547406671,-0.2052126421267792,0.3930637616669819,0.0,-1.8170270503179924,1.7860443657131102,-0.8893802785886971,False,False,True,True,False,False,False,False,False,False,False,False,False,False,False,False,False,5.02
0.26071224724053804,-0.644423446632987,0.09548310597831484,0.08828429750873328,-0.14234967512435354,0.3909381074903313,0.7581044438022152,-1.176758355821166,-0.33090797848173215,-0.5332831638162967,0.45659458072553777,-0.10922654111370278,-0.005644022249567323,0.2188492208472213,1.6553817980008667,0.12501097367199368,-0.524218736297331,0.0,-1.8170270503179924,1.7860443657131102,-0.14522984995136187,False,False,False,True,False,False,False,False,False,False,False,False,False,False,False,True,False,6.21
0.7254297272866008,1.6140441945725148,-0.20991822909991575,-0.06005229771295391,1.3268172546357104,-0.1661743927544424,-0.45403735368977466,0.7794111470626435,0.9228851676830732,-0.5332831638162967,-0.30318957461124985,-0.3848639273282098,-0.6251561852816067,-0.8279732282219228,-1.010161521303366,-0.8667461356183996,0.4134478171773,0.0,-1.8170270503179924,1.7860443657131102,-0.14522984995136187,True,False,False,True,False,False,False,False,False,False,False,False,False,False,False,False,False,1.91
-1.7028201314932108,-0.9857010631627074,0.7424085146924135,0.8365600111825785,0.12477158483202172,-0.1661743927544424,-1.6583588815205257,-1.466561245137286,0.9228851676830732,-0.5332831638162967,-0.23439022196264403,-0.24704523422095628,-0.8876613391087419,0.5345575785029953,-0.9245444981993757,-0.4974170916329301,0.2096072620741193,0.0,-1.8170270503179924,1.7860443657131102,-0.14522984995136187,False,True,False,True,False,False,False,False,False,False,False,False,False,False,False,False,False,2.42
0.7131046115114662,0.00812935859966714,0.21370297762150028,0.28936279325368713,0.391892844788397,0.3909381074903313,0.7581044438022152,0.9243125917207035,-0.33090797848173215,-0.5332831638162967,0.5179157428688607,-0.10922654111370278,0.4563650484861907,0.0143973553630476,1.615427187219005,-0.3724969738143154,0.08730292901221094,0.0,-1.8170270503179924,1.7860443657131102,-0.14522984995136187,False,False,True,True,False,False,False,False,False,False,False,False,False,False,False,True,False,4.48
0.26071224724053804,-0.644423446632987,0.019953743539612774,0.0058750779411291506,-0.14234967512435354,0.3909381074903313,0.7581044438022152,-1.176758355821166,-0.33090797848173215,-0.5332831638162967,0.43864692351285706,-0.20110566985187175,0.20436010081214084,0.2224614446190273,1.723875416484059,-0.036842048545167996,-0.5038346807870129,0.0,-1.8170270503179924,1.7860443657131102,0.10282029292774987,False,False,False,True,False,False,False,False,False,False,False,False,False,False,False,True,False,5.81
0.7254297272866008,1.6140441945725148,-0.20991822909991575,-0.06005229771295391,1.3268172546357104,-0.1661743927544424,-0.45403735368977466,0.8518618693916735,0.9228851676830732,-0.5332831638162967,-0.30767648891442007,-0.3389243629591253,-0.39415164991372764,-1.1617427047367228,-0.9702069105215038,-0.8743499688769241,0.5357521502392083,0.0,-1.8170270503179924,1.7860443657131102,0.10282029292774987,True,False,False,True,False,False,False,False,False,False,False,False,False,False,False,False,False,1.98
-1.7028201314932108,-0.9857010631627074,1.0707970470345958,1.1068622513643203,-0.6098118800480102,-0.44473064287682923,-0.45403735368977466,-0.30734968787280625,0.9228851676830732,-0.5332831638162967,-0.09978279286754295,-0.15516610548278725,-0.7826592775778878,0.5331126889942736,-0.8446352766356513,-0.36923818813209064,0.2503753730947555,0.0,-1.8170270503179924,1.7860443657131102,0.10282029292774987,False,True,False,True,False,False,False,False,False,False,False,False,False,False,False,False,False,3.02
0.7131046115114662,0.00812935859966714,-0.11468555472068201,-0.10949782945351709,0.12477158483202172,0.3909381074903313,0.35145042141780575,0.9967633140497334,-0.33090797848173215,-0.5332831638162967,0.46706404743293345,-0.06328697674461824,0.6558689653948134,0.031013584713351767,1.4727321487123541,-0.4333276398825104,0.1280710400328471,0.0,-1.8170270503179924,1.7860443657131102,0.10282029292774987,False,False,True,True,False,False,False,False,False,False,False,False,False,False,False,True,False,4.12
0.26071224724053804,-0.644423446632987,-0.23618931168728977,-0.2776126373714288,-0.14234967512435354,0.6694943576127181,0.7581044438022152,-1.104307633492136,0.7079491997691065,-0.5332831638162967,0.43116873300757413,-0.2929847985900408,0.5823675223232154,0.1451598559023957,1.718167614943793,-0.17262478530453182,-0.36114629221478645,0.0,-1.8170270503179924,1.7860443657131102,0.3508704358068616,False,False,False,True,False,False,False,False,False,False,False,False,False,False,False,False,False,5.25
0.7254297272866008,1.6140441945725148,-0.538306761442098,-0.4226528638104125,1.3268172546357104,-0.1661743927544424,0.35145042141780575,0.7794111470626435,0.9228851676830732,-0.5332831638162967,-0.24934660297320987,-0.24704523422095628,-0.005644022249567323,-1.6660091432807267,-0.9416679028201737,-0.8591423023598753,0.780360816363025,0.0,-1.8170270503179924,1.7860443657131102,0.3508704358068616,True,False,False,True,False,False,False,False,False,False,False,False,False,False,False,False,False,2.15
-1.7028201314932108,-0.9857010631627074,1.3991855793767782,1.443091867200145,-0.8101528250152917,-0.1661743927544424,-0.8528711064129453,-1.466561245137286,0.9228851676830732,-0.5332831638162967,0.03183336002544325,-0.06328697674461824,-0.5621549483630942,0.33805260531679304,-0.7304792458303309,-0.20086759455047945,0.35229565064634577,0.0,-1.8170270503179924,1.7860443657131102,0.3508704358068616,False,True,False,True,False,False,False,False,False,False,False,False,False,False,False,False,False,3.83
0.7131046115114662,0.00812935859966714,-0.11468555472068201,-0.10949782945351709,0.12477158483202172,0.6694943576127181,0.35145042141780575,1.1416647587077935,-0.33090797848173215,-0.5332831638162967,0.5582979715973901,0.028592151993550734,1.0653770053651446,0.05268692734418271,1.3871151256083636,-0.4941583059507053,0.2503753730947555,0.0,-1.8170270503179924,1.7860443657131102,0.3508704358068616,False,False,True,True,False,False,False,False,False,False,False,False,False,False,False,True,False,3.73
0.26071224724053804,-0.644423446632987,-0.23618931168728977,-0.2413525807616832,0.12477158483202172,0.6694943576127181,0.35145042141780575,-1.0318569111631062,-1.047361204861621,-0.5332831638162967,0.5388546762836541,-0.4308034916972943,0.9288743253750341,0.06713582243140367,1.683920805702197,-0.2606119987245996,-0.2388419591528781,0.0,-1.8170270503179924,1.7860443657131102,0.5989205786859734,False,False,False,True,False,False,False,False,False,False,True,False,False,False,False,False,False,4.68
0.7254297272866008,1.6140441945725148,-0.20991822909991575,-0.1029050918881089,0.9929156796902413,0.11238185736794444,-0.8528711064129453,0.7069604247336135,0.9228851676830732,-0.5332831638162967,-0.16708650741509348,-0.20110566985187175,0.2778615438837388,-2.0301212994786906,-0.9302522997396415,-0.8450208977369015,0.9026651494249335,0.0,-1.8170270503179924,1.7860443657131102,0.5989205786859734,True,False,False,False,False,False,True,False,False,False,False,True,False,False,False,False,False,2.25
-1.7028201314932108,-0.9857010631627074,1.0707970470345958,1.1068622513643203,-0.6098118800480102,-0.1661743927544424,-0.8528711064129453,-1.466561245137286,-0.33090797848173215,-0.5332831638162967,0.13802366520046794,-0.15516610548278725,-0.27864938222978813,0.046184924554933116,-0.6391544211860745,-0.09875897650743792,0.4134478171773,0.0,-1.8170270503179924,1.7860443657131102,0.5989205786859734,False,True,False,True,False,False,False,False,False,False,False,False,False,False,False,True,False,4.36
0.7131046115114662,0.00812935859966714,-0.4430740870628643,-0.43583833894122886,0.391892844788397,0.6694943576127181,-0.04738333130536522,0.9967633140497334,-0.33090797848173215,-0.5332831638162967,0.7153399722083421,-0.01734741237553375,1.453884633029305,0.03173602946771317,1.3186215071251712,-0.5658515909596494,0.37267970615666385,0.0,-1.8170270503179924,1.7860443657131102,0.5989205786859734,False,False,True,True,False,False,False,False,False,False,False,False,False,False,False,True,False,3.26
0.26071224724053804,-0.644423446632987,-0.23618931168728977,-0.2413525807616832,0.12477158483202172,0.6694943576127181,0.35145042141780575,-1.0318569111631062,-1.047361204861621,-0.5332831638162967,0.5388546762836541,-0.4308034916972943,0.9288743253750341,0.06713582243140367,1.683920805702197,-0.2606119987245996,-0.2388419591528781,0.0,-1.8170270503179924,1.7860443657131102,0.846970721565085,False,False,False,True,False,False,False,False,False,False,True,False,False,False,False,False,False,4.68
0.7254297272866008,1.6140441945725148,-0.20991822909991575,-0.1029050918881089,0.9929156796902413,0.11238185736794444,-0.8528711064129453,0.7069604247336135,0.9228851676830732,-0.5332831638162967,-0.16708650741509348,-0.20110566985187175,0.2778615438837388,-2.0301212994786906,-0.9302522997396415,-0.8450208977369015,0.9026651494249335,0.0,-1.8170270503179924,1.7860443657131102,0.846970721565085,True,False,False,False,False,False,True,False,False,False,False,True,False,False,False,False,False,2.25
-1.7028201314932108,-0.9857010631627074,1.0707970470345958,1.1068622513643203,-0.6098118800480102,-0.1661743927544424,-0.8528711064129453,-1.466561245137286,-0.33090797848173215,-0.5332831638162967,0.13802366520046794,-0.15516610548278725,-0.27864938222978813,0.046184924554933116,-0.6391544211860745,-0.09875897650743792,0.4134478171773,0.0,-1.8170270503179924,1.7860443657131102,0.846970721565085,False,True,False,True,False,False,False,False,False,False,False,False,False,False,False,True,False,4.36
0.7131046115114662,0.00812935859966714,-0.4430740870628643,-0.43583833894122886,0.391892844788397,0.6694943576127181,-0.04738333130536522,0.9967633140497334,-0.33090797848173215,-0.5332831638162967,0.7153399722083421,-0.01734741237553375,1.453884633029305,0.03173602946771317,1.3186215071251712,-0.5658515909596494,0.37267970615666385,0.0,-1.8170270503179924,1.7860443657131102,0.846970721565085,False,False,True,True,False,False,False,False,False,False,False,False,False,False,False,True,False,3.26
0.26071224724053804,-0.644423446632987,-0.5809972706465815,-0.5874713029456208,0.391892844788397,0.948050607735105,-0.04738333130536522,-1.104307633492136,-1.047361204861621,-0.5332831638162967,0.49996808565618,-0.47674305606637885,1.2228800976614256,-0.07879801794952576,1.6268427902995366,-0.26712957008904914,-0.014617348539379356,0.0,-1.8170270503179924,1.7860443657131102,1.0950208644441968,False,False,False,True,False,False,False,False,False,False,True,False,False,False,False,False,False,4.17
0.7254297272866008,1.6140441945725148,-0.20991822909991575,-0.1029050918881089,0.9929156796902413,0.6694943576127181,-0.45403735368977466,0.5620589800755535,0.9228851676830732,-2.52208688942478,-0.315154679419703,-0.4308034916972943,0.6348685530886425,-2.4505841465168148,-0.9188366966591095,-0.8428483739487516,1.2084259820797045,0.0,-1.8170270503179924,1.7860443657131102,1.0950208644441968,True,False,False,True,False,False,False,False,False,False,False,False,False,False,False,False,False,2.26
-1.7028201314932108,-0.9857010631627074,0.7424085146924135,0.7442616852668615,-0.6098118800480102,0.11238185736794444,-1.2595251287973548,-1.466561245137286,-0.33090797848173215,-0.5332831638162967,0.02884208382333051,-0.4308034916972943,0.1308586577405429,-0.3959512651140216,-0.6049076119444783,-0.07703373862593979,0.5153680947288902,0.0,-1.8170270503179924,1.7860443657131102,1.0950208644441968,False,True,False,True,False,False,False,False,False,False,False,False,False,False,False,True,False,4.49
0.7131046115114662,0.00812935859966714,-0.7813142753753124,-0.7753643235597583,0.6590141047447723,0.948050607735105,0.35145042141780575,1.1416647587077935,-0.33090797848173215,-0.5332831638162967,0.7527309247347589,-0.3389243629591253,1.9578945283774045,-0.11347536615885588,1.2843746978835755,-0.6266822570278444,0.5561362057495264,0.0,-1.8170270503179924,1.7860443657131102,1.0950208644441968,False,False,True,True,False,False,False,False,False,False,False,False,False,False,False,True,False,2.85
0.26071224724053804,-0.644423446632987,-0.9290891149292942,-0.9401827626949665,0.6590141047447723,1.2266068578574918,-0.04738333130536522,-1.104307633492136,-1.047361204861621,-0.5332831638162967,0.676453381580868,-0.5226826204354633,1.4118838084169631,-0.17343828077082193,1.5925959810579406,-0.20738516591492898,0.3319115951360277,0.0,-1.8170270503179924,1.7860443657131102,1.3430710073233085,False,False,False,True,False,False,False,False,False,False,True,False,False,False,False,False,False,3.95
0.7254297272866008,1.6140441945725148,-0.8666952937842803,-0.7325115293846044,1.7274991445702732,0.948050607735105,-0.8528711064129453,0.34470681308846357,0.9228851676830732,-2.52208688942478,-0.3570325462492899,-0.5226826204354633,0.8973737069157778,-2.7923005153295857,-0.9188366966591095,-0.8385033263724521,1.371498426162249,0.0,-1.8170270503179924,1.7860443657131102,1.3430710073233085,True,False,False,True,False,False,False,False,False,False,False,False,False,False,False,False,False,2.29
-1.7028201314932108,-0.9857010631627074,0.7424085146924135,0.7442616852668615,-0.6098118800480102,0.6694943576127181,-0.8528711064129453,-0.37980041020183625,-0.33090797848173215,-0.5332831638162967,0.17840589392899742,-0.5226826204354633,0.44586484233310525,-0.6972107276825746,-0.6163232150250104,-0.06399859589704077,0.7192086498320708,0.0,-1.8170270503179924,1.7860443657131102,1.3430710073233085,False,True,False,True,False,False,False,False,False,False,False,False,False,False,False,True,False,4.48
0.7131046115114662,0.00812935859966714,-1.099851151747229,-1.0852229891339489,0.9929156796902413,1.2266068578574918,-0.45403735368977466,1.1416647587077935,-0.33090797848173215,-0.5332831638162967,0.9710940874890316,-0.5226826204354633,2.314901537582308,-0.2608540960485081,1.301498102504373,-0.6408036616508183,0.7192086498320708,0.0,-1.8170270503179924,1.7860443657131102,1.3430710073233085,False,False,True,True,False,False,False,False,False,False,False,False,False,False,False,True,False,2.7
0.26071224724053804,-0.644423446632987,-0.9290891149292942,-0.9401827626949665,0.6590141047447723,1.5051631079798786,-0.04738333130536522,-0.9594061888340761,-0.5100212850767043,-0.5332831638162967,0.8828514395266877,-0.5226826204354633,1.4853852514885608,-0.23629097440023258,1.4727321487123541,-0.16067590446970786,0.5561362057495264,0.0,-1.8170270503179924,1.7860443657131102,1.5911211502024203,False,False,False,True,False,False,False,False,False,False,False,False,False,False,False,True,False,3.86
0.7254297272866008,1.6140441945725148,-1.1950838261264627,-1.095112095482062,1.7274991445702732,0.948050607735105,-0.04738333130536522,0.7794111470626435,0.9228851676830732,-2.52208688942478,-0.3734845653609131,-0.5226826204354633,1.0653770053651446,-2.964242366867513,-0.9131288951188437,-0.8330720169020774,1.4734187037138393,0.0,-1.8170270503179924,1.7860443657131102,1.5911211502024203,True,False,False,True,False,False,False,False,False,False,False,False,False,False,False,False,False,2.33
-1.7028201314932108,-0.9857010631627074,0.085631450008049,0.07839519116062041,-0.14234967512435354,0.948050607735105,0.35145042141780575,-1.249209078150196,-0.33090797848173215,-0.5332831638162967,0.32796970403466436,-0.5226826204354633,0.6033679346293863,-0.8734872477466679,-0.6391544211860745,-0.05856728642666632,0.9230492049352516,0.0,-1.8170270503179924,1.7860443657131102,1.5911211502024203,False,True,False,True,False,False,False,False,False,False,False,False,False,False,False,True,False,4.41
0.7131046115114662,0.00812935859966714,-1.756628216431594,-1.7148294266304451,1.7274991445702732,1.2266068578574918,-2.463846656628106,-1.466561245137286,-0.33090797848173215,-0.5332831638162967,1.1116840689883583,-0.5226826204354633,2.388402980653906,-0.3663310301852193,1.3072059040446395,-0.6299410427100691,0.7192086498320708,0.0,-1.8170270503179924,1.7860443657131102,1.5911211502024203,False,False,True,True,False,False,False,False,False,False,False,False,False,False,False,True,False,2.69
0.26071224724053804,-0.644423446632987,-0.9290891149292942,-0.9401827626949665,0.6590141047447723,1.2266068578574918,-0.45403735368977466,-0.8869554665050461,-0.1876173332057544,-0.5332831638162967,0.9426769635689553,-0.5226826204354633,1.5378862822539878,-0.38150237002680065,1.1759264686185207,-0.12374300007116092,0.6988245943217529,0.0,-1.8170270503179924,1.7860443657131102,1.839171293081532,False,False,False,True,False,False,False,False,False,False,False,False,False,False,False,True,False,3.85
0.7254297272866008,1.6140441945725148,-1.1950838261264627,-1.1478539960053284,1.3268172546357104,1.2266068578574918,-0.04738333130536522,0.6345097024045835,0.9228851676830732,-2.52208688942478,-0.503605080152844,-0.5226826204354633,1.2018796853552547,-3.158580005790632,-0.9359601012799077,-0.826554445537628,1.4734187037138393,0.0,-1.8170270503179924,1.7860443657131102,1.839171293081532,True,False,False,True,False,False,False,False,False,False,False,False,False,False,False,False,False,2.36
-1.7028201314932108,-0.9857010631627074,-0.5711456146763155,-0.5775821965975079,0.391892844788397,0.948050607735105,1.1569381965253858,-1.176758355821166,-0.33090797848173215,-0.5332831638162967,0.2427183322744331,-0.5226826204354633,0.6768693777009842,-1.0447066545302341,-0.6734012304276705,-0.06182607210889098,1.2084259820797045,0.0,-1.8170270503179924,1.7860443657131102,1.839171293081532,False,True,False,True,False,False,False,False,False,False,False,False,False,False,False,True,False,4.31
0.7131046115114662,0.00812935859966714,-2.4134052811159585,-2.3872886583020945,2.1281810345048364,1.5051631079798786,-2.463846656628106,-1.466561245137286,-0.33090797848173215,-0.5332831638162967,1.0503629068450353,-0.5226826204354633,2.514405454490931,-0.6220764732290273,1.1302640562963928,-0.6071295429344961,0.7192086498320708,0.0,-1.8170270503179924,1.7860443657131102,1.839171293081532,False,False,True,True,False,False,False,False,False,False,False,False,False,False,False,True,False,2.77
0.26071224724053804,-0.644423446632987,-0.23618931168728977,-0.2776126373714288,-0.14234967512435354,1.2266068578574918,-0.04738333130536522,-1.249209078150196,-1.7638144312415096,-0.5332831638162967,0.41920362819912105,0.4879877956843958,-0.16314711454584863,0.22751855789955408,0.7992115669609635,0.8908256089948057,-0.5038346807870129,0.0,0.5503495392790064,-1.2733546469589327,-1.1374304214678088,False,False,False,False,False,False,False,False,True,False,False,False,False,False,False,False,False,8.03
0.7254297272866008,1.6140441945725148,0.11847030324226653,0.2267317863823076,0.725794419733866,0.948050607735105,-0.04738333130536522,-1.0318569111631062,-1.7638144312415096,-0.5332831638162967,-0.8700364149117283,-0.15516610548278725,-0.8456605144964002,-0.6444722606142186,-1.0501161320852281,-0.8602285642539501,0.04653481799157477,0.0,0.5503495392790064,-1.2733546469589327,-1.1374304214678088,True,False,False,False,False,False,False,False,True,False,False,False,False,False,False,False,False,2.48
-1.7028201314932108,-0.9857010631627074,0.085631450008049,0.14761893559740816,0.391892844788397,0.948050607735105,-1.6583588815205257,-1.466561245137286,-0.33090797848173215,-0.5332831638162967,-0.072861307048524,0.12047128073171982,-0.47815329913841087,-0.3627188064134143,-0.8960054904980456,0.06526656949787353,0.6172883722804806,0.0,0.5503495392790064,-1.2733546469589327,-1.1374304214678088,False,True,False,True,False,False,False,False,False,False,False,False,False,False,False,True,False,4.82
0.7131046115114662,0.00812935859966714,0.21370297762150028,0.22013904881689939,-0.14234967512435354,1.2266068578574918,-0.8528711064129453,1.1416647587077935,-1.4055878180515653,-0.5332831638162967,0.5837238193153538,1.4986582118042548,0.7293704084664113,0.3568361689301804,1.9122328673128377,0.12066592609569395,-0.544602791807649,0.0,0.5503495392790064,-1.2733546469589327,-1.1374304214678088,False,False,True,False,False,False,False,False,True,False,False,False,False,False,False,False,False,7.82
0.26071224724053804,-0.644423446632987,0.09548310597831484,0.055320609681691155,-0.4094709350807288,1.2266068578574918,-0.04738333130536522,-1.104307633492136,-1.7638144312415096,1.4555205617921865,0.23524014176915017,0.16641084510080426,-0.4151520622198985,0.5880184903257119,0.8791207885246877,1.0092281554489708,-0.524218736297331,0.0,0.5503495392790064,-1.2733546469589327,-0.8893802785886971,False,False,False,False,False,False,False,False,True,False,False,False,False,False,False,False,False,9.12
0.7254297272866008,1.6140441945725148,0.44685883558444883,0.5464795583046124,0.391892844788397,0.6694943576127181,-0.8528711064129453,-1.176758355821166,-0.33090797848173215,-0.5332831638162967,-1.0360522441290185,-0.20110566985187175,-0.8876613391087419,-0.556334000582172,-1.038700529004696,-0.8167780884909537,0.06691887350189285,0.0,0.5503495392790064,-1.2733546469589327,-0.8893802785886971,True,False,False,True,False,False,False,False,False,False,False,False,False,False,False,True,False,2.83
-1.7028201314932108,-0.9857010631627074,0.7424085146924135,0.7706326355284955,-0.4094709350807288,0.6694943576127181,-0.8528711064129453,-1.466561245137286,-0.33090797848173215,-0.5332831638162967,-0.2852419173985713,-0.01734741237553375,-0.6566568037408629,-0.14237315633329783,-0.8845898874175134,0.12826975935421836,0.37267970615666385,0.0,0.5503495392790064,-1.2733546469589327,-0.8893802785886971,False,True,False,True,False,False,False,False,False,False,False,False,False,False,False,True,False,5.21
0.7131046115114662,0.00812935859966714,0.21370297762150028,0.2531027366439415,0.12477158483202172,1.2266068578574918,0.35145042141780575,0.9243125917207035,-1.4055878180515653,1.4555205617921865,0.35189991365157053,0.6258064887916492,0.10985824543437206,0.8647148312459904,2.0435123027389563,0.27274259126618144,-0.6057549583386033,0.0,0.5503495392790064,-1.2733546469589327,-0.8893802785886971,False,False,True,False,False,False,False,False,True,False,False,False,False,False,False,False,False,9.26
0.26071224724053804,-0.644423446632987,0.09548310597831484,0.055320609681691155,-0.4094709350807288,1.2266068578574918,0.35145042141780575,-1.176758355821166,-1.7638144312415096,1.4555205617921865,0.3862995899758745,-0.01734741237553375,-0.583155360669265,0.7903030215468033,0.6336853222932488,0.656193039874625,-0.5649868473179671,0.0,0.5503495392790064,-1.2733546469589327,-0.6413301357095853,False,False,False,False,False,False,False,False,True,False,False,False,False,False,False,False,False,8.36
0.7254297272866008,1.6140441945725148,1.1036359002688134,1.1694932582356996,-0.4094709350807288,0.6694943576127181,-0.45403735368977466,-1.466561245137286,-0.33090797848173215,-0.5332831638162967,-0.9059317293370877,-0.24704523422095628,-0.9086617514149127,-0.30275589180144824,-1.0329927274644302,-0.7852764935627814,-0.03500140404969744,0.0,0.5503495392790064,-1.2733546469589327,-0.6413301357095853,True,False,False,True,False,False,False,False,False,False,False,False,False,False,False,True,False,3.03
-1.7028201314932108,-0.9857010631627074,1.0707970470345958,1.1398259391913623,-0.342690620091635,0.3909381074903313,-1.2595251287973548,-1.466561245137286,-0.33090797848173215,-0.5332831638162967,-0.2807550030954011,-0.10922654111370278,-0.7931594837309732,0.4767619981541125,-0.8845898874175134,-0.04553214369776729,-0.014617348539379356,0.0,0.5503495392790064,-1.2733546469589327,-0.6413301357095853,False,True,False,True,False,False,False,False,False,False,False,False,False,False,False,True,False,4.58
0.7131046115114662,0.00812935859966714,0.21370297762150028,0.2531027366439415,0.12477158483202172,1.2266068578574918,1.1569381965253858,0.9243125917207035,0.743771861088101,1.4555205617921865,0.3085264087209283,0.21235040946988878,-0.3311504129952151,1.1399662826575452,1.683920805702197,0.08916433116752163,-0.6465230693592393,0.0,0.5503495392790064,-1.2733546469589327,-0.6413301357095853,False,False,True,True,False,False,False,False,False,False,False,False,False,False,False,False,False,8.19
0.26071224724053804,-0.644423446632987,-0.23290542636386743,-0.2380562119789797,0.12477158483202172,0.948050607735105,0.35145042141780575,-1.321659800479226,-1.7638144312415096,1.4555205617921865,0.11110217938144688,0.028592151993550734,-0.5726551545161795,1.1565825120078492,1.4156541333096937,0.3075029718765786,-0.6872911803798755,0.0,0.5503495392790064,-1.2733546469589327,-0.3932799928304736,False,False,False,False,False,False,False,False,True,False,False,False,False,False,False,False,False,7.89
0.7254297272866008,1.6140441945725148,1.4320244326109957,1.5057228740715243,-0.6098118800480102,0.3909381074903313,-0.45403735368977466,-1.104307633492136,-0.33090797848173215,-0.5332831638162967,-1.0554955394427545,-0.24704523422095628,-0.8981615452618273,-0.09974891582599632,-1.015869322843632,-0.80265668386798,-0.13692168160128773,0.0,0.5503495392790064,-1.2733546469589327,-0.3932799928304736,True,False,False,True,False,False,False,False,False,False,False,False,False,False,False,True,False,2.8
-1.7028201314932108,-0.9857010631627074,1.7275741117189605,1.81887790842842,-0.8101528250152917,0.11238185736794444,-0.45403735368977466,-1.466561245137286,-0.33090797848173215,1.4555205617921865,-0.4901443372433335,-0.20110566985187175,-0.8246601021902293,0.7686296789159713,-0.8332196735551192,-0.06942990536741539,-0.19807384813224196,0.0,0.5503495392790064,-1.2733546469589327,-0.3932799928304736,False,True,False,True,False,False,False,False,False,False,False,False,False,False,False,True,False,4.3
0.7131046115114662,0.00812935859966714,0.21370297762150028,0.22013904881689939,-0.14234967512435354,0.948050607735105,1.5557719492485564,0.9967633140497334,1.388579764830001,1.4555205617921865,0.17840589392899742,0.12047128073171982,-0.40465185606681303,1.3920995019295481,1.7809534318867195,0.037023760251925886,-0.6872911803798755,0.0,0.5503495392790064,-1.2733546469589327,-0.3932799928304736,False,False,True,True,False,False,False,False,False,False,False,False,False,False,True,False,False,7.84
0.26071224724053804,-0.644423446632987,-0.23290542636386743,-0.2380562119789797,0.12477158483202172,0.948050607735105,0.7581044438022152,-1.176758355821166,-1.7638144312415096,1.4555205617921865,-0.09380024046331746,0.07453171636263528,-0.4676530929853254,1.3054061314062233,1.7695378288061872,0.302071662406204,-0.6872911803798755,0.0,0.5503495392790064,-1.2733546469589327,-0.14522984995136187,False,False,False,False,False,False,False,False,True,False,False,False,False,False,False,False,False,8.14
0.7254297272866008,1.6140441945725148,1.760412964953178,1.8518415962554609,-0.8101528250152917,0.11238185736794444,-0.45403735368977466,-1.466561245137286,-0.33090797848173215,-0.5332831638162967,-1.169164035123062,-0.24704523422095628,-0.8876613391087419,-0.03183910891605889,-0.9873303151423019,-0.7744138746220323,-0.1573057371116058,0.0,0.5503495392790064,-1.2733546469589327,-0.14522984995136187,True,False,False,True,False,False,False,False,False,False,False,False,False,False,False,True,False,2.94
-1.7028201314932108,-0.9857010631627074,2.0559626440611427,2.2869622755724106,-0.8101528250152917,-0.1661743927544424,-1.2595251287973548,-1.466561245137286,-0.33090797848173215,1.4555205617921865,-0.5843695376099051,-0.15516610548278725,-0.7931594837309732,0.8047519166340233,-0.759018253531661,0.1738927589053646,-0.2796100701735142,0.0,0.5503495392790064,-1.2733546469589327,-0.14522984995136187,False,True,False,True,False,False,False,False,False,False,False,False,False,False,False,True,False,5.07
0.7131046115114662,0.00812935859966714,0.21370297762150028,0.22013904881689939,-0.14234967512435354,0.948050607735105,1.9624259716329662,0.9967633140497334,1.5318704101059786,1.4555205617921865,0.05426793154129414,0.07453171636263528,-0.2891495883828735,1.407993286525491,1.7067520118632613,-0.04010083422739285,-0.6872911803798755,0.0,0.5503495392790064,-1.2733546469589327,-0.14522984995136187,False,False,True,True,False,False,False,False,False,False,False,False,False,False,True,False,False,7.25
0.26071224724053804,-0.644423446632987,-0.23290542636386743,-0.2380562119789797,0.12477158483202172,0.6694943576127181,0.7581044438022152,-1.104307633492136,-1.7638144312415096,1.4555205617921865,0.0004249599032541362,0.16641084510080426,-0.24714876377053185,1.5257517814863397,2.2318697535677354,0.3031579243002789,-0.6872911803798755,0.0,0.5503495392790064,-1.2733546469589327,0.10282029292774987,False,False,False,False,False,False,False,False,True,False,False,False,False,False,False,False,False,8.24
0.7254297272866008,1.6140441945725148,1.760412964953178,1.8518415962554609,-0.8101528250152917,0.11238185736794444,-0.45403735368977466,-1.466561245137286,-0.33090797848173215,-0.5332831638162967,-1.1213036158892478,-0.24704523422095628,-0.8246601021902293,0.08086227276426325,-0.9416679028201737,-0.7266183512827362,-0.1573057371116058,0.0,0.5503495392790064,-1.2733546469589327,0.10282029292774987,True,False,False,True,False,False,False,False,False,False,False,False,False,False,False,True,False,3.17
-1.7028201314932108,-0.9857010631627074,2.712739708745507,2.6495628416698693,-1.5447362898953236,-0.1661743927544424,-1.2595251287973548,-1.466561245137286,-0.33090797848173215,1.4555205617921865,-0.35104999384506436,-0.01734741237553375,-0.6041557729754358,0.8769963920701271,-0.6106154134847442,0.6811770634383479,-0.36114629221478645,0.0,0.5503495392790064,-1.2733546469589327,0.10282029292774987,False,True,False,True,False,False,False,False,False,False,False,False,False,False,False,True,False,6.84
0.7131046115114662,0.00812935859966714,-0.11468555472068201,-0.10949782945351709,0.12477158483202172,0.948050607735105,1.9624259716329662,1.0692140363787634,1.6035157327439675,1.4555205617921865,0.09614579837088104,0.25828997383897334,-0.005644022249567323,1.4448379689979032,1.729583218024325,-0.10636280976596234,-0.6872911803798755,0.0,0.5503495392790064,-1.2733546469589327,0.10282029292774987,False,False,True,True,False,False,False,False,False,False,False,False,False,False,True,False,False,6.67
0.26071224724053804,-0.644423446632987,-0.23290542636386743,-0.2380562119789797,0.12477158483202172,0.948050607735105,0.7581044438022152,-1.104307633492136,-1.7638144312415096,1.4555205617921865,0.16344951291842946,0.25828997383897334,0.05735721466894496,1.6138900415183863,2.5914612506044947,0.2933815672536047,-0.6872911803798755,0.0,0.5503495392790064,-1.2733546469589327,0.3508704358068616,False,False,False,False,False,False,False,False,True,False,False,False,False,False,False,False,False,8.02
0.7254297272866008,1.6140441945725148,1.760412964953178,1.8518415962554609,-1.0104937699825731,0.11238185736794444,-0.8528711064129453,-1.394110522808256,-0.33090797848173215,-0.5332831638162967,-1.0525042632406418,-0.20110566985187175,-0.6776572160470337,0.13215585032389754,-0.8845898874175134,-0.6549250662737921,-0.09615357058065169,0.0,0.5503495392790064,-1.2733546469589327,0.3508704358068616,True,False,False,True,False,False,False,False,False,False,False,False,False,False,False,True,False,3.55
-1.7028201314932108,-0.9857010631627074,2.712739708745507,2.6495628416698693,-1.5447362898953236,-0.1661743927544424,-0.8528711064129453,-1.466561245137286,-0.33090797848173215,1.4555205617921865,-0.11174789767599605,0.12047128073171982,-0.31015000068904425,0.8943350661747927,-0.43938136727676363,1.309036438213646,-0.4222984587457406,0.0,0.5503495392790064,-1.2733546469589327,0.3508704358068616,False,True,False,True,False,False,False,False,False,False,False,False,False,False,False,True,False,9.09
0.7131046115114662,0.00812935859966714,-0.11468555472068201,-0.07323777284377146,0.391892844788397,0.6694943576127181,1.5557719492485564,1.1416647587077935,1.639338394062962,1.4555205617921865,0.23075322746597998,0.4879877956843958,0.5088660792516178,1.3957117257013532,1.7581222257256555,-0.16936599962230714,-0.6872911803798755,0.0,0.5503495392790064,-1.2733546469589327,0.3508704358068616,False,False,True,True,False,False,False,False,False,False,False,False,False,False,True,False,False,6.04
0.26071224724053804,-0.644423446632987,-0.5809972706465815,-0.5874713029456208,0.391892844788397,0.948050607735105,0.7581044438022152,-1.104307633492136,-1.7638144312415096,1.4555205617921865,0.41770799009806364,0.12047128073171982,0.43536463618001986,1.5416455660822825,2.5971690521447606,0.21408444898613638,-0.6872911803798755,0.0,0.5503495392790064,-1.2733546469589327,0.5989205786859734,False,False,False,False,False,False,False,False,True,False,False,False,False,False,False,False,False,7.26
0.7254297272866008,1.6140441945725148,1.760412964953178,1.8518415962554609,-0.8101528250152917,0.11238185736794444,0.7581044438022152,0.9243125917207035,-0.33090797848173215,-0.5332831638162967,-0.9253750246508237,-0.2929847985900408,-0.48865350529149626,0.12926607130645293,-0.8218040704745871,-0.5788867336885484,-0.014617348539379356,0.0,0.5503495392790064,-1.2733546469589327,0.5989205786859734,True,False,False,True,False,False,False,False,False,False,False,False,False,False,False,True,False,3.95
-1.7028201314932108,-0.9857010631627074,2.712739708745507,2.593524572363898,-1.6782969198735114,-0.1661743927544424,-0.8528711064129453,0.34470681308846357,-0.33090797848173215,1.4555205617921865,0.027346445722273075,0.028592151993550734,-0.01614422840265274,0.7960825795816915,-0.3195175349311772,1.75005876720806,-0.4630665697663768,0.0,0.5503495392790064,-1.2733546469589327,0.5989205786859734,False,True,False,True,False,False,False,False,False,False,False,False,False,False,False,True,False,10.61
0.7131046115114662,0.00812935859966714,-0.4430740870628643,-0.43583833894122886,0.391892844788397,0.948050607735105,1.1569381965253858,1.1416647587077935,1.6751610553819563,1.4555205617921865,0.3907865042790447,0.4420482313153113,1.0863774176713155,1.1060113792025763,1.6667974010813988,-0.28125097471202287,-0.6872911803798755,0.0,0.5503495392790064,-1.2733546469589327,0.5989205786859734,False,False,True,True,False,False,False,False,False,False,False,False,False,False,True,False,False,5.08
0.26071224724053804,-0.644423446632987,-0.9290891149292942,-0.9401827626949665,0.6590141047447723,1.2266068578574918,-0.04738333130536522,-1.249209078150196,-1.7638144312415096,1.4555205617921865,0.6734621053787553,-0.5226826204354633,1.495885457641646,0.7939152453186084,2.0606357073597543,0.043541331616375405,-0.6872911803798755,0.0,0.5503495392790064,-1.2733546469589327,1.0950208644441968,False,False,False,False,False,False,False,False,True,False,False,False,False,False,False,False,False,5.53
0.7254297272866008,1.6140441945725148,0.11847030324226653,0.14761893559740816,0.12477158483202172,0.6694943576127181,0.35145042141780575,0.7069604247336135,-0.33090797848173215,-0.5332831638162967,-0.9956700154004892,-0.5226826204354633,0.645368759241728,-1.4218228163066962,-0.8674664827967153,-0.4930720440566304,0.8415129828939792,0.0,0.5503495392790064,-1.2733546469589327,1.0950208644441968,True,False,False,True,False,False,False,False,False,False,False,False,False,False,False,True,False,4.43
-1.7028201314932108,-0.9857010631627074,0.7424085146924135,0.7442616852668615,-0.6098118800480102,0.3909381074903313,1.5557719492485564,-1.394110522808256,-0.33090797848173215,-0.5332831638162967,0.12306728418989998,-0.5226826204354633,0.7503708207725822,0.2246287788821095,-0.23390051182718674,2.161752025062451,-0.29999412568383227,0.0,0.5503495392790064,-1.2733546469589327,1.0950208644441968,False,True,False,True,False,False,False,False,False,False,False,False,False,False,False,True,False,12.19
0.7131046115114662,0.00812935859966714,-1.099851151747229,-1.0423701949587951,1.3268172546357104,1.2266068578574918,-0.45403735368977466,1.0692140363787634,1.8184517006579342,-0.5332831638162967,0.6181234956396578,-0.5226826204354633,2.6404079283279565,0.11626206572795375,1.5241023625747483,-0.4485353063995591,-0.4426825142560587,0.0,0.5503495392790064,-1.2733546469589327,1.0950208644441968,False,False,True,True,False,False,False,False,False,False,False,False,False,False,True,False,False,3.7
0.26071224724053804,-0.644423446632987,-0.9356568855761377,-0.9467755002603747,0.6590141047447723,1.5051631079798786,-0.8528711064129453,-0.9594061888340761,-0.008504026610782218,-0.5332831638162967,0.872381972819292,-0.5226826204354633,1.6323881376317568,0.4782068876628343,1.7980768365075173,0.0033496415356036057,-0.6057549583386033,0.0,0.5503495392790064,-1.2733546469589327,1.3430710073233085,False,False,False,True,False,False,False,False,False,False,False,False,False,False,False,True,False,5.0
0.7254297272866008,1.6140441945725148,-0.8666952937842803,-0.7325115293846044,1.7274991445702732,0.948050607735105,-0.45403735368977466,0.34470681308846357,-0.33090797848173215,-0.5332831638162967,-0.9792179962888637,-0.5226826204354633,1.1073778299774861,-1.954987045025142,-0.8902976889577795,-0.46917428238698244,1.2084259820797045,0.0,0.5503495392790064,-1.2733546469589327,1.3430710073233085,True,False,False,True,False,False,False,False,False,False,False,False,False,False,False,True,False,4.52
-1.7028201314932108,-0.9857010631627074,0.085631450008049,0.07839519116062041,-0.14234967512435354,0.948050607735105,1.1569381965253858,1.0692140363787634,-0.33090797848173215,-0.5332831638162967,0.3085264087209283,-0.5226826204354633,0.8973737069157778,0.0656909329226819,-0.21106930566612261,2.2377903576476945,-0.1776897926219239,0.0,0.5503495392790064,-1.2733546469589327,1.3430710073233085,False,True,False,True,False,False,False,False,False,False,False,False,False,False,False,True,False,12.65
0.7131046115114662,0.00812935859966714,-1.099851151747229,-0.9896282944355285,1.7274991445702732,1.5051631079798786,-1.2595251287973548,1.0692140363787634,1.8184517006579342,-0.5332831638162967,0.8439648488992156,-0.5226826204354633,2.7034091652464682,-0.17994028356007152,1.4955633548734184,-0.47351932996328205,-0.3815303477251045,0.0,0.5503495392790064,-1.2733546469589327,1.3430710073233085,False,False,True,True,False,False,False,False,False,False,False,False,False,False,True,False,False,3.44
0.26071224724053804,-0.644423446632987,-0.9290891149292942,-0.9401827626949665,0.6590141047447723,1.5051631079798786,-1.2595251287973548,-0.8869554665050461,0.27807726394117327,-0.5332831638162967,0.7512352866337014,-0.5226826204354633,1.7163897868564402,0.07941738325554146,1.4156541333096937,-0.03141073907479356,-0.4426825142560587,0.0,0.5503495392790064,-1.2733546469589327,1.5911211502024203,False,False,False,True,False,False,False,False,False,False,False,False,False,False,False,False,False,4.6
0.7254297272866008,1.6140441945725148,-1.523472358468645,-1.4049707610562538,2.1281810345048364,0.948050607735105,-0.45403735368977466,0.12735464610137365,-1.7638144312415096,-2.52208688942478,-1.2080506257505343,-0.5226826204354633,1.4118838084169631,-2.343662322871381,-0.9131288951188437,-0.4811231632218065,1.7384114253479739,0.0,0.5503495392790064,-1.2733546469589327,1.5911211502024203,True,False,False,False,False,False,False,False,True,False,False,False,False,False,False,False,False,4.41
-1.7028201314932108,-0.9857010631627074,-0.2427570823341333,-0.284205374936837,-0.14234967512435354,1.2266068578574918,-1.2595251287973548,0.6345097024045835,-1.7638144312415096,-0.5332831638162967,0.17990153203005485,-0.5226826204354633,1.0128759745997171,-0.21100540799759565,-0.25673171798825084,2.194339881884698,0.005766706970938724,0.0,0.5503495392790064,-1.2733546469589327,1.5911211502024203,False,True,False,False,False,False,False,False,True,False,False,False,False,False,False,False,False,12.7
0.7131046115114662,0.00812935859966714,-1.4282396840894112,-1.2994869600097203,2.1281810345048364,1.2266068578574918,-2.463846656628106,-1.466561245137286,1.8184517006579342,-0.5332831638162967,0.7452527342294738,-0.5226826204354633,2.6719085467872117,-0.4877017489178742,1.398530728688896,-0.4778643775395817,-0.3815303477251045,0.0,0.5503495392790064,-1.2733546469589327,1.5911211502024203,False,False,True,True,False,False,False,False,False,False,False,False,False,False,True,False,False,3.35
0.26071224724053804,-0.644423446632987,-1.2738970738885858,-1.2764123785307913,0.9929156796902413,1.2266068578574918,-0.8528711064129453,-0.8869554665050461,-0.008504026610782218,-0.5332831638162967,0.8334953821918178,-0.5226826204354633,1.7583906114687813,-0.2637438750659517,0.9818612162494762,-0.01185802498144501,-0.2796100701735142,0.0,0.5503495392790064,-1.2733546469589327,1.839171293081532,False,False,False,True,False,False,False,False,False,False,False,False,False,False,False,True,False,4.47
0.7254297272866008,1.6140441945725148,-1.523472358468645,-1.4049707610562538,2.1281810345048364,0.948050607735105,-0.8528711064129453,0.19980536843040364,-1.7638144312415096,-2.52208688942478,-1.2230070067611023,-0.5226826204354633,1.6008875191725003,-2.7294478217001754,-0.9587913074409717,-0.49524456784478027,2.023788202492427,0.0,0.5503495392790064,-1.2733546469589327,1.839171293081532,True,False,False,False,False,False,False,False,True,False,False,False,False,False,False,False,False,4.32
-1.7028201314932108,-0.9857010631627074,-0.8995341470184979,-0.9401827626949665,0.391892844788397,1.2266068578574918,-0.8528711064129453,0.7069604247336135,-1.7638144312415096,-0.5332831638162967,0.2382314179712629,-0.5226826204354633,1.054876799212059,-0.37933503576371846,-0.3423487410922413,2.197598667566923,0.27075942860507346,0.0,0.5503495392790064,-1.2733546469589327,1.839171293081532,False,True,False,False,False,False,False,False,True,False,False,False,False,False,False,False,False,12.92
0.7131046115114662,0.00812935859966714,-2.4134052811159585,-2.3378431265615323,2.528862924439399,1.2266068578574918,-2.463846656628106,-1.466561245137286,1.3527571035110064,-0.5332831638162967,0.7691829438463822,-0.5226826204354633,2.5984071037156147,-0.6907087248933251,1.2843746978835755,-0.4561391396580835,-0.3815303477251045,0.0,0.5503495392790064,-1.2733546469589327,1.839171293081532,False,False,True,True,False,False,False,False,False,False,False,False,False,False,True,False,False,3.44
0.26071224724053804,-0.644423446632987,-0.9290891149292942,-0.9401827626949665,0.6590141047447723,1.2266068578574918,-0.8528711064129453,-1.249209078150196,0.9228851676830732,-0.5332831638162967,0.2890831134071902,1.9580538554951001,1.1703790668959988,-1.3409090038182596,0.22272361139409502,0.45088954189446684,-0.4222984587457406,0.0,0.5503495392790064,-1.1678581292805863,-1.6335307072260323,False,False,False,True,False,False,False,False,False,False,False,False,False,False,False,False,False,6.29
0.7254297272866008,1.6140441945725148,-0.8666952937842803,-0.7325115293846044,1.7274991445702732,0.948050607735105,-0.8528711064129453,0.9243125917207035,-0.33090797848173215,-2.52208688942478,-2.1353462484056696,4.163152945211157,0.9078739130688632,-3.922926555904611,-1.0329927274644302,-0.5517301863366756,3.797201031890099,0.0,0.5503495392790064,-1.1678581292805863,-1.6335307072260323,True,False,False,True,False,False,False,False,False,False,False,False,False,False,False,True,False,3.46
-1.7028201314932108,-0.9857010631627074,-1.2279226793606801,-1.226966846790229,0.9929156796902413,0.948050607735105,-0.45403735368977466,0.41715753541749356,0.6004812158121232,-0.5332831638162967,0.16793642722159963,2.141812112971438,1.2438805099675965,-1.5041815183038545,-0.7133558412095328,2.1128702398290797,1.5753389812654297,0.0,0.5503495392790064,-1.1678581292805863,-1.6335307072260323,False,True,False,True,False,False,False,False,False,False,False,False,False,False,False,False,False,13.44
0.7131046115114662,0.00812935859966714,-0.7714626194050466,-0.6270277283380711,1.7274991445702732,1.2266068578574918,-0.8528711064129453,0.9243125917207035,1.8184517006579342,-0.5332831638162967,0.12904983659412758,3.5659386084130578,2.052396383755173,-1.5489730930742391,0.5708995053503226,-0.17262478530453182,-0.25922601466319617,0.0,0.5503495392790064,-1.1678581292805863,-1.6335307072260323,False,False,True,True,False,False,False,False,False,False,False,False,False,False,True,False,False,5.08
0.26071224724053804,-0.644423446632987,-0.9290891149292942,-0.9401827626949665,0.6590141047447723,1.2266068578574918,-0.8528711064129453,-1.394110522808256,0.9228851676830732,-0.5332831638162967,0.08418069356242795,1.1770812612206634,0.2778615438837388,-0.2290665268566216,1.1416796593769247,0.4823911368226392,-0.6669071248695574,0.0,0.5503495392790064,-1.1678581292805863,-1.3854805643469206,False,False,False,True,False,False,False,False,False,False,False,False,False,False,False,False,False,6.57
0.7254297272866008,1.6140441945725148,-0.8666952937842803,-0.7852534299078711,1.3268172546357104,0.948050607735105,0.35145042141780575,0.7069604247336135,0.9228851676830732,-0.5332831638162967,-1.3785533692709946,0.25828997383897334,-0.5201541237507525,-1.1357346935797255,-0.9245444981993757,-0.3431679026742928,1.1065057045281141,0.0,0.5503495392790064,-1.1678581292805863,-1.3854805643469206,True,False,False,True,False,False,False,False,False,False,False,False,False,False,False,False,False,4.33
-1.7028201314932108,-0.9857010631627074,-1.2279226793606801,-1.226966846790229,0.9929156796902413,0.948050607735105,-0.45403735368977466,0.41715753541749356,0.0989639573462011,-0.5332831638162967,-0.08033949755380693,0.21235040946988878,-0.42565226837298387,0.0570215958703491,-0.7190636427497987,1.634915006436119,-0.1573057371116058,0.0,0.5503495392790064,-1.1678581292805863,-1.3854805643469206,False,True,False,True,False,False,False,False,False,False,False,False,False,False,False,False,False,10.75
0.7131046115114662,0.00812935859966714,-0.4430740870628643,-0.36002185693903294,0.9929156796902413,1.2266068578574918,-0.45403735368977466,0.7794111470626435,1.8184517006579342,-0.5332831638162967,0.08418069356242795,1.6824164692805927,0.8238722638441799,-0.18066272831443295,1.2558356901822454,-0.08572383377853908,-0.6872911803798755,0.0,0.5503495392790064,-1.1678581292805863,-1.3854805643469206,False,False,True,True,False,False,False,False,False,False,False,False,False,False,True,False,False,5.7
0.26071224724053804,-0.644423446632987,-0.5809972706465815,-0.5874713029456208,0.391892844788397,1.2266068578574918,-0.8528711064129453,-1.321659800479226,0.9228851676830732,-0.5332831638162967,-0.22092947905313348,0.5339273600534804,-0.22614835146436102,0.32504859973829386,1.3357449117459697,0.5117202079626617,-0.6872911803798755,0.0,0.5503495392790064,-1.1678581292805863,-1.1374304214678088,False,False,False,True,False,False,False,False,False,False,False,False,False,False,False,False,False,7.12
0.7254297272866008,1.6140441945725148,-0.538306761442098,-0.4226528638104125,1.3268172546357104,0.6694943576127181,1.1569381965253858,0.5620589800755535,0.9228851676830732,-0.5332831638162967,-1.4309007028079792,-0.20110566985187175,-0.7931594837309732,-0.7196065150677671,-0.9131288951188437,-0.2443180703134759,0.5561362057495264,0.0,0.5503495392790064,-1.1678581292805863,-1.1374304214678088,True,False,False,True,False,False,False,False,False,False,False,False,False,False,False,False,False,4.82
-1.7028201314932108,-0.9857010631627074,0.085631450008049,0.11135887898766252,0.12477158483202172,0.6694943576127181,-1.2595251287973548,-1.466561245137286,0.9228851676830732,-0.5332831638162967,-0.3585281843503473,-0.10922654111370278,-0.7511586591186316,0.3539463899127358,-0.759018253531661,1.4350428179263357,-0.4222984587457406,0.0,0.5503495392790064,-1.1678581292805863,-1.1374304214678088,False,True,False,True,False,False,False,False,False,False,False,False,False,False,False,False,False,9.82
0.7131046115114662,0.00812935859966714,-0.4430740870628643,-0.36002185693903294,0.9929156796902413,1.2266068578574918,-0.8528711064129453,0.8518618693916735,1.8184517006579342,-0.5332831638162967,-0.12371300248444915,0.7176856175298184,0.18335968850597,0.3647830612281518,1.461316545631822,-0.044445881803692404,-0.6872911803798755,0.0,0.5503495392790064,-1.1678581292805863,-1.1374304214678088,False,False,True,True,False,False,False,False,False,False,False,False,False,False,True,False,False,6.26
0.26071224724053804,-0.644423446632987,-0.5612939587060497,-0.5676930902493962,0.391892844788397,0.948050607735105,-0.8528711064129453,1.1416647587077935,0.9228851676830732,1.4555205617921865,-0.45724029902008695,0.21235040946988878,-0.4676530929853254,0.6515936287094839,1.5697647748968766,0.5312729220560101,-0.6872911803798755,0.0,0.5503495392790064,-1.1678581292805863,-0.8893802785886971,False,False,False,True,False,False,False,False,False,False,False,False,False,False,False,False,False,7.73
0.7254297272866008,1.6140441945725148,-0.20991822909991575,-0.1457578860632627,0.6590141047447723,0.3909381074903313,1.1569381965253858,0.7069604247336135,-0.33090797848173215,-0.5332831638162967,-1.5430735603872294,-0.2929847985900408,-0.8351603083433148,-0.6733700507886605,-0.9017132920383115,-0.1889187137156555,0.3319115951360277,0.0,0.5503495392790064,-1.1678581292805863,-0.6413301357095853,True,False,False,True,False,False,False,False,False,False,False,False,False,False,False,True,False,5.22
-1.7028201314932108,-0.9857010631627074,0.4140199823502313,0.40803206943103687,-0.4094709350807288,0.3909381074903313,-0.8528711064129453,-1.466561245137286,-0.33090797848173215,-0.5332831638162967,-0.5454829469824309,-0.20110566985187175,-0.8246601021902293,0.4587008792950865,-0.747602650451129,1.5371514359693774,-0.5038346807870129,0.0,0.5503495392790064,-1.1678581292805863,-0.6413301357095853,False,True,False,True,False,False,False,False,False,False,False,False,False,False,False,True,False,10.19
0.7131046115114662,0.00812935859966714,-0.4430740870628643,-0.36002185693903294,0.9929156796902413,0.948050607735105,-0.8528711064129453,0.8518618693916735,1.8184517006579342,1.4555205617921865,-0.28972883170173935,0.3961086669462269,-0.13164649608659235,0.633532509850458,1.683920805702197,-0.01185802498144501,-0.6872911803798755,0.0,0.5503495392790064,-1.1678581292805863,-0.6413301357095853,False,False,True,True,False,False,False,False,False,False,False,False,False,False,True,False,False,6.76
0.26071224724053804,-0.644423446632987,0.09548310597831484,0.08828429750873328,-0.14234967512435354,0.948050607735105,-0.8528711064129453,-1.321659800479226,-0.33090797848173215,1.4555205617921865,-0.36899765105774296,0.028592151993550734,-0.6146559791285212,0.9290124143841217,1.50697895795395,0.29989913861805423,-0.6872911803798755,0.0,0.5503495392790064,-1.1678581292805863,-0.3932799928304736,False,False,False,True,False,False,False,False,False,False,False,False,False,False,False,True,False,7.19
0.7254297272866008,1.6140441945725148,0.11847030324226653,0.2267317863823076,0.725794419733866,0.3909381074903313,1.1569381965253858,0.7069604247336135,0.9228851676830732,-0.5332831638162967,-1.4204312361005815,-0.3389243629591253,-0.8561607206494856,-0.4031757126576326,-0.9017132920383115,-0.19326376129195505,0.06691887350189285,0.0,0.5503495392790064,-1.1678581292805863,-0.3932799928304736,True,False,False,True,False,False,False,False,False,False,False,False,False,False,False,False,False,5.29
-1.7028201314932108,-0.9857010631627074,1.0707970470345958,1.1068622513643203,-0.6098118800480102,0.11238185736794444,-1.2595251287973548,-1.466561245137286,-0.33090797848173215,1.4555205617921865,-0.35104999384506436,-0.20110566985187175,-0.8456605144964002,0.7469563362851405,-0.6962324365887347,1.697918196292464,-0.5649868473179671,0.0,0.5503495392790064,-1.1678581292805863,-0.3932799928304736,False,True,False,True,False,False,False,False,False,False,False,False,False,False,False,True,False,10.62
0.7131046115114662,0.00812935859966714,-0.11468555472068201,-0.030384978668616475,0.725794419733866,0.948050607735105,-0.45403735368977466,0.8518618693916735,1.8184517006579342,1.4555205617921865,-0.22092947905313348,0.12047128073171982,-0.39415164991372764,0.8502659361587694,1.50697895795395,-0.11179411923633677,-0.6872911803798755,0.0,0.5503495392790064,-1.1678581292805863,-0.3932799928304736,False,False,True,True,False,False,False,False,False,False,False,False,False,False,True,False,False,6.33
0.26071224724053804,-0.644423446632987,0.09548310597831484,0.08828429750873328,-0.14234967512435354,0.6694943576127181,-0.45403735368977466,-1.394110522808256,-0.33090797848173215,1.4555205617921865,-0.5006138039507313,-0.24704523422095628,-0.5096539175976671,0.6580956314987324,1.2900824994238413,-0.029238215286643592,-0.6872911803798755,0.0,0.5503495392790064,-1.1678581292805863,-0.14522984995136187,False,False,False,True,False,False,False,False,False,False,False,False,False,False,False,True,False,5.45
0.7254297272866008,1.6140441945725148,0.44685883558444883,0.5102195016948667,0.12477158483202172,0.11238185736794444,1.1569381965253858,0.5620589800755535,0.9228851676830732,-0.5332831638162967,-1.2439459401758957,-0.3848639273282098,-0.8351603083433148,-0.3237067896779178,-0.8275118720148532,-0.15198580931710856,-0.2796100701735142,0.0,0.5503495392790064,-1.1678581292805863,-0.14522984995136187,True,False,False,True,False,False,False,False,False,False,False,False,False,False,False,False,False,5.72
-1.7028201314932108,-0.9857010631627074,1.7407096530126474,1.8320633835592361,-1.2108347149498546,0.11238185736794444,-1.6583588815205257,-1.466561245137286,-0.33090797848173215,1.4555205617921865,-0.48565742294016334,-0.24704523422095628,-0.866660926802571,0.689883200690619,-0.6163232150250104,1.8098031713821798,-0.6872911803798755,0.0,0.5503495392790064,-1.1678581292805863,-0.14522984995136187,False,True,False,True,False,False,False,False,False,False,False,False,False,False,False,True,False,10.77
0.7131046115114662,0.00812935859966714,0.21370297762150028,0.2531027366439415,0.12477158483202172,0.948050607735105,-0.04738333130536522,0.8518618693916735,1.8184517006579342,1.4555205617921865,-0.31066776511653277,-0.01734741237553375,-0.4991537114445817,0.7274503279173927,0.9989846208702744,-0.3572893072972666,-0.6872911803798755,0.0,0.5503495392790064,-1.1678581292805863,-0.14522984995136187,False,False,True,True,False,False,False,False,False,False,False,False,False,False,True,False,False,5.02
0.26071224724053804,-0.644423446632987,-0.23290542636386743,-0.2380562119789797,0.12477158483202172,0.6694943576127181,0.35145042141780575,1.1416647587077935,-1.047361204861621,1.4555205617921865,-0.6412037854500579,-0.2929847985900408,-0.4676530929853254,0.653760962972567,1.2729590948030431,-0.10201776218966259,-0.6872911803798755,0.0,0.5503495392790064,-1.1678581292805863,0.10282029292774987,False,False,False,True,False,False,False,False,False,False,True,False,False,False,False,False,False,5.09
0.7254297272866008,1.6140441945725148,0.44685883558444883,0.5464795583046124,0.391892844788397,-0.1661743927544424,0.35145042141780575,0.7794111470626435,-0.33090797848173215,-0.5332831638162967,-1.2813368927023123,-0.4308034916972943,-0.7511586591186316,-0.3988410441314662,-0.8218040704745871,-0.20738516591492898,-0.32037818119415035,0.0,0.5503495392790064,-1.1678581292805863,0.10282029292774987,True,False,False,True,False,False,False,False,False,False,False,False,False,False,False,True,False,5.68
-1.7028201314932108,-0.9857010631627074,1.7275741117189605,1.81887790842842,-1.2108347149498546,-0.1661743927544424,-1.2595251287973548,-1.466561245137286,-0.33090797848173215,1.4555205617921865,-0.672612185572247,-0.20110566985187175,-0.8456605144964002,0.6407569573940679,-0.5364139934612859,1.9282057178363448,-0.6872911803798755,0.0,0.5503495392790064,-1.1678581292805863,0.10282029292774987,False,True,False,True,False,False,False,False,False,False,False,False,False,False,False,True,False,11.15
0.7131046115114662,0.00812935859966714,0.21370297762150028,0.2531027366439415,0.12477158483202172,0.6694943576127181,-0.04738333130536522,0.7069604247336135,1.8184517006579342,1.4555205617921865,-0.4123711559883873,-0.10922654111370278,-0.3836514437606422,0.6617078552705384,0.9247832008468159,-0.43767268745881,-0.6872911803798755,0.0,0.5503495392790064,-1.1678581292805863,0.10282029292774987,False,False,True,True,False,False,False,False,False,False,False,False,False,False,True,False,False,4.53
0.26071224724053804,-0.644423446632987,-0.23290542636386743,-0.2380562119789797,0.12477158483202172,0.6694943576127181,0.35145042141780575,-1.394110522808256,-1.047361204861621,1.4555205617921865,-0.5095876325570716,-0.3389243629591253,-0.3311504129952151,0.7195034356194213,1.3357449117459697,-0.1737110471986067,-0.6872911803798755,0.0,0.5503495392790064,-1.1678581292805863,0.3508704358068616,False,False,False,True,False,False,False,False,False,False,True,False,False,False,False,False,False,4.68
0.7254297272866008,1.6140441945725148,0.7818151385734757,0.8464491175306914,-0.14234967512435354,-0.1661743927544424,-0.45403735368977466,0.7069604247336135,-0.33090797848173215,-0.5332831638162967,-1.2155288162558193,-0.47674305606637885,-0.6146559791285212,-0.45952640349779367,-0.8103884673940551,-0.22585161811420246,-0.2796100701735142,0.0,0.5503495392790064,-1.1678581292805863,0.3508704358068616,True,False,False,True,False,False,False,False,False,False,False,False,False,False,False,True,False,5.65
-1.7028201314932108,-0.9857010631627074,2.0559626440611427,2.1221438364372025,-1.4111756599171361,-0.44473064287682923,-0.8528711064129453,-1.466561245137286,-0.33090797848173215,1.4555205617921865,-0.6741078236733044,-0.20110566985187175,-0.7826592775778878,0.6617078552705384,-0.4907515811391579,1.8293558854755283,-0.6872911803798755,0.0,0.5503495392790064,-1.1678581292805863,0.3508704358068616,False,True,False,True,False,False,False,False,False,False,False,False,False,False,False,True,False,10.79
0.7131046115114662,0.00812935859966714,-0.11468555472068201,-0.07323777284377146,0.391892844788397,0.6694943576127181,0.35145042141780575,0.9243125917207035,0.9228851676830732,1.4555205617921865,-0.2672942601858906,-0.10922654111370278,-0.005644022249567323,0.611859167219627,1.010400223950806,-0.4876407345862559,-0.6872911803798755,0.0,0.5503495392790064,-1.1678581292805863,0.3508704358068616,False,False,True,True,False,False,False,False,False,False,False,False,False,False,False,False,False,4.15
0.26071224724053804,-0.644423446632987,-0.23618931168728977,-0.2776126373714288,-0.14234967512435354,0.6694943576127181,0.35145042141780575,-1.249209078150196,-1.047361204861621,1.4555205617921865,-0.3734845653609131,-0.3389243629591253,-0.06864525916807984,0.7274503279173927,1.50697895795395,-0.2464905941016257,-0.6872911803798755,0.0,0.5503495392790064,-1.1678581292805863,0.5989205786859734,False,False,False,True,False,False,False,False,False,False,True,False,False,False,False,False,False,4.2
0.7254297272866008,1.6140441945725148,0.44685883558444883,0.5464795583046124,0.391892844788397,-0.1661743927544424,0.35145042141780575,1.0692140363787634,-0.33090797848173215,-0.5332831638162967,-1.1901029685378557,-0.47674305606637885,-0.4361524745260693,-0.5758400089499208,-0.798972864313523,-0.23562797516087663,-0.19807384813224196,0.0,0.5503495392790064,-1.1678581292805863,0.5989205786859734,True,False,False,True,False,False,False,False,False,False,False,False,False,False,False,True,False,5.58
-1.7028201314932108,-0.9857010631627074,2.0559626440611427,2.1221438364372025,-1.4111756599171361,-0.44473064287682923,-0.8528711064129453,-1.466561245137286,-0.33090797848173215,1.4555205617921865,-0.665133995066964,-0.15516610548278725,-0.6251561852816067,0.6075244986934606,-0.41655016111569954,1.8619437422977752,-0.6872911803798755,0.0,0.5503495392790064,-1.1678581292805863,0.5989205786859734,False,True,False,True,False,False,False,False,False,False,False,False,False,False,False,True,False,11.2
0.7131046115114662,0.00812935859966714,-0.11468555472068201,-0.07323777284377146,0.391892844788397,0.6694943576127181,-0.04738333130536522,0.7794111470626435,-0.33090797848173215,-0.5332831638162967,-0.03846163072422003,-0.10922654111370278,0.6033679346293863,0.5396146917835232,1.1131406516755946,-0.5082797105736793,-0.6872911803798755,0.0,0.5503495392790064,-1.1678581292805863,0.5989205786859734,False,False,True,True,False,False,False,False,False,False,False,False,False,False,False,True,False,3.9
0.26071224724053804,-0.644423446632987,-0.5809972706465815,-0.6303240971207745,0.05799126984292791,0.6694943576127181,0.35145042141780575,-1.321659800479226,-0.33090797848173215,1.4555205617921865,-0.15811267880875313,-0.4308034916972943,0.2358607192713971,0.6501487392007611,1.6268427902995366,-0.3116663077461205,-0.6872911803798755,0.0,0.5503495392790064,-1.1678581292805863,0.846970721565085,False,False,False,True,False,False,False,False,False,False,False,False,False,False,False,True,False,3.75
0.7254297272866008,1.6140441945725148,0.44685883558444883,0.5464795583046124,0.391892844788397,-0.1661743927544424,-0.04738333130536522,0.9967633140497334,-0.33090797848173215,-0.5332831638162967,-1.1512163779103814,-0.47674305606637885,-0.2891495883828735,-0.6726476060342992,-0.776141658152459,-0.2540944273601501,-0.11653762609096965,0.0,0.5503495392790064,-1.1678581292805863,0.846970721565085,True,False,False,True,False,False,False,False,False,False,False,False,False,False,False,True,False,5.46
-1.7028201314932108,-0.9857010631627074,2.0559626440611427,2.1221438364372025,-1.4111756599171361,-0.44473064287682923,0.35145042141780575,0.41715753541749356,-0.33090797848173215,-0.5332831638162967,-0.707011861896551,-0.20110566985187175,-0.45715288683224004,0.45436621076892014,-0.3537643441727732,1.8043718619118057,-0.6872911803798755,0.0,0.5503495392790064,-1.1678581292805863,0.846970721565085,False,True,False,True,False,False,False,False,False,False,False,False,False,False,False,True,False,11.2
0.7131046115114662,0.00812935859966714,-0.4430740870628643,-0.43583833894122886,0.391892844788397,0.6694943576127181,0.7581044438022152,0.8518618693916735,-0.33090797848173215,-0.5332831638162967,0.19037099873745053,-0.24704523422095628,1.1178780361305714,0.39729307517439766,1.0617704378132005,-0.5528164482307505,-0.6261390138489212,0.0,0.5503495392790064,-1.1678581292805863,0.846970721565085,False,False,True,True,False,False,False,False,False,False,False,False,False,False,False,True,False,3.46
0.26071224724053804,-0.644423446632987,-0.5809972706465815,-0.6303240971207745,0.05799126984292791,0.6694943576127181,-0.45403735368977466,-1.104307633492136,-1.047361204861621,-0.5332831638162967,-0.04145290692633277,-0.4308034916972943,0.6348685530886425,0.42908064436628424,1.6211349887592708,-0.3420816407802179,-0.6669071248695574,0.0,0.5503495392790064,-1.1678581292805863,1.0950208644441968,False,False,False,True,False,False,False,False,False,False,True,False,False,False,False,False,False,3.45
0.7254297272866008,1.6140441945725148,0.11847030324226653,0.2267317863823076,0.725794419733866,0.3909381074903313,-0.04738333130536522,0.9967633140497334,-0.33090797848173215,-0.5332831638162967,-1.1542076541124942,-0.5226826204354633,0.015356390056603516,-0.9291154938324685,-0.7647260550719268,-0.27907845092387307,0.27075942860507346,0.0,0.5503495392790064,-1.1678581292805863,1.0950208644441968,True,False,False,True,False,False,False,False,False,False,False,False,False,False,False,True,False,5.32
-1.7028201314932108,-0.9857010631627074,1.724290226395538,1.8155815396457151,-1.0104937699825731,-0.1661743927544424,0.7581044438022152,0.19980536843040364,-0.33090797848173215,-0.5332831638162967,-0.861062586305388,-0.47674305606637885,-0.08964567147425068,0.08664183079915143,-0.3309331380117092,1.6544677205294676,-0.6872911803798755,0.0,0.5503495392790064,-1.1678581292805863,1.0950208644441968,False,True,False,True,False,False,False,False,False,False,False,False,False,False,False,True,False,10.83
0.7131046115114662,0.00812935859966714,-0.7714626194050466,-0.7654752172116454,0.6590141047447723,0.6694943576127181,-0.8528711064129453,0.9967633140497334,0.9228851676830732,-0.5332831638162967,0.25318779898183086,-0.3848639273282098,1.46438483918239,0.12493140278028654,0.8962441931454859,-0.608215804828571,-0.4630665697663768,0.0,0.5503495392790064,-1.1678581292805863,1.0950208644441968,False,False,True,True,False,False,False,False,False,False,False,False,False,False,False,False,False,2.95
0.26071224724053804,-0.644423446632987,-0.9290891149292942,-0.9401827626949665,0.6590141047447723,0.948050607735105,-0.8528711064129453,-1.104307633492136,-1.7638144312415096,-0.5332831638162967,0.3025438563167007,-0.5226826204354633,0.9603749438342903,0.21812677609286094,1.5412257671955465,-0.3105800458520454,-0.5649868473179671,0.0,0.5503495392790064,-1.1678581292805863,1.3430710073233085,False,False,False,False,False,False,False,False,True,False,False,False,False,False,False,False,False,3.38
0.7254297272866008,1.6140441945725148,-0.2033504584530711,-0.09301598553999603,0.9929156796902413,0.6694943576127181,-0.04738333130536522,0.8518618693916735,0.9228851676830732,-0.5332831638162967,-1.103355958676569,-0.5226826204354633,0.3618631931084219,-1.1610202599823614,-0.759018253531661,-0.30188995069944613,0.8822810939146154,0.0,0.5503495392790064,-1.1678581292805863,1.3430710073233085,True,False,False,True,False,False,False,False,False,False,False,False,False,False,False,False,False,5.17
-1.7028201314932108,-0.9857010631627074,0.7424085146924135,0.7080016286571159,-0.8769331400043855,0.11238185736794444,1.5557719492485564,1.1416647587077935,-0.33090797848173215,-0.5332831638162967,-0.7339333477155721,-0.5226826204354633,0.22536051311831168,-0.16260160945540697,-0.3138097333909111,1.5436690073338266,-0.524218736297331,0.0,0.5503495392790064,-1.1678581292805863,1.3430710073233085,False,True,False,True,False,False,False,False,False,False,False,False,False,False,False,True,False,10.54
0.7131046115114662,0.00812935859966714,-1.099851151747229,-1.0852229891339489,0.9929156796902413,0.948050607735105,-0.8528711064129453,0.9243125917207035,0.9228851676830732,-0.5332831638162967,0.4745422379382185,-0.5226826204354633,1.611387725325586,-0.10047136058035773,0.7649647577193673,-0.632113566498219,-0.36114629221478645,0.0,0.5503495392790064,-1.1678581292805863,1.3430710073233085,False,False,True,True,False,False,False,False,False,False,False,False,False,False,False,False,False,2.67
0.26071224724053804,-0.644423446632987,-0.9290891149292942,-0.9401827626949665,0.6590141047447723,1.2266068578574918,-0.8528711064129453,-1.394110522808256,0.0989639573462011,-0.5332831638162967,0.5822281812142985,-0.5226826204354633,0.9918755622935463,0.04835225881801632,1.3072059040446395,-0.2877685460764724,-0.4426825142560587,0.0,0.5503495392790064,-1.1678581292805863,1.5911211502024203,False,False,False,True,False,False,False,False,False,False,False,False,False,False,False,False,False,3.3
0.7254297272866008,1.6140441945725148,-0.8666952937842803,-0.7325115293846044,1.7274991445702732,0.948050607735105,0.7581044438022152,0.8518618693916735,0.9228851676830732,-0.5332831638162967,-1.0166089488152805,-0.5226826204354633,0.6138681407824718,-1.3112887688894572,-0.759018253531661,-0.3268739742631691,1.412266537182885,0.0,0.5503495392790064,-1.1678581292805863,1.5911211502024203,True,False,False,False,False,False,True,False,False,False,False,True,False,False,False,False,False,4.99
-1.7028201314932108,-0.9857010631627074,0.085631450008049,0.00917144672383266,-0.6765921950371041,0.6694943576127181,1.5557719492485564,1.1416647587077935,-0.33090797848173215,-0.5332831638162967,-0.5559524136898266,-0.5226826204354633,0.4248644300269344,-0.30347833655580864,-0.3023941303103791,1.4415603892907853,-0.2796100701735142,0.0,0.5503495392790064,-1.1678581292805863,1.5911211502024203,False,True,False,True,False,False,False,False,False,False,False,False,False,False,False,True,False,10.2
0.7131046115114662,0.00812935859966714,-1.099851151747229,-1.0423701949587951,1.3268172546357104,1.2266068578574918,-1.2595251287973548,0.8518618693916735,0.9228851676830732,-0.5332831638162967,0.6435493433576215,-0.5226826204354633,1.5588866945601585,-0.2738581016270063,0.696471139236175,-0.6375448759685935,-0.34076223670446837,0.0,0.5503495392790064,-1.1678581292805863,1.5911211502024203,False,False,True,True,False,False,False,False,False,False,False,False,False,False,False,False,False,2.53
0.26071224724053804,-0.644423446632987,0.019953743539612774,0.038838765768170094,0.12477158483202172,0.6694943576127181,-1.6583588815205257,-1.466561245137286,0.9228851676830732,-0.5332831638162967,-0.09828715476648764,0.7636251818989029,-0.026644434555738162,-0.2615765408028685,1.0275236285716043,0.17063397322313992,-0.6872911803798755,0.0,0.5503495392790064,-1.06236161160224,-1.1374304214678088,False,False,False,True,False,False,False,False,False,False,False,False,False,False,False,False,False,5.05
0.7254297272866008,1.6140441945725148,-1.523472358468645,-1.3555252293156905,2.528862924439399,0.3909381074903313,-1.2595251287973548,0.9243125917207035,0.9228851676830732,-0.5332831638162967,-1.3202234833297843,-0.15516610548278725,-0.6041557729754358,-1.5092386315843824,-0.9131288951188437,-0.13786440469413463,0.16883915105348316,0.0,0.5503495392790064,-1.06236161160224,-1.1374304214678088,True,False,False,True,False,False,False,False,False,False,False,False,False,False,False,False,False,4.96
-1.7028201314932108,-0.9857010631627074,-0.2427570823341333,-0.2512416871097961,0.12477158483202172,0.3909381074903313,-1.2595251287973548,-1.466561245137286,-1.047361204861621,-0.5332831638162967,-0.6636383569659066,0.3501691025771423,-0.39415164991372764,-0.09035713401930315,-0.5706608027028821,1.600154625825722,0.35229565064634577,0.0,0.5503495392790064,-1.06236161160224,-1.1374304214678088,False,True,False,True,False,False,False,False,False,False,True,False,False,False,False,False,False,10.63
0.7131046115114662,0.00812935859966714,-0.12125332536752552,-0.004014028406983719,0.9929156796902413,0.6694943576127181,-2.463846656628106,-1.466561245137286,0.9228851676830732,-0.5332831638162967,-0.05042673553267312,1.6364769049115082,0.7083699961602405,-0.30131100229272545,1.2330044840211813,-0.27907845092387307,-0.6872911803798755,0.0,0.5503495392790064,-1.06236161160224,-1.1374304214678088,False,False,True,True,False,False,False,False,False,False,False,False,False,False,False,False,False,4.86
0.26071224724053804,-0.644423446632987,0.09548310597831484,0.1245443541184789,0.12477158483202172,0.6694943576127181,-0.8528711064129453,-1.321659800479226,-0.33090797848173215,-0.5332831638162967,-0.42882317510001056,0.25828997383897334,-0.4466526806791546,0.022344247661018977,0.930491002387082,0.10219947389642048,-0.6872911803798755,0.0,0.5503495392790064,-1.06236161160224,-0.8893802785886971,False,False,False,True,False,False,False,False,False,False,False,False,False,False,False,True,False,5.1
0.7254297272866008,1.6140441945725148,-1.1950838261264627,-1.0423701949587951,2.1281810345048364,0.3909381074903313,-1.2595251287973548,1.1416647587077935,0.9228851676830732,-0.5332831638162967,-1.4039792169889582,-0.2929847985900408,-0.8036596898840586,-1.245546296242603,-0.9245444981993757,-0.06399859589704077,0.04653481799157477,0.0,0.5503495392790064,-1.06236161160224,-0.8893802785886971,True,False,False,True,False,False,False,False,False,False,False,False,False,False,False,False,False,4.91
-1.7028201314932108,-0.9857010631627074,0.4140199823502313,0.40803206943103687,-0.4094709350807288,0.11238185736794444,-0.45403735368977466,-1.466561245137286,-1.7638144312415096,-0.5332831638162967,-0.8550800339011604,-0.06328697674461824,-0.7301582468124608,0.1942860991989468,-0.5934920088639463,1.5089086267234295,-0.32037818119415035,0.0,0.5503495392790064,-1.06236161160224,-0.8893802785886971,False,True,False,False,False,False,False,False,True,False,False,False,False,False,False,False,False,10.19
0.7131046115114662,0.00812935859966714,0.21370297762150028,0.28936279325368713,0.391892844788397,0.6694943576127181,-0.45403735368977466,0.6345097024045835,0.9228851676830732,-0.5332831638162967,-0.3360936128344964,0.6717460531607339,0.015356390056603516,0.0143973553630476,1.1302640562963928,-0.29537237933499677,-0.6872911803798755,0.0,0.5503495392790064,-1.06236161160224,-0.8893802785886971,False,False,True,True,False,False,False,False,False,False,False,False,False,False,False,False,False,5.1
0.26071224724053804,-0.644423446632987,0.36804558782232555,0.40803206943103687,-0.008789045146165906,0.3909381074903313,0.35145042141780575,1.0692140363787634,-0.33090797848173215,-0.5332831638162967,-0.6382125092479451,0.07453171636263528,-0.5936555668223503,0.1791147593573644,1.1359718578366589,0.10111321200234559,-0.6872911803798755,0.0,0.5503495392790064,-1.06236161160224,-0.6413301357095853,False,False,False,True,False,False,False,False,False,False,False,False,False,False,False,True,False,5.48
0.7254297272866008,1.6140441945725148,-1.1950838261264627,-1.095112095482062,1.7274991445702732,0.11238185736794444,-1.2595251287973548,0.7794111470626435,0.9228851676830732,-0.5332831638162967,-1.522134626972436,-0.2929847985900408,-0.866660926802571,-1.2188158403312441,-0.9359601012799077,-0.05965354832074121,0.005766706970938724,0.0,0.5503495392790064,-1.06236161160224,-0.6413301357095853,True,False,False,True,False,False,False,False,False,False,False,False,False,False,False,False,False,4.87
-1.7028201314932108,-0.9857010631627074,0.7424085146924135,0.7442616852668615,-0.6098118800480102,0.11238185736794444,-1.2595251287973548,-1.466561245137286,-1.7638144312415096,-0.5332831638162967,-0.9567834247730149,-0.15516610548278725,-0.8036596898840586,0.3084323703879907,-0.5877842073236802,1.4752345080071074,-0.5038346807870129,0.0,0.5503495392790064,-1.06236161160224,-0.6413301357095853,False,True,False,False,False,False,False,False,True,False,False,False,False,False,False,False,False,10.04
0.7131046115114662,0.00812935859966714,0.21370297762150028,0.28936279325368713,0.391892844788397,0.6694943576127181,-0.04738333130536522,0.7794111470626435,0.9228851676830732,-0.5332831638162967,-0.5155701849612971,0.30422953820805776,-0.22614835146436102,0.08086227276426325,1.221588880940649,-0.2997174269112963,-0.6872911803798755,0.0,0.5503495392790064,-1.06236161160224,-0.6413301357095853,False,False,True,True,False,False,False,False,False,False,False,False,False,False,False,False,False,5.38
0.26071224724053804,-0.644423446632987,0.30893565200073286,0.3585865376904749,0.12477158483202172,0.3909381074903313,0.33580988209532847,1.0692140363787634,1.8184517006579342,-0.5332831638162967,-0.5634306041951116,0.028592151993550734,-0.6986576283532046,0.24485723200421863,1.1930498732393189,-0.01294428687552009,-0.6872911803798755,0.0,0.5503495392790064,-1.06236161160224,-0.3932799928304736,False,False,False,True,False,False,False,False,False,False,False,False,False,False,True,False,False,5.3
0.7254297272866008,1.6140441945725148,-0.8666952937842803,-0.7325115293846044,1.7274991445702732,-0.1661743927544424,-1.2595251287973548,-1.466561245137286,0.9228851676830732,-0.5332831638162967,-1.3994923026857882,-0.3389243629591253,-0.8876613391087419,-0.9565683944981876,-0.9359601012799077,0.07287040275639795,-0.13692168160128773,0.0,0.5503495392790064,-1.06236161160224,-0.3932799928304736,True,False,False,True,False,False,False,False,False,False,False,False,False,False,False,False,False,5.08
-1.7028201314932108,-0.9857010631627074,1.0707970470345958,1.0442312444929407,-1.0772740849716669,-0.1661743927544424,-0.45403735368977466,-1.466561245137286,-1.7638144312415096,-0.5332831638162967,-0.7832894050504419,-0.20110566985187175,-0.8456605144964002,0.4384724261729774,-0.5820764057834142,1.2438607245691515,-0.6669071248695574,0.0,0.5503495392790064,-1.06236161160224,-0.3932799928304736,False,True,False,False,False,False,False,False,True,False,False,False,False,False,False,False,False,8.98
0.7131046115114662,0.00812935859966714,0.5420915099636826,0.615703302741399,0.12477158483202172,0.3909381074903313,0.7581044438022152,0.8518618693916735,0.9228851676830732,-0.5332831638162967,-0.4407882799084637,0.16641084510080426,-0.4151520622198985,0.07869493850118005,1.187342071699053,-0.3638068786617161,-0.6872911803798755,0.0,0.5503495392790064,-1.06236161160224,-0.3932799928304736,False,False,True,True,False,False,False,False,False,False,False,False,False,False,False,False,False,5.19
0.26071224724053804,-0.644423446632987,0.09548310597831484,0.1245443541184789,0.12477158483202172,0.11238185736794444,0.6799017471898283,1.1416647587077935,-0.33090797848173215,-0.5332831638162967,-0.7309420715134571,-0.06328697674461824,-0.70915783450629,-0.1582669409292406,0.8677051854441556,-0.28994106986462215,-0.6872911803798755,0.0,0.5503495392790064,-1.06236161160224,-0.14522984995136187,False,False,False,True,False,False,False,False,False,False,False,False,False,False,False,True,False,3.89
0.7254297272866008,1.6140441945725148,-0.20991822909991575,-0.1457578860632627,0.6590141047447723,-0.44473064287682923,-0.8528711064129453,0.9243125917207035,0.9228851676830732,-0.5332831638162967,-1.4608134648291131,-0.4308034916972943,-0.8981615452618273,-0.6004031305981953,-0.9245444981993757,0.08590554548529677,-0.4426825142560587,0.0,0.5503495392790064,-1.06236161160224,-0.14522984995136187,True,False,False,True,False,False,False,False,False,False,False,False,False,False,False,False,False,5.32
-1.7028201314932108,-0.9857010631627074,2.0559626440611427,2.174885736960469,-1.2108347149498546,-0.44473064287682923,-1.2595251287973548,1.1416647587077935,-1.7638144312415096,-0.5332831638162967,-0.9059317293370877,-0.20110566985187175,-0.866660926802571,0.40596241222673046,-0.5763686042431482,1.3079501763195713,-0.6872911803798755,0.0,0.5503495392790064,-1.06236161160224,-0.14522984995136187,False,True,False,False,False,False,False,False,True,False,False,False,False,False,False,False,False,8.96
0.7131046115114662,0.00812935859966714,0.8704800423058648,0.9783038688388576,0.12477158483202172,0.3909381074903313,-0.04738333130536522,0.7069604247336135,0.9228851676830732,-0.5332831638162967,-0.6292386806416047,0.12047128073171982,-0.5516547422100088,-0.10697336336960629,1.0332314301118704,-0.45831166344623336,-0.6872911803798755,0.0,0.5503495392790064,-1.06236161160224,-0.14522984995136187,False,False,True,True,False,False,False,False,False,False,False,False,False,False,False,False,False,4.74
0.26071224724053804,-0.644423446632987,0.019953743539612774,0.038838765768170094,0.12477158483202172,0.11238185736794444,0.35145042141780575,-1.321659800479226,-0.33090797848173215,-0.5332831638162967,-0.8864884340233516,-0.10922654111370278,-0.6776572160470337,-0.25507453801361896,0.9133675977662838,-0.35403052161504184,-0.6872911803798755,0.0,0.5503495392790064,-1.06236161160224,0.10282029292774987,False,False,False,True,False,False,False,False,False,False,False,False,False,False,False,True,False,3.64
0.7254297272866008,1.6140441945725148,0.11847030324226653,0.18387899220715376,0.391892844788397,-0.44473064287682923,-1.6583588815205257,-1.466561245137286,0.9228851676830732,-0.5332831638162967,-1.5236302650734914,-0.3848639273282098,-0.9086617514149127,-0.5440524397580342,-0.9359601012799077,-0.13351935711783508,-0.5038346807870129,0.0,0.5503495392790064,-1.06236161160224,0.10282029292774987,True,False,False,True,False,False,False,False,False,False,False,False,False,False,False,False,False,5.06
-1.7028201314932108,-0.9857010631627074,2.0559626440611427,2.1221438364372025,-1.4111756599171361,-0.7232868929992161,-0.45403735368977466,-1.466561245137286,-1.7638144312415096,-0.5332831638162967,-1.0839126633628309,-0.20110566985187175,-0.8351603083433148,0.3965706304200373,-0.4964593826794238,1.5273750789227032,-0.6872911803798755,0.0,0.5503495392790064,-1.06236161160224,0.10282029292774987,False,True,False,False,False,False,False,False,True,False,False,False,False,False,False,False,False,9.53
0.7131046115114662,0.00812935859966714,0.5420915099636826,0.6519633593511457,0.391892844788397,0.11238185736794444,0.35145042141780575,0.7794111470626435,0.9228851676830732,-0.5332831638162967,-0.672612185572247,0.12047128073171982,-0.5411545360569233,-0.18860962061240433,0.9932768193300082,-0.5115384962559039,-0.6872911803798755,0.0,0.5503495392790064,-1.06236161160224,0.10282029292774987,False,False,True,True,False,False,False,False,False,False,False,False,False,False,False,False,False,4.41
0.26071224724053804,-0.644423446632987,0.09548310597831484,0.1245443541184789,0.12477158483202172,0.11238185736794444,-0.04738333130536522,-1.321659800479226,-0.33090797848173215,-0.5332831638162967,-0.8117065289705182,-0.10922654111370278,-0.583155360669265,-0.2976987785209204,0.9875690177897424,-0.4170337114713867,-0.6872911803798755,0.0,0.5503495392790064,-1.06236161160224,0.3508704358068616,False,False,False,True,False,False,False,False,False,False,False,False,False,False,False,True,False,3.3
0.7254297272866008,1.6140441945725148,0.11847030324226653,0.14761893559740816,0.12477158483202172,-0.44473064287682923,-0.8528711064129453,1.0692140363787634,0.9228851676830732,-0.5332831638162967,-1.5580299413977954,-0.3389243629591253,-0.7826592775778878,-0.6704802717712159,-0.9245444981993757,-0.3008036888053712,-0.4222984587457406,0.0,0.5503495392790064,-1.06236161160224,0.3508704358068616,True,False,False,True,False,False,False,False,False,False,False,False,False,False,False,False,False,4.95
-1.7028201314932108,-0.9857010631627074,2.3810672910799027,2.283665906789707,-1.7450772348626051,-0.7232868929992161,-1.2595251287973548,-1.466561245137286,-1.7638144312415096,-0.5332831638162967,-1.030069691724791,-0.15516610548278725,-0.7406584529655461,0.434137757646811,-0.40513455803516746,1.7489725053139846,-0.6872911803798755,0.0,0.5503495392790064,-1.06236161160224,0.3508704358068616,False,True,False,False,False,False,False,False,True,False,False,False,False,False,False,False,False,10.13
0.7131046115114662,0.00812935859966714,0.21370297762150028,0.33221558742884094,0.725794419733866,0.11238185736794444,0.7581044438022152,0.8518618693916735,0.9228851676830732,-0.5332831638162967,-0.5753957090035647,0.21235040946988878,-0.36265103145447136,-0.2326787506284276,0.9932768193300082,-0.5571614958070501,-0.6872911803798755,0.0,0.5503495392790064,-1.06236161160224,0.3508704358068616,False,False,True,True,False,False,False,False,False,False,False,False,False,False,False,False,False,4.08
0.26071224724053804,-0.644423446632987,-0.23290542636386743,-0.2743162685887253,-0.14234967512435354,0.11238185736794444,-0.04738333130536522,-1.394110522808256,-0.33090797848173215,-0.5332831638162967,-0.6860729284817575,-0.10922654111370278,-0.40465185606681303,-0.3562168036241647,1.1245562547561267,-0.45939792534030827,-0.6872911803798755,0.0,0.5503495392790064,-1.06236161160224,0.5989205786859734,False,False,False,True,False,False,False,False,False,False,False,False,False,False,False,True,False,2.97
0.7254297272866008,1.6140441945725148,0.11847030324226653,0.18387899220715376,0.391892844788397,-0.44473064287682923,-0.45403735368977466,1.1416647587077935,0.9228851676830732,-0.5332831638162967,-1.6238380178442884,-0.3389243629591253,-0.5096539175976671,-0.9760744028659354,-0.8960054904980456,-0.3953084735898885,-0.1776897926219239,0.0,0.5503495392790064,-1.06236161160224,0.5989205786859734,True,False,False,True,False,False,False,False,False,False,False,False,False,False,False,False,False,4.85
-1.7028201314932108,-0.9857010631627074,2.384351176403325,2.2474058501799616,-1.8786378648407926,-0.7232868929992161,-0.8528711064129453,-1.466561245137286,-1.7638144312415096,-0.5332831638162967,-0.9956700154004892,-0.06328697674461824,-0.583155360669265,0.40523996747236907,-0.3309331380117092,1.9075667418489217,-0.6872911803798755,0.0,0.5503495392790064,-1.06236161160224,0.5989205786859734,False,True,False,False,False,False,False,False,True,False,False,False,False,False,False,False,False,10.51
0.7131046115114662,0.00812935859966714,-0.11468555472068201,0.0025787091584244704,0.9929156796902413,0.11238185736794444,0.35145042141780575,0.8518618693916735,0.9228851676830732,-0.5332831638162967,-0.4019016892809895,0.25828997383897334,0.036356802362774124,-0.33454346099333376,0.9932768193300082,-0.5908356145233724,-0.6872911803798755,0.0,0.5503495392790064,-1.06236161160224,0.5989205786859734,False,False,True,True,False,False,False,False,False,False,False,False,False,False,False,False,False,3.78
0.26071224724053804,-0.644423446632987,-0.40366746318180324,-0.425949232593116,0.12477158483202172,0.11238185736794444,-0.36801438741614934,-1.394110522808256,-0.33090797848173215,-0.5332831638162967,-0.4437795561105764,-0.10922654111370278,-0.19464773300510477,-0.3995634888858266,1.221588880940649,-0.49089952026848066,-0.6872911803798755,0.0,0.5503495392790064,-1.06236161160224,0.846970721565085,False,False,False,True,False,False,False,False,False,False,False,False,False,False,False,True,False,2.7
0.7254297272866008,1.6140441945725148,0.11847030324226653,0.18387899220715376,0.391892844788397,-0.44473064287682923,-1.2595251287973548,-1.321659800479226,0.9228851676830732,-0.5332831638162967,-1.66422024657282,-0.4308034916972943,-0.22614835146436102,-1.2282076221379383,-0.8560508797161833,-0.4550528777640086,0.04653481799157477,0.0,0.5503495392790064,-1.06236161160224,0.846970721565085,True,False,False,True,False,False,False,False,False,False,False,False,False,False,False,False,False,4.62
-1.7028201314932108,-0.9857010631627074,2.0559626440611427,2.043030985652303,-1.7450772348626051,-0.7232868929992161,-0.8528711064129453,0.19980536843040364,-0.33090797848173215,-0.5332831638162967,-0.9478095961666746,-0.15516610548278725,-0.4151520622198985,0.3142119284228789,-0.285270725689581,1.9238606702600451,-0.6872911803798755,0.0,0.5503495392790064,-1.06236161160224,0.846970721565085,False,True,False,True,False,False,False,False,False,False,False,False,False,False,False,True,False,10.48
0.7131046115114662,0.00812935859966714,-0.4430740870628643,-0.31716906276387913,1.3268172546357104,0.11238185736794444,-0.04738333130536522,0.9243125917207035,0.9228851676830732,-0.5332831638162967,-0.14913885020241277,-0.06328697674461824,0.5613671100170446,-0.5288810999164529,0.8905363916052197,-0.6462349711211928,-0.6465230693592393,0.0,0.5503495392790064,-1.06236161160224,0.846970721565085,False,False,True,True,False,False,False,False,False,False,False,False,False,False,False,False,False,3.3
0.26071224724053804,-0.644423446632987,-0.5809972706465815,-0.5709894590320997,0.5254534747665847,0.3909381074903313,-0.45403735368977466,-1.394110522808256,-0.33090797848173215,-0.5332831638162967,-0.24934660297320987,-0.3389243629591253,0.21486030696522626,-0.5715053404237543,1.2729590948030431,-0.4941583059507053,-0.6669071248695574,0.0,0.5503495392790064,-1.06236161160224,1.0950208644441968,False,False,False,True,False,False,False,False,False,False,False,False,False,False,False,True,False,2.52
0.7254297272866008,1.6140441945725148,-0.20991822909991575,-0.1457578860632627,0.6590141047447723,-0.1661743927544424,-0.8528711064129453,0.8518618693916735,0.9228851676830732,-0.5332831638162967,-1.691141732391839,-0.5226826204354633,0.04685700851585954,-1.525132416180325,-0.8389274750953852,-0.5017621392092297,0.29114348411539154,0.0,0.5503495392790064,-1.06236161160224,1.0950208644441968,True,False,False,True,False,False,False,False,False,False,False,False,False,False,False,False,False,4.32
-1.7028201314932108,-0.9857010631627074,1.7275741117189605,1.81887790842842,-1.4111756599171361,-0.44473064287682923,0.35145042141780575,0.27225609075943363,-0.33090797848173215,-0.5332831638162967,-1.0046438440068273,-0.3848639273282098,-0.058145053014994424,0.05051959308109951,-0.25673171798825084,1.868461313662225,-0.6057549583386033,0.0,0.5503495392790064,-1.06236161160224,1.0950208644441968,False,True,False,True,False,False,False,False,False,False,False,False,False,False,False,True,False,10.28
0.7131046115114662,0.00812935859966714,-0.7714626194050466,-0.6270277283380711,1.7274991445702732,0.3909381074903313,-0.8528711064129453,0.9243125917207035,0.9228851676830732,-0.5332831638162967,-0.030983440218937106,-0.3848639273282098,1.0758772115182298,-0.8128018883803414,0.7364257500180371,-0.7092381609775377,-0.4834506252766948,0.0,0.5503495392790064,-1.06236161160224,1.0950208644441968,False,False,True,True,False,False,False,False,False,False,False,False,False,False,False,False,False,2.76
0.26071224724053804,-0.644423446632987,-0.9290891149292942,-0.8940335997371079,0.9929156796902413,0.6694943576127181,-0.45403735368977466,-1.321659800479226,-0.15179467188675996,-0.5332831638162967,0.18139717013111017,-0.5226826204354633,0.6663691715478989,-0.7138269570328788,1.3414527132862355,-0.45070783018770894,-0.544602791807649,0.0,0.5503495392790064,-1.06236161160224,1.3430710073233085,False,False,False,True,False,False,False,False,False,False,False,False,False,False,False,True,False,2.51
0.7254297272866008,1.6140441945725148,-0.538306761442098,-0.4226528638104125,1.3268172546357104,0.11238185736794444,-1.6583588815205257,-1.466561245137286,0.9228851676830732,-0.5332831638162967,-1.607385998732665,-0.5226826204354633,0.25686113157756796,-1.8538447794145974,-0.8389274750953852,-0.547385138760376,0.3930637616669819,0.0,0.5503495392790064,-1.06236161160224,1.3430710073233085,True,False,False,True,False,False,False,False,False,False,False,False,False,False,False,False,False,4.01
-1.7028201314932108,-0.9857010631627074,0.7424085146924135,0.7442616852668615,-0.6098118800480102,-0.1661743927544424,1.1569381965253858,-1.394110522808256,-0.33090797848173215,-0.5332831638162967,-0.8476018433958775,-0.5226826204354633,0.3093621623429948,-0.12142225845682726,-0.23390051182718674,1.8413047663103521,-0.36114629221478645,0.0,0.5503495392790064,-1.06236161160224,1.3430710073233085,False,True,False,True,False,False,False,False,False,False,False,False,False,False,False,True,False,10.25
0.7131046115114662,0.00812935859966714,-0.7714626194050466,-0.6797696288613377,1.3268172546357104,0.6694943576127181,-0.8528711064129453,0.8518618693916735,-0.33090797848173215,-0.5332831638162967,0.3025438563167007,-0.5226826204354633,1.4013836022638775,-0.9999150797598495,0.6165619176724506,-0.7439985415879348,-0.36114629221478645,0.0,0.5503495392790064,-1.06236161160224,1.3430710073233085,False,False,True,True,False,False,False,False,False,False,False,False,False,False,False,True,False,2.44
0.26071224724053804,-0.644423446632987,-0.9290891149292942,-0.8940335997371079,0.9929156796902413,0.6694943576127181,-0.8528711064129453,-1.249209078150196,-0.43837596243871546,-0.5332831638162967,0.615132219437545,-0.5226826204354633,0.8448726761503508,-0.808467219854175,1.2900824994238413,-0.4213787590476863,-0.4426825142560587,0.0,0.5503495392790064,-1.06236161160224,1.5911211502024203,False,False,False,True,False,False,False,False,False,False,False,False,False,False,False,True,False,2.5
0.7254297272866008,1.6140441945725148,-0.8666952937842803,-0.8281062240830249,0.9929156796902413,0.3909381074903313,0.35145042141780575,0.8518618693916735,0.9228851676830732,-0.5332831638162967,-1.5355953698819467,-0.5226826204354633,0.39336381156767813,-2.1522144629657056,-0.8446352766356513,-0.5995257096759717,0.3115275396257096,0.0,0.5503495392790064,-1.06236161160224,1.5911211502024203,True,False,False,True,False,False,False,False,False,False,False,False,False,False,False,False,False,3.66
-1.7028201314932108,-0.9857010631627074,0.085631450008049,0.07839519116062041,-0.14234967512435354,0.11238185736794444,0.7581044438022152,1.1416647587077935,-0.33090797848173215,-0.5332831638162967,-0.653168890258511,-0.5226826204354633,0.5088660792516178,-0.2276216373478998,-0.23390051182718674,1.792422981076981,-0.09615357058065169,0.0,0.5503495392790064,-1.06236161160224,1.5911211502024203,False,True,False,True,False,False,False,False,False,False,False,False,False,False,False,True,False,10.17
0.7131046115114662,0.00812935859966714,-1.099851151747229,-0.9896282944355285,1.7274991445702732,0.6694943576127181,-1.2595251287973548,0.9967633140497334,-0.33090797848173215,-0.5332831638162967,0.6136365813364876,-0.5226826204354633,1.46438483918239,-1.1191184642294212,0.5138214899476623,-0.7711550889398076,-0.32037818119415035,0.0,0.5503495392790064,-1.06236161160224,1.5911211502024203,False,False,True,True,False,False,False,False,False,False,False,False,False,False,False,True,False,2.2
0.26071224724053804,-0.644423446632987,-0.6039844679105343,-0.6138422532072535,0.391892844788397,0.948050607735105,0.33580988209532847,-1.176758355821166,1.0661758129590508,-0.5332831638162967,1.361455631864822,-0.5226826204354633,0.8238722638441799,0.5215535729244972,1.5355179656552802,-0.3898771641195139,-0.5038346807870129,0.0,0.5503495392790064,-0.9568650939238937,1.0950208644441968,False,False,False,True,False,False,False,False,False,False,False,False,False,False,False,False,False,2.88
0.7254297272866008,1.6140441945725148,-0.8666952937842803,-0.8709590182581788,0.6590141047447723,0.3909381074903313,-0.45403735368977466,0.8518618693916735,-0.33090797848173215,-0.5332831638162967,-0.880505881619124,-0.5226826204354633,0.2988619561899094,-1.6176053447385381,-0.8046806658537892,-0.7896215411390809,0.474599983708254,0.0,0.5503495392790064,-0.9568650939238937,1.0950208644441968,True,False,False,True,False,False,False,False,False,False,False,False,False,False,False,True,False,2.49
-1.7028201314932108,-0.9857010631627074,1.0707970470345958,1.0442312444929407,-1.0772740849716669,-0.1661743927544424,1.5557719492485564,1.1416647587077935,0.9228851676830732,-0.5332831638162967,-0.5484742231845436,-0.5226826204354633,0.25686113157756796,-0.5173219838466765,-0.42225796265596555,0.6876946348027972,-0.29999412568383227,0.0,0.5503495392790064,-0.9568650939238937,1.0950208644441968,False,True,False,True,False,False,False,False,False,False,False,False,False,False,False,False,False,6.43
0.7131046115114662,0.00812935859966714,-1.099851151747229,-1.0852229891339489,0.9929156796902413,0.948050607735105,-0.04738333130536522,1.0692140363787634,-0.33090797848173215,-0.5332831638162967,1.5648624136085292,-0.5226826204354633,1.6953893745502693,0.13071096081517472,1.0674782393534665,-0.6603563757441666,-0.3815303477251045,0.0,0.5503495392790064,-0.9568650939238937,1.0950208644441968,False,False,True,True,False,False,False,False,False,False,False,False,False,False,False,True,False,2.28
0.26071224724053804,-0.644423446632987,-0.9290891149292942,-0.9731464505220074,0.391892844788397,0.948050607735105,-0.04738333130536522,-1.104307633492136,0.9587078290020676,-0.5332831638162967,1.7577997286448404,-0.5226826204354633,1.0863774176713155,0.4254684205944782,1.5412257671955465,-0.3572893072972666,-0.3815303477251045,0.0,0.5503495392790064,-0.9568650939238937,1.3430710073233085,False,False,False,True,False,False,False,False,False,False,False,False,False,False,False,False,False,2.77
0.7254297272866008,1.6140441945725148,-1.1950838261264627,-1.1907067901804824,0.9929156796902413,0.6694943576127181,-1.2595251287973548,0.7069604247336135,-0.33090797848173215,-0.5332831638162967,-0.6471863378542834,-0.5226826204354633,0.5928677284763009,-1.7750983011892438,-0.776141658152459,-0.7744138746220323,0.9230492049352516,0.0,0.5503495392790064,-0.9568650939238937,1.3430710073233085,True,False,False,True,False,False,False,False,False,False,False,False,False,False,False,True,False,2.49
-1.7028201314932108,-0.9857010631627074,0.7391246293689913,0.7047052598744125,-0.8769331400043855,0.11238185736794444,1.9624259716329662,1.1416647587077935,0.9228851676830732,-0.5332831638162967,-0.2972070222070244,-0.5226826204354633,0.4563650484861907,-0.5613911138626998,-0.39942675649490145,0.5953623738064298,-0.014617348539379356,0.0,0.5503495392790064,-0.9568650939238937,1.3430710073233085,False,True,False,True,False,False,False,False,False,False,False,False,False,False,False,False,False,6.15
0.7131046115114662,0.00812935859966714,-1.4282396840894112,-1.4049707610562538,1.3268172546357104,0.948050607735105,-0.45403735368977466,-1.394110522808256,-0.33090797848173215,-0.5332831638162967,1.7892081287670294,-0.5226826204354633,1.5798871068663294,0.08736427555351284,0.9533222085481462,-0.6712189946849159,-0.34076223670446837,0.0,0.5503495392790064,-0.9568650939238937,1.3430710073233085,False,False,True,True,False,False,False,False,False,False,False,False,False,False,False,True,False,2.15
0.26071224724053804,-0.644423446632987,-0.9290891149292942,-0.9731464505220074,0.391892844788397,0.948050607735105,-0.45403735368977466,-1.104307633492136,0.7795945224070954,-0.5332831638162967,1.7189131380173661,-0.5226826204354633,1.1703790668959988,0.2130696628123331,1.3243293086654373,-0.34534042646244256,-0.32037818119415035,0.0,0.5503495392790064,-0.9568650939238937,1.5911211502024203,False,False,False,True,False,False,False,False,False,False,False,False,False,False,False,False,False,2.67
0.7254297272866008,1.6140441945725148,-1.1950838261264627,-1.1907067901804824,0.9929156796902413,0.948050607735105,-0.45403735368977466,0.7069604247336135,-0.33090797848173215,-0.5332831638162967,-0.7638461097367037,-0.5226826204354633,0.8973737069157778,-2.088639324581935,-0.8218040704745871,-0.7722413508338825,1.4326505926932032,0.0,0.5503495392790064,-0.9568650939238937,1.5911211502024203,True,False,False,True,False,False,False,False,False,False,False,False,False,False,False,True,False,2.44
-1.7028201314932108,-0.9857010631627074,-0.5711456146763155,-0.6566950473824085,-0.20912999011344735,0.3909381074903313,1.5557719492485564,-1.176758355821166,0.9228851676830732,-0.5332831638162967,-0.27178117448906075,-0.5226826204354633,0.6663691715478989,-0.7145494017872402,-0.42225796265596555,0.5062888984922872,0.37267970615666385,0.0,0.5503495392790064,-0.9568650939238937,1.5911211502024203,False,True,False,True,False,False,False,False,False,False,False,False,False,False,False,False,False,5.94
0.7131046115114662,0.00812935859966714,-2.0850167487737763,-2.0246880922046366,2.1281810345048364,0.948050607735105,-1.2595251287973548,-1.321659800479226,-0.33090797848173215,-0.5332831638162967,1.7443389857353298,-0.5226826204354633,1.4748850453354752,0.023789137169741795,0.8448739792830917,-0.6864266612019645,-0.34076223670446837,0.0,0.5503495392790064,-0.9568650939238937,1.5911211502024203,False,False,True,True,False,False,False,False,False,False,False,False,False,False,False,True,False,2.07
0.26071224724053804,-0.644423446632987,-1.2738970738885858,-1.319265172705945,0.6590141047447723,0.948050607735105,-1.2595251287973548,-1.0318569111631062,0.6363038771311177,-0.5332831638162967,1.8774507767293735,-0.5226826204354633,1.128378242283657,0.10831517342998237,1.0332314301118704,-0.3127525696401954,-0.25922601466319617,0.0,0.5503495392790064,-0.9568650939238937,1.839171293081532,False,False,False,True,False,False,False,False,False,False,False,False,False,False,False,False,False,2.68
0.7254297272866008,1.6140441945725148,-1.8518608908108265,-1.915907922375399,0.9929156796902413,0.6694943576127181,-0.04738333130536522,0.7069604247336135,0.9228851676830732,-2.52208688942478,-0.7728199383430441,-0.5226826204354633,1.1178780361305714,-2.491041052761033,-0.8960054904980456,-0.7668100413635079,1.758795480858292,0.0,0.5503495392790064,-0.9568650939238937,1.839171293081532,True,False,False,True,False,False,False,False,False,False,False,False,False,False,False,False,False,2.44
-1.7028201314932108,-0.9857010631627074,-0.5711456146763155,-0.6566950473824085,-0.20912999011344735,0.3909381074903313,0.35145042141780575,-1.104307633492136,0.9228851676830732,-0.5332831638162967,-0.09978279286754295,-0.5226826204354633,0.7923716453849239,-0.9471766126914944,-0.5135827873002219,0.4704422559878152,0.7599767608527069,0.0,0.5503495392790064,-0.9568650939238937,1.839171293081532,False,True,False,True,False,False,False,False,False,False,False,False,False,False,False,False,False,5.93
0.7131046115114662,0.00812935859966714,-3.070182345800323,-3.0630442587564484,2.528862924439399,0.948050607735105,-2.463846656628106,-1.466561245137286,-0.33090797848173215,-0.5332831638162967,1.849033652809297,-0.5226826204354633,1.3698829838046214,0.04474003504621133,0.7763803607998994,-0.6907717087782642,-0.34076223670446837,0.0,0.5503495392790064,-0.9568650939238937,1.839171293081532,False,False,True,True,False,False,False,False,False,False,False,False,False,False,False,True,False,2.06
0.26071224724053804,-0.644423446632987,-0.9290891149292942,-1.0489629325242034,-0.20912999011344735,0.3909381074903313,-0.45403735368977466,-1.0318569111631062,0.9228851676830732,-0.5332831638162967,1.6890003759962324,1.8202351623878466,1.0968776238244005,0.0194544686435754,0.7193023453972391,0.07287040275639795,-0.40191440323542255,0.0,0.5503495392790064,-0.8513685762455474,-1.3854805643469206,False,False,False,True,False,False,False,False,False,False,False,False,False,False,False,False,False,4.22
0.7254297272866008,1.6140441945725148,-2.180249423153009,-2.285101226038266,0.9261353647011475,0.3909381074903313,-0.45403735368977466,0.7794111470626435,0.9228851676830732,-2.52208688942478,-1.1153210634850221,2.1877516773405223,0.1308586577405429,-3.5421981703563437,-1.0044537197630998,-0.6288547808159942,0.474599983708254,0.0,0.5503495392790064,-0.8513685762455474,-1.3854805643469206,True,False,False,True,False,False,False,False,False,False,False,False,False,False,False,False,False,3.02
-1.7028201314932108,-0.9857010631627074,-0.5711456146763155,-0.5775821965975079,0.391892844788397,0.11238185736794444,-1.6583588815205257,-1.466561245137286,-1.7638144312415096,-0.5332831638162967,0.4446294759170847,4.392850767056579,2.4619044237255046,-1.3083989898720136,-0.48504377959889183,0.5030301128100624,5.7540703608806325,0.0,0.5503495392790064,-0.8513685762455474,-1.3854805643469206,False,True,False,False,False,False,False,False,True,False,False,False,False,False,False,False,False,6.73
0.7131046115114662,0.00812935859966714,-0.7714626194050466,-0.8412916992138413,0.05799126984292791,0.6694943576127181,-0.8528711064129453,-1.176758355821166,-0.33090797848173215,-0.5332831638162967,1.69498292840046,2.2796308060786914,2.367402568347735,-0.28324988343369945,1.2158810794003831,-0.37032445002616554,-0.36114629221478645,0.0,0.5503495392790064,-0.8513685762455474,-1.3854805643469206,False,False,True,True,False,False,False,False,False,False,False,False,False,False,False,True,False,3.71
0.26071224724053804,-0.644423446632987,-0.23618931168728977,-0.3468363818082166,-0.6765921950371041,0.6694943576127181,-0.04738333130536522,-1.0318569111631062,-0.33090797848173215,1.4555205617921865,1.3509861651574264,0.9473834393752408,0.15185907004671373,0.6436467364115125,0.9361988039273479,0.01095347479412801,-0.6872911803798755,0.0,0.5503495392790064,-0.8513685762455474,-1.1374304214678088,False,False,False,True,False,False,False,False,False,False,False,False,False,False,False,True,False,4.25
0.7254297272866008,1.6140441945725148,-1.523472358468645,-1.639012944628249,0.32511252979930316,0.3909381074903313,-0.45403735368977466,-1.466561245137286,0.9228851676830732,-0.5332831638162967,-0.5828738995088477,-0.10922654111370278,-0.8036596898840586,-1.0916655635637023,-0.8332196735551192,-0.5854043050529979,-0.34076223670446837,0.0,0.5503495392790064,-0.8513685762455474,-1.1374304214678088,True,False,False,True,False,False,False,False,False,False,False,False,False,False,False,False,False,3.11
-1.7028201314932108,-0.9857010631627074,0.08234756468462666,0.038838765768170094,-0.4094709350807288,0.11238185736794444,-0.8528711064129453,-1.394110522808256,-1.7638144312415096,-0.5332831638162967,0.1828928082321676,2.417449499185945,0.9183741192219487,-0.22545430308481662,-0.44508916881702965,0.2944678291476796,2.5741577012710146,0.0,0.5503495392790064,-0.8513685762455474,-1.1374304214678088,False,True,False,False,False,False,False,False,True,False,False,False,False,False,False,False,False,5.44
0.7131046115114662,0.00812935859966714,-0.11468555472068201,-0.14246151728055803,-0.14234967512435354,0.6694943576127181,-0.45403735368977466,0.9967633140497334,-0.33090797848173215,-0.5332831638162967,1.4272637083113153,1.590537340542424,1.0968776238244005,0.3647830612281518,1.4042385302291618,-0.35620304540319175,-0.6057549583386033,0.0,0.5503495392790064,-0.8513685762455474,-1.1374304214678088,False,False,True,True,False,False,False,False,False,False,False,False,False,False,False,True,False,3.88
0.26071224724053804,-0.644423446632987,-0.23618931168728977,-0.3468363818082166,-0.6765921950371041,0.6694943576127181,0.35145042141780575,-1.249209078150196,-0.33090797848173215,1.4555205617921865,0.9576333445795211,0.3501691025771423,-0.36265103145447136,0.9593550940672855,0.8791207885246877,-0.008599239299220348,-0.6872911803798755,0.0,0.5503495392790064,-0.8513685762455474,-0.8893802785886971,False,False,False,True,False,False,False,False,False,False,False,False,False,False,False,True,False,4.5
0.7254297272866008,1.6140441945725148,-1.1950838261264627,-1.2764123785307913,0.32511252979930316,0.3909381074903313,-0.8528711064129453,-1.466561245137286,0.9228851676830732,-0.5332831638162967,-0.7937588717578375,-0.2929847985900408,-0.9506625760272543,-0.9197237120257743,-0.8389274750953852,-0.5810592574766982,-0.40191440323542255,0.0,0.5503495392790064,-0.8513685762455474,-0.8893802785886971,True,False,False,True,False,False,False,False,False,False,False,False,False,False,False,False,False,3.19
-1.7028201314932108,-0.9857010631627074,0.4140199823502313,0.40803206943103687,-0.4094709350807288,-0.1661743927544424,-0.45403735368977466,-1.394110522808256,-1.7638144312415096,-0.5332831638162967,-0.12819991678761933,1.1311416968515788,0.17285948235288456,0.06424604341395908,-0.4736281765183598,0.31619306702917793,2.003404146982109,0.0,0.5503495392790064,-0.8513685762455474,-0.8893802785886971,False,True,False,False,False,False,False,False,True,False,False,False,False,False,False,False,False,5.52
0.7131046115114662,0.00812935859966714,-0.44964185770970777,-0.5215439272915376,-0.20912999011344735,0.6694943576127181,-0.45403735368977466,0.7069604247336135,0.9228851676830732,1.4555205617921865,1.107197154685188,0.9014438750061563,0.2778615438837388,0.7960825795816915,1.4670243471720879,-0.32144266479279465,-0.6872911803798755,0.0,0.5503495392790064,-0.8513685762455474,-0.8893802785886971,False,False,True,True,False,False,False,False,False,False,False,False,False,False,False,False,False,4.36
0.26071224724053804,-0.644423446632987,-0.24604096765755562,-0.35672548815632943,-0.6765921950371041,0.3909381074903313,0.7581044438022152,-1.394110522808256,-0.33090797848173215,1.4555205617921865,0.7093574198041145,0.12047128073171982,-0.5621549483630942,1.1854803021822913,0.9818612162494762,0.02072983184080219,-0.6872911803798755,0.0,0.5503495392790064,-0.8513685762455474,-0.6413301357095853,False,False,False,True,False,False,False,False,False,False,False,False,False,False,False,True,False,5.0
0.7254297272866008,1.6140441945725148,-0.538306761442098,-0.6204349907726628,-0.20912999011344735,0.11238185736794444,-1.2595251287973548,-1.466561245137286,-0.33090797848173215,-0.5332831638162967,-0.9792179962888637,-0.3389243629591253,-0.9926634006395959,-0.911776819727803,-0.8503430781759173,-0.5745416861122488,-0.4426825142560587,0.0,0.5503495392790064,-0.8513685762455474,-0.6413301357095853,True,False,False,True,False,False,False,False,False,False,False,False,False,False,False,True,False,3.23
-1.7028201314932108,-0.9857010631627074,1.0707970470345958,1.0442312444929407,-1.0772740849716669,-0.1661743927544424,-0.45403735368977466,0.9243125917207035,-1.7638144312415096,-0.5332831638162967,-0.4512577466158615,0.25828997383897334,-0.4151520622198985,0.25641634807399605,-0.4736281765183598,0.4769598273522647,1.2695781486106585,0.0,0.5503495392790064,-0.8513685762455474,-0.6413301357095853,False,True,False,False,False,False,False,False,True,False,False,False,False,False,False,False,False,6.05
0.7131046115114662,0.00812935859966714,-0.11468555472068201,-0.17872157389030366,-0.4094709350807288,0.3909381074903313,0.7581044438022152,0.8518618693916735,-0.33090797848173215,1.4555205617921865,0.8649037823140091,0.5339273600534804,-0.1421467022396778,1.1161256057636308,1.6325505918398024,-0.2606119987245996,-0.6872911803798755,0.0,0.5503495392790064,-0.8513685762455474,-0.6413301357095853,False,False,True,True,False,False,False,False,False,False,False,False,False,False,False,True,False,5.02
0.26071224724053804,-0.644423446632987,-0.23290542636386743,-0.36661459450444117,-0.8769331400043855,0.3909381074903313,-0.04738333130536522,-1.104307633492136,-0.33090797848173215,1.4555205617921865,0.657010086267132,-0.06328697674461824,-0.6986576283532046,1.6976936330242665,0.8163349715817615,-0.22476535622012755,-0.6872911803798755,0.0,0.5503495392790064,-0.8513685762455474,-0.3932799928304736,False,False,False,True,False,False,False,False,False,False,False,False,False,False,False,True,False,4.24
0.7254297272866008,1.6140441945725148,-0.20991822909991575,-0.2907981125022464,-0.4762512500698226,-0.1661743927544424,0.35145042141780575,0.9243125917207035,-0.33090797848173215,-0.5332831638162967,-1.0181045869163379,-0.3848639273282098,-0.9821631944865106,-0.8337527862568109,-0.8788820858772475,-0.68099535173159,-0.4834506252766948,0.0,0.5503495392790064,-0.8513685762455474,-0.3932799928304736,True,False,False,True,False,False,False,False,False,False,False,False,False,False,False,True,False,2.67
-1.7028201314932108,-0.9857010631627074,1.3991855793767782,1.416720916938512,-1.0104937699825731,-0.44473064287682923,-0.8528711064129453,-1.466561245137286,-1.7638144312415096,-0.5332831638162967,-0.8117065289705182,-0.20110566985187175,-0.8561607206494856,-0.41906949725357534,-0.542121795001552,0.34552213816920047,-0.4426825142560587,0.0,0.5503495392790064,-0.8513685762455474,-0.3932799928304736,False,True,False,False,False,False,False,False,True,False,False,False,False,False,False,False,False,5.01
0.7131046115114662,0.00812935859966714,-0.11468555472068201,-0.27101989980602065,-1.1440543999607609,0.3909381074903313,1.1569381965253858,0.7069604247336135,-0.33090797848173215,1.4555205617921865,0.8260171916865349,0.21235040946988878,-0.4676530929853254,1.520694668205813,1.2900824994238413,-0.3974809973780383,-0.6872911803798755,0.0,0.5503495392790064,-0.8513685762455474,-0.3932799928304736,False,False,True,True,False,False,False,False,False,False,False,False,False,False,False,True,False,4.44
0.26071224724053804,-0.644423446632987,-0.23290542636386743,-0.36661459450444117,-0.8769331400043855,0.11238185736794444,0.35145042141780575,-1.321659800479226,0.9228851676830732,1.4555205617921865,0.5313764857783713,-0.06328697674461824,-0.6986576283532046,1.881917045386332,1.0275236285716043,-0.27473340334757335,-0.6872911803798755,0.0,0.5503495392790064,-0.8513685762455474,-0.14522984995136187,False,False,False,True,False,False,False,False,False,False,False,False,False,False,False,False,False,4.29
0.7254297272866008,1.6140441945725148,0.11847030324226653,0.045431503333579454,-0.6765921950371041,-0.7232868929992161,0.7581044438022152,0.8518618693916735,-0.33090797848173215,-0.5332831638162967,-1.314240930925559,-0.4308034916972943,-0.9296621637210836,-0.9067197064472762,-0.9644991089812377,-0.8200368741731786,-0.4630665697663768,0.0,0.5503495392790064,-0.8513685762455474,-0.14522984995136187,True,False,False,True,False,False,False,False,False,False,False,False,False,False,False,True,False,2.09
-1.7028201314932108,-0.9857010631627074,1.7275741117189605,1.81887790842842,-1.2108347149498546,-0.7232868929992161,-0.8528711064129453,-1.466561245137286,-0.33090797848173215,-0.5332831638162967,-1.272363064095972,-0.2929847985900408,-0.8771611329556565,-0.9146665987452476,-0.5934920088639463,0.09133685495567141,-0.6057549583386033,0.0,0.5503495392790064,-0.8513685762455474,-0.14522984995136187,False,True,False,True,False,False,False,False,False,False,False,False,False,False,False,True,False,4.08
0.7131046115114662,0.00812935859966714,0.21370297762150028,0.09817340385684614,-1.0772740849716669,0.11238185736794444,1.1569381965253858,0.9243125917207035,0.9228851676830732,1.4555205617921865,0.6809402958840381,0.12047128073171982,-0.4991537114445817,1.613167596764026,1.164510865537989,-0.45831166344623336,-0.6872911803798755,0.0,0.5503495392790064,-0.8513685762455474,-0.14522984995136187,False,False,True,True,False,False,False,False,False,False,False,False,False,False,False,False,False,4.2
0.26071224724053804,-0.644423446632987,-0.5612939587060497,-0.7391042669500126,-0.9437134549934794,0.11238185736794444,0.7581044438022152,-1.249209078150196,0.9228851676830732,1.4555205617921865,0.40574288528961056,-0.06328697674461824,-0.635656391434692,2.006899987890791,1.3471605148265013,-0.25083564167792544,-0.6872911803798755,0.0,0.5503495392790064,-0.8513685762455474,0.10282029292774987,False,False,False,True,False,False,False,False,False,False,False,False,False,False,False,False,False,4.54
0.7254297272866008,1.6140441945725148,0.44685883558444883,0.38166111916940415,-0.8769331400043855,-0.7232868929992161,0.35145042141780575,0.9243125917207035,-0.33090797848173215,-0.5332831638162967,-1.191598606638911,-0.47674305606637885,-0.8561607206494856,-0.7528389737683744,-0.9587913074409717,-0.7852764935627814,-0.4426825142560587,0.0,0.5503495392790064,-0.8513685762455474,0.10282029292774987,True,False,False,True,False,False,False,False,False,False,False,False,False,False,False,True,False,2.24
-1.7028201314932108,-0.9857010631627074,2.0559626440611427,2.1221438364372025,-1.4111756599171361,-1.001843143121603,-0.8528711064129453,-1.466561245137286,-0.33090797848173215,-0.5332831638162967,-1.5550386651956827,-0.2929847985900408,-0.8561607206494856,-1.2217056193486888,-0.6277388181055424,-0.05422223885036658,-0.6261390138489212,0.0,0.5503495392790064,-0.8513685762455474,0.10282029292774987,False,True,False,True,False,False,False,False,False,False,False,False,False,False,False,True,False,3.6
0.7131046115114662,0.00812935859966714,-0.4430740870628643,-0.5479148775531705,-0.4762512500698226,0.11238185736794444,1.1569381965253858,0.7794111470626435,0.9228851676830732,1.4555205617921865,0.5882107336185239,0.12047128073171982,-0.4361524745260693,1.6687958428498257,1.1530952624574566,-0.4854682107981061,-0.6872911803798755,0.0,0.5503495392790064,-0.8513685762455474,0.10282029292774987,False,False,True,True,False,False,False,False,False,False,False,False,False,False,False,False,False,4.04
0.26071224724053804,-0.644423446632987,-0.5809972706465815,-0.725918791819195,-0.6765921950371041,0.11238185736794444,0.35145042141780575,-1.249209078150196,-0.33090797848173215,1.4555205617921865,0.5134288285656905,-0.01734741237553375,-0.48865350529149626,2.1022626954664485,1.615427187219005,-0.24866311788977566,-0.6872911803798755,0.0,0.5503495392790064,-0.8513685762455474,0.3508704358068616,False,False,False,True,False,False,False,False,False,False,False,False,False,False,False,True,False,4.51
0.7254297272866008,1.6140441945725148,0.11847030324226653,0.045431503333579454,-0.6765921950371041,-0.7232868929992161,1.1569381965253858,0.9967633140497334,-0.33090797848173215,-0.5332831638162967,-1.0510086251395845,-0.47674305606637885,-0.7721590714248023,-0.5722277851781148,-0.9131288951188437,-0.7374809702234852,-0.40191440323542255,0.0,0.5503495392790064,-0.8513685762455474,0.3508704358068616,True,False,False,True,False,False,False,False,False,False,False,False,False,False,False,True,False,2.46
-1.7028201314932108,-0.9857010631627074,2.384351176403325,2.283665906789707,-1.7450772348626051,-1.001843143121603,-0.8528711064129453,-1.466561245137286,-0.33090797848173215,-0.5332831638162967,-1.4967087792544724,-0.24704523422095628,-0.7826592775778878,-1.3206805506961503,-0.6334466196458083,-0.11505290491856163,-0.6057549583386033,0.0,0.5503495392790064,-0.8513685762455474,0.3508704358068616,False,True,False,True,False,False,False,False,False,False,False,False,False,False,False,True,False,3.42
0.7131046115114662,0.00812935859966714,-0.4430740870628643,-0.5479148775531705,-0.4762512500698226,0.11238185736794444,0.7581044438022152,0.9243125917207035,1.6751610553819563,1.4555205617921865,0.6375667909533939,0.21235040946988878,-0.20514793915819018,1.6709631771129088,1.164510865537989,-0.5169698057262784,-0.6872911803798755,0.0,0.5503495392790064,-0.8513685762455474,0.3508704358068616,False,False,True,True,False,False,False,False,False,False,False,False,False,False,True,False,False,3.73
0.26071224724053804,-0.644423446632987,-0.7484754221410937,-0.8940335997371079,-0.5430315650589165,0.11238185736794444,0.7581044438022152,-1.249209078150196,-0.33090797848173215,1.4555205617921865,0.8738776109203473,-0.06328697674461824,0.036356802362774124,1.867468150299111,1.7581222257256555,-0.2866822841823975,-0.6669071248695574,0.0,0.5503495392790064,-0.8513685762455474,0.5989205786859734,False,False,False,True,False,False,False,False,False,False,False,False,False,False,False,True,False,3.75
0.7254297272866008,1.6140441945725148,-0.2033504584530711,-0.31057632519847095,-0.6765921950371041,-0.44473064287682923,1.5557719492485564,0.9967633140497334,0.9228851676830732,-0.5332831638162967,-0.8745233292148986,-0.5226826204354633,-0.70915783450629,-0.38077992527244026,-0.8389274750953852,-0.6972892801427136,-0.3815303477251045,0.0,0.5503495392790064,-0.8513685762455474,0.5989205786859734,True,False,False,True,False,False,False,False,False,False,False,False,False,False,False,False,False,2.61
-1.7028201314932108,-0.9857010631627074,1.7275741117189605,1.81887790842842,-1.7450772348626051,-1.001843143121603,0.35145042141780575,1.0692140363787634,-0.33090797848173215,-0.5332831638162967,-1.4832480363449618,-0.15516610548278725,-0.5621549483630942,-1.4297697086046675,-0.6505700242666066,-0.18348740424528087,-0.544602791807649,0.0,0.5503495392790064,-0.8513685762455474,0.5989205786859734,False,True,False,True,False,False,False,False,False,False,False,False,False,False,False,True,False,3.29
0.7131046115114662,0.00812935859966714,-0.7714626194050466,-0.7984389050386875,0.391892844788397,0.11238185736794444,1.1569381965253858,0.9967633140497334,1.7109837167009507,1.4555205617921865,1.0937364117756796,0.21235040946988878,0.7398706146194968,1.3314141425632207,1.1416796593769247,-0.5984394477818967,-0.4834506252766948,0.0,0.5503495392790064,-0.8513685762455474,0.5989205786859734,False,False,True,True,False,False,False,False,False,False,False,False,False,False,True,False,False,2.91
0.26071224724053804,-0.644423446632987,-0.889682491048232,-1.0423701949587951,-0.4762512500698226,0.11238185736794444,0.7581044438022152,-1.321659800479226,-0.33090797848173215,1.4555205617921865,0.9232336682552192,-0.3389243629591253,0.5193662854047032,1.4520624165415141,1.5983037825982065,-0.3420816407802179,-0.5853709028282852,0.0,0.5503495392790064,-0.8513685762455474,0.846970721565085,False,False,False,True,False,False,False,False,False,False,False,False,False,False,False,True,False,3.16
0.7254297272866008,1.6140441945725148,-0.20991822909991575,-0.35013275059092125,-0.9437134549934794,-0.1661743927544424,0.7581044438022152,0.9967633140497334,0.9228851676830732,-0.5332831638162967,-0.8595669482043305,-0.5226826204354633,-0.31015000068904425,-0.6105173571592499,-0.7818494596927251,-0.6603563757441666,0.026150762481256692,0.0,0.5503495392790064,-0.8513685762455474,0.846970721565085,True,False,False,True,False,False,False,False,False,False,False,False,False,False,False,False,False,2.8
-1.7028201314932108,-0.9857010631627074,1.3991855793767782,1.298051640761161,-1.9454181798298866,-0.7232868929992161,1.1569381965253858,1.1416647587077935,-0.33090797848173215,-0.5332831638162967,-1.4039792169889582,-0.3389243629591253,-0.23664855761744644,-1.4666143910770808,-0.6163232150250104,-0.13026057143561043,-0.4426825142560587,0.0,0.5503495392790064,-0.8513685762455474,0.846970721565085,False,True,False,True,False,False,False,False,False,False,False,False,False,False,False,True,False,3.48
0.7131046115114662,0.00812935859966714,-1.099851151747229,-1.128075783309104,0.6590141047447723,0.11238185736794444,0.35145042141780575,0.9967633140497334,0.9228851676830732,1.4555205617921865,1.2074049074559852,-0.24704523422095628,1.4013836022638775,0.9463510884887874,1.0846016439742647,-0.667960209002691,-0.29999412568383227,0.0,0.5503495392790064,-0.8513685762455474,0.846970721565085,False,False,True,True,False,False,False,False,False,False,False,False,False,False,False,False,False,2.38
0.26071224724053804,-0.644423446632987,-0.9290891149292942,-1.0159992446971624,0.05799126984292791,0.3909381074903313,-0.04738333130536522,-1.321659800479226,-0.33090797848173215,1.4555205617921865,1.2238569265676085,-0.5226826204354633,0.9393745315281196,1.0944522631328,1.5241023625747483,-0.3572893072972666,-0.36114629221478645,0.0,0.5503495392790064,-0.8513685762455474,1.0950208644441968,False,False,False,True,False,False,False,False,False,False,False,False,False,False,False,True,False,2.73
0.7254297272866008,1.6140441945725148,-0.8666952937842803,-0.9830355568701203,-0.20912999011344735,0.11238185736794444,0.7581044438022152,0.8518618693916735,0.9228851676830732,-0.5332831638162967,-0.6845772903807,-0.5226826204354633,0.21486030696522626,-0.9955804112336831,-0.7818494596927251,-0.620164685663395,0.5765202612598445,0.0,0.5503495392790064,-0.8513685762455474,1.0950208644441968,True,False,False,True,False,False,False,False,False,False,False,False,False,False,False,False,False,3.01
-1.7028201314932108,-0.9857010631627074,1.0707970470345958,0.9519329185772248,-1.811857549851699,-0.44473064287682923,0.35145042141780575,0.9243125917207035,-0.33090797848173215,-0.5332831638162967,-1.0584868156448672,-0.5226826204354633,0.16235927619979915,-1.4362717113939172,-0.542121795001552,0.023988617523027046,-0.2796100701735142,0.0,0.5503495392790064,-0.8513685762455474,1.0950208644441968,False,True,False,True,False,False,False,False,False,False,False,False,False,False,False,True,False,3.95
0.7131046115114662,0.00812935859966714,-1.1031350370706512,-1.1742249462669625,0.32511252979930316,0.3909381074903313,-0.04738333130536522,0.9243125917207035,0.9228851676830732,1.4555205617921865,1.487089232353583,-0.5226826204354633,1.7163897868564402,0.6595405210074553,1.0617704378132005,-0.7038068515071632,-0.11653762609096965,0.0,0.5503495392790064,-0.8513685762455474,1.0950208644441968,False,False,True,True,False,False,False,False,False,False,False,False,False,False,False,False,False,2.09
0.26071224724053804,-0.644423446632987,-1.2738970738885858,-1.3621179668810999,0.32511252979930316,0.3909381074903313,-0.04738333130536522,-1.249209078150196,0.5288358931741344,1.4555205617921865,1.5125150800715466,-0.5226826204354633,1.1178780361305714,0.8199232564756057,1.4670243471720879,-0.36054809297949136,-0.19807384813224196,0.0,0.5503495392790064,-0.8513685762455474,1.3430710073233085,False,False,False,True,False,False,False,False,False,False,False,False,False,False,False,False,False,2.48
0.7254297272866008,1.6140441945725148,-1.8518608908108265,-1.915907922375399,0.9929156796902413,0.11238185736794444,0.7581044438022152,0.7069604247336135,-0.33090797848173215,-0.5332831638162967,-0.5215527373655248,-0.5226826204354633,0.5823675223232154,-1.294672539539153,-0.798972864313523,-0.5962669239937469,0.8007448718733431,0.0,0.5503495392790064,-0.8513685762455474,1.3430710073233085,True,False,False,True,False,False,False,False,False,False,False,False,False,False,False,True,False,3.11
-1.7028201314932108,-0.9857010631627074,0.085631450008049,-0.04357045379943403,-1.0772740849716669,-0.44473064287682923,1.1569381965253858,1.1416647587077935,-0.33090797848173215,-0.5332831638162967,-0.7339333477155721,-0.5226826204354633,0.39336381156767813,-1.36908434923834,-0.4736281765183598,0.13695985450681764,-0.11653762609096965,0.0,0.5503495392790064,-0.8513685762455474,1.3430710073233085,False,True,False,True,False,False,False,False,False,False,False,False,False,False,False,True,False,4.27
0.7131046115114662,0.00812935859966714,-1.4282396840894112,-1.5335291435817158,0.32511252979930316,0.3909381074903313,-0.8528711064129453,1.0692140363787634,0.9228851676830732,-0.5332831638162967,1.7278869666237064,-0.5226826204354633,1.7058895807033545,0.4782068876628343,1.0218158270313382,-0.7135832085538373,-0.014617348539379356,0.0,0.5503495392790064,-0.8513685762455474,1.3430710073233085,False,False,True,True,False,False,False,False,False,False,False,False,False,False,False,False,False,1.99
0.26071224724053804,-0.644423446632987,-0.2591765089512426,-0.3006872188503581,-0.14234967512435354,-0.44473064287682923,-0.837230567090468,-1.2999245837805171,1.6751610553819563,-0.5332831638162967,1.6022533661349458,2.233691241709607,1.2963815407330233,-0.3439352428000269,0.6279775207529826,0.22711959171503524,-0.19807384813224196,0.0,0.5503495392790064,-0.7458720585672012,-1.3854805643469206,False,False,False,True,False,False,False,False,False,False,False,False,False,False,True,False,False,4.73
0.7254297272866008,1.6140441945725148,-2.180249423153009,-2.3279540202134195,0.5922337897556784,-0.7232868929992161,-1.2595251287973548,0.7794111470626435,0.9228851676830732,-0.5332831638162967,-0.48565742294016334,1.6824164692805927,0.5193662854047032,-1.7671514088912725,-0.798972864313523,-0.4876407345862559,4.306802419648051,0.0,0.5503495392790064,-0.7458720585672012,-1.3854805643469206,True,False,False,True,False,False,False,False,False,False,False,False,False,False,False,False,False,3.69
-1.7028201314932108,-0.9857010631627074,-1.2279226793606801,-1.3456361229675788,0.05799126984292791,-0.7232868929992161,-1.2595251287973548,-1.466561245137286,-1.7638144312415096,-0.5332831638162967,-0.2044774599415102,3.749696865889396,2.4094033929600767,-2.0337335232504956,-0.5078749857599558,0.45088954189446684,4.184498086586141,0.0,0.5503495392790064,-0.7458720585672012,-1.3854805643469206,False,True,False,False,False,False,False,False,True,False,False,False,False,False,False,False,False,5.67
0.7131046115114662,0.00812935859966714,-0.7845981606987348,-0.8149207489522086,0.391892844788397,-0.44473064287682923,-1.2595251287973548,0.34470681308846357,-0.33090797848173215,-0.5332831638162967,1.7712604715543487,4.71442771764017,3.175918442135312,-0.7947407695213154,1.0389392316521364,-0.26604330819497424,0.06691887350189285,0.0,0.5503495392790064,-0.7458720585672012,-1.3854805643469206,False,False,True,True,False,False,False,False,False,False,False,False,False,False,False,True,False,4.57
0.26071224724053804,-0.644423446632987,-0.23290542636386743,-0.3435400130255119,-0.6765921950371041,-0.44473064287682923,-0.8528711064129453,-1.321659800479226,-0.33090797848173215,1.4555205617921865,1.3584643556627094,0.8555043106370718,0.12035845158745748,0.9282899696297614,1.2558356901822454,0.07830171222677257,-0.6669071248695574,0.0,0.5503495392790064,-0.7458720585672012,-1.1374304214678088,False,False,False,True,False,False,False,False,False,False,False,False,False,False,False,True,False,4.36
0.7254297272866008,1.6140441945725148,-1.1950838261264627,-1.3093760663578333,0.05799126984292791,-0.7232868929992161,-1.2595251287973548,-0.9594061888340761,0.9228851676830732,-0.5332831638162967,-0.7399159001197975,-0.20110566985187175,-0.8246601021902293,-0.24351542194384257,-0.6505700242666066,-0.5506439244426007,0.04653481799157477,0.0,0.5503495392790064,-0.7458720585672012,-1.1374304214678088,True,False,False,True,False,False,False,False,False,False,False,False,False,False,False,False,False,3.17
-1.7028201314932108,-0.9857010631627074,-0.8995341470184979,-1.0192956134798659,-0.20912999011344735,-0.7232868929992161,-1.2595251287973548,-1.466561245137286,-1.7638144312415096,-0.5332831638162967,-1.0973734062723415,0.16641084510080426,-0.45715288683224004,-1.588707554564096,-0.6905246350484686,0.046800117298600064,-0.1573057371116058,0.0,0.5503495392790064,-0.7458720585672012,-1.1374304214678088,False,True,False,False,False,False,False,False,True,False,False,False,False,False,False,False,False,4.04
0.7131046115114662,0.00812935859966714,-0.11468555472068201,-0.17872157389030366,-0.4094709350807288,-0.44473064287682923,-0.04738333130536522,0.6345097024045835,-0.33090797848173215,1.4555205617921865,1.379403289077503,1.774295598018762,0.771371233078753,0.6833811979013694,1.3186215071251712,-0.3192701410046447,-0.6261390138489212,0.0,0.5503495392790064,-0.7458720585672012,-1.1374304214678088,False,False,True,True,False,False,False,False,False,False,False,False,False,False,False,True,False,4.26
0.26071224724053804,-0.644423446632987,-0.23290542636386743,-0.36661459450444117,-0.8769331400043855,-0.44473064287682923,-0.04738333130536522,1.0692140363787634,-0.33090797848173215,1.4555205617921865,1.075788754562999,0.30422953820805776,-0.37315123760755675,1.3646466012638279,1.2158810794003831,0.05766273623934913,-0.6872911803798755,0.0,0.5503495392790064,-0.7458720585672012,-0.8893802785886971,False,False,False,True,False,False,False,False,False,False,False,False,False,False,False,True,False,4.55
0.7254297272866008,1.6140441945725148,-0.8666952937842803,-1.0159992446971624,-0.4762512500698226,-0.7232868929992161,-1.2595251287973548,-1.466561245137286,0.9228851676830732,-0.5332831638162967,-1.0689562823522651,-0.3389243629591253,-0.9506625760272543,-0.322261900169196,-0.7304792458303309,-0.6625288995323165,-0.2388419591528781,0.0,0.5503495392790064,-0.7458720585672012,-0.8893802785886971,True,False,False,True,False,False,False,False,False,False,False,False,False,False,False,False,False,2.69
-1.7028201314932108,-0.9857010631627074,0.085631450008049,0.00917144672383266,-0.6765921950371041,-0.7232868929992161,-1.2595251287973548,-1.466561245137286,-1.7638144312415096,-0.5332831638162967,-1.3695795406646565,-0.15516610548278725,-0.7511586591186316,-1.733918950190665,-0.7361870473705968,-0.10636280976596234,-0.4630665697663768,0.0,0.5503495392790064,-0.7458720585672012,-0.8893802785886971,False,True,False,False,False,False,False,False,True,False,False,False,False,False,False,False,False,3.47
0.7131046115114662,0.00812935859966714,-0.11468555472068201,-0.17872157389030366,-0.4094709350807288,-0.44473064287682923,0.35145042141780575,0.6345097024045835,-0.33090797848173215,1.4555205617921865,1.0907451355735647,0.6717460531607339,-0.1001458776273361,1.257724777618395,1.164510865537989,-0.28125097471202287,-0.6872911803798755,0.0,0.5503495392790064,-0.7458720585672012,-0.8893802785886971,False,False,True,True,False,False,False,False,False,False,False,False,False,False,False,True,False,4.65
0.26071224724053804,-0.644423446632987,0.019953743539612774,-0.08971961675729134,-0.8769331400043855,-0.44473064287682923,-0.04738333130536522,1.1416647587077935,-0.33090797848173215,1.4555205617921865,0.872381972819292,0.12047128073171982,-0.5516547422100088,1.5972738121680823,1.4670243471720879,0.11740714041346928,-0.6872911803798755,0.0,0.5503495392790064,-0.7458720585672012,-0.6413301357095853,False,False,False,True,False,False,False,False,False,False,False,False,False,False,False,True,False,5.09
0.7254297272866008,1.6140441945725148,-0.20991822909991575,-0.31716906276387913,-0.6765921950371041,-1.001843143121603,-0.04738333130536522,0.7069604247336135,0.9228851676830732,-0.5332831638162967,-1.2783456165001976,-0.3389243629591253,-0.9716629883334252,-0.38077992527244026,-0.7932650627732571,-0.7298771369649609,-0.29999412568383227,0.0,0.5503495392790064,-0.7458720585672012,-0.6413301357095853,True,False,False,True,False,False,False,False,False,False,False,False,False,False,False,False,False,2.37
-1.7028201314932108,-0.9857010631627074,0.4140199823502313,0.3454010625596585,-0.8769331400043855,-1.001843143121603,-0.8528711064129453,-1.466561245137286,-1.7638144312415096,-0.5332831638162967,-1.4413701695153749,-0.20110566985187175,-0.8141598960371439,-1.706466049524945,-0.7019402381290006,-0.09006888135483863,-0.524218736297331,0.0,0.5503495392790064,-0.7458720585672012,-0.6413301357095853,False,True,False,False,False,False,False,False,True,False,False,False,False,False,False,False,False,3.52
0.7131046115114662,0.00812935859966714,-0.11468555472068201,-0.14246151728055803,-0.14234967512435354,-0.44473064287682923,0.7581044438022152,0.5620589800755535,-0.33090797848173215,1.4555205617921865,0.9202423920531043,0.30422953820805776,-0.39415164991372764,1.517082444434007,1.250127888641979,-0.21064395159715363,-0.6872911803798755,0.0,0.5503495392790064,-0.7458720585672012,-0.6413301357095853,False,False,True,True,False,False,False,False,False,False,False,False,False,False,False,True,False,5.16
0.26071224724053804,-0.644423446632987,-0.14424052263147838,-0.2512416871097961,-0.7433725100261979,-0.7232868929992161,0.35145042141780575,0.9243125917207035,-0.33090797848173215,1.4555205617921865,0.891825268133028,-0.01734741237553375,-0.635656391434692,1.7215343099181817,1.50697895795395,0.02072983184080219,-0.6872911803798755,0.0,0.5503495392790064,-0.7458720585672012,-0.3932799928304736,False,False,False,True,False,False,False,False,False,False,False,False,False,False,False,True,False,4.94
0.7254297272866008,1.6140441945725148,-0.20991822909991575,-0.31716906276387913,-0.6765921950371041,-1.2803993932439899,0.35145042141780575,-1.466561245137286,0.9228851676830732,-0.5332831638162967,-1.1407469112029858,-0.4308034916972943,-0.9506625760272543,-0.33887812951950014,-0.759018253531661,-0.6277685189219193,-0.4426825142560587,0.0,0.5503495392790064,-0.7458720585672012,-0.3932799928304736,True,False,False,True,False,False,False,False,False,False,False,False,False,False,False,False,False,2.86
-1.7028201314932108,-0.9857010631627074,0.7424085146924135,0.6816306783954832,-1.0772740849716669,-1.2803993932439899,0.35145042141780575,-1.466561245137286,-0.33090797848173215,-0.5332831638162967,-1.5161520745682084,-0.3389243629591253,-0.9191619575679981,-2.0503497526007997,-0.8332196735551192,-0.498503353527005,-0.6057549583386033,0.0,0.5503495392790064,-0.7458720585672012,-0.3932799928304736,False,True,False,True,False,False,False,False,False,False,False,False,False,False,False,True,False,2.24
0.7131046115114662,0.00812935859966714,-0.11468555472068201,-0.14246151728055803,-0.14234967512435354,-0.44473064287682923,0.7581044438022152,0.48960825774652356,-0.33090797848173215,1.4555205617921865,1.011476316217561,0.07453171636263528,-0.48865350529149626,1.6413429421841066,1.1759264686185207,-0.2443180703134759,-0.6872911803798755,0.0,0.5503495392790064,-0.7458720585672012,-0.3932799928304736,False,False,True,True,False,False,False,False,False,False,False,False,False,False,False,True,False,4.97
0.26071224724053804,-0.644423446632987,0.09548310597831484,-0.030384978668616475,-1.0772740849716669,-0.7232868929992161,0.35145042141780575,1.0692140363787634,-0.33090797848173215,1.4555205617921865,0.8454604870002709,-0.01734741237553375,-0.6251561852816067,1.6406204974297451,1.4213619348499602,-0.14329571416450929,-0.6872911803798755,0.0,0.5503495392790064,-0.7458720585672012,-0.14522984995136187,False,False,False,True,False,False,False,False,False,False,False,False,False,False,False,True,False,4.09
0.7254297272866008,1.6140441945725148,0.11847030324226653,0.01906055307194553,-0.8769331400043855,-1.2803993932439899,0.35145042141780575,0.8518618693916735,-0.33090797848173215,-0.5332831638162967,-1.176642225628345,-0.4308034916972943,-0.9506625760272543,-0.4031757126576326,-0.8046806658537892,-0.7483435891642345,-0.5038346807870129,0.0,0.5503495392790064,-0.7458720585672012,-0.14522984995136187,True,False,False,True,False,False,False,False,False,False,False,False,False,False,False,True,False,2.46
-1.7028201314932108,-0.9857010631627074,1.3991855793767782,1.3903499666768782,-1.2108347149498546,-1.5589556433663767,-0.45403735368977466,-1.466561245137286,-0.33090797848173215,-0.5332831638162967,-1.2005724352452514,-0.3389243629591253,-0.8981615452618273,-1.9954439512693602,-0.747602650451129,-0.583231781264848,-0.6057549583386033,0.0,0.5503495392790064,-0.7458720585672012,-0.14522984995136187,False,True,False,True,False,False,False,False,False,False,False,False,False,False,False,True,False,1.83
0.7131046115114662,0.00812935859966714,-0.11468555472068201,-0.10949782945351709,0.12477158483202172,-0.7232868929992161,0.7581044438022152,0.7069604247336135,-0.33090797848173215,1.4555205617921865,1.0324152496323546,0.12047128073171982,-0.5411545360569233,1.5705433562567244,0.7478413530985691,-0.42029249715361144,-0.6872911803798755,0.0,0.5503495392790064,-0.7458720585672012,-0.14522984995136187,False,False,True,True,False,False,False,False,False,False,False,False,False,False,False,True,False,3.87
0.26071224724053804,-0.644423446632987,-0.23290542636386743,-0.2743162685887253,-0.14234967512435354,-1.001843143121603,0.7581044438022152,1.0692140363787634,0.9228851676830732,1.4555205617921865,0.7557222009368716,-0.06328697674461824,-0.5621549483630942,1.5076906626273139,1.3357449117459697,-0.23997302273717636,-0.6872911803798755,0.0,0.5503495392790064,-0.7458720585672012,0.10282029292774987,False,False,False,True,False,False,False,False,False,False,False,False,False,False,False,False,False,3.65
0.7254297272866008,1.6140441945725148,0.11847030324226653,0.01906055307194553,-0.8769331400043855,-1.5589556433663767,0.7581044438022152,0.8518618693916735,-0.33090797848173215,-0.5332831638162967,-1.1901029685378557,-0.4308034916972943,-0.9086617514149127,-0.4429101741474895,-0.7932650627732571,-0.80265668386798,-0.524218736297331,0.0,0.5503495392790064,-0.7458720585672012,0.10282029292774987,True,False,False,True,False,False,False,False,False,False,False,False,False,False,False,True,False,2.32
-1.7028201314932108,-0.9857010631627074,1.4057533500236217,1.3738681227633571,-1.4111756599171361,-1.8375118934887635,-0.04738333130536522,-1.466561245137286,-0.33090797848173215,-0.5332831638162967,-1.1676683970220048,-0.3848639273282098,-0.8876613391087419,-1.8184449864509058,-0.7361870473705968,-0.6277685189219193,-0.6261390138489212,0.0,0.5503495392790064,-0.7458720585672012,0.10282029292774987,False,True,False,True,False,False,False,False,False,False,False,False,False,False,False,True,False,1.77
0.7131046115114662,0.00812935859966714,-0.11468555472068201,-0.10949782945351709,0.12477158483202172,-1.001843143121603,1.1569381965253858,0.7794111470626435,-0.33090797848173215,1.4555205617921865,1.0369021639355247,0.12047128073171982,-0.5201541237507525,1.5033559941011474,0.6508087269140468,-0.47569185375143186,-0.6669071248695574,0.0,0.5503495392790064,-0.7458720585672012,0.10282029292774987,False,False,True,True,False,False,False,False,False,False,False,False,False,False,False,True,False,3.58
0.26071224724053804,-0.644423446632987,-0.23618931168728977,-0.2776126373714288,-0.14234967512435354,-1.001843143121603,0.35145042141780575,-1.249209078150196,0.9228851676830732,1.4555205617921865,0.9815635541964294,-0.06328697674461824,-0.40465185606681303,1.4267768501388771,1.2843746978835755,-0.32904649805131886,-0.6872911803798755,0.0,0.5503495392790064,-0.7458720585672012,0.3508704358068616,False,False,False,True,False,False,False,False,False,False,False,False,False,False,False,False,False,3.21
0.7254297272866008,1.6140441945725148,0.11847030324226653,0.01906055307194553,-0.8769331400043855,-1.5589556433663767,0.7581044438022152,0.9967633140497334,-0.33090797848173215,-0.5332831638162967,-1.0809213871607182,-0.4308034916972943,-0.7931594837309732,-0.3778901462549956,-0.7190636427497987,-0.7885352792450061,-0.4834506252766948,0.0,0.5503495392790064,-0.7458720585672012,0.3508704358068616,True,False,False,True,False,False,False,False,False,False,False,False,False,False,False,True,False,2.4
-1.7028201314932108,-0.9857010631627074,0.7424085146924135,0.6585560969165539,-1.2776150299389484,-1.8375118934887635,-0.45403735368977466,0.34470681308846357,-0.33090797848173215,-0.5332831638162967,-0.9627659771772404,-0.3848639273282098,-0.8351603083433148,-1.5735362147225138,-0.7133558412095328,-0.6484074949093427,-0.6465230693592393,0.0,0.5503495392790064,-0.7458720585672012,0.3508704358068616,False,True,False,True,False,False,False,False,False,False,False,False,False,False,False,True,False,1.78
0.7131046115114662,0.00812935859966714,-0.11468555472068201,-0.10949782945351709,0.12477158483202172,-1.001843143121603,0.7581044438022152,0.8518618693916735,-0.33090797848173215,1.4555205617921865,1.156553212020058,0.07453171636263528,-0.29964979453595897,1.4260544053845168,0.6508087269140468,-0.5202285914085032,-0.6057549583386033,0.0,0.5503495392790064,-0.7458720585672012,0.3508704358068616,False,False,True,True,False,False,False,False,False,False,False,False,False,False,False,True,False,3.32
0.26071224724053804,-0.644423446632987,-0.40366746318180324,-0.4457274452893418,-0.008789045146165906,-1.001843143121603,0.33580988209532847,-1.249209078150196,0.9228851676830732,1.4555205617921865,1.1939441645464746,0.028592151993550734,-0.20514793915819018,1.3003490181256956,1.2558356901822454,-0.37684202139061507,-0.6872911803798755,0.0,0.5503495392790064,-0.7458720585672012,0.5989205786859734,False,False,False,True,False,False,False,False,False,False,False,False,False,False,False,False,False,2.91
0.7254297272866008,1.6140441945725148,-0.20991822909991575,-0.35013275059092125,-0.9437134549934794,-1.5589556433663767,0.7581044438022152,0.9967633140497334,-0.33090797848173215,-0.5332831638162967,-0.9238793865497684,-0.47674305606637885,-0.6041557729754358,-0.2969763337665601,-0.5877842073236802,-0.7461710653760846,-0.4222984587457406,0.0,0.5503495392790064,-0.7458720585672012,0.5989205786859734,True,False,False,True,False,False,False,False,False,False,False,False,False,False,False,True,False,2.57
-1.7028201314932108,-0.9857010631627074,0.7424085146924135,0.6585560969165539,-1.2776150299389484,-1.8375118934887635,-0.8528711064129453,0.9243125917207035,0.9228851676830732,-0.5332831638162967,-0.7713243002419887,-0.4308034916972943,-0.761658865271717,-1.3575252331685637,-0.6734012304276705,-0.6408036616508183,-0.6465230693592393,0.0,0.5503495392790064,-0.7458720585672012,0.5989205786859734,False,True,False,True,False,False,False,False,False,False,False,False,False,False,False,False,False,1.86
0.7131046115114662,0.00812935859966714,-0.4430740870628643,-0.43583833894122886,0.391892844788397,-1.001843143121603,0.35145042141780575,0.9967633140497334,-0.33090797848173215,1.4555205617921865,1.3779076509764454,0.12047128073171982,0.07835762697511581,1.275785896477421,0.667932131534845,-0.5593340195952,-0.4630665697663768,0.0,0.5503495392790064,-0.7458720585672012,0.5989205786859734,False,False,True,True,False,False,False,False,False,False,False,False,False,False,False,True,False,3.04
0.26071224724053804,-0.644423446632987,-0.889682491048232,-0.9302936563468536,0.391892844788397,-1.001843143121603,0.7581044438022152,-1.249209078150196,0.9228851676830732,1.4555205617921865,1.4467070036250533,-0.01734741237553375,0.036356802362774124,1.1565825120078492,1.198757674779585,-0.40942987821286236,-0.6465230693592393,0.0,0.5503495392790064,-0.7458720585672012,0.846970721565085,False,False,False,True,False,False,False,False,False,False,False,False,False,False,False,False,False,2.71
0.7254297272866008,1.6140441945725148,-0.20991822909991575,-0.35013275059092125,-0.9437134549934794,-1.5589556433663767,-0.04738333130536522,0.9243125917207035,-0.33090797848173215,-0.5332831638162967,-0.7294464334124018,-0.47674305606637885,-0.45715288683224004,-0.25507453801361896,-0.4793359780586258,-0.7038068515071632,-0.40191440323542255,0.0,0.5503495392790064,-0.7458720585672012,0.846970721565085,True,False,False,True,False,False,False,False,False,False,False,False,False,False,False,True,False,2.73
-1.7028201314932108,-0.9857010631627074,0.7424085146924135,0.6585560969165539,-1.2776150299389484,-1.8375118934887635,-0.45403735368977466,0.6345097024045835,0.9228851676830732,-0.5332831638162967,-0.6053084710246964,-0.4308034916972943,-0.70915783450629,-1.1082817929140052,-0.6562778258068724,-0.6484074949093427,-0.6465230693592393,0.0,0.5503495392790064,-0.7458720585672012,0.846970721565085,False,True,False,True,False,False,False,False,False,False,False,False,False,False,False,False,False,1.84
0.7131046115114662,0.00812935859966714,-0.7714626194050466,-0.7226224230364916,0.9929156796902413,-1.001843143121603,-0.04738333130536522,0.9243125917207035,-0.33090797848173215,1.4555205617921865,1.5872969851243799,-0.06328697674461824,0.49836587309853236,1.0814482575543019,0.6508087269140468,-0.6060432810404212,-0.25922601466319617,0.0,0.5503495392790064,-0.7458720585672012,0.846970721565085,False,False,True,True,False,False,False,False,False,False,False,False,False,False,False,True,False,2.68
0.26071224724053804,-0.644423446632987,-0.889682491048232,-0.9302936563468536,0.391892844788397,-1.001843143121603,0.35145042141780575,-1.176758355821166,0.9228851676830732,1.4555205617921865,1.5155063562736593,-0.3389243629591253,0.4248644300269344,0.8704943892808785,1.118848453215861,-0.4300688542002856,-0.5038346807870129,0.0,0.5503495392790064,-0.7458720585672012,1.0950208644441968,False,False,False,True,False,False,False,False,False,False,False,False,False,False,False,False,False,2.53
0.7254297272866008,1.6140441945725148,-0.538306761442098,-0.6797696288613377,-0.6765921950371041,-1.5589556433663767,-0.45403735368977466,0.8518618693916735,-0.33090797848173215,-0.5332831638162967,-0.6142822996310368,-0.5226826204354633,-0.12114628993350694,-0.4443550636562113,-0.46221257343782773,-0.6701327327908408,-0.11653762609096965,0.0,0.5503495392790064,-0.7458720585672012,1.0950208644441968,True,False,False,True,False,False,False,False,False,False,False,False,False,False,False,True,False,2.82
-1.7028201314932108,-0.9857010631627074,0.4140199823502313,0.3190301122980246,-1.0772740849716669,-1.8375118934887635,0.7581044438022152,0.9243125917207035,0.9228851676830732,-0.5332831638162967,-0.44677083231269127,-0.47674305606637885,-0.36265103145447136,-0.9724621790941305,-0.6334466196458083,-0.5886630907352225,-0.5038346807870129,0.0,0.5503495392790064,-0.7458720585672012,1.0950208644441968,False,True,False,True,False,False,False,False,False,False,False,False,False,False,False,False,False,2.0
0.7131046115114662,0.00812935859966714,-1.099851151747229,-1.0423701949587951,1.3268172546357104,-1.001843143121603,-0.45403735368977466,0.9967633140497334,-0.33090797848173215,1.4555205617921865,1.7024611189057428,-0.3848639273282098,1.0968776238244005,0.7621276761267228,0.6336853222932488,-0.6636151614263914,0.005766706970938724,0.0,0.5503495392790064,-0.7458720585672012,1.0950208644441968,False,False,True,True,False,False,False,False,False,False,False,False,False,False,False,True,False,2.36
0.26071224724053804,-0.644423446632987,-0.9290891149292942,-0.9731464505220074,0.391892844788397,-0.7232868929992161,-0.04738333130536522,-1.321659800479226,1.639338394062962,1.4555205617921865,1.7772430239585764,-0.5226826204354633,0.7398706146194968,0.6833811979013694,1.164510865537989,-0.39422221169581356,-0.32037818119415035,0.0,0.5503495392790064,-0.7458720585672012,1.3430710073233085,False,False,False,True,False,False,False,False,False,False,False,False,False,False,True,False,False,2.52
0.7254297272866008,1.6140441945725148,-1.1950838261264627,-1.3093760663578333,0.05799126984292791,-1.001843143121603,-0.45403735368977466,0.8518618693916735,-0.33090797848173215,-0.5332831638162967,-0.38844094637148113,-0.5226826204354633,0.26736133773065335,-0.6589211557014396,-0.48504377959889183,-0.6310273046041441,0.4949840392185721,0.0,0.5503495392790064,-0.7458720585672012,1.3430710073233085,True,False,False,True,False,False,False,False,False,False,False,False,False,False,False,True,False,2.92
-1.7028201314932108,-0.9857010631627074,-0.2427570823341333,-0.35342911937362476,-0.6765921950371041,-1.5589556433663767,1.1569381965253858,0.9967633140497334,0.9228851676830732,-0.5332831638162967,-0.10426970717071313,-0.5226826204354633,0.04685700851585954,-0.8019652170649254,-0.6049076119444783,-0.4474490445054842,-0.2796100701735142,0.0,0.5503495392790064,-0.7458720585672012,1.3430710073233085,False,True,False,True,False,False,False,False,False,False,False,False,False,False,False,False,False,2.35
0.7131046115114662,0.00812935859966714,-1.099851151747229,-0.9896282944355285,1.7274991445702732,-0.7232868929992161,-0.8528711064129453,0.9243125917207035,-0.33090797848173215,-0.5332831638162967,1.9462501293779793,-0.5226826204354633,1.453884633029305,0.5092720121003594,0.5937307115113865,-0.7005480658249383,0.2299913175844374,0.0,0.5503495392790064,-0.7458720585672012,1.3430710073233085,False,False,True,True,False,False,False,False,False,False,False,False,False,False,False,True,False,2.24
0.26071224724053804,-0.644423446632987,-1.3330070097101785,-1.4972690869719703,-0.20912999011344735,-0.44473064287682923,-1.0640183872663886,0.9967633140497334,-1.4055878180515653,1.4555205617921865,1.7084436713099704,0.6258064887916492,0.4878656669454469,1.0814482575543019,1.2900824994238413,0.04788637919267495,-0.524218736297331,0.0,0.5503495392790064,-0.6403755408888548,-1.3854805643469206,False,False,False,False,False,False,False,False,True,False,False,False,False,False,False,False,False,3.59
0.7254297272866008,1.6140441945725148,-2.8370264878373734,-2.8059274937055236,2.528862924439399,-0.44473064287682923,-1.2595251287973548,-0.5971525771889262,0.9228851676830732,-0.5332831638162967,0.20682301784907378,-0.3848639273282098,0.015356390056603516,-1.4073739212194751,-0.7361870473705968,-0.7733276127279574,0.026150762481256692,0.0,0.5503495392790064,-0.6403755408888548,-1.3854805643469206,True,False,False,False,False,False,True,False,False,False,False,True,False,False,False,False,False,2.34
-1.7028201314932108,-0.9857010631627074,-1.8879836293684664,-1.9126115535926949,1.3268172546357104,-0.7232868929992161,-1.2595251287973548,-0.5971525771889262,0.9228851676830732,-0.5332831638162967,0.2546834370828883,-0.06328697674461824,-0.42565226837298387,-0.1532098276487128,-0.8103884673940551,-0.20304011833862942,-0.13692168160128773,0.0,0.5503495392790064,-0.6403755408888548,-1.3854805643469206,False,True,False,True,False,False,False,False,False,False,False,False,False,False,False,False,False,2.51
0.7131046115114662,0.00812935859966714,-0.4430740870628643,-0.5149511897261295,-0.20912999011344735,-0.44473064287682923,-0.8528711064129453,0.41715753541749356,-0.33090797848173215,-0.5332831638162967,1.9866323581065108,1.223020825589748,2.619407516021785,0.185616762146614,0.41678886376314,-0.47460559185735696,0.14845509554316508,0.0,0.5503495392790064,-0.6403755408888548,-1.3854805643469206,False,False,True,True,False,False,False,False,False,False,False,False,False,False,False,True,False,3.09
0.26071224724053804,-0.644423446632987,-0.6039844679105343,-0.725918791819195,-0.4762512500698226,-0.44473064287682923,-1.0640183872663886,-1.176758355821166,-1.2264745114565931,1.4555205617921865,1.5379409277895102,0.3501691025771423,-0.2156481453112756,1.420997292103989,0.9019519946857518,-0.12591552385931068,-0.6057549583386033,0.0,0.5503495392790064,-0.6403755408888548,-1.1374304214678088,False,False,False,True,False,False,False,False,False,False,True,False,False,False,False,False,False,3.25
0.7254297272866008,1.6140441945725148,-2.508637955495191,-2.4433269276080654,2.528862924439399,-0.44473064287682923,-1.2595251287973548,-0.30734968787280625,0.9228851676830732,-0.5332831638162967,0.20084046544484618,-0.3848639273282098,-0.36265103145447136,-0.8843239190620839,-0.7076480396692667,-0.7678963032575828,-0.21845790364256,0.0,0.5503495392790064,-0.6403755408888548,-1.1374304214678088,True,False,False,True,False,False,False,False,False,False,False,False,False,False,False,False,False,2.42
-1.7028201314932108,-0.9857010631627074,-1.5563112117028624,-1.632420207062841,0.6590141047447723,-0.44473064287682923,-0.8528711064129453,-1.104307633492136,0.9228851676830732,-0.5332831638162967,0.24122269417337777,-0.10922654111370278,-0.6671570098939483,0.055576706361627315,-0.8560508797161833,-0.3149250934283451,-0.25922601466319617,0.0,0.5503495392790064,-0.6403755408888548,-1.1374304214678088,False,True,False,True,False,False,False,False,False,False,False,False,False,False,False,False,False,2.25
0.7131046115114662,0.00812935859966714,-0.4430740870628643,-0.5479148775531705,-0.4762512500698226,-0.44473064287682923,-0.8528711064129453,0.41715753541749356,-0.33090797848173215,1.4555205617921865,1.890911519638884,1.1311416968515788,1.6428883437848418,0.6212509490263202,0.49669808532686416,-0.4767781156455068,-0.09615357058065169,0.0,0.5503495392790064,-0.6403755408888548,-1.1374304214678088,False,False,True,True,False,False,False,False,False,False,False,False,False,False,False,True,False,3.22
0.26071224724053804,-0.644423446632987,-0.23290542636386743,-0.36661459450444117,-0.8769331400043855,-0.44473064287682923,-0.45403735368977466,1.0692140363787634,-0.33090797848173215,1.4555205617921865,1.175996507333796,-0.01734741237553375,-0.5411545360569233,1.4982988808206206,0.49669808532686416,-0.24866311788977566,-0.6465230693592393,0.0,0.5503495392790064,-0.6403755408888548,-0.8893802785886971,False,False,False,True,False,False,False,False,False,False,False,False,False,False,False,True,False,2.97
0.7254297272866008,1.6140441945725148,-1.8518608908108265,-1.8203132276769785,1.7274991445702732,-0.44473064287682923,-0.8528711064129453,0.05490392377234366,0.9228851676830732,-0.5332831638162967,0.05576356964234945,-0.3389243629591253,-0.5201541237507525,-0.6964882829282143,-0.7190636427497987,-0.7841902316687065,-0.29999412568383227,0.0,0.5503495392790064,-0.6403755408888548,-0.8893802785886971,True,False,False,True,False,False,False,False,False,False,False,False,False,False,False,False,False,2.45
-1.7028201314932108,-0.9857010631627074,-1.2279226793606801,-1.3126724351405368,0.32511252979930316,-0.7232868929992161,-0.8528711064129453,0.9967633140497334,0.9228851676830732,-0.5332831638162967,0.07819814115820034,-0.20110566985187175,-0.8351603083433148,0.1776698698486426,-0.9017132920383115,-0.4083436163187874,-0.29999412568383227,0.0,0.5503495392790064,-0.6403755408888548,-0.8893802785886971,False,True,False,True,False,False,False,False,False,False,False,False,False,False,False,False,False,2.05
0.7131046115114662,0.00812935859966714,-0.11468555472068201,-0.21168526171734578,-0.6765921950371041,-0.44473064287682923,-0.45403735368977466,0.6345097024045835,-0.33090797848173215,1.4555205617921865,1.633661766257137,0.8555043106370718,0.9603749438342903,0.9268450801210396,0.5195292914879283,-0.4474490445054842,-0.21845790364256,0.0,0.5503495392790064,-0.6403755408888548,-0.8893802785886971,False,False,True,True,False,False,False,False,False,False,False,False,False,False,False,True,False,3.51
0.26071224724053804,-0.644423446632987,-0.23290542636386743,-0.40287465111418796,-1.1440543999607609,-0.7232868929992161,-0.04738333130536522,-1.394110522808256,-0.33090797848173215,1.4555205617921865,0.9202423920531043,-0.10922654111370278,-0.6461565975877774,1.5040784388555088,0.4110810622228738,-0.26278452251274936,-0.6465230693592393,0.0,0.5503495392790064,-0.6403755408888548,-0.6413301357095853,False,False,False,True,False,False,False,False,False,False,False,False,False,False,False,True,False,2.97
0.7254297272866008,1.6140441945725148,-1.1950838261264627,-1.2335595843556373,0.6590141047447723,-0.44473064287682923,-1.2595251287973548,-1.466561245137286,0.9228851676830732,-0.5332831638162967,-0.10127843096860038,-0.3389243629591253,-0.6251561852816067,-0.5895664592827804,-0.747602650451129,-0.8124330409146542,-0.36114629221478645,0.0,0.5503495392790064,-0.6403755408888548,-0.6413301357095853,True,False,False,True,False,False,False,False,False,False,False,False,False,False,False,False,False,2.41
-1.7028201314932108,-0.9857010631627074,-0.5711456146763155,-0.6204349907726628,0.05799126984292791,-1.001843143121603,-0.8528711064129453,-1.466561245137286,0.9228851676830732,-0.5332831638162967,-0.12371300248444915,-0.24704523422095628,-0.9191619575679981,0.27158768791557736,-0.9131288951188437,-0.44310399692918456,-0.34076223670446837,0.0,0.5503495392790064,-0.6403755408888548,-0.6413301357095853,False,True,False,True,False,False,False,False,False,False,False,False,False,False,False,False,False,2.01
0.7131046115114662,0.00812935859966714,-0.11468555472068201,-0.21168526171734578,-0.6765921950371041,-0.44473064287682923,-0.04738333130536522,0.7069604247336135,-0.33090797848173215,1.4555205617921865,1.403333498694409,0.4879877956843958,0.35136298695533646,1.2461656615486176,0.5138214899476623,-0.4170337114713867,-0.34076223670446837,0.0,0.5503495392790064,-0.6403755408888548,-0.6413301357095853,False,False,True,True,False,False,False,False,False,False,False,False,False,False,False,True,False,3.84
0.26071224724053804,-0.644423446632987,0.09548310597831484,-0.0567559289302504,-1.2776150299389484,-1.2803993932439899,-0.04738333130536522,-1.321659800479226,-1.7638144312415096,1.4555205617921865,0.34143044694417485,-0.24704523422095628,-0.8246601021902293,1.1168480505179923,0.00011935132372017912,-0.13895066658820954,-0.6872911803798755,0.0,0.5503495392790064,-0.5348790232105085,-0.14522984995136187,False,False,False,False,False,False,False,False,True,False,False,False,False,False,False,False,False,3.31
0.7254297272866008,1.6140441945725148,1.1036359002688134,1.057416719623758,-1.2776150299389484,-2.1160681436111504,-0.8528711064129453,-1.466561245137286,0.9228851676830732,-0.5332831638162967,-0.6217604901363218,-0.3848639273282098,-0.8981615452618273,0.38501151435026093,-0.7418948489108629,-0.13895066658820954,-0.36114629221478645,0.0,0.5503495392790064,-0.5348790232105085,-0.14522984995136187,True,False,False,True,False,False,False,False,False,False,False,False,False,False,False,False,False,4.48
-1.7028201314932108,-0.9857010631627074,1.0707970470345958,0.9519329185772248,-1.811857549851699,-1.8375118934887635,0.35145042141780575,0.48960825774652356,-1.7638144312415096,1.4555205617921865,-0.10576534527177056,-0.24704523422095628,-0.8456605144964002,1.7244240889356253,-0.776141658152459,-0.5071934486796043,-0.4222984587457406,0.0,0.5503495392790064,-0.5348790232105085,-0.14522984995136187,False,True,False,False,False,False,False,False,True,False,False,False,False,False,False,False,False,2.26
0.7131046115114662,0.00812935859966714,-0.11468555472068201,-0.17872157389030366,-0.4094709350807288,-1.5589556433663767,0.35145042141780575,0.8518618693916735,0.9228851676830732,1.4555205617921865,0.4401425616139145,0.028592151993550734,-0.45715288683224004,1.8515743657031685,2.00926549349736,0.1391323782949674,-0.6872911803798755,0.0,0.5503495392790064,-0.5348790232105085,-0.14522984995136187,False,False,True,True,False,False,False,False,False,False,False,False,False,False,False,False,False,6.96
0.26071224724053804,-0.644423446632987,0.019953743539612774,-0.13916514849785452,-1.2776150299389484,-1.5589556433663767,0.35145042141780575,1.1416647587077935,-1.7638144312415096,1.4555205617921865,0.28160492290190725,-0.20110566985187175,-0.7721590714248023,1.1096236029743813,-0.1596990918037285,-0.33230528373354373,-0.6669071248695574,0.0,0.5503495392790064,-0.5348790232105085,0.10282029292774987,False,False,False,False,False,False,False,False,True,False,False,False,False,False,False,False,False,2.6
0.7254297272866008,1.6140441945725148,1.1036359002688134,1.0804913011026862,-1.0772740849716669,-2.1160681436111504,-0.04738333130536522,1.1416647587077935,0.9228851676830732,-0.5332831638162967,-0.5155701849612971,-0.3848639273282098,-0.7826592775778878,0.4673702163474193,-0.7190636427497987,-0.10744907166003721,-0.34076223670446837,0.0,0.5503495392790064,-0.5348790232105085,0.10282029292774987,True,False,False,True,False,False,False,False,False,False,False,False,False,False,False,False,False,4.63
-1.7028201314932108,-0.9857010631627074,1.0707970470345958,0.9519329185772248,-1.811857549851699,-1.8375118934887635,0.35145042141780575,0.7069604247336135,-1.7638144312415096,1.4555205617921865,0.04828537913706653,-0.15516610548278725,-0.7721590714248023,1.7049180805678776,-0.6905246350484686,-0.3996535211661882,-0.4222984587457406,0.0,0.5503495392790064,-0.5348790232105085,0.10282029292774987,False,True,False,False,False,False,False,False,True,False,False,False,False,False,False,False,False,2.59
0.7131046115114662,0.00812935859966714,0.21370297762150028,0.15091530438011283,-0.6765921950371041,-1.5589556433663767,0.35145042141780575,0.9243125917207035,0.9228851676830732,1.4555205617921865,0.5403503143847116,0.21235040946988878,-0.1526469083927632,1.858076368492418,2.226161952027469,0.09025059306159652,-0.6872911803798755,0.0,0.5503495392790064,-0.5348790232105085,0.10282029292774987,False,False,True,True,False,False,False,False,False,False,False,False,False,False,False,False,False,6.82
0.26071224724053804,-0.644423446632987,-0.23618931168728977,-0.3468363818082166,-0.6765921950371041,-1.2803993932439899,0.7581044438022152,0.9243125917207035,-1.7638144312415096,1.4555205617921865,0.31002204682198364,-0.24704523422095628,-0.6566568037408629,1.0677218072214412,-0.21677710720638865,-0.4648292348106828,-0.5853709028282852,0.0,0.5503495392790064,-0.5348790232105085,0.3508704358068616,False,False,False,False,False,False,False,False,True,False,False,False,False,False,False,False,False,2.06
0.7254297272866008,1.6140441945725148,1.1036359002688134,1.0804913011026862,-1.0772740849716669,-2.1160681436111504,-1.2595251287973548,0.7069604247336135,0.9228851676830732,-0.5332831638162967,-0.5125789087591844,-0.3848639273282098,-0.583155360669265,0.41607663878778506,-0.7019402381290006,-0.07703373862593979,-0.2388419591528781,0.0,0.5503495392790064,-0.5348790232105085,0.3508704358068616,True,False,False,True,False,False,False,False,False,False,False,False,False,False,False,False,False,4.82
-1.7028201314932108,-0.9857010631627074,1.3991855793767782,1.3409044349363162,-1.6115166048844174,-1.8375118934887635,-0.04738333130536522,0.41715753541749356,-1.7638144312415096,1.4555205617921865,0.15746696051420397,-0.15516610548278725,-0.6461565975877774,1.5582617954325868,-0.5877842073236802,-0.2877685460764724,-0.4222984587457406,0.0,0.5503495392790064,-0.5348790232105085,0.3508704358068616,False,True,False,False,False,False,False,False,True,False,False,False,False,False,False,False,False,2.9
0.7131046115114662,0.00812935859966714,-0.11468555472068201,-0.17872157389030366,-0.4094709350807288,-1.5589556433663767,-0.04738333130536522,0.8518618693916735,0.9228851676830732,1.4555205617921865,0.5852194574164112,0.3501691025771423,0.4668652546392761,1.642065386938467,2.2946555705106615,-0.021634382028119382,-0.6872911803798755,0.0,0.5503495392790064,-0.5348790232105085,0.3508704358068616,False,False,True,True,False,False,False,False,False,False,False,False,False,False,False,False,False,6.31
0.26071224724053804,-0.644423446632987,-0.5809972706465815,-0.6665841537305202,-0.20912999011344735,-1.2803993932439899,0.35145042141780575,0.8518618693916735,-1.7638144312415096,1.4555205617921865,0.4147167138959509,-0.3389243629591253,-0.5201541237507525,1.009203782118198,-0.25102391644798483,-0.5462988768663011,-0.524218736297331,0.0,0.5503495392790064,-0.5348790232105085,0.5989205786859734,False,False,False,False,False,False,False,False,True,False,False,False,False,False,False,False,False,1.68
0.7254297272866008,1.6140441945725148,1.1036359002688134,1.0804913011026862,-1.0772740849716669,-2.1160681436111504,-0.8528711064129453,0.9243125917207035,0.9228851676830732,-0.5332831638162967,-0.5335178421739778,-0.4308034916972943,-0.40465185606681303,0.3445546081060426,-0.6734012304276705,-0.05313597695629169,-0.13692168160128773,0.0,0.5503495392790064,-0.5348790232105085,0.5989205786859734,True,False,False,True,False,False,False,False,False,False,False,False,False,False,False,False,False,4.98
-1.7028201314932108,-0.9857010631627074,0.7424085146924135,0.63218514665492,-1.4779559749062299,-1.5589556433663767,1.5557719492485564,0.6345097024045835,-1.7638144312415096,1.4555205617921865,0.17691025582793998,-0.20110566985187175,-0.5096539175976671,1.357422153720218,-0.542121795001552,-0.2758196652416484,-0.4222984587457406,0.0,0.5503495392790064,-0.5348790232105085,0.5989205786859734,False,True,False,False,False,False,False,False,True,False,False,False,False,False,False,False,False,2.81
0.7131046115114662,0.00812935859966714,-0.4430740870628643,-0.5149511897261295,-0.20912999011344735,-1.2803993932439899,-0.45403735368977466,0.7794111470626435,0.9228851676830732,1.4555205617921865,0.5912020098206389,0.07453171636263528,1.1913794792021695,1.2642267804076437,2.157668333544277,-0.16936599962230714,-0.6669071248695574,0.0,0.5503495392790064,-0.5348790232105085,0.5989205786859734,False,False,True,True,False,False,False,False,False,False,False,False,False,False,False,False,False,5.41
0.26071224724053804,-0.644423446632987,-0.5809972706465815,-0.6303240971207745,0.05799126984292791,-1.001843143121603,0.7581044438022152,0.7069604247336135,-1.7638144312415096,1.4555205617921865,0.33843917074206,-0.47674305606637885,-0.36265103145447136,0.8148661431950779,-0.27385512260904893,-0.5712829004300239,-0.4222984587457406,0.0,0.5503495392790064,-0.5348790232105085,0.846970721565085,False,False,False,False,False,False,False,False,True,False,False,False,False,False,False,False,False,1.47
0.7254297272866008,1.6140441945725148,0.44685883558444883,0.40803206943103687,-0.6765921950371041,-1.8375118934887635,-0.04738333130536522,0.8518618693916735,0.9228851676830732,-0.5332831638162967,-0.5080919944560142,-0.5226826204354633,-0.24714876377053185,0.23546545019752546,-0.6106154134847442,-0.028151953392568707,-0.014617348539379356,0.0,0.5503495392790064,-0.5348790232105085,0.846970721565085,True,False,False,True,False,False,False,False,False,False,False,False,False,False,False,False,False,5.21
-1.7028201314932108,-0.9857010631627074,0.085631450008049,-0.017199503537800098,-0.8769331400043855,-1.001843143121603,2.767913746740547,0.6345097024045835,-1.7638144312415096,1.4555205617921865,0.0647373982486898,-0.3848639273282098,-0.1526469083927632,0.9795835471893947,-0.5649530011626162,-0.32361518858094446,-0.32037818119415035,0.0,0.5503495392790064,-0.5348790232105085,0.846970721565085,False,True,False,False,False,False,False,False,True,False,False,False,False,False,False,False,False,2.51
0.7131046115114662,0.00812935859966714,-0.7714626194050466,-0.8412916992138413,0.05799126984292791,-1.2803993932439899,-1.2595251287973548,0.8518618693916735,0.9228851676830732,1.4555205617921865,0.41621235199700835,-0.3848639273282098,1.747890405315696,0.7765765712139427,1.877986058071242,-0.3355640694157684,-0.4834506252766948,0.0,0.5503495392790064,-0.5348790232105085,0.846970721565085,False,False,True,True,False,False,False,False,False,False,False,False,False,False,False,False,False,4.27
0.26071224724053804,-0.644423446632987,-0.889682491048232,-1.0061101383490496,-0.20912999011344735,-0.7232868929992161,-1.6583588815205257,-1.466561245137286,1.8184517006579342,1.4555205617921865,0.6719664672776978,-0.5226826204354633,-0.37315123760755675,0.5757369295015751,-0.53070619192102,-0.3735832357083903,-0.1573057371116058,0.0,0.5503495392790064,-0.5348790232105085,1.839171293081532,False,False,False,True,False,False,False,False,False,False,False,False,False,False,True,False,False,1.6
0.7254297272866008,1.6140441945725148,-1.523472358468645,-1.553307356277941,0.9929156796902413,-1.001843143121603,0.7581044438022152,0.48960825774652356,-1.047361204861621,-0.5332831638162967,-0.24186841246792695,-0.5226826204354633,0.21486030696522626,-0.25507453801361896,-0.23390051182718674,0.032678712675626144,0.16883915105348316,0.0,0.5503495392790064,-0.5348790232105085,1.839171293081532,True,False,False,True,False,False,False,False,False,False,True,False,False,False,False,False,False,6.57
-1.7028201314932108,-0.9857010631627074,-1.5563112117028624,-1.8104241213288657,-0.7433725100261979,-0.1661743927544424,0.35145042141780575,0.41715753541749356,0.9228851676830732,-0.5332831638162967,0.10960654128038945,-0.5226826204354633,0.5088660792516178,0.31926904170340564,-0.7361870473705968,-0.44310399692918456,0.16883915105348316,0.0,0.5503495392790064,-0.5348790232105085,1.839171293081532,False,True,False,True,False,False,False,False,False,False,False,False,False,False,False,False,False,1.83
0.7131046115114662,0.00812935859966714,-1.099851151747229,-1.0852229891339489,0.9929156796902413,-0.7232868929992161,-1.2595251287973548,0.12735464610137365,0.9228851676830732,-0.5332831638162967,0.4027516090874978,-0.5226826204354633,1.1598788607429131,0.26942035365249417,1.210173277860117,-0.5267461627729527,-0.19807384813224196,0.0,0.5503495392790064,-0.5348790232105085,1.839171293081532,False,False,True,True,False,False,False,False,False,False,False,False,False,False,False,False,False,2.33
0.26071224724053804,-0.644423446632987,-1.0932833811003853,-1.2302632155729327,-0.20912999011344735,-0.7232868929992161,-1.2595251287973548,-0.01754679855668632,1.8184517006579342,-0.5332831638162967,0.7258094389157378,-0.5226826204354633,-0.5621549483630942,0.5338351337486339,-0.7533104519913948,-0.18565992803343084,-0.09615357058065169,0.0,0.5503495392790064,-0.42938250553216223,-3.8659819931380377,False,False,False,True,False,False,False,False,False,False,False,False,False,False,True,False,False,1.84
0.7254297272866008,1.6140441945725148,-1.523472358468645,-1.639012944628249,0.32511252979930316,-0.7232868929992161,1.1569381965253858,0.41715753541749356,-0.33090797848173215,-0.5332831638162967,-0.020513973511539316,-0.5226826204354633,0.16235927619979915,-0.5433299950036738,-0.19394590104532466,0.10545825957864532,0.005766706970938724,0.0,0.5503495392790064,-0.42938250553216223,-3.8659819931380377,True,False,False,True,False,False,False,False,False,False,False,False,False,False,False,True,False,7.41
-1.7028201314932108,-0.9857010631627074,-1.5563112117028624,-1.777460433501824,-0.4762512500698226,-0.1661743927544424,-0.04738333130536522,0.19980536843040364,0.9228851676830732,-0.5332831638162967,0.08418069356242795,-0.5226826204354633,0.20436010081214084,0.3062650361249075,-0.8560508797161833,-0.5039346629973795,0.3319115951360277,0.0,0.5503495392790064,-0.42938250553216223,-3.8659819931380377,False,True,False,True,False,False,False,False,False,False,False,False,False,False,False,False,False,1.61
0.7131046115114662,0.00812935859966714,-1.099851151747229,-1.0852229891339489,0.9929156796902413,-0.7232868929992161,-0.8528711064129453,0.12735464610137365,0.9228851676830732,-0.5332831638162967,0.541845952485767,-0.5226826204354633,0.35136298695533646,0.25280412430219,0.5081136884073962,-0.41377492578916203,-0.0757695150703336,0.0,0.5503495392790064,-0.42938250553216223,-3.8659819931380377,False,False,True,True,False,False,False,False,False,False,False,False,False,False,False,False,False,2.06
0.26071224724053804,-0.644423446632987,-0.23290542636386743,-0.3072799564157663,-0.4094709350807288,-0.44473064287682923,1.5557719492485564,0.41715753541749356,-0.33090797848173215,-0.5332831638162967,0.5074462761614651,0.16641084510080426,-0.07914546532116526,-0.11853247943938369,-0.7647260550719268,-0.2616982606186745,-0.014617348539379356,0.0,0.5503495392790064,-0.42938250553216223,-1.6335307072260323,False,False,False,False,True,False,False,False,False,True,False,False,False,False,False,False,False,2.05
0.7254297272866008,1.6140441945725148,-0.538306761442098,-0.6533986785997038,-0.4762512500698226,-0.44473064287682923,-0.8528711064129453,0.6345097024045835,-1.7638144312415096,-0.5332831638162967,-0.6711165474711916,-0.01734741237553375,-0.635656391434692,-0.4667508510414036,-0.8960054904980456,-0.4474490445054842,-0.03500140404969744,0.0,0.5503495392790064,-0.42938250553216223,-1.6335307072260323,True,False,False,False,False,False,False,False,True,False,False,False,False,False,False,False,False,2.27
-1.7028201314932108,-0.9857010631627074,-0.5711456146763155,-0.7160296854710834,-0.6765921950371041,-0.1661743927544424,-0.8528711064129453,-0.5247018548598962,-0.33090797848173215,-0.5332831638162967,-0.2269120314573611,0.4879877956843958,-0.11064608378042153,-0.11058558714141128,-1.021577124383898,-0.7027205896130883,0.08730292901221094,0.0,0.5503495392790064,-0.42938250553216223,-1.6335307072260323,False,True,False,True,False,False,False,False,False,False,False,False,False,False,False,True,False,1.19
0.7131046115114662,0.00812935859966714,-0.11468555472068201,-0.17872157389030366,-0.4094709350807288,-0.44473064287682923,2.361259724356137,0.05490392377234366,0.9228851676830732,-0.5332831638162967,0.31750023732726657,0.07453171636263528,-0.12114628993350694,-0.05206756203816804,-0.41655016111569954,-0.17805609477490644,-0.0757695150703336,0.0,0.5503495392790064,-0.42938250553216223,-1.6335307072260323,False,False,True,True,False,False,False,False,False,False,False,False,False,False,False,False,False,2.19
0.26071224724053804,-0.644423446632987,0.09548310597831484,0.01906055307194553,-0.6765921950371041,-0.44473064287682923,1.5557719492485564,0.41715753541749356,-0.33090797848173215,-0.5332831638162967,0.6779490196819254,-0.24704523422095628,-0.8036596898840586,0.4276357548575614,-0.8731742843369814,-0.6375448759685935,-0.4426825142560587,0.0,0.5503495392790064,-0.42938250553216223,-1.3854805643469206,False,False,False,False,True,False,False,False,False,True,False,False,False,False,False,False,False,1.32
0.7254297272866008,1.6140441945725148,-0.20991822909991575,-0.31716906276387913,-0.6765921950371041,-0.44473064287682923,-1.6583588815205257,-1.466561245137286,-1.7638144312415096,-0.5332831638162967,-0.8356367385874244,-0.3389243629591253,-0.940162369874169,0.19500854395330716,-0.9987459182228339,-0.7526886367405341,-0.2796100701735142,0.0,0.5503495392790064,-0.42938250553216223,-1.3854805643469206,True,False,False,False,False,False,False,False,True,False,False,False,False,False,False,False,False,1.26
-1.7028201314932108,-0.9857010631627074,0.085631450008049,-0.04357045379943403,-1.0772740849716669,-0.1661743927544424,-0.45403735368977466,0.5620589800755535,-0.33090797848173215,-0.5332831638162967,-0.24934660297320987,-0.20110566985187175,-0.8561607206494856,0.33010571301882163,-1.038700529004696,-0.777672660304257,-0.36114629221478645,0.0,0.5503495392790064,-0.42938250553216223,-1.3854805643469206,False,True,False,True,False,False,False,False,False,False,False,False,False,False,False,True,False,0.98
0.7131046115114662,0.00812935859966714,0.5420915099636826,0.4607739699543036,-1.0772740849716669,-0.44473064287682923,2.361259724356137,0.12735464610137365,-0.33090797848173215,-0.5332831638162967,0.47753351414033124,-0.10922654111370278,-0.5726551545161795,0.2975956990725747,-0.5364139934612859,-0.5430400911840763,-0.34076223670446837,0.0,0.5503495392790064,-0.42938250553216223,-1.3854805643469206,False,False,True,True,False,False,False,False,False,False,False,False,False,False,False,True,False,1.57
0.26071224724053804,-0.644423446632987,0.4238716383204971,0.33221558742884094,-1.0772740849716669,-0.44473064287682923,1.5557719492485564,0.41715753541749356,0.9228851676830732,1.4555205617921865,0.6779490196819254,-0.3389243629591253,-0.940162369874169,0.6356998441135411,-0.9245444981993757,-0.7657237794694329,-0.524218736297331,0.0,0.5503495392790064,-0.42938250553216223,-1.1374304214678088,False,False,False,False,True,False,False,False,False,True,False,False,False,False,False,False,False,1.07
0.7254297272866008,1.6140441945725148,-0.20991822909991575,-0.31716906276387913,-0.6765921950371041,-0.44473064287682923,1.1569381965253858,0.9243125917207035,-0.33090797848173215,-0.5332831638162967,-1.0210958631184506,-0.3848639273282098,-1.0031636067926815,0.20006565723383496,-1.044408330544962,-0.8906438972880476,-0.32037818119415035,0.0,0.5503495392790064,-0.42938250553216223,-1.1374304214678088,True,False,False,True,False,False,False,False,False,False,False,False,False,False,False,True,False,0.9
-1.7028201314932108,-0.9857010631627074,0.7424085146924135,0.63218514665492,-1.4779559749062299,-0.1661743927544424,1.5557719492485564,0.41715753541749356,-0.33090797848173215,-0.5332831638162967,-0.33310233663238364,-0.3389243629591253,-0.9821631944865106,0.2968732543182133,-1.0501161320852281,-0.8374170644783772,-0.4426825142560587,0.0,0.5503495392790064,-0.42938250553216223,-1.1374304214678088,False,True,False,True,False,False,False,False,False,False,False,False,False,False,False,True,False,0.89
0.7131046115114662,0.00812935859966714,0.5420915099636826,0.5464795583046124,-0.4094709350807288,-0.44473064287682923,2.361259724356137,0.34470681308846357,-0.33090797848173215,-0.5332831638162967,0.49996808565618,-0.24704523422095628,-0.761658865271717,0.5186637939070526,-0.6163232150250104,-0.7439985415879348,-0.4426825142560587,0.0,0.5503495392790064,-0.42938250553216223,-1.1374304214678088,False,False,True,True,False,False,False,False,False,False,False,False,False,False,False,True,False,1.23
0.26071224724053804,-0.644423446632987,0.7522601706626794,0.6420742530030329,-1.4779559749062299,-0.44473064287682923,1.1569381965253858,0.48960825774652356,0.9228851676830732,1.4555205617921865,0.5732543526079582,-0.3389243629591253,-0.9716629883334252,0.7072218747952835,-0.9359601012799077,-0.8037429457620549,-0.544602791807649,0.0,0.5503495392790064,-0.42938250553216223,-0.8893802785886971,False,False,False,True,False,False,False,False,False,False,False,False,False,False,False,False,False,1.0
0.7254297272866008,1.6140441945725148,0.44685883558444883,0.33221558742884094,-1.2776150299389484,-0.44473064287682923,0.7581044438022152,0.6345097024045835,-0.33090797848173215,-0.5332831638162967,-1.1706596732241175,-0.4308034916972943,-1.0241640190988521,0.13071096081517472,-1.0672395367060263,-0.9243180160043699,-0.34076223670446837,0.0,0.5503495392790064,-0.42938250553216223,-0.8893802785886971,True,False,False,True,False,False,False,False,False,False,False,False,False,False,False,True,False,0.8
-1.7028201314932108,-0.9857010631627074,1.0707970470345958,0.9519329185772248,-1.811857549851699,-0.44473064287682923,1.5557719492485564,0.5620589800755535,-0.33090797848173215,-0.5332831638162967,-0.39143222257359384,-0.3389243629591253,-1.0031636067926815,0.21668188658413812,-1.0501161320852281,-0.8232956598554032,-0.4630665697663768,0.0,0.5503495392790064,-0.42938250553216223,-0.8893802785886971,False,True,False,True,False,False,False,False,False,False,False,False,False,False,False,True,False,0.95
0.7131046115114662,0.00812935859966714,0.8704800423058648,0.8860055429231406,-0.6098118800480102,-0.44473064287682923,1.9624259716329662,0.27225609075943363,-0.33090797848173215,1.4555205617921865,0.4700553236350483,-0.24704523422095628,-0.8141598960371439,0.6147489462370705,-0.5991998104042123,-0.8156918265968788,-0.4834506252766948,0.0,0.5503495392790064,-0.42938250553216223,-0.8893802785886971,False,False,True,True,False,False,False,False,False,False,False,False,False,False,False,True,False,1.13
0.26071224724053804,-0.644423446632987,0.7522601706626794,0.7211871037879323,-0.8769331400043855,-0.44473064287682923,0.7581044438022152,0.7794111470626435,0.9228851676830732,1.4555205617921865,0.7228181627136251,-0.3389243629591253,-0.9716629883334252,0.8155885879494392,-0.9359601012799077,-0.8102605171265044,-0.5649868473179671,0.0,0.5503495392790064,-0.42938250553216223,-0.6413301357095853,False,False,False,True,False,False,False,False,False,False,False,False,False,False,False,False,False,1.0
0.7254297272866008,1.6140441945725148,1.1036359002688134,0.9519329185772248,-2.078978809808074,-0.7232868929992161,2.767913746740547,0.5620589800755535,-0.33090797848173215,-0.5332831638162967,-1.0928864919691714,-0.4308034916972943,-1.0241640190988521,0.16972297755067123,-1.0729473382462922,-0.9178004446399204,-0.34076223670446837,0.0,0.5503495392790064,-0.42938250553216223,-0.6413301357095853,True,False,False,True,False,False,False,False,False,False,False,False,False,False,False,True,False,0.78
-1.7028201314932108,-0.9857010631627074,1.3991855793767782,1.298051640761161,-1.9454181798298866,-0.44473064287682923,2.767913746740547,0.48960825774652356,-0.33090797848173215,-0.5332831638162967,-0.19699926943622728,-0.3389243629591253,-1.0031636067926815,0.31493437317723927,-1.0501161320852281,-0.8091742552324294,-0.4834506252766948,0.0,0.5503495392790064,-0.42938250553216223,-0.6413301357095853,False,True,False,True,False,False,False,False,False,False,False,False,False,False,False,True,False,1.02
0.7131046115114662,0.00812935859966714,0.5420915099636826,0.582739614914358,-0.14234967512435354,-0.44473064287682923,2.361259724356137,0.34470681308846357,-0.33090797848173215,1.4555205617921865,0.6121409432354302,-0.24704523422095628,-0.8141598960371439,0.7404543334958908,-0.5820764057834142,-0.8406758501606018,-0.5038346807870129,0.0,0.5503495392790064,-0.42938250553216223,-0.6413301357095853,False,False,True,True,False,False,False,False,False,False,False,False,False,False,False,True,False,1.12
0.26071224724053804,-0.644423446632987,0.09548310597831484,0.08828429750873328,-0.14234967512435354,-0.44473064287682923,3.573401521848127,0.7069604247336135,0.9228851676830732,1.4555205617921865,0.6121409432354302,-0.3389243629591253,-0.9611627821803398,0.789580576792442,-0.9473757043604396,-0.8243819217494781,-0.5649868473179671,0.0,0.5503495392790064,-0.42938250553216223,-0.3932799928304736,False,False,False,False,True,False,False,False,False,True,False,False,False,False,False,False,False,1.0
0.7254297272866008,1.6140441945725148,1.4320244326109957,1.298051640761161,-2.2125394397862617,-0.7232868929992161,2.361259724356137,0.48960825774652356,-0.33090797848173215,-0.5332831638162967,-1.2349721115695553,-0.3848639273282098,-1.0346642252519376,0.18922898591841897,-1.0672395367060263,-0.8515384691013509,-0.34076223670446837,0.0,0.5503495392790064,-0.42938250553216223,-0.3932799928304736,True,False,False,True,False,False,False,False,False,False,False,False,False,False,False,True,False,0.9
-1.7028201314932108,-0.9857010631627074,1.0707970470345958,1.0211566630140114,-1.2776150299389484,-0.7232868929992161,1.9624259716329662,0.7069604247336135,-0.33090797848173215,-0.5332831638162967,-0.2284076695584164,-0.3848639273282098,-1.0241640190988521,0.3590035031932636,-1.06153173516576,-0.8558835166776506,-0.524218736297331,0.0,0.5503495392790064,-0.42938250553216223,-0.3932799928304736,False,True,False,True,False,False,False,False,False,False,False,False,False,False,False,True,False,0.87
0.7131046115114662,0.00812935859966714,0.5420915099636826,0.582739614914358,-0.14234967512435354,-0.1661743927544424,1.9624259716329662,0.34470681308846357,-0.33090797848173215,1.4555205617921865,0.4984724475551247,-0.24704523422095628,-0.8456605144964002,0.760682786618,-0.6334466196458083,-0.8450208977369015,-0.524218736297331,0.0,0.5503495392790064,-0.42938250553216223,-0.3932799928304736,False,False,True,True,False,False,False,False,False,False,False,False,False,False,False,True,False,1.05
0.26071224724053804,-0.644423446632987,0.4238716383204971,0.4179211757791498,-0.4094709350807288,-0.44473064287682923,2.767913746740547,0.7069604247336135,0.9228851676830732,1.4555205617921865,0.5642805240016178,-0.3389243629591253,-0.9506625760272543,0.764295010389806,-0.9416679028201737,-0.8146055647028039,-0.5649868473179671,0.0,0.5503495392790064,-0.42938250553216223,-0.14522984995136187,False,False,False,False,True,False,False,False,False,True,False,False,False,False,False,False,False,1.01
0.7254297272866008,1.6140441945725148,1.1036359002688134,0.9717111312734493,-1.9454181798298866,-1.001843143121603,1.5557719492485564,0.7794111470626435,-0.33090797848173215,-0.5332831638162967,-1.306762740420276,-0.3848639273282098,-1.0241640190988521,0.16611075377886625,-1.0672395367060263,-0.8341582787961523,-0.34076223670446837,0.0,0.5503495392790064,-0.42938250553216223,-0.14522984995136187,True,False,False,True,False,False,False,False,False,False,False,False,False,False,False,True,False,0.94
-1.7028201314932108,-0.9857010631627074,1.3991855793767782,1.3639790164152454,-1.4111756599171361,-0.7232868929992161,1.5557719492485564,0.8518618693916735,-0.33090797848173215,-0.5332831638162967,-0.3061808508133626,-0.3848639273282098,-1.0136638129457667,0.33949749482551483,-1.0558239336254942,-0.8602285642539501,-0.524218736297331,0.0,0.5503495392790064,-0.42938250553216223,-0.14522984995136187,False,True,False,True,False,False,False,False,False,False,False,False,False,False,False,True,False,0.87
0.7131046115114662,0.00812935859966714,0.21370297762150028,0.2531027366439415,0.12477158483202172,-0.1661743927544424,1.9624259716329662,0.27225609075943363,-0.33090797848173215,1.4555205617921865,0.4027516090874978,-0.20110566985187175,-0.8246601021902293,0.7144463223388935,-0.6220310165652763,-0.8515384691013509,-0.544602791807649,0.0,0.5503495392790064,-0.42938250553216223,-0.14522984995136187,False,False,True,True,False,False,False,False,False,False,False,False,False,False,False,True,False,1.05
0.26071224724053804,-0.644423446632987,0.09548310597831484,0.08828429750873328,-0.14234967512435354,-0.44473064287682923,3.1667474994637175,0.7794111470626435,0.9228851676830732,1.4555205617921865,0.6988879530967189,-0.2929847985900408,-0.8981615452618273,0.7989723585991351,-0.8960054904980456,-0.7559474224227588,-0.544602791807649,0.0,0.5503495392790064,-0.42938250553216223,0.10282029292774987,False,False,False,False,True,False,False,False,False,True,False,False,False,False,False,False,False,1.12
0.7254297272866008,1.6140441945725148,1.4320244326109957,1.3145334846746821,-2.078978809808074,-1.001843143121603,1.1569381965253858,0.7069604247336135,-0.33090797848173215,-0.5332831638162967,-1.1751465875272877,-0.3389243629591253,-0.9821631944865106,0.17550253558555942,-1.06153173516576,-0.8059154695502047,-0.29999412568383227,0.0,0.5503495392790064,-0.42938250553216223,0.10282029292774987,True,False,False,True,False,False,False,False,False,False,False,False,False,False,False,True,False,1.01
-1.7028201314932108,-0.9857010631627074,1.3991855793767782,1.3903499666768782,-1.2108347149498546,-0.7232868929992161,1.1569381965253858,0.6345097024045835,-0.33090797848173215,-0.5332831638162967,-0.16708650741509348,-0.3389243629591253,-0.9821631944865106,0.4023501884549255,-1.044408330544962,-0.8591423023598753,-0.524218736297331,0.0,0.5503495392790064,-0.42938250553216223,0.10282029292774987,False,True,False,True,False,False,False,False,False,False,False,False,False,False,False,True,False,0.89
0.7131046115114662,0.00812935859966714,0.21370297762150028,0.2531027366439415,0.12477158483202172,-0.44473064287682923,1.5557719492485564,0.27225609075943363,-0.33090797848173215,1.4555205617921865,0.49548117135301195,-0.15516610548278725,-0.7301582468124608,0.7368421097240858,-0.53070619192102,-0.8406758501606018,-0.524218736297331,0.0,0.5503495392790064,-0.42938250553216223,0.10282029292774987,False,False,True,True,False,False,False,False,False,False,False,False,False,False,False,True,False,1.1
0.26071224724053804,-0.644423446632987,0.09548310597831484,0.055320609681691155,-0.4094709350807288,-0.44473064287682923,2.767913746740547,0.7794111470626435,-0.33090797848173215,1.4555205617921865,0.926224944457332,-0.24704523422095628,-0.8141598960371439,0.7996948033534965,-0.787557261232991,-0.6071295429344961,-0.5038346807870129,0.0,0.5503495392790064,-0.42938250553216223,0.3508704358068616,False,False,False,False,True,False,False,False,False,True,False,False,False,False,False,False,False,1.44
0.7254297272866008,1.6140441945725148,1.1036359002688134,1.0310457693621242,-1.4779559749062299,-0.7232868929992161,2.361259724356137,0.9243125917207035,-0.33090797848173215,-0.5332831638162967,-1.0869039395649458,-0.2929847985900408,-0.9086617514149127,0.11481717621923196,-1.0501161320852281,-0.7809314459864818,-0.21845790364256,0.0,0.5503495392790064,-0.42938250553216223,0.3508704358068616,True,False,False,True,False,False,False,False,False,False,False,False,False,False,False,True,False,1.07
-1.7028201314932108,-0.9857010631627074,1.3991855793767782,1.3639790164152454,-1.4111756599171361,-0.7232868929992161,1.1569381965253858,0.5620589800755535,-0.33090797848173215,-0.5332831638162967,-0.06089620224007091,-0.3389243629591253,-0.9296621637210836,0.3835666248415381,-1.027284925924164,-0.8493659453132011,-0.5038346807870129,0.0,0.5503495392790064,-0.42938250553216223,0.3508704358068616,False,True,False,True,False,False,False,False,False,False,False,False,False,False,False,True,False,0.92
0.7131046115114662,0.00812935859966714,-0.11468555472068201,-0.07323777284377146,0.391892844788397,-0.1661743927544424,1.1569381965253858,0.34470681308846357,0.9228851676830732,1.4555205617921865,0.5986802003259217,-0.10922654111370278,-0.5726551545161795,0.7231156593912264,-0.3252253364714432,-0.7907078030331559,-0.4834506252766948,0.0,0.5503495392790064,-0.42938250553216223,0.3508704358068616,False,False,True,True,False,False,False,False,False,False,False,False,False,False,False,False,False,1.23
0.26071224724053804,-0.644423446632987,-0.23290542636386743,-0.2380562119789797,0.12477158483202172,-0.1661743927544424,1.9624259716329662,0.7794111470626435,-0.33090797848173215,1.4555205617921865,1.1401011929084346,-0.2929847985900408,-0.7301582468124608,0.7563481180918347,-0.7076480396692667,-0.45722540155215835,-0.4630665697663768,0.0,0.5503495392790064,-0.42938250553216223,0.5989205786859734,False,False,False,True,False,False,False,False,False,False,False,False,False,False,False,True,False,1.77
0.7254297272866008,1.6140441945725148,0.44685883558444883,0.40803206943103687,-0.6765921950371041,-0.1661743927544424,3.573401521848127,0.9243125917207035,-0.33090797848173215,-0.5332831638162967,-0.9762267200867509,-0.3389243629591253,-0.8246601021902293,0.049074703572377726,-1.038700529004696,-0.7700688270457325,-0.13692168160128773,0.0,0.5503495392790064,-0.42938250553216223,0.5989205786859734,True,False,False,True,False,False,False,False,False,False,False,False,False,False,False,True,False,1.1
-1.7028201314932108,-0.9857010631627074,1.0675131617111735,0.9980820815350822,-1.4111756599171361,-0.44473064287682923,1.1569381965253858,0.7069604247336135,-0.33090797848173215,-0.5332831638162967,0.04379846483389635,-0.3848639273282098,-0.8876613391087419,0.44425198420786555,-1.015869322843632,-0.8471934215250513,-0.5038346807870129,0.0,0.5503495392790064,-0.42938250553216223,0.5989205786859734,False,True,False,True,False,False,False,False,False,False,False,False,False,False,False,True,False,0.92
0.7131046115114662,0.00812935859966714,-0.11468555472068201,-0.030384978668616475,0.725794419733866,-0.1661743927544424,0.7581044438022152,0.19980536843040364,0.9228851676830732,1.4555205617921865,0.6869228482882637,-0.15516610548278725,-0.4361524745260693,0.6667649685510653,-0.1596990918037285,-0.7353084464353355,-0.4426825142560587,0.0,0.5503495392790064,-0.42938250553216223,0.5989205786859734,False,False,True,True,False,False,False,False,False,False,False,False,False,False,False,False,False,1.35
0.26071224724053804,-0.644423446632987,-0.23290542636386743,-0.2380562119789797,0.12477158483202172,0.11238185736794444,2.361259724356137,0.7069604247336135,-0.33090797848173215,-0.5332831638162967,1.1745008692327386,-0.4308034916972943,-0.5936555668223503,0.55189625260766,-0.6562778258068724,-0.33121902183946883,-0.40191440323542255,0.0,0.5503495392790064,-0.42938250553216223,0.846970721565085,False,False,False,True,False,False,False,False,False,False,False,False,False,False,False,True,False,2.03
0.7254297272866008,1.6140441945725148,-0.538306761442098,-0.5841749341629161,0.05799126984292791,0.11238185736794444,1.5557719492485564,0.9243125917207035,-0.33090797848173215,-0.5332831638162967,-0.9298619389539938,-0.4308034916972943,-0.6041557729754358,-0.33887812951950014,-1.0329927274644302,-0.7787589221983319,0.18922320656380123,0.0,0.5503495392790064,-0.42938250553216223,0.846970721565085,True,False,False,True,False,False,False,False,False,False,False,False,False,False,False,True,False,1.11
-1.7028201314932108,-0.9857010631627074,0.7424085146924135,0.63218514665492,-1.4779559749062299,-0.1661743927544424,0.7581044438022152,0.7794111470626435,-0.33090797848173215,-0.5332831638162967,0.1185803698867298,-0.4308034916972943,-0.6566568037408629,0.3351628262993484,-1.0044537197630998,-0.8135193028087291,-0.3815303477251045,0.0,0.5503495392790064,-0.42938250553216223,0.846970721565085,False,True,False,True,False,False,False,False,False,False,False,False,False,False,False,True,False,0.98
0.7131046115114662,0.00812935859966714,-0.4430740870628643,-0.40287465111418796,0.6590141047447723,0.11238185736794444,-0.04738333130536522,0.27225609075943363,0.9228851676830732,-0.5332831638162967,0.7273050770167953,-0.3848639273282098,-0.13164649608659235,0.4724273296279461,0.05148956518611444,-0.667960209002691,-0.34076223670446837,0.0,0.5503495392790064,-0.42938250553216223,0.846970721565085,False,False,True,True,False,False,False,False,False,False,False,False,False,False,False,False,False,1.5
0.26071224724053804,-0.644423446632987,-0.5612939587060497,-0.5676930902493962,0.391892844788397,0.3909381074903313,1.1569381965253858,0.7069604247336135,-1.047361204861621,-0.5332831638162967,1.379403289077503,-0.5226826204354633,-0.48865350529149626,0.41029708075289684,-0.6220310165652763,-0.19869507076232967,-0.2796100701735142,0.0,0.5503495392790064,-0.42938250553216223,1.0950208644441968,False,False,False,True,False,False,False,False,False,False,True,False,False,False,False,False,False,2.27
0.7254297272866008,1.6140441945725148,-0.8666952937842803,-0.9138118124333325,0.32511252979930316,0.6694943576127181,0.7581044438022152,0.9243125917207035,0.9228851676830732,-0.5332831638162967,-0.8535843958001051,-0.5226826204354633,-0.3416506191483005,-0.890103477096972,-1.027284925924164,-0.7852764935627814,0.6988245943217529,0.0,0.5503495392790064,-0.42938250553216223,1.0950208644441968,True,False,False,True,False,False,False,False,False,False,False,False,False,False,False,False,False,1.13
-1.7028201314932108,-0.9857010631627074,0.085631450008049,-0.017199503537800098,-0.8769331400043855,0.3909381074903313,1.1569381965253858,0.7069604247336135,-0.33090797848173215,-0.5332831638162967,0.3563868279547407,-0.5226826204354633,-0.3521508253013859,0.15382919295472847,-0.9873303151423019,-0.7342221845412605,-0.1573057371116058,0.0,0.5503495392790064,-0.42938250553216223,1.0950208644441968,False,True,False,True,False,False,False,False,False,False,False,False,False,False,False,True,False,1.14
0.7131046115114662,0.00812935859966714,-0.7714626194050466,-0.6270277283380711,1.7274991445702732,0.3909381074903313,-0.04738333130536522,0.27225609075943363,0.9228851676830732,-0.5332831638162967,0.972589725590089,-0.5226826204354633,0.20436010081214084,0.28820391726588157,0.33117184065914945,-0.5625928052774247,-0.1776897926219239,0.0,0.5503495392790064,-0.42938250553216223,1.0950208644441968,False,False,True,True,False,False,False,False,False,False,False,False,False,False,False,False,False,1.74
0.26071224724053804,-0.644423446632987,-0.9290891149292942,-0.8940335997371079,0.9929156796902413,0.3909381074903313,-0.04738333130536522,0.6345097024045835,-1.6921691086035209,-0.5332831638162967,1.5588798612043036,-0.5226826204354633,-0.4466526806791546,0.3048201466161857,-0.6163232150250104,-0.09115514324891352,-0.25922601466319617,0.0,0.5503495392790064,-0.42938250553216223,1.3430710073233085,False,False,False,False,False,False,False,False,True,False,False,False,False,False,False,False,False,2.48
0.7254297272866008,1.6140441945725148,-1.1950838261264627,-1.2335595843556373,0.6590141047447723,0.6694943576127181,-0.45403735368977466,0.7794111470626435,0.9228851676830732,-0.5332831638162967,-0.7788024907472717,-0.5226826204354633,-0.12114628993350694,-1.2867256472411817,-1.021577124383898,-0.7841902316687065,1.1676578710590684,0.0,0.5503495392790064,-0.42938250553216223,1.3430710073233085,True,False,False,True,False,False,False,False,False,False,False,False,False,False,False,False,False,1.17
-1.7028201314932108,-0.9857010631627074,-0.5711456146763155,-0.6896587352094494,-0.4762512500698226,0.6694943576127181,1.1569381965253858,0.5620589800755535,-0.33090797848173215,-0.5332831638162967,0.5553066953952774,-0.5226826204354633,-0.16314711454584863,0.046184924554933116,-0.9759147120617698,-0.6592701138500917,0.026150762481256692,0.0,0.5503495392790064,-0.42938250553216223,1.3430710073233085,False,True,False,True,False,False,False,False,False,False,False,False,False,False,False,True,False,1.28
0.7131046115114662,0.00812935859966714,-1.099851151747229,-0.9368863939122618,2.1281810345048364,0.3909381074903313,-0.45403735368977466,0.19980536843040364,-0.33090797848173215,-0.5332831638162967,1.2328307551739488,-0.5226826204354633,0.38286360541459274,0.16611075377886625,0.4795746807060662,-0.4626567110225329,-0.05538545956001552,0.0,0.5503495392790064,-0.42938250553216223,1.3430710073233085,False,False,True,True,False,False,False,False,False,False,False,False,False,False,False,True,False,1.99
0.26071224724053804,-0.644423446632987,-1.2738970738885858,-1.319265172705945,0.6590141047447723,0.6694943576127181,-0.8528711064129453,0.12735464610137365,-0.33090797848173215,-0.5332831638162967,1.8116427002828803,1.4067790830660858,1.6323881376317568,-1.8798527905715947,-0.9188366966591095,1.4285252465618863,0.3930637616669819,0.0,0.5503495392790064,-0.3238859878538159,-1.6335307072260323,False,False,False,True,False,False,False,False,False,False,False,False,False,False,False,True,False,5.33
0.7254297272866008,1.6140441945725148,-0.8601275231374357,-0.9039227060852209,0.32511252979930316,0.6694943576127181,-1.6583588815205257,-1.466561245137286,-0.33090797848173215,-2.52208688942478,-1.1601902065167218,1.03926256811341,0.7608710269256677,-3.501741264112125,-1.0672395367060263,-0.7559474224227588,0.7192086498320708,0.0,0.5503495392790064,-0.3238859878538159,-1.6335307072260323,True,False,False,True,False,False,False,False,False,False,False,False,False,False,False,True,False,1.45
-1.7028201314932108,-0.9857010631627074,-1.2279226793606801,-1.3126724351405368,0.32511252979930316,0.948050607735105,-1.2595251287973548,-1.394110522808256,-1.7638144312415096,-0.5332831638162967,0.9815635541964294,1.9121142911260156,1.9473943222243189,-1.2375994039446316,-0.9245444981993757,-0.41377492578916203,4.612563252302821,0.0,0.5503495392790064,-0.3238859878538159,-1.6335307072260323,False,True,False,False,False,False,False,False,True,False,False,False,False,False,False,False,False,1.9
0.7131046115114662,0.00812935859966714,-0.7714626194050466,-0.7226224230364916,0.9929156796902413,0.6694943576127181,1.1569381965253858,-0.01754679855668632,-0.33090797848173215,-0.5332831638162967,1.149075021514775,-0.20110566985187175,0.6873695838540697,-0.7586185318032636,-0.27956292414931494,0.6920396823790969,-0.2388419591528781,0.0,0.5503495392790064,-0.3238859878538159,-1.6335307072260323,False,False,True,True,False,False,False,False,False,False,False,False,False,False,False,True,False,4.07
0.26071224724053804,-0.644423446632987,-1.1097028077174946,-1.1379648896572157,0.6590141047447723,0.6694943576127181,-1.0640183872663886,0.12735464610137365,0.9228851676830732,-0.5332831638162967,1.4855935942525254,2.325570370447776,1.0443765930589737,-1.5439159797937114,-0.8160962689343211,1.4274389846678113,0.474599983708254,0.0,0.5503495392790064,-0.3238859878538159,-1.3854805643469206,False,False,False,True,False,False,False,False,False,False,False,False,False,False,False,False,False,5.25
0.7254297272866008,1.6140441945725148,-0.538306761442098,-0.5841749341629161,0.05799126984292791,0.6694943576127181,-1.2595251287973548,0.8518618693916735,0.9228851676830732,-2.52208688942478,-1.176642225628345,1.2689603899588324,0.18335968850597,-2.8399818691174143,-1.021577124383898,-0.6744777803671405,0.9842013714662056,0.0,0.5503495392790064,-0.3238859878538159,-1.3854805643469206,True,False,False,True,False,False,False,False,False,False,False,False,False,False,False,False,False,1.62
-1.7028201314932108,-0.9857010631627074,-1.2279226793606801,-1.3456361229675788,0.05799126984292791,0.948050607735105,-0.45403735368977466,-1.466561245137286,-1.7638144312415096,-0.5332831638162967,0.9022947348404258,2.8309055785077053,1.3278821591922798,-1.227485177383577,-0.9530835059007057,-0.3583755691913415,3.7564329208694627,0.0,0.5503495392790064,-0.3238859878538159,-1.3854805643469206,False,True,False,False,False,False,False,False,True,False,False,False,False,False,False,False,False,2.04
0.7131046115114662,0.00812935859966714,-0.4430740870628643,-0.43583833894122886,0.391892844788397,0.6694943576127181,0.7581044438022152,0.05490392377234366,-0.33090797848173215,-0.5332831638162967,0.9606246207816359,0.07453171636263528,0.43536463618001986,-0.6712027165255774,-0.11403667948160026,0.6203463973701527,-0.2388419591528781,0.0,0.5503495392790064,-0.3238859878538159,-1.3854805643469206,False,False,True,True,False,False,False,False,False,False,False,False,False,False,False,True,False,3.84
0.26071224724053804,-0.644423446632987,-0.5612939587060497,-0.5676930902493962,0.391892844788397,0.6694943576127181,-0.8528711064129453,0.41715753541749356,0.9228851676830732,-0.5332831638162967,0.7811480486548352,-0.01734741237553375,-0.6146559791285212,-0.12503448222863225,-0.7133558412095328,0.7930620385280635,-0.4222984587457406,0.0,0.5503495392790064,-0.3238859878538159,-1.1374304214678088,False,False,False,True,False,False,False,False,False,False,False,False,False,False,False,False,False,3.83
0.7254297272866008,1.6140441945725148,-0.20991822909991575,-0.2578344246752043,-0.20912999011344735,0.6694943576127181,0.7581044438022152,0.7069604247336135,0.9228851676830732,-0.5332831638162967,-0.2553291553774375,-0.20110566985187175,-0.8351603083433148,-0.2753029911357281,-0.9017132920383115,-0.45070783018770894,-0.11653762609096965,0.0,0.5503495392790064,-0.3238859878538159,-1.1374304214678088,True,False,False,True,False,False,False,False,False,False,False,False,False,False,False,False,False,2.01
-1.7028201314932108,-0.9857010631627074,-0.5711456146763155,-0.6896587352094494,-0.4762512500698226,0.6694943576127181,-0.8528711064129453,-1.466561245137286,-1.7638144312415096,1.4555205617921865,0.7691829438463822,0.028592151993550734,-0.6146559791285212,1.005591558346392,-1.038700529004696,-0.5300049484551773,0.4338318726876181,0.0,0.5503495392790064,-0.3238859878538159,-1.1374304214678088,False,True,False,False,False,False,False,False,True,False,False,False,False,False,False,False,False,1.53
0.7131046115114662,0.00812935859966714,-0.11468555472068201,-0.10949782945351709,0.12477158483202172,0.6694943576127181,0.35145042141780575,0.05490392377234366,-0.33090797848173215,-0.5332831638162967,0.6076540289322622,0.12047128073171982,-0.3416506191483005,-0.20594829471706885,-0.17682249642452658,0.11088956904901977,-0.4630665697663768,0.0,0.5503495392790064,-0.3238859878538159,-1.1374304214678088,False,False,True,True,False,False,False,False,False,False,False,False,False,False,False,True,False,2.88
0.26071224724053804,-0.644423446632987,0.019953743539612774,-0.0633486664956586,-0.6765921950371041,0.6694943576127181,0.35145042141780575,0.5620589800755535,0.9228851676830732,-0.5332831638162967,0.39976033288538504,-0.24704523422095628,-0.866660926802571,0.047629814063655934,-0.759018253531661,0.3248831621817772,-0.5038346807870129,0.0,0.5503495392790064,-0.3238859878538159,-0.8893802785886971,False,False,False,True,False,False,False,False,False,False,False,False,False,False,False,False,False,3.0
0.7254297272866008,1.6140441945725148,0.11847030324226653,0.08169155994332508,-0.4094709350807288,0.6694943576127181,0.7581044438022152,0.6345097024045835,0.9228851676830732,-0.5332831638162967,-0.24336405056898439,-0.2929847985900408,-0.9716629883334252,-0.05784712007305623,-0.9302522997396415,-0.42681006851806097,-0.19807384813224196,0.0,0.5503495392790064,-0.3238859878538159,-0.8893802785886971,True,False,False,True,False,False,False,False,False,False,False,False,False,False,False,False,False,2.06
-1.7028201314932108,-0.9857010631627074,-0.2427570823341333,-0.35342911937362476,-0.6765921950371041,0.6694943576127181,-0.8528711064129453,-1.466561245137286,-0.33090797848173215,1.4555205617921865,0.40125597098644034,-0.24704523422095628,-0.8771611329556565,1.2945694600908073,-1.06153173516576,-0.6570975900619419,0.04653481799157477,0.0,0.5503495392790064,-0.3238859878538159,-0.8893802785886971,False,True,False,True,False,False,False,False,False,False,False,False,False,False,False,True,False,1.3
0.7131046115114662,0.00812935859966714,0.21370297762150028,0.22013904881689939,-0.14234967512435354,0.6694943576127181,-0.45403735368977466,0.27225609075943363,-0.33090797848173215,-0.5332831638162967,0.24720524657760326,-0.06328697674461824,-0.6461565975877774,-0.016667769074476514,-0.20536150412585671,-0.11179411923633677,-0.5038346807870129,0.0,0.5503495392790064,-0.3238859878538159,-0.8893802785886971,False,False,True,True,False,False,False,False,False,False,False,False,False,False,False,True,False,2.51
0.26071224724053804,-0.644423446632987,-0.23290542636386743,-0.2380562119789797,0.12477158483202172,0.3909381074903313,0.7581044438022152,0.8518618693916735,0.9228851676830732,-0.5332831638162967,0.12456292229095742,-0.2929847985900408,-0.9296621637210836,0.03462580848515675,-0.7418948489108629,0.08916433116752163,-0.5038346807870129,0.0,0.5503495392790064,-0.3238859878538159,-0.6413301357095853,False,False,False,True,False,False,False,False,False,False,False,False,False,False,False,False,False,2.61
0.7254297272866008,1.6140441945725148,0.10205087662515834,0.0025787091584244704,-0.8769331400043855,0.3909381074903313,1.1569381965253858,0.8518618693916735,0.9228851676830732,-0.5332831638162967,-0.38544967016936627,-0.3389243629591253,-1.0136638129457667,-0.054234896301251244,-0.9473757043604396,-0.4148611876832369,-0.19807384813224196,0.0,0.5503495392790064,-0.3238859878538159,-0.6413301357095853,True,False,False,True,False,False,False,False,False,False,False,False,False,False,False,False,False,2.12
-1.7028201314932108,-0.9857010631627074,0.4140199823502313,0.3454010625596585,-0.8769331400043855,0.3909381074903313,-0.8528711064129453,-1.466561245137286,-0.33090797848173215,1.4555205617921865,0.12456292229095742,-0.2929847985900408,-0.9296621637210836,1.332136587317582,-1.044408330544962,-0.6614426376382415,-0.0757695150703336,0.0,0.5503495392790064,-0.3238859878538159,-0.6413301357095853,False,True,False,True,False,False,False,False,False,False,False,False,False,False,False,True,False,1.34
0.7131046115114662,0.00812935859966714,0.21370297762150028,0.22013904881689939,-0.14234967512435354,0.6694943576127181,0.35145042141780575,0.27225609075943363,0.9228851676830732,-0.5332831638162967,-0.0055575925009734755,-0.10922654111370278,-0.7301582468124608,0.05268692734418271,-0.056958664078940104,-0.20086759455047945,-0.524218736297331,0.0,0.5503495392790064,-0.3238859878538159,-0.6413301357095853,False,False,True,True,False,False,False,False,False,False,False,False,False,False,False,False,False,2.45
0.26071224724053804,-0.644423446632987,1.3827661527596689,1.492537398940707,-0.27591030510254116,0.3909381074903313,2.416001611984808,0.6200195579387775,1.8184517006579342,-0.5332831638162967,0.1066152650782767,-0.2929847985900408,-0.940162369874169,0.10687028392126058,-0.7076480396692667,-0.14546823795265904,-0.5038346807870129,0.0,0.5503495392790064,-0.3238859878538159,-0.3932799928304736,False,False,False,True,False,False,False,False,False,False,False,False,False,False,True,False,False,2.22
0.7254297272866008,1.6140441945725148,0.7752473679266311,0.7178907350052288,-1.0772740849716669,0.11238185736794444,0.35145042141780575,0.7794111470626435,0.9228851676830732,-0.5332831638162967,-0.4063886035841597,-0.3848639273282098,-1.0241640190988521,0.06858071194012547,-0.9816225136020358,-0.48003690132773147,-0.2388419591528781,0.0,0.5503495392790064,-0.3238859878538159,-0.3932799928304736,True,False,False,True,False,False,False,False,False,False,False,False,False,False,False,False,False,2.0
-1.7028201314932108,-0.9857010631627074,0.7424085146924135,0.6816306783954832,-1.0772740849716669,0.11238185736794444,-0.45403735368977466,-1.466561245137286,-1.7638144312415096,1.4555205617921865,0.22776195126386725,-0.3389243629591253,-0.9506625760272543,2.0950382479228375,-1.021577124383898,-0.7635512556812831,-0.32037818119415035,0.0,0.5503495392790064,-0.3238859878538159,-0.3932799928304736,False,True,False,False,False,False,False,False,True,False,False,False,False,False,False,False,False,1.22
0.7131046115114662,0.00812935859966714,0.21370297762150028,0.18387899220715376,-0.4094709350807288,0.6694943576127181,0.35145042141780575,0.34470681308846357,0.9228851676830732,-0.5332831638162967,-0.023505249713654183,-0.10922654111370278,-0.761658865271717,0.22029411035594412,0.09144417596797651,-0.33230528373354373,-0.5649868473179671,0.0,0.5503495392790064,-0.3238859878538159,-0.3932799928304736,False,False,True,True,False,False,False,False,False,False,False,False,False,False,False,False,False,2.34
0.26071224724053804,-0.644423446632987,-0.23290542636386743,-0.2743162685887253,-0.14234967512435354,0.3909381074903313,1.5557719492485564,0.8518618693916735,0.9228851676830732,-0.5332831638162967,-0.1984949075372826,-0.2929847985900408,-0.940162369874169,0.09242138883403961,-0.6619856273471386,-0.42681006851806097,-0.524218736297331,0.0,0.5503495392790064,-0.3238859878538159,-0.14522984995136187,False,False,False,True,False,False,False,False,False,False,False,False,False,False,False,False,False,1.7
0.7254297272866008,1.6140441945725148,1.1036359002688134,1.057416719623758,-1.2776150299389484,0.11238185736794444,0.35145042141780575,0.6345097024045835,0.9228851676830732,-0.5332831638162967,-0.6142822996310368,-0.3848639273282098,-1.0241640190988521,-0.038341111705307455,-1.0044537197630998,-0.4441902588232594,-0.2388419591528781,0.0,0.5503495392790064,-0.3238859878538159,-0.14522984995136187,True,False,False,True,False,False,False,False,False,False,False,False,False,False,False,False,False,2.13
-1.7028201314932108,-0.9857010631627074,1.0707970470345958,1.0211566630140114,-1.2776150299389484,0.11238185736794444,-0.04738333130536522,-1.466561245137286,-1.7638144312415096,1.4555205617921865,0.1185803698867298,-0.3389243629591253,-0.9506625760272543,2.418693497876583,-0.9702069105215038,-0.753774898634609,-0.4222984587457406,0.0,0.5503495392790064,-0.3238859878538159,-0.14522984995136187,False,True,False,False,False,False,False,False,True,False,False,False,False,False,False,False,False,1.34
0.7131046115114662,0.00812935859966714,0.5420915099636826,0.5234049768256831,-0.6098118800480102,0.3909381074903313,0.35145042141780575,0.48960825774652356,0.9228851676830732,-0.5332831638162967,-0.2957113841059669,-0.10922654111370278,-0.7196580406593754,0.24413478724985826,0.1428143898303709,-0.5919218764174473,-0.5649868473179671,0.0,0.5503495392790064,-0.3238859878538159,-0.14522984995136187,False,False,True,True,False,False,False,False,False,False,False,False,False,False,False,False,False,1.8
0.26071224724053804,-0.644423446632987,-0.0687111601927763,-0.12597967336703814,-0.4094709350807288,0.3909381074903313,1.3837260167013066,0.8518618693916735,0.9228851676830732,-0.5332831638162967,-0.36002382245140474,-0.2929847985900408,-0.9191619575679981,0.061356264396515495,-0.6106154134847442,-0.5234873770907279,-0.524218736297331,0.0,0.5503495392790064,-0.3238859878538159,0.10282029292774987,False,False,False,True,False,False,False,False,False,False,False,False,False,False,False,False,False,1.52
0.7254297272866008,1.6140441945725148,1.110203670915658,1.090380407450799,-1.0772740849716669,-0.1661743927544424,1.1569381965253858,0.9243125917207035,0.9228851676830732,-0.5332831638162967,-0.8431149290927074,-0.3848639273282098,-1.0136638129457667,-0.13948337731585322,-1.021577124383898,-0.4496215682936341,-0.21845790364256,0.0,0.5503495392790064,-0.3238859878538159,0.10282029292774987,True,False,False,True,False,False,False,False,False,False,False,False,False,False,False,False,False,2.1
-1.7028201314932108,-0.9857010631627074,1.3991855793767782,1.3639790164152454,-1.4111756599171361,-0.44473064287682923,-0.45403735368977466,-1.466561245137286,-1.7638144312415096,1.4555205617921865,-0.0908089642612026,-0.3389243629591253,-0.940162369874169,2.3153838980029553,-0.9302522997396415,-0.6114745905107957,-0.4834506252766948,0.0,0.5503495392790064,-0.3238859878538159,0.10282029292774987,False,True,False,False,False,False,False,False,True,False,False,False,False,False,False,False,False,1.7
0.7131046115114662,0.00812935859966714,0.21370297762150028,0.22013904881689939,-0.14234967512435354,0.3909381074903313,0.7581044438022152,0.6345097024045835,0.9228851676830732,-0.5332831638162967,-0.46621412762642733,-0.06328697674461824,-0.6776572160470337,0.2614734613545228,0.20560020677329707,-0.6853403993078896,-0.5853709028282852,0.0,0.5503495392790064,-0.3238859878538159,0.10282029292774987,False,False,True,True,False,False,False,False,False,False,False,False,False,False,False,False,False,1.65
0.26071224724053804,-0.644423446632987,0.019953743539612774,0.0058750779411291506,-0.14234967512435354,0.11238185736794444,1.1569381965253858,0.8518618693916735,0.9228851676830732,-0.5332831638162967,-0.3585281843503473,-0.24704523422095628,-0.8561607206494856,0.06785826718576508,-0.4907515811391579,-0.5680241147477993,-0.544602791807649,0.0,0.5503495392790064,-0.3238859878538159,0.3508704358068616,False,False,False,True,False,False,False,False,False,False,False,False,False,False,False,False,False,1.45
0.7254297272866008,1.6140441945725148,1.1036359002688134,1.0804913011026862,-1.0772740849716669,-0.1661743927544424,-0.04738333130536522,1.1416647587077935,0.9228851676830732,-0.5332831638162967,-0.8939666245286346,-0.3389243629591253,-0.940162369874169,-0.20956051848887386,-1.027284925924164,-0.4289825923062107,-0.1573057371116058,0.0,0.5503495392790064,-0.3238859878538159,0.3508704358068616,True,False,False,True,False,False,False,False,False,False,False,False,False,False,False,False,False,2.15
-1.7028201314932108,-0.9857010631627074,1.3991855793767782,1.3409044349363162,-1.6115166048844174,-0.44473064287682923,-0.04738333130536522,0.9243125917207035,-1.7638144312415096,1.4555205617921865,0.027346445722273075,-0.2929847985900408,-0.8771611329556565,2.0820342423443394,-0.8389274750953852,-0.3116663077461205,-0.524218736297331,0.0,0.5503495392790064,-0.3238859878538159,0.3508704358068616,False,True,False,False,False,False,False,False,True,False,False,False,False,False,False,False,False,2.42
0.7131046115114662,0.00812935859966714,0.5420915099636826,0.582739614914358,-0.14234967512435354,0.3909381074903313,0.35145042141780575,0.6345097024045835,0.9228851676830732,-0.5332831638162967,-0.41685807029155747,-0.06328697674461824,-0.47815329913841087,0.27158768791557736,0.35400304682021355,-0.7439985415879348,-0.544602791807649,0.0,0.5503495392790064,-0.3238859878538159,0.3508704358068616,False,False,True,True,False,False,False,False,False,False,False,False,False,False,False,False,False,1.54
0.26071224724053804,-0.644423446632987,-0.23618931168728977,-0.2413525807616832,0.12477158483202172,0.3909381074903313,0.7581044438022152,0.9243125917207035,0.9228851676830732,-0.5332831638162967,-0.36151946055246004,-0.24704523422095628,-0.7511586591186316,0.0143973553630476,-0.3366409395519752,-0.5745416861122488,-0.524218736297331,0.0,0.5503495392790064,-0.3238859878538159,0.5989205786859734,False,False,False,True,False,False,False,False,False,False,False,False,False,False,False,False,False,1.42
0.7254297272866008,1.6140441945725148,0.44685883558444883,0.3552901689077702,-1.0772740849716669,-0.1661743927544424,0.7581044438022152,0.9967633140497334,0.9228851676830732,-0.5332831638162967,-1.0255827774216209,-0.2929847985900408,-0.8141598960371439,-0.37572281199191243,-0.9987459182228339,-0.4050848306365627,-0.014617348539379356,0.0,0.5503495392790064,-0.3238859878538159,0.5989205786859734,True,False,False,True,False,False,False,False,False,False,False,False,False,False,False,False,False,2.26
-1.7028201314932108,-0.9857010631627074,1.7275741117189605,1.81887790842842,-1.7450772348626051,-0.44473064287682923,-0.04738333130536522,0.8518618693916735,-1.7638144312415096,1.4555205617921865,0.2980569420135305,-0.24704523422095628,-0.7931594837309732,1.6680733980954643,-0.7133558412095328,0.08156049790899723,-0.524218736297331,0.0,0.5503495392790064,-0.3238859878538159,0.5989205786859734,False,True,False,False,False,False,False,False,True,False,False,False,False,False,False,False,False,3.35
0.7131046115114662,0.00812935859966714,-0.11468555472068201,-0.030384978668616475,0.725794419733866,0.3909381074903313,-0.45403735368977466,0.7069604247336135,-0.33090797848173215,-0.5332831638162967,-0.3645107367545728,-0.06328697674461824,-0.13164649608659235,0.12637629228900832,0.5138214899476623,-0.7765863984101821,-0.4630665697663768,0.0,0.5503495392790064,-0.3238859878538159,0.5989205786859734,False,False,True,True,False,False,False,False,False,False,False,False,False,False,False,True,False,1.46
0.26071224724053804,-0.644423446632987,-0.5809972706465815,-0.5545076151185786,0.6590141047447723,0.3909381074903313,0.35145042141780575,0.9243125917207035,-0.33090797848173215,-0.5332831638162967,-0.3241285080260433,-0.3389243629591253,-0.6146559791285212,-0.07663068368644256,-0.19965370258559068,-0.5767142099003986,-0.5038346807870129,0.0,0.5503495392790064,-0.3238859878538159,0.846970721565085,False,False,False,True,False,False,False,False,False,False,False,False,False,False,False,True,False,1.39
0.7254297272866008,1.6140441945725148,0.11847030324226653,0.045431503333579454,-0.6765921950371041,0.11238185736794444,-0.45403735368977466,1.0692140363787634,0.9228851676830732,-0.5332831638162967,-1.1213036158892478,-0.3389243629591253,-0.6461565975877774,-0.5137097600748716,-0.9359601012799077,-0.39856725927211323,0.1280710400328471,0.0,0.5503495392790064,-0.3238859878538159,0.846970721565085,True,False,False,True,False,False,False,False,False,False,False,False,False,False,False,False,False,2.36
-1.7028201314932108,-0.9857010631627074,1.3991855793767782,1.3409044349363162,-1.6115166048844174,-0.1661743927544424,0.35145042141780575,0.8518618693916735,-1.7638144312415096,1.4555205617921865,0.3803170375716469,-0.3389243629591253,-0.6986576283532046,1.317687692230361,-0.6562778258068724,0.27926016263063097,-0.5038346807870129,0.0,0.5503495392790064,-0.3238859878538159,0.846970721565085,False,True,False,False,False,False,False,False,True,False,False,False,False,False,False,False,False,3.76
0.7131046115114662,0.00812935859966714,-0.4430740870628643,-0.31716906276387913,1.3268172546357104,0.3909381074903313,-0.8528711064129453,0.5620589800755535,-0.33090797848173215,-0.5332831638162967,-0.24785096487215455,-0.24704523422095628,0.26736133773065335,-0.06868379138847118,0.5766073068905886,-0.8004841600798301,-0.3815303477251045,0.0,0.5503495392790064,-0.3238859878538159,0.846970721565085,False,False,True,True,False,False,False,False,False,False,False,False,False,False,False,True,False,1.37
0.26071224724053804,-0.644423446632987,-0.23618931168728977,-0.31057632519847095,-0.4094709350807288,0.948050607735105,-0.8528711064129453,0.8518618693916735,-1.047361204861621,-0.5332831638162967,1.065319287855601,7.011405936094396,2.3569023621946497,-3.381092990133832,-0.7304792458303309,1.1580460349372335,0.8211289273836612,0.0,0.5503495392790064,-0.21838947017546959,-1.3854805643469206,False,False,False,True,False,False,False,False,False,False,True,False,False,False,False,False,False,5.35
0.7254297272866008,1.6140441945725148,-0.8666952937842803,-0.8709590182581788,0.6590141047447723,1.2266068578574918,-1.6583588815205257,-1.466561245137286,0.9228851676830732,-2.52208688942478,-1.4368832552122048,1.6824164692805927,0.05735721466894496,-3.248163155331401,-1.021577124383898,-0.3953084735898885,0.9638173159558877,0.0,0.5503495392790064,-0.21838947017546959,-1.3854805643469206,True,False,False,True,False,False,False,False,False,False,False,False,False,False,False,False,False,3.08
-1.7028201314932108,-0.9857010631627074,-0.2427570823341333,-0.284205374936837,-0.14234967512435354,0.6694943576127181,-0.8528711064129453,-1.466561245137286,-0.33090797848173215,-0.5332831638162967,0.40873416149172326,3.0606034003531284,1.8528924668465503,-0.7817367639428163,-0.798972864313523,-0.07486121483778983,2.961454755967058,0.0,0.5503495392790064,-0.21838947017546959,-1.3854805643469206,False,True,False,True,False,False,False,False,False,False,False,False,False,False,False,True,False,3.23
0.7131046115114662,0.00812935859966714,-0.11468555472068201,-0.10949782945351709,0.12477158483202172,0.948050607735105,-0.8528711064129453,0.27225609075943363,-1.047361204861621,-2.52208688942478,1.460167746534562,10.686571085621157,5.139456992762284,-2.9692994801480403,-0.07408206869973806,0.001177117747453831,4.7348675853647295,0.0,0.5503495392790064,-0.21838947017546959,-1.3854805643469206,False,False,True,True,False,False,False,False,False,False,True,False,False,False,False,False,False,4.63
0.26071224724053804,-0.644423446632987,0.09548310597831484,0.01906055307194553,-0.6765921950371041,0.6694943576127181,0.35145042141780575,0.9967633140497334,-1.047361204861621,-0.5332831638162967,-0.3929278606746513,-0.15516610548278725,-0.8561607206494856,-0.007998432022144751,-0.22248490874665466,0.738748943824318,-0.6872911803798755,0.0,0.5503495392790064,-0.21838947017546959,-0.8893802785886971,False,False,False,True,False,False,False,False,False,False,True,False,False,False,False,False,False,4.75
0.7254297272866008,1.6140441945725148,1.1036359002688134,1.0804913011026862,-1.0772740849716669,0.3909381074903313,-0.8528711064129453,0.05490392377234366,-0.33090797848173215,-0.5332831638162967,-1.4742742077386215,-0.3389243629591253,-0.9926634006395959,-0.35910658264160933,-0.8275118720148532,-0.21498899917345338,-0.4222984587457406,0.0,0.5503495392790064,-0.21838947017546959,-0.8893802785886971,True,False,False,True,False,False,False,False,False,False,False,False,False,False,False,True,False,3.96
-1.7028201314932108,-0.9857010631627074,0.7424085146924135,0.7080016286571159,-0.8769331400043855,0.3909381074903313,-0.8528711064129453,-1.466561245137286,-0.33090797848173215,1.4555205617921865,-1.1362599968998157,-0.3389243629591253,-0.9926634006395959,0.9485184227518706,-1.0558239336254942,-0.4050848306365627,-0.36114629221478645,0.0,0.5503495392790064,-0.21838947017546959,-0.8893802785886971,False,True,False,True,False,False,False,False,False,False,False,False,False,False,False,True,False,2.11
0.7131046115114662,0.00812935859966714,0.21370297762150028,0.22013904881689939,-0.14234967512435354,0.948050607735105,0.35145042141780575,0.48960825774652356,-1.047361204861621,-0.5332831638162967,-0.3286154223292135,0.21235040946988878,-0.5096539175976671,0.3929584066482323,1.4099463317694279,-0.04118709612146774,-0.6872911803798755,0.0,0.5503495392790064,-0.21838947017546959,-0.8893802785886971,False,False,True,True,False,False,False,False,False,False,True,False,False,False,False,False,False,5.79
0.26071224724053804,-0.644423446632987,0.09548310597831484,-0.030384978668616475,-1.0772740849716669,0.6694943576127181,0.35145042141780575,1.0692140363787634,-1.047361204861621,-0.5332831638162967,-0.3450674414408368,-0.20110566985187175,-0.866660926802571,0.21812677609286094,-0.017004053297077906,0.5910173262301301,-0.6872911803798755,0.0,0.5503495392790064,-0.21838947017546959,-0.6413301357095853,False,False,False,True,False,False,False,False,False,False,True,False,False,False,False,False,False,4.75
0.7254297272866008,1.6140441945725148,1.4320244326109957,1.3771644915460617,-1.6115166048844174,0.3909381074903313,-0.45403735368977466,-1.466561245137286,-1.047361204861621,-0.5332831638162967,-1.6118729130358354,-0.3389243629591253,-1.0031636067926815,-0.24207053243512078,-0.8617586812564494,-0.2975449031231466,-0.5038346807870129,0.0,0.5503495392790064,-0.21838947017546959,-0.6413301357095853,True,False,False,True,False,False,False,False,False,False,True,False,False,False,False,False,False,3.72
-1.7028201314932108,-0.9857010631627074,1.7275741117189605,1.81887790842842,-1.4111756599171361,0.11238185736794444,-0.8528711064129453,-1.466561245137286,-1.7638144312415096,1.4555205617921865,-1.1317730825966454,-0.3389243629591253,-0.9821631944865106,0.9759713234175897,-1.015869322843632,-0.45831166344623336,-0.3815303477251045,0.0,0.5503495392790064,-0.21838947017546959,-0.6413301357095853,False,True,False,False,False,False,False,False,True,False,False,False,False,False,False,False,False,2.09
0.7131046115114662,0.00812935859966714,0.21370297762150028,0.2531027366439415,0.12477158483202172,0.6694943576127181,0.7581044438022152,0.5620589800755535,-1.047361204861621,1.4555205617921865,-0.3360936128344964,0.07453171636263528,-0.6041557729754358,0.693495424462424,1.3928229271486297,-0.06399859589704077,-0.6872911803798755,0.0,0.5503495392790064,-0.21838947017546959,-0.6413301357095853,False,False,True,True,False,False,False,False,False,False,True,False,False,False,False,False,False,5.91
0.26071224724053804,-0.644423446632987,-0.14424052263147838,-0.20838889293464227,-0.4094709350807288,0.3909381074903313,1.1569381965253858,1.0692140363787634,-1.7638144312415096,-0.5332831638162967,-0.5454829469824309,-0.15516610548278725,-0.8351603083433148,0.3351628262993484,0.2683860237162233,0.3802825187795976,-0.6872911803798755,0.0,0.5503495392790064,-0.21838947017546959,-0.14522984995136187,False,False,False,False,False,False,False,False,True,False,False,False,False,False,False,False,False,4.66
0.7254297272866008,1.6140441945725148,1.4320244326109957,1.3771644915460617,-1.6115166048844174,0.11238185736794444,-0.45403735368977466,-1.466561245137286,-1.047361204861621,-0.5332831638162967,-1.8422011805985634,-0.3389243629591253,-0.9926634006395959,-0.23773586390895438,-0.8845898874175134,-0.3507717359328172,-0.5038346807870129,0.0,0.5503495392790064,-0.21838947017546959,-0.14522984995136187,True,False,False,True,False,False,False,False,False,False,True,False,False,False,False,False,False,3.58
-1.7028201314932108,-0.9857010631627074,2.0559626440611427,2.0891801486101613,-1.5447362898953236,-0.1661743927544424,-1.6583588815205257,-1.466561245137286,-1.047361204861621,1.4555205617921865,-1.3007801880160483,-0.3389243629591253,-0.9821631944865106,0.8625474969829072,-0.9873303151423019,-0.4767781156455068,-0.40191440323542255,0.0,0.5503495392790064,-0.21838947017546959,-0.14522984995136187,False,True,False,True,False,False,False,False,False,False,True,False,False,False,False,False,False,2.14
0.7131046115114662,0.00812935859966714,0.21370297762150028,0.15091530438011283,-0.6765921950371041,0.6694943576127181,0.7581044438022152,0.7794111470626435,-1.047361204861621,1.4555205617921865,-0.4602315752221997,0.07453171636263528,-0.5936555668223503,0.8762739473157667,1.427069736390226,-0.11831169060078628,-0.6872911803798755,0.0,0.5503495392790064,-0.21838947017546959,-0.14522984995136187,False,False,True,True,False,False,False,False,False,False,True,False,False,False,False,False,False,5.96
0.26071224724053804,-0.644423446632987,-0.23947319701071212,-0.2809090061541335,-0.14234967512435354,0.3909381074903313,1.0318138819455673,1.0692140363787634,-1.7638144312415096,-0.5332831638162967,-0.718976966705004,-0.15516610548278725,-0.7931594837309732,0.44569687371658734,0.5480682991892585,0.1728064970112897,-0.6872911803798755,0.0,0.5503495392790064,-0.21838947017546959,0.10282029292774987,False,False,False,False,False,False,False,False,True,False,False,False,False,False,False,False,False,4.54
0.7254297272866008,1.6140441945725148,1.760412964953178,1.8518415962554609,-1.7450772348626051,-0.1661743927544424,0.35145042141780575,-1.394110522808256,-1.047361204861621,-0.5332831638162967,-2.0007388193105706,-0.2929847985900408,-0.9716629883334252,-0.2731356568726449,-0.8902976889577795,-0.35511678350911685,-0.5038346807870129,0.0,0.5503495392790064,-0.21838947017546959,0.10282029292774987,True,False,False,True,False,False,False,False,False,False,True,False,False,False,False,False,False,3.65
-1.7028201314932108,-0.9857010631627074,2.0559626440611427,2.043030985652303,-1.7450772348626051,-0.44473064287682923,-0.04738333130536522,-1.466561245137286,-1.047361204861621,1.4555205617921865,-1.4563265505259428,-0.3389243629591253,-0.9611627821803398,0.7238381041455877,-0.9587913074409717,-0.4398452112469598,-0.4426825142560587,0.0,0.5503495392790064,-0.21838947017546959,0.10282029292774987,False,True,False,True,False,False,False,False,False,False,True,False,False,False,False,False,False,2.29
0.7131046115114662,0.00812935859966714,0.21370297762150028,0.22013904881689939,-0.14234967512435354,0.3909381074903313,1.1569381965253858,0.7794111470626435,-1.047361204861621,1.4555205617921865,-0.5335178421739778,0.12047128073171982,-0.5096539175976671,1.05255046737986,1.6667974010813988,-0.1248292619652358,-0.6872911803798755,0.0,0.5503495392790064,-0.21838947017546959,0.10282029292774987,False,False,True,True,False,False,False,False,False,False,True,False,False,False,False,False,False,6.3
0.26071224724053804,-0.644423446632987,-0.23618931168728977,-0.2776126373714288,-0.14234967512435354,0.3909381074903313,0.35145042141780575,-1.394110522808256,-1.7638144312415096,1.4555205617921865,-0.5125789087591844,-0.10922654111370278,-0.70915783450629,0.5865736008169901,0.6736399330751109,-0.23454171326680173,-0.6872911803798755,0.0,0.5503495392790064,-0.21838947017546959,0.3508704358068616,False,False,False,False,False,False,False,False,True,False,False,False,False,False,False,False,False,3.41
0.7254297272866008,1.6140441945725148,1.760412964953178,1.8518415962554609,-1.7450772348626051,-0.44473064287682923,-0.8528711064129453,-1.466561245137286,-1.047361204861621,-0.5332831638162967,-1.8407055424975058,-0.24704523422095628,-0.8981615452618273,-0.2969763337665601,-0.9416679028201737,-0.48981325837440565,-0.2796100701735142,0.0,0.5503495392790064,-0.21838947017546959,0.3508704358068616,True,False,False,True,False,False,False,False,False,False,True,False,False,False,False,False,False,3.06
-1.7028201314932108,-0.9857010631627074,2.0559626440611427,2.043030985652303,-1.7450772348626051,-0.44473064287682923,1.1569381965253858,1.0692140363787634,-1.047361204861621,-0.5332831638162967,-0.5215527373655248,-0.2929847985900408,-0.940162369874169,-0.40823282593815935,-0.9245444981993757,0.4823911368226392,-0.34076223670446837,0.0,0.5503495392790064,-0.21838947017546959,0.3508704358068616,False,True,False,True,False,False,False,False,False,False,True,False,False,False,False,False,False,4.81
0.7131046115114662,0.00812935859966714,-0.11468555472068201,-0.10949782945351709,0.12477158483202172,0.3909381074903313,0.35145042141780575,0.8518618693916735,-1.6921691086035209,1.4555205617921865,-0.2702855363880033,0.21235040946988878,-0.36265103145447136,1.0973420421502447,1.615427187219005,-0.3572893072972666,-0.6872911803798755,0.0,0.5503495392790064,-0.21838947017546959,0.3508704358068616,False,False,True,False,False,False,False,False,True,False,False,False,False,False,False,False,False,4.89
0.26071224724053804,-0.644423446632987,-0.23618931168728977,-0.2776126373714288,-0.14234967512435354,0.6694943576127181,-0.04738333130536522,-1.321659800479226,-1.7638144312415096,1.4555205617921865,-0.3465630795418942,-0.06328697674461824,-0.5726551545161795,0.6595405210074553,0.8905363916052197,-0.36163435487356627,-0.6872911803798755,0.0,0.5503495392790064,-0.21838947017546959,0.5989205786859734,False,False,False,False,False,False,False,False,True,False,False,False,False,False,False,False,False,3.08
0.7254297272866008,1.6140441945725148,1.4320244326109957,1.4200172857212157,-1.2776150299389484,-0.44473064287682923,0.35145042141780575,-1.321659800479226,-1.047361204861621,-0.5332831638162967,-1.8691226664175822,-0.15516610548278725,-0.7406584529655461,-0.41545727348177036,-0.9416679028201737,-0.4648292348106828,-0.09615357058065169,0.0,0.5503495392790064,-0.21838947017546959,0.5989205786859734,True,False,False,True,False,False,False,False,False,False,True,False,False,False,False,False,False,3.28
-1.7028201314932108,-0.9857010631627074,2.384351176403325,2.283665906789707,-1.7450772348626051,-0.1661743927544424,1.1569381965253858,0.6345097024045835,-1.047361204861621,-0.5332831638162967,-0.2957113841059669,-0.2929847985900408,-0.8561607206494856,-0.23701341915459298,-0.8503430781759173,0.6703144444975987,-0.34076223670446837,0.0,0.5503495392790064,-0.21838947017546959,0.5989205786859734,False,True,False,True,False,False,False,False,False,False,True,False,False,False,False,False,False,5.07
0.7131046115114662,0.00812935859966714,-0.11468555472068201,-0.10949782945351709,0.12477158483202172,0.3909381074903313,1.1569381965253858,0.7069604247336135,-1.6921691086035209,1.4555205617921865,0.08118941736031308,0.3961086669462269,-0.01614422840265274,1.1175704952723537,1.7581222257256555,-0.3963947354839634,-0.6872911803798755,0.0,0.5503495392790064,-0.21838947017546959,0.5989205786859734,False,False,True,False,False,False,False,False,True,False,False,False,False,False,False,False,False,4.86
0.26071224724053804,-0.644423446632987,-0.23618931168728977,-0.3468363818082166,-0.6765921950371041,0.6694943576127181,-0.45403735368977466,-1.249209078150196,-1.7638144312415096,1.4555205617921865,-0.08931332616014728,-0.10922654111370278,-0.39415164991372764,0.6364222888679015,1.010400223950806,-0.4452765207173344,-0.6872911803798755,0.0,0.5503495392790064,-0.21838947017546959,0.846970721565085,False,False,False,False,False,False,False,False,True,False,False,False,False,False,False,False,False,2.72
0.7254297272866008,1.6140441945725148,1.1036359002688134,1.0804913011026862,-1.0772740849716669,-0.44473064287682923,0.35145042141780575,-1.249209078150196,-1.7638144312415096,-0.5332831638162967,-1.8960441522366034,-0.15516610548278725,-0.5516547422100088,-0.5245464313902864,-0.9074210935785775,-0.4278963304121358,0.06691887350189285,0.0,0.5503495392790064,-0.21838947017546959,0.846970721565085,True,False,False,False,False,False,False,False,True,False,False,False,False,False,False,False,False,3.6
-1.7028201314932108,-0.9857010631627074,1.7275741117189605,1.81887790842842,-1.6115166048844174,-0.1661743927544424,2.361259724356137,0.7794111470626435,-1.047361204861621,-0.5332831638162967,-0.21943384095207605,-0.3389243629591253,-0.7826592775778878,-0.1474302696138246,-0.8160962689343211,0.718109967836895,-0.32037818119415035,0.0,0.5503495392790064,-0.21838947017546959,0.846970721565085,False,True,False,True,False,False,False,False,False,False,True,False,False,False,False,False,False,4.94
0.7131046115114662,0.00812935859966714,-0.4430740870628643,-0.4786911331163827,0.05799126984292791,0.6694943576127181,-0.04738333130536522,0.7069604247336135,-1.6563464472845264,1.4555205617921865,0.44911639022025485,0.30422953820805776,0.43536463618001986,0.9983671108027821,1.746706622645123,-0.45179409208178384,-0.6872911803798755,0.0,0.5503495392790064,-0.21838947017546959,0.846970721565085,False,False,True,False,False,False,False,False,True,False,False,False,False,False,False,False,False,4.5
0.26071224724053804,-0.644423446632987,-0.5809972706465815,-0.6665841537305202,-0.20912999011344735,0.948050607735105,-1.2595251287973548,-1.466561245137286,-1.7638144312415096,-0.5332831638162967,0.02136389331804759,-0.3389243629591253,0.025856596209688703,0.36333817171942895,1.0503548347326686,-0.4778643775395817,-0.5853709028282852,0.0,0.5503495392790064,-0.21838947017546959,1.0950208644441968,False,False,False,False,False,False,False,False,True,False,False,False,False,False,False,False,False,2.39
0.7254297272866008,1.6140441945725148,0.11847030324226653,0.08169155994332508,-0.4094709350807288,0.11238185736794444,-0.45403735368977466,-1.249209078150196,-1.7638144312415096,-0.5332831638162967,-1.8407055424975058,-0.3848639273282098,-0.23664855761744644,-0.6899862801389647,-0.8218040704745871,-0.3833595927550645,0.2503753730947555,0.0,0.5503495392790064,-0.21838947017546959,1.0950208644441968,True,False,False,False,False,False,False,False,True,False,False,False,False,False,False,False,False,4.04
-1.7028201314932108,-0.9857010631627074,0.7424085146924135,0.6585560969165539,-1.2776150299389484,0.6694943576127181,1.5557719492485564,0.7794111470626435,-1.047361204861621,-0.5332831638162967,-0.30917212701547747,-0.4308034916972943,-0.583155360669265,-0.0275044403898925,-0.759018253531661,0.5758096597130814,-0.29999412568383227,0.0,0.5503495392790064,-0.21838947017546959,1.0950208644441968,False,True,False,True,False,False,False,False,False,False,True,False,False,False,False,False,False,4.4
0.7131046115114662,0.00812935859966714,-0.7714626194050466,-0.7984389050386875,0.391892844788397,0.6694943576127181,-0.8528711064129453,0.8518618693916735,-1.4055878180515653,-0.5332831638162967,0.6480362576607916,-0.15516610548278725,1.4013836022638775,0.5612880344143542,1.5697647748968766,-0.5137110200440538,-0.544602791807649,0.0,0.5503495392790064,-0.21838947017546959,1.0950208644441968,False,False,True,False,False,False,False,False,True,False,False,False,False,False,False,False,False,3.96
0.26071224724053804,-0.644423446632987,-0.9290891149292942,-1.0159992446971624,0.05799126984292791,1.2266068578574918,-1.2595251287973548,-1.394110522808256,-1.6563464472845264,-0.5332831638162967,0.3743344851674214,-0.5226826204354633,0.47736546079236153,0.08013982800990184,1.0275236285716043,-0.4387589493528849,-0.34076223670446837,0.0,0.5503495392790064,-0.21838947017546959,1.3430710073233085,False,False,False,False,False,False,False,False,True,False,False,False,False,False,False,False,False,2.22
0.7254297272866008,1.6140441945725148,-0.8831147204013885,-0.9302936563468536,0.32511252979930316,0.6694943576127181,2.361259724356137,0.8518618693916735,-1.7638144312415096,-0.5332831638162967,-1.6537507798654223,-0.5226826204354633,0.015356390056603516,-0.8460343470809487,-0.7304792458303309,-0.3399091169920681,0.45421592819793616,0.0,0.5503495392790064,-0.21838947017546959,1.3430710073233085,True,False,False,False,False,False,False,False,True,False,False,False,False,False,False,False,False,4.53
-1.7028201314932108,-0.9857010631627074,0.085631450008049,-0.04357045379943403,-1.0772740849716669,0.948050607735105,1.5557719492485564,0.7069604247336135,-1.047361204861621,-0.5332831638162967,-0.16409523121298075,-0.5226826204354633,-0.3521508253013859,0.20295543625127854,-0.6619856273471386,0.45740711325891614,-0.21845790364256,0.0,0.5503495392790064,-0.21838947017546959,1.3430710073233085,False,True,False,True,False,False,False,False,False,False,True,False,False,False,False,False,False,3.92
0.7131046115114662,0.00812935859966714,-1.099851151747229,-1.128075783309104,0.6590141047447723,0.948050607735105,-1.2595251287973548,0.7069604247336135,-0.6891345916716766,-0.5332831638162967,1.041389078238695,-0.5226826204354633,2.325401743735393,0.14010274262186892,1.375699522527832,-0.5452126149722262,-0.11653762609096965,0.0,0.5503495392790064,-0.21838947017546959,1.3430710073233085,False,False,True,True,False,False,False,False,False,False,False,False,False,False,False,True,False,3.53
0.26071224724053804,-0.644423446632987,-1.2738970738885858,-1.3621179668810999,0.32511252979930316,1.2266068578574918,-1.2595251287973548,0.9243125917207035,-1.6921691086035209,-0.5332831638162967,0.757217839037929,-0.5226826204354633,0.7188702023133259,-0.13514870878968682,0.9818612162494762,-0.3822733308609896,-0.09615357058065169,0.0,0.5503495392790064,-0.21838947017546959,1.5911211502024203,False,False,False,False,False,False,False,False,True,False,False,False,False,False,False,False,False,2.14
0.7254297272866008,1.6140441945725148,-1.523472358468645,-1.553307356277941,0.9929156796902413,0.948050607735105,0.7581044438022152,0.5620589800755535,-1.7638144312415096,-0.5332831638162967,-1.3815446454731095,-0.5226826204354633,0.18335968850597,-0.9356174966217171,-0.6448622227263404,-0.3094937839579705,0.5765202612598445,0.0,0.5503495392790064,-0.21838947017546959,1.5911211502024203,True,False,False,False,False,False,False,False,True,False,False,False,False,False,False,False,False,4.96
-1.7028201314932108,-0.9857010631627074,-0.2427570823341333,-0.41276375746229965,-1.1440543999607609,1.2266068578574918,1.1569381965253858,0.7069604247336135,-1.047361204861621,-0.5332831638162967,-0.032479078319992416,-0.5226826204354633,-0.2576489699236173,0.28314680398535375,-0.6163232150250104,0.41830168507221943,-0.1573057371116058,0.0,0.5503495392790064,-0.21838947017546959,1.5911211502024203,False,True,False,True,False,False,False,False,False,False,True,False,False,False,False,False,False,3.62
0.7131046115114662,0.00812935859966714,-2.0850167487737763,-2.077429992727903,1.7274991445702732,1.2266068578574918,-2.463846656628106,-1.466561245137286,-1.0115385435426265,-0.5332831638162967,1.398846584391239,-0.5226826204354633,2.7034091652464682,-0.1546547171574356,1.2330044840211813,-0.5539027101248255,0.18922320656380123,0.0,0.5503495392790064,-0.21838947017546959,1.5911211502024203,False,False,True,True,False,False,False,False,False,False,True,False,False,False,False,False,False,3.22
0.26071224724053804,-0.644423446632987,-0.5809972706465815,-0.6303240971207745,0.05799126984292791,2.0622756082246525,-1.2595251287973548,-1.466561245137286,-1.7638144312415096,-0.5332831638162967,1.7518171762406127,5.862916826867283,2.2834009191230518,-2.6398646721594066,-0.3708877487935713,1.2025827725943048,1.3511143706519309,0.0,0.5503495392790064,-0.11289295249712328,-1.6335307072260323,False,False,False,False,False,False,False,False,True,False,False,False,False,False,False,False,False,5.44
0.7254297272866008,1.6140441945725148,-0.8666952937842803,-0.9138118124333325,0.32511252979930316,2.0622756082246525,-1.2595251287973548,0.34470681308846357,-0.33090797848173215,-2.52208688942478,-1.3935097502815625,0.9933230037443254,0.05735721466894496,-2.6861011364385132,-0.8275118720148532,-0.42572380662398596,0.3115275396257096,0.0,0.5503495392790064,-0.11289295249712328,-1.6335307072260323,True,False,False,True,False,False,False,False,False,False,False,False,False,False,False,True,False,4.95
-1.7028201314932108,-0.9857010631627074,-0.8995341470184979,-1.0192956134798659,-0.20912999011344735,1.7837193581022655,-1.2595251287973548,-1.466561245137286,-0.33090797848173215,-0.5332831638162967,0.16943206532265706,3.79563643025848,2.5354058667971016,-1.5128508553561872,-0.6791090319679366,0.8680141092192325,4.40872269719964,0.0,0.5503495392790064,-0.11289295249712328,-1.6335307072260323,False,True,False,True,False,False,False,False,False,False,False,False,False,False,False,True,False,4.61
0.7131046115114662,0.00812935859966714,-0.11468555472068201,-0.17872157389030366,-0.4094709350807288,2.0622756082246525,-0.04738333130536522,0.05490392377234366,-0.33090797848173215,-2.52208688942478,2.07637064416991,9.6759006695013,4.8559514266289785,-2.870324548800578,0.02865835902505032,0.27926016263063097,1.4326505926932032,0.0,0.5503495392790064,-0.11289295249712328,-1.6335307072260323,False,False,True,True,False,False,False,False,False,False,False,False,False,False,False,True,False,5.4
0.26071224724053804,-0.644423446632987,-0.23618931168728977,-0.31057632519847095,-0.4094709350807288,2.0622756082246525,-0.8528711064129453,0.6345097024045835,-0.33090797848173215,-0.5332831638162967,0.4909942570498418,0.25828997383897334,-0.5096539175976671,-0.16982605699901696,0.005827152863986208,0.3183655908173277,-0.6261390138489212,0.0,0.5503495392790064,-0.11289295249712328,-1.3854805643469206,False,False,False,True,False,False,False,False,False,False,False,False,False,False,False,True,False,3.26
0.7254297272866008,1.6140441945725148,-0.538306761442098,-0.6204349907726628,-0.20912999011344735,2.0622756082246525,-0.45403735368977466,-1.466561245137286,-0.33090797848173215,-0.5332831638162967,-1.0196002250173952,-0.20110566985187175,-0.761658865271717,-0.42557150004282496,-0.3138097333909111,-0.4083436163187874,-0.6872911803798755,0.0,0.5503495392790064,-0.11289295249712328,-1.3854805643469206,True,False,False,True,False,False,False,False,False,False,False,False,False,False,False,True,False,4.43
-1.7028201314932108,-0.9857010631627074,-0.5711456146763155,-0.6896587352094494,-0.4762512500698226,1.7837193581022655,-0.8528711064129453,-1.466561245137286,0.9228851676830732,-0.5332831638162967,0.027346445722273075,0.8555043106370718,-0.11064608378042153,-0.060736899090499806,-0.8902976889577795,0.4813048749285643,0.6376724277907987,0.0,0.5503495392790064,-0.11289295249712328,-1.3854805643469206,False,True,False,True,False,False,False,False,False,False,False,False,False,False,False,False,False,3.84
0.7131046115114662,0.00812935859966714,0.5420915099636826,0.5464795583046124,-0.4094709350807288,2.0622756082246525,-0.04738333130536522,0.34470681308846357,-1.047361204861621,-0.5332831638162967,0.603167114629092,1.223020825589748,0.35136298695533646,-0.14381804584201963,1.6040115841384726,-0.2204203086438278,-0.6669071248695574,0.0,0.5503495392790064,-0.11289295249712328,-1.3854805643469206,False,False,True,True,False,False,False,False,False,False,True,False,False,False,False,False,False,3.87
0.26071224724053804,-0.644423446632987,0.019953743539612774,0.0058750779411291506,-0.14234967512435354,1.7837193581022655,-0.04738333130536522,0.8518618693916735,-0.33090797848173215,-0.5332831638162967,0.14849313190786362,-0.15516610548278725,-0.8351603083433148,0.11770695523667657,-0.38801115341436937,0.05005890298082473,-0.6261390138489212,0.0,0.5503495392790064,-0.11289295249712328,-1.1374304214678088,False,False,False,True,False,False,False,False,False,False,False,False,False,False,False,True,False,2.64
0.7254297272866008,1.6140441945725148,-0.20991822909991575,-0.31716906276387913,-0.6765921950371041,2.0622756082246525,0.7581044438022152,0.7794111470626435,-0.33090797848173215,-0.5332831638162967,-1.1557032922135517,-0.2929847985900408,-0.940162369874169,-0.25868676178542493,-0.38230335187410336,-0.3963947354839634,-0.6872911803798755,0.0,0.5503495392790064,-0.11289295249712328,-1.1374304214678088,True,False,False,True,False,False,False,False,False,False,False,False,False,False,False,True,False,4.09
-1.7028201314932108,-0.9857010631627074,-0.2427570823341333,-0.35342911937362476,-0.6765921950371041,1.5051631079798786,-0.04738333130536522,-0.5247018548598962,0.9228851676830732,-0.5332831638162967,-0.2762680887922309,0.028592151993550734,-0.6776572160470337,0.366950395491235,-0.9302522997396415,0.2119119251979864,0.08730292901221094,0.0,0.5503495392790064,-0.11289295249712328,-1.1374304214678088,False,True,False,True,False,False,False,False,False,False,False,False,False,False,False,False,False,3.49
0.7131046115114662,0.00812935859966714,0.21370297762150028,0.18387899220715376,-0.4094709350807288,2.0622756082246525,0.7581044438022152,0.48960825774652356,-1.7638144312415096,-0.5332831638162967,0.15447568431209122,0.25828997383897334,-0.45715288683224004,0.3055425913705461,0.7649647577193673,-0.48438194890403113,-0.6872911803798755,0.0,0.5503495392790064,-0.11289295249712328,-1.1374304214678088,False,False,True,False,False,False,False,False,True,False,False,False,False,False,False,False,False,2.98
0.26071224724053804,-0.644423446632987,0.4238716383204971,0.39155022551751584,-0.6098118800480102,1.7837193581022655,-0.04738333130536522,0.8518618693916735,-0.33090797848173215,-0.5332831638162967,-0.06239184034112622,-0.20110566985187175,-0.8876613391087419,0.21234721805797274,-0.42225796265596555,0.02072983184080219,-0.6057549583386033,0.0,0.5503495392790064,-0.11289295249712328,-0.8893802785886971,False,False,False,True,False,False,False,False,False,False,False,False,False,False,False,True,False,2.64
0.7254297272866008,1.6140441945725148,0.44685883558444883,0.33221558742884094,-1.2776150299389484,1.7837193581022655,1.1569381965253858,0.7069604247336135,0.9228851676830732,-0.5332831638162967,-1.279841254601255,-0.3389243629591253,-1.0031636067926815,-0.26807854359211813,-0.42796576419623156,-0.3507717359328172,-0.6872911803798755,0.0,0.5503495392790064,-0.11289295249712328,-0.8893802785886971,True,False,False,True,False,False,False,False,False,False,False,False,False,False,False,False,False,4.06
-1.7028201314932108,-0.9857010631627074,0.4140199823502313,0.3190301122980246,-1.0772740849716669,1.2266068578574918,-0.8528711064129453,-1.466561245137286,0.9228851676830732,1.4555205617921865,-0.6142822996310368,-0.15516610548278725,-0.8246601021902293,0.5728471504841305,-0.9359601012799077,0.00660842721782846,-0.03500140404969744,0.0,0.5503495392790064,-0.11289295249712328,-0.8893802785886971,False,True,False,True,False,False,False,False,False,False,False,False,False,False,False,False,False,3.22
0.7131046115114662,0.00812935859966714,0.5420915099636826,0.582739614914358,-0.14234967512435354,2.0622756082246525,0.7581044438022152,0.5620589800755535,-1.7279917699225151,-0.5332831638162967,-0.0967915166654302,0.028592151993550734,-0.6461565975877774,0.5150515701352476,0.6508087269140468,-0.5050209248914544,-0.6872911803798755,0.0,0.5503495392790064,-0.11289295249712328,-0.8893802785886971,False,False,True,False,False,False,False,False,True,False,False,False,False,False,False,False,False,3.07
0.26071224724053804,-0.644423446632987,0.09548310597831484,0.055320609681691155,-0.4094709350807288,1.7837193581022655,0.7581044438022152,0.9243125917207035,-0.33090797848173215,-0.5332831638162967,-0.0025663162988607325,-0.20110566985187175,-0.8876613391087419,0.41752152829650685,-0.3252253364714432,-0.0759474767318649,-0.6465230693592393,0.0,0.5503495392790064,-0.11289295249712328,-0.6413301357095853,False,False,False,True,False,False,False,False,False,False,False,False,False,False,False,True,False,2.63
0.7254297272866008,1.6140441945725148,1.1036359002688134,0.9881929751869704,-1.811857549851699,1.5051631079798786,1.5557719492485564,0.5620589800755535,0.9228851676830732,-0.5332831638162967,-1.3172322071276716,-0.3848639273282098,-1.0241640190988521,-0.06868379138847118,-0.5934920088639463,-0.4713468061751322,-0.6872911803798755,0.0,0.5503495392790064,-0.11289295249712328,-0.6413301357095853,True,False,False,True,False,False,False,False,False,False,False,False,False,False,False,False,False,3.33
-1.7028201314932108,-0.9857010631627074,0.7424085146924135,0.63218514665492,-1.4779559749062299,0.948050607735105,-0.45403735368977466,-1.394110522808256,0.9228851676830732,1.4555205617921865,-1.0614780918469822,-0.2929847985900408,-0.9296621637210836,0.9398490856995377,-0.9702069105215038,-0.5452126149722262,-0.36114629221478645,0.0,0.5503495392790064,-0.11289295249712328,-0.6413301357095853,False,True,False,True,False,False,False,False,False,False,False,False,False,False,False,False,False,1.95
0.7131046115114662,0.00812935859966714,0.5420915099636826,0.5464795583046124,-0.4094709350807288,1.7837193581022655,0.35145042141780575,0.48960825774652356,-1.548878463327543,1.4555205617921865,-0.07585258325063675,0.028592151993550734,-0.6671570098939483,0.8235354802474106,0.7706725592596333,-0.4822094251158814,-0.6872911803798755,0.0,0.5503495392790064,-0.11289295249712328,-0.6413301357095853,False,False,True,False,False,False,False,False,True,False,False,False,False,False,False,False,False,3.39
0.26071224724053804,-0.644423446632987,0.4238716383204971,0.3585865376904749,-0.8769331400043855,1.7837193581022655,0.7581044438022152,1.0692140363787634,-0.33090797848173215,1.4555205617921865,-0.19101671703199968,-0.20110566985187175,-0.8561607206494856,0.5988551616411278,-0.13116008410239835,-0.21607526106752828,-0.6872911803798755,0.0,0.5503495392790064,-0.11289295249712328,-0.3932799928304736,False,False,False,True,False,False,False,False,False,False,False,False,False,False,False,True,False,2.61
0.7254297272866008,1.6140441945725148,1.4320244326109957,1.334311697370908,-1.9454181798298866,1.2266068578574918,1.9624259716329662,0.6345097024045835,0.9228851676830732,-0.5332831638162967,-1.5670037700041357,-0.3848639273282098,-1.0241640190988521,0.03679314274823995,-0.7304792458303309,-0.6190784237693201,-0.6465230693592393,0.0,0.5503495392790064,-0.11289295249712328,-0.3932799928304736,True,False,False,True,False,False,False,False,False,False,False,False,False,False,False,False,False,2.69
-1.7028201314932108,-0.9857010631627074,1.7275741117189605,1.81887790842842,-1.7450772348626051,0.948050607735105,-0.8528711064129453,-1.466561245137286,0.9228851676830732,1.4555205617921865,-1.252919768782236,-0.2929847985900408,-0.9296621637210836,1.077836033782496,-0.9644991089812377,-0.6929442325664139,-0.4426825142560587,0.0,0.5503495392790064,-0.11289295249712328,-0.3932799928304736,False,True,False,True,False,False,False,False,False,False,False,False,False,False,False,False,False,1.62
0.7131046115114662,0.00812935859966714,0.21370297762150028,0.18387899220715376,-0.4094709350807288,1.7837193581022655,0.7581044438022152,0.6345097024045835,-1.047361204861621,1.4555205617921865,-0.2388771362658142,0.028592151993550734,-0.635656391434692,1.0352117932751954,0.8734129869844217,-0.48981325837440565,-0.6872911803798755,0.0,0.5503495392790064,-0.11289295249712328,-0.3932799928304736,False,False,True,True,False,False,False,False,False,False,True,False,False,False,False,False,False,3.61
0.26071224724053804,-0.644423446632987,0.4238716383204971,0.33221558742884094,-1.0772740849716669,1.5051631079798786,-0.04738333130536522,1.0692140363787634,-1.7638144312415096,1.4555205617921865,-0.3660063748556302,-0.15516610548278725,-0.8036596898840586,0.7577930076005565,0.18276900061223297,-0.29211359365277195,-0.6872911803798755,0.0,0.5503495392790064,-0.11289295249712328,-0.14522984995136187,False,False,False,False,False,False,False,False,True,False,False,False,False,False,False,False,False,2.74
0.7254297272866008,1.6140441945725148,1.4320244326109957,1.3145334846746821,-2.078978809808074,1.2266068578574918,1.9624259716329662,0.7069604247336135,0.9228851676830732,-0.5332831638162967,-1.7210544944129729,-0.3389243629591253,-1.0031636067926815,0.10759272867562199,-0.787557261232991,-0.6853403993078896,-0.6057549583386033,0.0,0.5503495392790064,-0.11289295249712328,-0.14522984995136187,True,False,False,True,False,False,False,False,False,False,False,False,False,False,False,False,False,2.44
-1.7028201314932108,-0.9857010631627074,1.3991855793767782,1.298051640761161,-1.9454181798298866,0.6694943576127181,-0.45403735368977466,-1.176758355821166,-0.33090797848173215,1.4555205617921865,-1.3172322071276716,-0.2929847985900408,-0.8981615452618273,1.1370765036401016,-0.9359601012799077,-0.6777365660493653,-0.4630665697663768,0.0,0.5503495392790064,-0.11289295249712328,-0.14522984995136187,False,True,False,True,False,False,False,False,False,False,False,False,False,False,False,True,False,1.69
0.7131046115114662,0.00812935859966714,0.5420915099636826,0.5234049768256831,-0.6098118800480102,1.7837193581022655,0.7581044438022152,0.6345097024045835,-1.047361204861621,1.4555205617921865,-0.3360936128344964,0.07453171636263528,-0.5621549483630942,1.2129332028480104,1.0617704378132005,-0.48003690132773147,-0.6872911803798755,0.0,0.5503495392790064,-0.11289295249712328,-0.14522984995136187,False,False,True,True,False,False,False,False,False,False,True,False,False,False,False,False,False,3.91
0.26071224724053804,-0.644423446632987,0.019953743539612774,-0.027088609885912968,-0.4094709350807288,1.5051631079798786,0.35145042141780575,0.9967633140497334,-1.7638144312415096,1.4555205617921865,-0.03397471642104985,-0.10922654111370278,-0.2891495883828735,1.2952919048451688,1.4670243471720879,-0.3301327599453939,-0.6872911803798755,0.0,0.5503495392790064,-0.11289295249712328,0.846970721565085,False,False,False,False,False,False,False,False,True,False,False,False,False,False,False,False,False,3.39
0.7254297272866008,1.6140441945725148,0.7752473679266311,0.6420742530030329,-1.6782969198735114,0.948050607735105,1.5557719492485564,0.9967633140497334,-0.33090797848173215,-0.5332831638162967,-1.6118729130358354,-0.24704523422095628,-0.6566568037408629,0.14443741114803427,-0.7190636427497987,-0.7070656371893878,-0.29999412568383227,0.0,0.5503495392790064,-0.11289295249712328,0.846970721565085,True,False,False,True,False,False,False,False,False,False,False,False,False,False,False,True,False,2.73
-1.7028201314932108,-0.9857010631627074,2.0559626440611427,1.934250815823065,-2.2793197547753556,0.3909381074903313,-1.2595251287973548,-0.01754679855668632,-0.33090797848173215,1.4555205617921865,-0.7907675955557247,-0.3848639273282098,-0.4466526806791546,1.0113711163812802,-0.6505700242666066,-0.3008036888053712,-0.4222984587457406,0.0,0.5503495392790064,-0.11289295249712328,0.846970721565085,False,True,False,True,False,False,False,False,False,False,False,False,False,False,False,True,False,2.66
0.7131046115114662,0.00812935859966714,-0.11468555472068201,-0.14246151728055803,-0.14234967512435354,1.5051631079798786,0.7581044438022152,0.8518618693916735,-1.7279917699225151,1.4555205617921865,0.4401425616139145,0.3501691025771423,0.5718673161701301,1.3949892809469917,1.877986058071242,-0.3638068786617161,-0.6872911803798755,0.0,0.5503495392790064,-0.11289295249712328,0.846970721565085,False,False,True,False,False,False,False,False,True,False,False,False,False,False,False,False,False,4.9
0.26071224724053804,-0.644423446632987,-0.9290891149292942,-0.9401827626949665,0.6590141047447723,2.0622756082246525,-0.8528711064129453,-1.104307633492136,-1.7638144312415096,-0.5332831638162967,0.849947401303441,-0.5226826204354633,1.2438805099675965,0.3069874808792679,1.8323236457491137,-0.24974937978385056,-0.36114629221478645,0.0,0.5503495392790064,-0.11289295249712328,1.5911211502024203,False,False,False,False,False,False,False,False,True,False,False,False,False,False,False,False,False,2.87
0.7254297272866008,1.6140441945725148,-1.1950838261264627,-1.3093760663578333,0.05799126984292791,2.0622756082246525,-0.45403735368977466,0.7069604247336135,-1.047361204861621,-0.5332831638162967,-1.237963387771668,-0.5226826204354633,0.7188702023133259,-1.0728819999503147,-0.5249983903807539,-0.5669378528537244,1.1880419265693865,0.0,0.5503495392790064,-0.11289295249712328,1.5911211502024203,True,False,False,True,False,False,False,False,False,False,True,False,False,False,False,False,False,3.99
-1.7028201314932108,-0.9857010631627074,0.08234756468462666,-0.020495872320504777,-0.8769331400043855,1.7837193581022655,2.361259724356137,-1.321659800479226,-0.33090797848173215,-0.5332831638162967,-0.46621412762642733,-0.5226826204354633,0.3408627808022511,-0.13225892977224324,-0.42225796265596555,0.23255090118540986,0.14845509554316508,0.0,0.5503495392790064,-0.11289295249712328,1.5911211502024203,False,True,False,True,False,False,False,False,False,False,False,False,False,False,False,True,False,3.68
0.7131046115114662,0.00812935859966714,-1.756628216431594,-1.7148294266304451,1.7274991445702732,2.0622756082246525,-1.2595251287973548,-1.0318569111631062,-1.7638144312415096,-0.5332831638162967,1.149075021514775,-0.5226826204354633,2.4199035991131628,0.021621802906658598,1.5640569733566108,-0.5256599008788777,-0.29999412568383227,0.0,0.5503495392790064,-0.11289295249712328,1.5911211502024203,False,False,True,False,False,False,False,False,True,False,False,False,False,False,False,False,False,3.19
0.26071224724053804,-0.644423446632987,-0.5809972706465815,-0.5874713029456208,0.391892844788397,1.7837193581022655,-1.2595251287973548,-0.8869554665050461,-1.047361204861621,-0.5332831638162967,1.2103961836580979,1.9121142911260156,1.8633926729996355,-1.414598368763086,0.05148956518611444,0.4552345894707664,-0.25922601466319617,0.0,0.5503495392790064,-0.007396434818776971,-1.6335307072260323,False,False,False,True,False,False,False,False,False,False,True,False,False,False,False,False,False,5.63
0.7254297272866008,1.6140441945725148,-1.1950838261264627,-1.2335595843556373,0.6590141047447723,1.7837193581022655,-0.8528711064129453,-0.9594061888340761,-1.7638144312415096,-2.52208688942478,-1.4727785696375661,3.106542964722213,1.306881746886109,-3.930873448202582,-1.038700529004696,-0.4930720440566304,1.5549549257551116,0.0,0.5503495392790064,-0.007396434818776971,-1.6335307072260323,True,False,False,False,False,False,False,False,True,False,False,False,False,False,False,False,False,4.2
-1.7028201314932108,-0.9857010631627074,-0.8995341470184979,-0.9401827626949665,0.391892844788397,1.5051631079798786,-1.6583588815205257,-1.466561245137286,-1.7638144312415096,-0.5332831638162967,0.0752068649560876,2.0039934198641847,3.3964227713501054,-0.879266805781556,-0.43938136727676363,0.19561799678686273,6.059831193535404,0.0,0.5503495392790064,-0.007396434818776971,-1.6335307072260323,False,True,False,False,False,False,False,False,True,False,False,False,False,False,False,False,False,4.16
0.7131046115114662,0.00812935859966714,-0.7714626194050466,-0.6270277283380711,1.7274991445702732,1.7837193581022655,-0.8528711064129453,-1.0318569111631062,-1.7638144312415096,-0.5332831638162967,1.2717173458014228,4.530669460163833,4.005434728229059,-1.9968888407780832,0.5766073068905886,-0.17696983288083154,0.026150762481256692,0.0,0.5503495392790064,-0.007396434818776971,-1.6335307072260323,False,False,True,False,False,False,False,False,True,False,False,False,False,False,False,False,False,4.66
0.26071224724053804,-0.644423446632987,-0.23618931168728977,-0.2776126373714288,-0.14234967512435354,1.7837193581022655,-1.2595251287973548,-0.8145047441760161,-1.047361204861621,-0.5332831638162967,0.8933209062340854,2.4633890635550295,1.3173819530391941,-0.9016625931667483,0.7021789407764412,0.5214965650093358,-0.40191440323542255,0.0,0.5503495392790064,-0.007396434818776971,-1.3854805643469206,False,False,False,True,False,False,False,False,False,False,True,False,False,False,False,False,False,5.97
0.7254297272866008,1.6140441945725148,-0.538306761442098,-0.5841749341629161,0.05799126984292791,1.5051631079798786,0.35145042141780575,-1.321659800479226,-1.7638144312415096,-0.5332831638162967,-1.1063472348786818,0.07453171636263528,-0.6671570098939483,-0.3302087924671674,-0.7247714442900648,-0.3724969738143154,-0.19807384813224196,0.0,0.5503495392790064,-0.007396434818776971,-1.3854805643469206,True,False,False,False,False,False,False,False,True,False,False,False,False,False,False,False,False,4.65
-1.7028201314932108,-0.9857010631627074,-0.5711456146763155,-0.6566950473824085,-0.20912999011344735,1.2266068578574918,-1.6583588815205257,-1.466561245137286,-1.7638144312415096,-0.5332831638162967,0.0049118742064243135,4.071273816472988,2.6089073098687,-0.9377848308848002,-0.5192905888404878,0.254276139066908,5.040628418019501,0.0,0.5503495392790064,-0.007396434818776971,-1.3854805643469206,False,True,False,False,False,False,False,False,True,False,False,False,False,False,False,False,False,4.28
0.7131046115114662,0.00812935859966714,-0.11468555472068201,-0.10949782945351709,0.12477158483202172,1.7837193581022655,-0.8528711064129453,-1.176758355821166,-1.047361204861621,-0.5332831638162967,1.1655270406263982,6.506070728034467,3.6379275128710704,-1.6977967124726132,1.3357449117459697,-0.09550019082521327,0.10768698452252902,0.0,0.5503495392790064,-0.007396434818776971,-1.3854805643469206,False,False,True,True,False,False,False,False,False,False,True,False,False,False,False,False,False,5.11
0.26071224724053804,-0.644423446632987,-0.23290542636386743,-0.3435400130255119,-0.6765921950371041,1.5051631079798786,-0.45403735368977466,-0.9594061888340761,-1.7638144312415096,1.4555205617921865,0.0034162361053668793,0.25828997383897334,-0.40465185606681303,1.0568851359060263,1.661089599541133,0.3314007335462265,-0.6872911803798755,0.0,0.5503495392790064,-0.007396434818776971,-1.1374304214678088,False,False,False,False,False,False,False,False,True,False,False,False,False,False,False,False,False,5.97
0.7254297272866008,1.6140441945725148,0.11847030324226653,0.045431503333579454,-0.6765921950371041,1.5051631079798786,-1.2595251287973548,-1.466561245137286,-1.7638144312415096,-0.5332831638162967,-1.237963387771668,-0.20110566985187175,-0.8876613391087419,0.09242138883403961,-0.7247714442900648,-0.3790145451787648,-0.40191440323542255,0.0,0.5503495392790064,-0.007396434818776971,-1.1374304214678088,True,False,False,False,False,False,False,False,True,False,False,False,False,False,False,False,False,4.68
-1.7028201314932108,-0.9857010631627074,0.41073609702680897,0.3783647503866994,-0.6098118800480102,1.2266068578574918,-0.8528711064129453,-1.466561245137286,-1.7638144312415096,1.4555205617921865,-0.9941743772994317,-0.01734741237553375,-0.70915783450629,0.8892779528942649,-0.8731742843369814,-0.12048421438893606,0.04653481799157477,0.0,0.5503495392790064,-0.007396434818776971,-1.1374304214678088,False,True,False,False,False,False,False,False,True,False,False,False,False,False,False,False,False,3.2
0.7131046115114662,0.00812935859966714,0.21370297762150028,0.22013904881689939,-0.14234967512435354,1.5051631079798786,0.35145042141780575,0.8518618693916735,-1.047361204861621,1.4555205617921865,0.22626631316280982,1.0852021324824943,0.22536051311831168,0.8199232564756057,2.1862073412456073,0.001177117747453831,-0.6872911803798755,0.0,0.5503495392790064,-0.007396434818776971,-1.1374304214678088,False,False,True,True,False,False,False,False,False,False,True,False,False,False,False,False,False,6.51
0.26071224724053804,-0.644423446632987,-0.23290542636386743,-0.36661459450444117,-0.8769331400043855,1.5051631079798786,0.35145042141780575,-1.249209078150196,-1.7638144312415096,1.4555205617921865,-0.2762680887922309,0.07453171636263528,-0.583155360669265,1.3357488110893871,1.7695378288061872,0.4009214947670209,-0.6872911803798755,0.0,0.5503495392790064,-0.007396434818776971,-0.8893802785886971,False,False,False,False,False,False,False,False,True,False,False,False,False,False,False,False,False,6.83
0.7254297272866008,1.6140441945725148,0.7588279413095229,0.675037940830075,-1.2776150299389484,1.2266068578574918,-0.45403735368977466,0.9243125917207035,-1.047361204861621,-0.5332831638162967,-1.333684226239295,-0.24704523422095628,-0.940162369874169,0.20584521526872315,-0.7247714442900648,-0.3724969738143154,-0.4426825142560587,0.0,0.5503495392790064,-0.007396434818776971,-0.8893802785886971,True,False,False,True,False,False,False,False,False,False,True,False,False,False,False,False,False,4.77
-1.7028201314932108,-0.9857010631627074,0.7424085146924135,0.6816306783954832,-1.0772740849716669,0.948050607735105,-0.8528711064129453,-1.466561245137286,-1.7638144312415096,1.4555205617921865,-1.3127452928245016,-0.10922654111370278,-0.7931594837309732,0.9701917653827015,-0.8788820858772475,-0.11505290491856163,-0.03500140404969744,0.0,0.5503495392790064,-0.007396434818776971,-0.8893802785886971,False,True,False,False,False,False,False,False,True,False,False,False,False,False,False,False,False,3.28
0.7131046115114662,0.00812935859966714,0.21370297762150028,0.22013904881689939,-0.14234967512435354,1.5051631079798786,0.7581044438022152,0.8518618693916735,-1.047361204861621,1.4555205617921865,0.027346445722273075,0.5339273600534804,-0.16314711454584863,1.168864072831987,2.328902379752258,0.09894068821419581,-0.6872911803798755,0.0,0.5503495392790064,-0.007396434818776971,-0.8893802785886971,False,False,True,True,False,False,False,False,False,False,True,False,False,False,False,False,False,7.63
0.26071224724053804,-0.644423446632987,0.09548310597831484,0.055320609681691155,-0.4094709350807288,1.5051631079798786,-0.04738333130536522,-1.0318569111631062,-1.7638144312415096,1.4555205617921865,-0.2762680887922309,0.07453171636263528,-0.583155360669265,1.3357488110893871,1.7695378288061872,0.4009214947670209,-0.6872911803798755,0.0,0.5503495392790064,-0.007396434818776971,-0.6413301357095853,False,False,False,False,False,False,False,False,True,False,False,False,False,False,False,False,False,6.83
0.7254297272866008,1.6140441945725148,1.0806487030048617,0.9618220249253365,-1.811857549851699,1.5051631079798786,-0.45403735368977466,0.9967633140497334,-1.047361204861621,-0.5332831638162967,-1.333684226239295,-0.24704523422095628,-0.940162369874169,0.20584521526872315,-0.7247714442900648,-0.3724969738143154,-0.4426825142560587,0.0,0.5503495392790064,-0.007396434818776971,-0.6413301357095853,True,False,False,True,False,False,False,False,False,False,True,False,False,False,False,False,False,4.77
-1.7028201314932108,-0.9857010631627074,1.0707970470345958,1.0211566630140114,-1.2776150299389484,0.6694943576127181,-0.8528711064129453,-1.466561245137286,-1.7638144312415096,1.4555205617921865,-1.2888150832075953,-0.20110566985187175,-0.8561607206494856,1.4780704276985115,-0.9245444981993757,-0.37141071192024044,-0.25922601466319617,0.0,0.5503495392790064,-0.007396434818776971,-0.6413301357095853,False,True,False,False,False,False,False,False,True,False,False,False,False,False,False,False,False,2.55
0.7131046115114662,0.00812935859966714,0.21370297762150028,0.18387899220715376,-0.4094709350807288,1.5051631079798786,0.7581044438022152,0.9243125917207035,-1.7638144312415096,1.4555205617921865,0.027346445722273075,0.5339273600534804,-0.16314711454584863,1.168864072831987,2.328902379752258,0.09894068821419581,-0.6872911803798755,0.0,0.5503495392790064,-0.007396434818776971,-0.6413301357095853,False,False,True,False,False,False,False,False,True,False,False,False,False,False,False,False,False,7.63
0.26071224724053804,-0.644423446632987,0.09548310597831484,0.055320609681691155,-0.4094709350807288,1.5051631079798786,0.35145042141780575,-1.176758355821166,-1.047361204861621,1.4555205617921865,-0.29122446980279676,-0.01734741237553375,-0.6671570098939483,1.6297838261143291,1.7124598134035272,0.3346595192284514,-0.6872911803798755,0.0,0.5503495392790064,-0.007396434818776971,-0.3932799928304736,False,False,False,True,False,False,False,False,False,False,True,False,False,False,False,False,False,6.9
0.7254297272866008,1.6140441945725148,1.1036359002688134,0.9255619683155909,-2.2793197547753556,0.6694943576127181,-0.45403735368977466,-1.466561245137286,-1.047361204861621,1.4555205617921865,-1.4712829315365088,-0.2929847985900408,-0.9716629883334252,0.5880184903257119,-0.6505700242666066,-0.4170337114713867,-0.6057549583386033,0.0,0.5503495392790064,-0.007396434818776971,-0.3932799928304736,True,False,False,True,False,False,False,False,False,False,True,False,False,False,False,False,False,4.02
-1.7028201314932108,-0.9857010631627074,2.0559626440611427,2.0133636666079653,-1.8786378648407926,0.3909381074903313,-0.45403735368977466,-1.466561245137286,-0.33090797848173215,1.4555205617921865,-1.4518396362227728,-0.24704523422095628,-0.8771611329556565,1.5380333423104775,-0.9416679028201737,-0.45939792534030827,-0.3815303477251045,0.0,0.5503495392790064,-0.007396434818776971,-0.3932799928304736,False,True,False,True,False,False,False,False,False,False,False,False,False,False,False,True,False,2.43
0.7131046115114662,0.00812935859966714,0.21370297762150028,0.18387899220715376,-0.4094709350807288,1.5051631079798786,1.5557719492485564,0.9967633140497334,-1.7638144312415096,1.4555205617921865,-0.10726098337282587,0.21235040946988878,-0.4151520622198985,1.4665113116287352,2.003557691957094,-0.16176216636378274,-0.6872911803798755,0.0,0.5503495392790064,-0.007396434818776971,-0.3932799928304736,False,False,True,False,False,False,False,False,True,False,False,False,False,False,False,False,False,6.21
0.26071224724053804,-0.644423446632987,0.09548310597831484,0.08828429750873328,-0.14234967512435354,1.2266068578574918,-0.04738333130536522,-1.176758355821166,-1.047361204861621,1.4555205617921865,-0.699533671391268,-0.06328697674461824,-0.6671570098939483,1.6594040610431324,1.5697647748968766,0.12609723556606858,-0.6872911803798755,0.0,0.5503495392790064,-0.007396434818776971,-0.14522984995136187,False,False,False,True,False,False,False,False,False,False,True,False,False,False,False,False,False,6.53
0.7254297272866008,1.6140441945725148,1.4320244326109957,1.3145334846746821,-2.078978809808074,0.3909381074903313,0.35145042141780575,1.1416647587077935,-1.047361204861621,1.4555205617921865,-1.7689149136467852,-0.2929847985900408,-0.940162369874169,0.6414794021484294,-0.7304792458303309,-0.5050209248914544,-0.544602791807649,0.0,0.5503495392790064,-0.007396434818776971,-0.14522984995136187,True,False,False,True,False,False,False,False,False,False,True,False,False,False,False,False,False,3.62
-1.7028201314932108,-0.9857010631627074,2.3810672910799027,2.211145793570216,-2.0121984948189806,0.3909381074903313,-0.8528711064129453,-1.466561245137286,-0.33090797848173215,1.4555205617921865,-1.4503439981217154,-0.24704523422095628,-0.8561607206494856,1.5199722234514517,-0.9131288951188437,-0.40942987821286236,-0.4222984587457406,0.0,0.5503495392790064,-0.007396434818776971,-0.14522984995136187,False,True,False,True,False,False,False,False,False,False,False,False,False,False,False,True,False,2.56
0.7131046115114662,0.00812935859966714,0.20713520697465676,0.2135463112514912,-0.14234967512435354,1.5051631079798786,1.1569381965253858,0.9243125917207035,-1.6563464472845264,1.4555205617921865,-0.28972883170173935,0.12047128073171982,-0.45715288683224004,1.3986015047187967,1.723875416484059,-0.2367142370549515,-0.6872911803798755,0.0,0.5503495392790064,-0.007396434818776971,-0.14522984995136187,False,False,True,False,False,False,False,False,True,False,False,False,False,False,False,False,False,5.82
0.26071224724053804,-0.644423446632987,-0.9290891149292942,-0.9401827626949665,0.6590141047447723,1.2266068578574918,-0.45403735368977466,-1.0318569111631062,-1.7279917699225151,-0.5332831638162967,0.5508197810921073,-0.5226826204354633,1.306881746886109,-0.10697336336960629,1.5526413702760784,-0.21498899917345338,-0.4426825142560587,0.0,0.5503495392790064,-0.007396434818776971,1.3430710073233085,False,False,False,False,False,False,False,False,True,False,False,False,False,False,False,False,False,3.45
0.7254297272866008,1.6140441945725148,-0.8666952937842803,-0.9467755002603747,0.05799126984292791,0.948050607735105,0.35145042141780575,0.7794111470626435,-1.7638144312415096,-0.5332831638162967,-1.302275826117106,-0.5226826204354633,0.6768693777009842,-0.5556115558278116,-0.6391544211860745,-0.5810592574766982,1.6161070922860654,0.0,0.5503495392790064,-0.007396434818776971,1.3430710073233085,True,False,False,False,False,False,False,False,True,False,False,False,False,False,False,False,False,2.9
-1.7028201314932108,-0.9857010631627074,0.4140199823502313,0.3190301122980246,-1.0772740849716669,0.3909381074903313,1.9624259716329662,-1.321659800479226,-0.33090797848173215,1.4555205617921865,-0.41835370839261277,-0.5226826204354633,0.5193662854047032,0.7722419026877774,-0.6448622227263404,-0.043359619909617515,0.10768698452252902,0.0,0.5503495392790064,-0.007396434818776971,1.3430710073233085,False,True,False,True,False,False,False,False,False,False,False,False,False,False,False,True,False,4.51
0.7131046115114662,0.00812935859966714,-1.4282396840894112,-1.352228860532987,1.7274991445702732,1.2266068578574918,-0.45403735368977466,-1.394110522808256,-1.6921691086035209,-0.5332831638162967,0.6824359339850956,-0.5226826204354633,1.9683947345304897,-0.538272881723146,1.187342071699053,-0.6299410427100691,-0.21845790364256,0.0,0.5503495392790064,-0.007396434818776971,1.3430710073233085,False,False,True,False,False,False,False,False,True,False,False,False,False,False,False,False,False,2.26
0.26071224724053804,-0.644423446632987,-0.5612939587060497,-0.643509572251591,-0.20912999011344735,-0.1661743927544424,-0.04738333130536522,1.1416647587077935,0.9228851676830732,1.4555205617921865,-0.16259959311192332,-0.20110566985187175,-0.6566568037408629,0.8921677319117095,0.6622243299945788,-0.5158835438322036,-0.6872911803798755,0.0,0.5503495392790064,0.09810008285956934,0.10282029292774987,False,False,False,True,False,False,False,False,False,False,False,False,False,False,False,False,False,2.72
0.7254297272866008,1.6140441945725148,0.7752473679266311,0.6684452032646656,-1.4779559749062299,-1.001843143121603,2.767913746740547,0.9243125917207035,-0.33090797848173215,-0.5332831638162967,-1.3052671023192186,-0.3389243629591253,-0.8456605144964002,-0.09613669205419134,-0.7190636427497987,-0.2215065705379029,-0.05538545956001552,0.0,0.5503495392790064,0.09810008285956934,0.10282029292774987,True,False,False,True,False,False,False,False,False,False,False,False,False,False,False,True,False,4.26
-1.7028201314932108,-0.9857010631627074,0.085631450008049,0.00917144672383266,-0.6765921950371041,-0.7232868929992161,-0.45403735368977466,0.27225609075943363,0.9228851676830732,-0.5332831638162967,-0.6741078236733044,-0.3389243629591253,-0.9611627821803398,0.5475615840814946,-0.8503430781759173,-0.352944259720967,-0.544602791807649,0.0,0.5503495392790064,0.09810008285956934,0.10282029292774987,False,True,False,True,False,False,False,False,False,False,False,False,False,False,False,False,False,3.16
0.7131046115114662,0.00812935859966714,-0.11468555472068201,-0.14246151728055803,-0.14234967512435354,-0.1661743927544424,0.35145042141780575,0.7069604247336135,0.9228851676830732,1.4555205617921865,0.033328998126500683,-0.20110566985187175,-0.29964979453595897,0.8784412815788499,0.5081136884073962,-0.5843180431589229,-0.6872911803798755,0.0,0.5503495392790064,0.09810008285956934,0.10282029292774987,False,False,True,True,False,False,False,False,False,False,False,False,False,False,False,False,False,2.83
0.26071224724053804,-0.644423446632987,-0.23618931168728977,-0.2776126373714288,-0.14234967512435354,-0.1661743927544424,-0.04738333130536522,1.0692140363787634,-0.33090797848173215,1.4555205617921865,-0.1087566214738833,-0.20110566985187175,-0.5621549483630942,0.8618250522285458,0.5423604976489924,-0.572369162324099,-0.6872911803798755,0.0,0.5503495392790064,0.09810008285956934,0.3508704358068616,False,False,False,True,False,False,False,False,False,False,False,False,False,False,False,True,False,2.36
0.7254297272866008,1.6140441945725148,1.1036359002688134,1.0310457693621242,-1.4779559749062299,-0.7232868929992161,1.5557719492485564,0.7069604247336135,-0.33090797848173215,-0.5332831638162967,-1.2828325308033677,-0.2929847985900408,-0.7931594837309732,-0.07590823893208218,-0.6505700242666066,-0.2769059271357233,-0.21845790364256,0.0,0.5503495392790064,0.09810008285956934,0.3508704358068616,True,False,False,True,False,False,False,False,False,False,False,False,False,False,False,True,False,4.26
-1.7028201314932108,-0.9857010631627074,0.4140199823502313,0.38166111916940415,-0.6098118800480102,-1.001843143121603,0.35145042141780575,-0.0899975208857163,0.9228851676830732,1.4555205617921865,-0.8251672718800287,-0.2929847985900408,-0.9086617514149127,0.5995776063954892,-0.7647260550719268,-0.2530081654660752,-0.5853709028282852,0.0,0.5503495392790064,0.09810008285956934,0.3508704358068616,False,True,False,True,False,False,False,False,False,False,False,False,False,False,False,False,False,3.41
0.7131046115114662,0.00812935859966714,-0.11468555472068201,-0.10949782945351709,0.12477158483202172,-0.1661743927544424,-0.04738333130536522,0.5620589800755535,0.9228851676830732,1.4555205617921865,0.1828928082321676,-0.15516610548278725,-0.026644434555738162,0.8300374830366603,0.5024058868671303,-0.5930081383115222,-0.6872911803798755,0.0,0.5503495392790064,0.09810008285956934,0.3508704358068616,False,False,True,True,False,False,False,False,False,False,False,False,False,False,False,False,False,2.67
0.26071224724053804,-0.644423446632987,-0.23618931168728977,-0.2776126373714288,-0.14234967512435354,-0.1661743927544424,-0.04738333130536522,0.9967633140497334,-0.33090797848173215,1.4555205617921865,0.03183336002544325,-0.10922654111370278,-0.4466526806791546,0.8473761571413247,0.5195292914879283,-0.6114745905107957,-0.6872911803798755,0.0,0.5503495392790064,0.09810008285956934,0.5989205786859734,False,False,False,True,False,False,False,False,False,False,False,False,False,False,False,True,False,2.1
0.7254297272866008,1.6140441945725148,0.44685883558444883,0.3552901689077702,-1.0772740849716669,-1.001843143121603,1.9624259716329662,0.8518618693916735,-0.33090797848173215,-0.5332831638162967,-1.249928492580121,-0.2929847985900408,-0.6461565975877774,-0.06434912286230582,-0.5763686042431482,-0.4061710925306376,-0.29999412568383227,0.0,0.5503495392790064,0.09810008285956934,0.5989205786859734,True,False,False,True,False,False,False,False,False,False,False,False,False,False,False,True,False,4.02
-1.7028201314932108,-0.9857010631627074,0.4140199823502313,0.3454010625596585,-0.8769331400043855,-1.001843143121603,-0.45403735368977466,-0.01754679855668632,0.9228851676830732,1.4555205617921865,-0.8790102435180688,-0.2929847985900408,-0.8246601021902293,0.6219733937806805,-0.6448622227263404,-0.07920626241408957,-0.6261390138489212,0.0,0.5503495392790064,0.09810008285956934,0.5989205786859734,False,True,False,True,False,False,False,False,False,False,False,False,False,False,False,False,False,3.9
0.7131046115114662,0.00812935859966714,-0.11468555472068201,-0.14246151728055803,-0.14234967512435354,-0.1661743927544424,0.7581044438022152,0.48960825774652356,0.9228851676830732,1.4555205617921865,0.3429260850452302,0.07453171636263528,0.21486030696522626,0.8408741543520752,0.5766073068905886,-0.570196638535949,-0.6872911803798755,0.0,0.5503495392790064,0.09810008285956934,0.5989205786859734,False,False,True,True,False,False,False,False,False,False,False,False,False,False,False,False,False,2.7
0.26071224724053804,-0.644423446632987,-0.5809972706465815,-0.6303240971207745,0.05799126984292791,-0.1661743927544424,-0.45403735368977466,0.9967633140497334,-0.33090797848173215,1.4555205617921865,0.17242334152476982,-0.15516610548278725,-0.29964979453595897,0.8228130354930493,0.5252370930281944,-0.6136471142989455,-0.6872911803798755,0.0,0.5503495392790064,0.09810008285956934,0.846970721565085,False,False,False,True,False,False,False,False,False,False,False,False,False,False,False,True,False,1.98
0.7254297272866008,1.6140441945725148,0.11847030324226653,0.045431503333579454,-0.6765921950371041,-0.7232868929992161,1.9624259716329662,0.7794111470626435,-0.33090797848173215,-0.5332831638162967,-1.1557032922135517,-0.3848639273282098,-0.47815329913841087,-0.07735312844080397,-0.4964593826794238,-0.5245736389848028,-0.3815303477251045,0.0,0.5503495392790064,0.09810008285956934,0.846970721565085,True,False,False,True,False,False,False,False,False,False,False,False,False,False,False,True,False,3.65
-1.7028201314932108,-0.9857010631627074,0.085631450008049,0.00917144672383266,-0.6765921950371041,-0.7232868929992161,-0.45403735368977466,0.19980536843040364,0.9228851676830732,-0.5332831638162967,-0.8834971578212389,-0.2929847985900408,-0.70915783450629,0.5605655896599927,-0.53070619192102,0.030506188887476367,-0.6872911803798755,0.0,0.5503495392790064,0.09810008285956934,0.846970721565085,False,True,False,True,False,False,False,False,False,False,False,False,False,False,False,False,False,4.19
0.7131046115114662,0.00812935859966714,-0.4430740870628643,-0.4786911331163827,0.05799126984292791,-0.1661743927544424,-0.04738333130536522,0.48960825774652356,0.9228851676830732,1.4555205617921865,0.4790291522413887,0.12047128073171982,0.39336381156767813,0.8199232564756057,0.5708995053503226,-0.5604202814892749,-0.6465230693592393,0.0,0.5503495392790064,0.09810008285956934,0.846970721565085,False,False,True,True,False,False,False,False,False,False,False,False,False,False,False,False,False,2.67
0.26071224724053804,-0.644423446632987,-1.881415858721623,-1.859869653069428,1.6607188295811794,0.6694943576127181,-1.0640183872663886,0.41715753541749356,0.2064319413031844,-0.5332831638162967,1.2178743741633828,2.3715099348168605,2.430403805266248,-1.8487876661340694,-0.3081019318506451,0.5953623738064298,0.45421592819793616,0.0,0.5503495392790064,0.20359660053791565,-1.6335307072260323,False,False,False,False,False,False,True,False,False,False,False,True,False,False,False,False,False,4.28
0.7254297272866008,1.6140441945725148,-1.5300401291154884,-1.6027528880185036,0.6590141047447723,0.11238185736794444,0.7581044438022152,0.7794111470626435,-0.33090797848173215,-0.5332831638162967,-0.7922632336567801,0.12047128073171982,1.033876386905888,-1.762816740365106,-0.6676934288874045,-0.8547972547835756,1.9218679249408366,0.0,0.5503495392790064,0.20359660053791565,-1.6335307072260323,True,False,False,True,False,False,False,False,False,False,False,False,False,False,False,True,False,2.1
-1.7028201314932108,-0.9857010631627074,-1.5595950970262842,-1.6785693700206994,0.32511252979930316,0.11238185736794444,-0.8528711064129453,-0.8145047441760161,0.9228851676830732,-0.5332831638162967,0.088667607865596,-0.24704523422095628,1.1913794792021695,-1.0085844168121822,-0.8902976889577795,-0.7070656371893878,0.10768698452252902,0.0,0.5503495392790064,0.20359660053791565,-1.6335307072260323,False,True,False,True,False,False,False,False,False,False,False,False,False,False,False,False,False,1.36
0.7131046115114662,0.00812935859966714,-0.7714626194050466,-0.6270277283380711,1.7274991445702732,0.11238185736794444,-0.45403735368977466,0.05490392377234366,0.9228851676830732,-2.52208688942478,1.356968717561652,5.4494607475455235,4.834951014322807,-2.3530541046780744,-0.46792037497809374,-0.3496854740387423,1.2084259820797045,0.0,0.5503495392790064,0.20359660053791565,-1.6335307072260323,False,False,True,False,False,False,True,False,False,False,False,True,False,False,False,False,False,2.75
0.26071224724053804,-0.644423446632987,-0.9290891149292942,-0.8940335997371079,0.9929156796902413,0.11238185736794444,-1.2595251287973548,-1.466561245137286,-0.33090797848173215,-0.5332831638162967,1.161040126323228,3.8415759946275645,2.125897826826771,-1.749812734786608,-0.15399129026346245,0.65510677798055,0.5765202612598445,0.0,0.5503495392790064,0.20359660053791565,-1.3854805643469206,False,False,False,True,False,False,False,False,False,False,False,False,False,False,False,True,False,4.47
0.7254297272866008,1.6140441945725148,-0.8666952937842803,-1.0159992446971624,-0.4762512500698226,0.11238185736794444,0.35145042141780575,0.5620589800755535,0.9228851676830732,-0.5332831638162967,-0.8281585480821415,0.25828997383897334,0.3723633992615073,-1.457945054024748,-0.7418948489108629,-0.8569697785717255,1.2084259820797045,0.0,0.5503495392790064,0.20359660053791565,-1.3854805643469206,True,False,False,True,False,False,False,False,False,False,False,False,False,False,False,False,False,2.02
-1.7028201314932108,-0.9857010631627074,-1.2279226793606801,-1.3456361229675788,0.05799126984292791,0.11238185736794444,-0.45403735368977466,-1.394110522808256,0.9228851676830732,-0.5332831638162967,0.06772867445080467,0.028592151993550734,0.8553728823034361,-0.8807116952902788,-0.8902976889577795,-0.7472573272701595,-0.0757695150703336,0.0,0.5503495392790064,0.20359660053791565,-1.3854805643469206,False,True,False,True,False,False,False,False,False,False,False,False,False,False,False,False,False,1.27
0.7131046115114662,0.00812935859966714,-0.4430740870628643,-0.43583833894122886,0.391892844788397,0.3909381074903313,-0.45403735368977466,0.34470681308846357,0.9228851676830732,-0.5332831638162967,1.195439802647532,7.149224629201649,4.099936583606828,-2.0214519624263576,-0.41655016111569954,-0.36923818813209064,1.0045854269765238,0.0,0.5503495392790064,0.20359660053791565,-1.3854805643469206,False,False,True,True,False,False,False,False,False,False,False,False,False,False,False,False,False,2.76
0.26071224724053804,-0.644423446632987,-1.2738970738885858,-1.319265172705945,0.6590141047447723,0.3909381074903313,0.35145042141780575,-1.394110522808256,-1.4414104793705598,-0.5332831638162967,1.1670226787274556,-0.5226826204354633,0.540366697710874,0.345277052860403,0.8163349715817615,-0.27364714145349844,-0.4426825142560587,0.0,0.5503495392790064,0.20359660053791565,1.5911211502024203,False,False,False,False,False,False,False,False,True,False,False,False,False,False,False,False,False,2.89
0.7254297272866008,1.6140441945725148,-1.8518608908108265,-1.915907922375399,0.9929156796902413,0.3909381074903313,0.35145042141780575,0.8518618693916735,-0.33090797848173215,-0.5332831638162967,-0.8012370622631204,-0.5226826204354633,-0.005644022249567323,-0.4400203951300449,-0.5934920088639463,-0.68099535173159,-0.03500140404969744,0.0,0.5503495392790064,0.20359660053791565,1.5911211502024203,True,False,False,True,False,False,False,False,False,False,False,False,False,False,False,True,False,2.25
-1.7028201314932108,-0.9857010631627074,-1.8846997440450446,-1.9093151848099907,1.3268172546357104,0.3909381074903313,0.7581044438022152,0.12735464610137365,0.9228851676830732,-0.5332831638162967,-0.4019016892809895,-0.5226826204354633,-0.45715288683224004,0.18706165165533578,-0.8275118720148532,-0.7722413508338825,-0.4222984587457406,0.0,0.5503495392790064,0.20359660053791565,1.5911211502024203,False,True,False,False,False,False,True,False,False,False,False,True,False,False,False,False,False,1.55
0.7131046115114662,0.00812935859966714,-1.099851151747229,-1.1709285774842577,0.32511252979930316,0.3909381074903313,-1.2595251287973548,0.7069604247336135,-0.33090797848173215,-0.5332831638162967,0.9830591922974847,-0.5226826204354633,0.9603749438342903,0.41968886255959004,0.21130800831356297,-0.4007397830602631,-0.32037818119415035,0.0,0.5503495392790064,0.20359660053791565,1.5911211502024203,False,False,True,True,False,False,False,False,False,False,False,False,False,False,False,True,False,2.93
0.26071224724053804,-0.644423446632987,-1.2180710233904144,-1.2137813716594117,0.9929156796902413,0.3909381074903313,-0.8528711064129453,0.5620589800755535,0.9228851676830732,-0.5332831638162967,0.622610409942828,0.4420482313153113,1.7058895807033545,-1.1566855914561949,-0.022711854837343934,0.8430300856555095,0.026150762481256692,0.0,0.5503495392790064,0.30909311821626195,-1.3854805643469206,False,False,False,False,False,False,True,False,False,False,False,False,False,True,False,False,False,5.42
0.7254297272866008,1.6140441945725148,-2.180249423153009,-2.1301718932511697,2.1281810345048364,0.948050607735105,-0.8528711064129453,0.8518618693916735,0.9228851676830732,-0.5332831638162967,-0.6187692139342069,0.16641084510080426,0.5298664915577886,-2.0814148770383243,-0.8389274750953852,-0.7798451840924069,0.7395927053423889,0.0,0.5503495392790064,0.30909311821626195,-1.3854805643469206,True,False,False,True,False,False,False,False,False,False,False,False,False,False,False,False,False,1.92
-1.7028201314932108,-0.9857010631627074,-1.2279226793606801,-1.3126724351405368,0.32511252979930316,0.6694943576127181,-0.8528711064129453,-0.37980041020183625,-0.33090797848173215,-0.5332831638162967,0.5867150955174687,1.4067790830660858,0.8343724699972653,-0.9767968476202968,-0.8560508797161833,-0.6342860902863687,1.1676578710590684,0.0,0.5503495392790064,0.30909311821626195,-1.3854805643469206,False,True,False,True,False,False,False,False,False,False,False,False,False,False,False,True,False,1.63
0.7131046115114662,0.00812935859966714,0.21370297762150028,0.18387899220715376,-0.4094709350807288,0.6694943576127181,-2.463846656628106,-1.466561245137286,-0.33090797848173215,-0.5332831638162967,0.1754146177268847,0.9473834393752408,1.590387313019415,-0.7326105206462662,-0.2453161149077188,0.051145164874899805,0.1280710400328471,0.0,0.5503495392790064,0.30909311821626195,-1.3854805643469206,False,False,True,False,False,False,True,False,False,False,False,True,False,False,False,False,False,3.81
0.26071224724053804,-0.644423446632987,-1.2180710233904144,-1.1214830457436957,1.7274991445702732,0.3909381074903313,-1.2595251287973548,-0.45225113253086624,0.9228851676830732,-0.5332831638162967,0.2382314179712629,-0.06328697674461824,0.4878656669454469,0.10181317064073381,0.7992115669609635,0.34334961438105066,-0.6669071248695574,0.0,0.5503495392790064,0.30909311821626195,-1.1374304214678088,False,False,False,False,False,False,True,False,False,False,False,False,False,True,False,False,False,4.33
0.7254297272866008,1.6140441945725148,-1.8518608908108265,-1.8730551282002452,1.3268172546357104,0.6694943576127181,-1.6583588815205257,-1.466561245137286,0.9228851676830732,-0.5332831638162967,-0.6800903760775299,0.07453171636263528,0.036356802362774124,-1.1472938096495018,-0.8218040704745871,-0.8721774450887743,0.29114348411539154,0.0,0.5503495392790064,0.30909311821626195,-1.1374304214678088,True,False,False,True,False,False,False,False,False,False,False,False,False,False,False,False,False,1.62
-1.7028201314932108,-0.9857010631627074,-0.5711456146763155,-0.6896587352094494,-0.4762512500698226,0.3909381074903313,-0.8528711064129453,-1.466561245137286,-0.33090797848173215,-0.5332831638162967,0.5986802003259217,0.3961086669462269,-0.27864938222978813,0.015842244871770415,-0.8902976889577795,-0.6777365660493653,0.2096072620741193,0.0,0.5503495392790064,0.30909311821626195,-1.1374304214678088,False,True,False,True,False,False,False,False,False,False,False,False,False,False,False,True,False,1.45
0.7131046115114662,0.00812935859966714,0.21370297762150028,0.18387899220715376,-0.4094709350807288,0.6694943576127181,-0.8528711064129453,0.41715753541749356,0.9228851676830732,-0.5332831638162967,-0.010044506804143653,0.16641084510080426,0.17285948235288456,0.0013933497845494437,0.10856758058877472,-0.17914235666898132,-0.4630665697663768,0.0,0.5503495392790064,0.30909311821626195,-1.1374304214678088,False,False,True,False,False,False,True,False,False,False,False,True,False,False,False,False,False,3.49
0.26071224724053804,-0.644423446632987,-1.2180710233904144,-1.1214830457436957,1.7274991445702732,0.3909381074903313,-1.2595251287973548,0.41715753541749356,0.9228851676830732,-0.5332831638162967,0.0004249599032541362,-0.15516610548278725,0.07835762697511581,0.16611075377886625,0.4567434745450021,-0.007512977405145461,-0.6669071248695574,0.0,0.5503495392790064,0.30909311821626195,-0.8893802785886971,False,False,False,False,False,False,True,False,False,False,False,True,False,False,False,False,False,3.62
0.7254297272866008,1.6140441945725148,-1.523472358468645,-1.5961601504530953,0.6590141047447723,0.6694943576127181,-0.8528711064129453,0.9967633140497334,0.9228851676830732,-0.5332831638162967,-0.8999491769328622,0.07453171636263528,-0.23664855761744644,-0.9847437399182682,-0.9188366966591095,-0.9558196109325424,-0.014617348539379356,0.0,0.5503495392790064,0.30909311821626195,-0.8893802785886971,True,False,False,True,False,False,False,False,False,False,False,False,False,False,False,False,False,1.36
-1.7028201314932108,-0.9857010631627074,-0.2427570823341333,-0.3798000696352587,-0.8769331400043855,0.6694943576127181,-0.8528711064129453,-1.466561245137286,-0.33090797848173215,-0.5332831638162967,0.3548911898536833,-0.01734741237553375,-0.7196580406593754,0.4731497743823075,-0.9359601012799077,-0.7146694704479122,-0.11653762609096965,0.0,0.5503495392790064,0.30909311821626195,-0.8893802785886971,False,True,False,True,False,False,False,False,False,False,False,False,False,False,False,True,False,1.36
0.7131046115114662,0.00812935859966714,0.21370297762150028,0.22013904881689939,-0.14234967512435354,0.3909381074903313,0.35145042141780575,0.41715753541749356,0.9228851676830732,-0.5332831638162967,-0.14764321210135747,-0.06328697674461824,-0.16314711454584863,0.12131917900848155,-0.06266646561920614,-0.3735832357083903,-0.5038346807870129,0.0,0.5503495392790064,0.30909311821626195,-0.8893802785886971,False,False,True,True,False,False,False,False,False,False,False,False,False,False,False,False,False,3.18
0.26071224724053804,-0.644423446632987,-1.2180710233904144,-1.0687411452204292,2.1281810345048364,0.3909381074903313,-1.6583588815205257,-1.466561245137286,0.9228851676830732,-0.5332831638162967,-0.12969555488867676,-0.15516610548278725,-0.11064608378042153,0.1372129636044243,0.34829524527994765,-0.14655449984673394,-0.6669071248695574,0.0,0.5503495392790064,0.30909311821626195,-0.6413301357095853,False,False,False,False,False,False,True,False,False,False,False,False,False,True,False,False,False,3.36
0.7254297272866008,1.6140441945725148,-0.8666952937842803,-0.9467755002603747,0.05799126984292791,0.6694943576127181,-1.2595251287973548,-1.466561245137286,0.9228851676830732,-0.5332831638162967,-1.0345566060279612,-0.06328697674461824,-0.48865350529149626,-0.7730674268904835,-0.9530835059007057,-0.9927525153310893,-0.05538545956001552,0.0,0.5503495392790064,0.30909311821626195,-0.6413301357095853,True,False,False,True,False,False,False,False,False,False,False,False,False,False,False,False,False,1.24
-1.7028201314932108,-0.9857010631627074,0.4140199823502313,0.2959555308190953,-1.2776150299389484,0.3909381074903313,-0.45403735368977466,-1.466561245137286,-0.33090797848173215,1.4555205617921865,0.15148440810997635,-0.20110566985187175,-0.8561607206494856,0.7072218747952835,-0.9587913074409717,-0.7201007799182867,-0.21845790364256,0.0,0.5503495392790064,0.30909311821626195,-0.6413301357095853,False,True,False,True,False,False,False,False,False,False,False,False,False,False,False,True,False,1.36
0.7131046115114662,0.00812935859966714,0.21370297762150028,0.22013904881689939,-0.14234967512435354,0.3909381074903313,0.7581044438022152,0.6345097024045835,0.9228851676830732,-0.5332831638162967,-0.23139894576052916,-0.15516610548278725,-0.2576489699236173,0.1328782950782579,-0.08549767178027012,-0.4452765207173344,-0.5038346807870129,0.0,0.5503495392790064,0.30909311821626195,-0.6413301357095853,False,False,True,True,False,False,False,False,False,False,False,False,False,False,False,False,False,3.19
0.26071224724053804,-0.644423446632987,-0.5612939587060497,-0.4885802394644956,0.9929156796902413,0.3909381074903313,-1.2595251287973548,1.0692140363787634,0.9228851676830732,-0.5332831638162967,-0.06837439274535383,-0.15516610548278725,-0.31015000068904425,0.2867590277571598,0.38824985606180973,-0.25735321304237496,-0.6669071248695574,0.0,0.5503495392790064,0.30909311821626195,-0.3932799928304736,False,False,False,True,False,False,False,False,False,False,False,False,False,False,False,False,False,3.42
0.7254297272866008,1.6140441945725148,-0.538306761442098,-0.6533986785997038,-0.4762512500698226,0.6694943576127181,-0.8528711064129453,-1.466561245137286,0.9228851676830732,-0.5332831638162967,-1.1332687206977008,-0.3389243629591253,-0.866660926802571,-0.17921783880571013,-0.9873303151423019,-1.0275128959414865,-0.36114629221478645,0.0,0.5503495392790064,0.30909311821626195,-0.3932799928304736,True,False,False,True,False,False,False,False,False,False,False,False,False,False,False,False,False,1.1
-1.7028201314932108,-0.9857010631627074,0.41073609702680897,0.26628821177475787,-1.4779559749062299,0.11238185736794444,-1.2595251287973548,-0.8869554665050461,-0.33090797848173215,1.4555205617921865,-0.1311911929897342,-0.24704523422095628,-0.9191619575679981,1.1927047497259011,-1.015869322843632,-0.8124330409146542,-0.29999412568383227,0.0,0.5503495392790064,0.30909311821626195,-0.3932799928304736,False,True,False,True,False,False,False,False,False,False,False,False,False,False,False,True,False,1.24
0.7131046115114662,0.00812935859966714,0.21370297762150028,0.22013904881689939,-0.14234967512435354,0.3909381074903313,0.7581044438022152,0.7069604247336135,0.9228851676830732,-0.5332831638162967,-0.15362576450558296,-0.06328697674461824,-0.3311504129952151,0.3091548151423511,-0.05125086253867408,-0.6114745905107957,-0.4426825142560587,0.0,0.5503495392790064,0.30909311821626195,-0.3932799928304736,False,False,True,True,False,False,False,False,False,False,False,False,False,False,False,False,False,2.86
0.26071224724053804,-0.644423446632987,-0.5612939587060497,-0.4885802394644956,0.9929156796902413,0.3909381074903313,-0.04738333130536522,0.9243125917207035,0.9228851676830732,-0.5332831638162967,-0.16858214551615092,-0.24704523422095628,-0.40465185606681303,0.2224614446190273,0.2341392144746271,-0.40182604495433794,-0.6465230693592393,0.0,0.5503495392790064,0.30909311821626195,-0.14522984995136187,False,False,False,True,False,False,False,False,False,False,False,False,False,False,False,False,False,3.0
0.7254297272866008,1.6140441945725148,-0.20991822909991575,-0.376503700852554,-1.1440543999607609,0.6694943576127181,-0.45403735368977466,0.27225609075943363,0.9228851676830732,-0.5332831638162967,-1.2753543402980847,-0.3848639273282098,-0.9191619575679981,-0.08457757598441394,-0.9987459182228339,-1.0362029910940858,-0.3815303477251045,0.0,0.5503495392790064,0.30909311821626195,-0.14522984995136187,True,False,False,True,False,False,False,False,False,False,False,False,False,False,False,False,False,1.02
-1.7028201314932108,-0.9857010631627074,1.0707970470345958,0.9783038688388576,-1.6115166048844174,0.3909381074903313,-0.45403735368977466,-1.466561245137286,-0.33090797848173215,1.4555205617921865,-0.5993259186204709,-0.2929847985900408,-0.940162369874169,1.0568851359060263,-1.0329927274644302,-0.8624010880421,-0.40191440323542255,0.0,0.5503495392790064,0.30909311821626195,-0.14522984995136187,False,True,False,True,False,False,False,False,False,False,False,False,False,False,False,True,False,1.06
0.7131046115114662,0.00812935859966714,0.21370297762150028,0.2531027366439415,0.12477158483202172,0.3909381074903313,0.35145042141780575,0.7794111470626435,0.9228851676830732,-0.5332831638162967,-0.20746873614362296,-0.15516610548278725,-0.39415164991372764,0.35105661089529117,-0.03412745791787599,-0.5962669239937469,-0.4222984587457406,0.0,0.5503495392790064,0.30909311821626195,-0.14522984995136187,False,False,True,True,False,False,False,False,False,False,False,False,False,False,False,False,False,3.03
0.26071224724053804,-0.644423446632987,0.3976005557331219,0.49044128899864103,0.391892844788397,0.3909381074903313,1.571412488571034,0.9822731695839274,0.4930132318551399,-0.5332831638162967,-0.22990330765947384,-0.2929847985900408,-0.4151520622198985,0.15816386148089487,0.1542299929109027,-0.4713468061751322,-0.6261390138489212,0.0,0.5503495392790064,0.30909311821626195,0.10282029292774987,False,False,False,True,False,False,False,False,False,False,False,False,False,False,False,False,False,2.77
0.7254297272866008,1.6140441945725148,0.11190253259542302,-0.046866822582137535,-1.3443953449280421,0.3909381074903313,-0.8528711064129453,-1.466561245137286,0.9228851676830732,-0.5332831638162967,-1.3561187977551459,-0.4308034916972943,-0.9191619575679981,-0.060014454336139424,-1.0044537197630998,-1.0383755148822356,-0.36114629221478645,0.0,0.5503495392790064,0.30909311821626195,0.10282029292774987,True,False,False,True,False,False,False,False,False,False,False,False,False,False,False,False,False,1.0
-1.7028201314932108,-0.9857010631627074,1.3991855793767782,1.3211262222400904,-1.7450772348626051,0.11238185736794444,-0.45403735368977466,-1.466561245137286,-0.33090797848173215,1.4555205617921865,-0.9522965104698448,-0.2929847985900408,-0.9296621637210836,0.8661597207547121,-1.0329927274644302,-0.8558835166776506,-0.4426825142560587,0.0,0.5503495392790064,0.30909311821626195,0.10282029292774987,False,True,False,True,False,False,False,False,False,False,False,False,False,False,False,True,False,1.07
0.7131046115114662,0.00812935859966714,0.21370297762150028,0.28936279325368713,0.391892844788397,0.3909381074903313,0.7581044438022152,0.6345097024045835,0.9228851676830732,-0.5332831638162967,-0.19550363133516985,-0.20110566985187175,-0.36265103145447136,0.3546688346670972,0.005827152863986208,-0.5625928052774247,-0.40191440323542255,0.0,0.5503495392790064,0.30909311821626195,0.10282029292774987,False,False,True,True,False,False,False,False,False,False,False,False,False,False,False,False,False,3.23
0.26071224724053804,-0.644423446632987,-0.23290542636386743,-0.2050925241519376,0.391892844788397,0.3909381074903313,-0.45403735368977466,1.0692140363787634,0.9228851676830732,-0.5332831638162967,-0.19251235513305712,-0.24704523422095628,-0.36265103145447136,0.12998851606081432,0.09715197750824266,-0.4648292348106828,-0.5853709028282852,0.0,0.5503495392790064,0.30909311821626195,0.3508704358068616,False,False,False,True,False,False,False,False,False,False,False,False,False,False,False,False,False,2.69
0.7254297272866008,1.6140441945725148,0.4402910649376053,0.2992518996018,-1.4779559749062299,0.3909381074903313,-1.2595251287973548,-1.466561245137286,0.9228851676830732,-0.5332831638162967,-1.3247103976329546,-0.3848639273282098,-0.8351603083433148,-0.05784712007305623,-0.9930381166825679,-1.020995324577037,-0.2796100701735142,0.0,0.5503495392790064,0.30909311821626195,0.3508704358068616,True,False,False,True,False,False,False,False,False,False,False,False,False,False,False,False,False,1.05
-1.7028201314932108,-0.9857010631627074,1.0675131617111735,0.9486365497945201,-1.811857549851699,0.11238185736794444,-0.45403735368977466,1.1416647587077935,-0.33090797848173215,1.4555205617921865,-0.8834971578212389,-0.24704523422095628,-0.8771611329556565,0.8748290578070439,-1.010161521303366,-0.7917940649272308,-0.4426825142560587,0.0,0.5503495392790064,0.30909311821626195,0.3508704358068616,False,True,False,True,False,False,False,False,False,False,False,False,False,False,False,True,False,1.23
0.7131046115114662,0.00812935859966714,0.21370297762150028,0.2531027366439415,0.12477158483202172,0.3909381074903313,0.35145042141780575,0.7794111470626435,0.9228851676830732,-0.5332831638162967,-0.11473917387811092,-0.20110566985187175,-0.11064608378042153,0.34021993957987623,0.13710658829010472,-0.5017621392092297,-0.32037818119415035,0.0,0.5503495392790064,0.30909311821626195,0.3508704358068616,False,False,True,True,False,False,False,False,False,False,False,False,False,False,False,False,False,3.5
0.26071224724053804,-0.644423446632987,-0.889682491048232,-0.8940335997371079,0.6590141047447723,1.2266068578574918,0.35145042141780575,-1.394110522808256,0.9228851676830732,1.4555205617921865,0.22626631316280982,0.16641084510080426,-0.20514793915819018,0.6378671783766243,1.1930498732393189,0.6485892066161005,-0.40191440323542255,0.0,0.5503495392790064,0.4145896358946083,-1.1374304214678088,False,False,False,True,False,False,False,False,False,False,False,False,False,False,False,False,False,6.21
0.7254297272866008,1.6140441945725148,0.11847030324226653,0.08169155994332508,-0.4094709350807288,0.6694943576127181,-0.04738333130536522,0.9967633140497334,-0.33090797848173215,-0.5332831638162967,-1.6088816368337227,-0.2929847985900408,-0.9821631944865106,-0.08241024172133178,-0.9359601012799077,-0.8146055647028039,-0.25922601466319617,0.0,0.5503495392790064,0.4145896358946083,-1.1374304214678088,True,False,False,True,False,False,False,False,False,False,False,False,False,False,False,True,False,2.1
-1.7028201314932108,-0.9857010631627074,-0.2427570823341333,-0.284205374936837,-0.14234967512435354,0.6694943576127181,-0.45403735368977466,1.0692140363787634,0.9228851676830732,-0.5332831638162967,-0.8760189673159539,-0.20110566985187175,-0.866660926802571,0.32504859973829386,-0.9702069105215038,0.06526656949787353,-0.11653762609096965,0.0,0.5503495392790064,0.4145896358946083,-1.1374304214678088,False,True,False,True,False,False,False,False,False,False,False,False,False,False,False,False,False,2.84
0.7131046115114662,0.00812935859966714,-0.4430740870628643,-0.40287465111418796,0.6590141047447723,1.2266068578574918,0.35145042141780575,0.7069604247336135,0.9228851676830732,1.4555205617921865,0.3952734185822149,0.5798669244225647,0.2778615438837388,0.6999974272516736,1.1930498732393189,0.4172154231781446,-0.21845790364256,0.0,0.5503495392790064,0.4145896358946083,-1.1374304214678088,False,False,True,True,False,False,False,False,False,False,False,False,False,False,False,False,False,6.9
0.26071224724053804,-0.644423446632987,-0.889682491048232,-0.9302936563468536,0.391892844788397,1.2266068578574918,-0.04738333130536522,-1.394110522808256,0.9228851676830732,1.4555205617921865,0.03183336002544325,0.028592151993550734,-0.3206502068421297,0.7368421097240858,1.187342071699053,0.6040524689590292,-0.4426825142560587,0.0,0.5503495392790064,0.4145896358946083,-0.8893802785886971,False,False,False,True,False,False,False,False,False,False,False,False,False,False,False,False,False,6.3
0.7254297272866008,1.6140441945725148,0.44685883558444883,0.4442921260407825,-0.4094709350807288,0.6694943576127181,0.35145042141780575,0.7794111470626435,-0.33090797848173215,-0.5332831638162967,-1.7629323612425596,-0.3389243629591253,-1.0031636067926815,-0.13948337731585322,-0.9587913074409717,-0.8059154695502047,-0.25922601466319617,0.0,0.5503495392790064,0.4145896358946083,-0.8893802785886971,True,False,False,True,False,False,False,False,False,False,False,False,False,False,False,True,False,2.16
-1.7028201314932108,-0.9857010631627074,0.085631450008049,0.045431503333579454,-0.4094709350807288,0.6694943576127181,-1.2595251287973548,-1.466561245137286,0.9228851676830732,-0.5332831638162967,-1.0584868156448672,-0.24704523422095628,-0.9086617514149127,0.3019303675987411,-0.9416679028201737,0.08264675980307212,-0.19807384813224196,0.0,0.5503495392790064,0.4145896358946083,-0.8893802785886971,False,True,False,True,False,False,False,False,False,False,False,False,False,False,False,False,False,3.01
0.7131046115114662,0.00812935859966714,0.21370297762150028,0.2531027366439415,0.12477158483202172,1.2266068578574918,-0.04738333130536522,0.6345097024045835,0.9228851676830732,1.4555205617921865,0.16644078912054433,0.30422953820805776,0.036356802362774124,0.831482372545382,1.2387122855614472,0.522582826903411,-0.32037818119415035,0.0,0.5503495392790064,0.4145896358946083,-0.8893802785886971,False,False,True,True,False,False,False,False,False,False,False,False,False,False,False,False,False,7.28
0.26071224724053804,-0.644423446632987,-0.5612939587060497,-0.5676930902493962,0.391892844788397,1.2266068578574918,0.35145042141780575,1.1416647587077935,0.9228851676830732,1.4555205617921865,0.0049118742064243135,-0.06328697674461824,-0.4676530929853254,0.845931267632603,0.9704456131689441,0.37050616173292344,-0.5038346807870129,0.0,0.5503495392790064,0.4145896358946083,-0.6413301357095853,False,False,False,True,False,False,False,False,False,False,False,False,False,False,False,False,False,5.74
0.7254297272866008,1.6140441945725148,0.44685883558444883,0.40803206943103687,-0.6765921950371041,0.6694943576127181,1.1569381965253858,0.7794111470626435,-0.33090797848173215,-0.5332831638162967,-1.7270370468171983,-0.3389243629591253,-0.9926634006395959,-0.12647937173735507,-0.9702069105215038,-0.7841902316687065,-0.21845790364256,0.0,0.5503495392790064,0.4145896358946083,-0.6413301357095853,True,False,False,True,False,False,False,False,False,False,False,False,False,False,False,True,False,2.26
-1.7028201314932108,-0.9857010631627074,0.4140199823502313,0.38166111916940415,-0.6098118800480102,0.6694943576127181,-1.2595251287973548,-1.466561245137286,0.9228851676830732,-0.5332831638162967,-1.0659650061501524,-0.2929847985900408,-0.9506625760272543,0.3835666248415381,-0.9473757043604396,-0.052049715062216804,-0.32037818119415035,0.0,0.5503495392790064,0.4145896358946083,-0.6413301357095853,False,True,False,True,False,False,False,False,False,False,False,False,False,False,False,False,False,2.79
0.7131046115114662,0.00812935859966714,-0.11468555472068201,-0.07323777284377146,0.391892844788397,0.948050607735105,0.35145042141780575,0.7069604247336135,0.9228851676830732,1.4555205617921865,0.02435516952016033,0.12047128073171982,-0.20514793915819018,0.8611026074741843,0.9361988039273479,0.36616111415662367,-0.29999412568383227,0.0,0.5503495392790064,0.4145896358946083,-0.6413301357095853,False,False,True,True,False,False,False,False,False,False,False,False,False,False,False,False,False,6.42
0.26071224724053804,-0.644423446632987,-0.5809972706465815,-0.5874713029456208,0.391892844788397,1.2266068578574918,0.7581044438022152,-1.321659800479226,0.9228851676830732,-0.5332831638162967,-0.15362576450558296,-0.15516610548278725,-0.1526469083927632,0.4695375506105015,0.7021789407764412,0.022902355628951963,-0.4426825142560587,0.0,0.5503495392790064,0.4145896358946083,-0.3932799928304736,False,False,False,True,False,False,False,False,False,False,False,False,False,False,False,False,False,4.28
0.7254297272866008,1.6140441945725148,0.44685883558444883,0.38166111916940415,-0.8769331400043855,0.3909381074903313,0.7581044438022152,1.0692140363787634,-0.33090797848173215,-0.5332831638162967,-1.8631401140133568,-0.3389243629591253,-0.9926634006395959,0.010785131591242612,-0.9816225136020358,-0.8298132312198527,-0.25922601466319617,0.0,0.5503495392790064,0.4145896358946083,-0.3932799928304736,True,False,False,True,False,False,False,False,False,False,False,False,False,False,False,True,False,2.09
-1.7028201314932108,-0.9857010631627074,0.7424085146924135,0.7080016286571159,-0.8769331400043855,0.3909381074903313,-0.8528711064129453,-1.466561245137286,0.9228851676830732,-0.5332831638162967,-1.1272861682934754,-0.2929847985900408,-0.9611627821803398,0.3467219423691258,-0.9473757043604396,0.10654452147272021,-0.32037818119415035,0.0,0.5503495392790064,0.4145896358946083,-0.3932799928304736,False,True,False,True,False,False,False,False,False,False,False,False,False,False,False,False,False,3.06
0.7131046115114662,0.00812935859966714,-0.11468555472068201,-0.07323777284377146,0.391892844788397,0.948050607735105,0.7581044438022152,0.7794111470626435,0.9228851676830732,1.4555205617921865,-0.15362576450558296,-0.15516610548278725,-0.026644434555738162,0.6552058524812888,0.6279775207529826,-0.002081667934770831,-0.29999412568383227,0.0,0.5503495392790064,0.4145896358946083,-0.3932799928304736,False,False,True,True,False,False,False,False,False,False,False,False,False,False,False,False,False,5.07
0.26071224724053804,-0.644423446632987,-0.5612939587060497,-0.61054588442455,0.05799126984292791,0.948050607735105,0.35145042141780575,-1.321659800479226,0.9228851676830732,-0.5332831638162967,-0.2927201079038542,-0.20110566985187175,-0.17364732069893404,0.4803742219259175,0.696471139236175,-0.04118709612146774,-0.4834506252766948,0.0,0.5503495392790064,0.4145896358946083,-0.14522984995136187,False,False,False,True,False,False,False,False,False,False,False,False,False,False,False,False,False,3.96
0.7254297272866008,1.6140441945725148,0.44685883558444883,0.38166111916940415,-0.8769331400043855,0.3909381074903313,1.5557719492485564,0.9967633140497334,0.9228851676830732,-0.5332831638162967,-1.8975397903376587,-0.3389243629591253,-0.9611627821803398,-0.0253371061268093,-0.9587913074409717,-0.8070017314442796,-0.21845790364256,0.0,0.5503495392790064,0.4145896358946083,-0.14522984995136187,True,False,False,True,False,False,False,False,False,False,False,False,False,False,False,False,False,2.21
-1.7028201314932108,-0.9857010631627074,0.7424085146924135,0.6816306783954832,-1.0772740849716669,0.11238185736794444,-0.8528711064129453,-1.466561245137286,0.9228851676830732,-0.5332831638162967,-1.233476473468498,-0.2929847985900408,-0.940162369874169,0.274477466933022,-0.9188366966591095,0.1804103302698141,-0.36114629221478645,0.0,0.5503495392790064,0.4145896358946083,-0.14522984995136187,False,True,False,True,False,False,False,False,False,False,False,False,False,False,False,False,False,3.28
0.7131046115114662,0.00812935859966714,-0.4430740870628643,-0.40287465111418796,0.6590141047447723,0.948050607735105,0.7581044438022152,0.7069604247336135,0.9228851676830732,1.4555205617921865,-0.30169393651019455,-0.20110566985187175,-0.005644022249567323,0.6732669713403148,0.5423604976489924,-0.07812000052001468,-0.36114629221478645,0.0,0.5503495392790064,0.4145896358946083,-0.14522984995136187,False,False,True,True,False,False,False,False,False,False,False,False,False,False,False,False,False,4.64
0.26071224724053804,-0.644423446632987,-0.5612939587060497,-0.61054588442455,0.05799126984292791,0.948050607735105,0.7581044438022152,-1.394110522808256,0.9228851676830732,-0.5332831638162967,-0.3061808508133626,-0.24704523422095628,-0.047644846861909,0.5569533658881877,0.7820881623401653,-0.01185802498144501,-0.524218736297331,0.0,0.5503495392790064,0.4145896358946083,0.10282029292774987,False,False,False,True,False,False,False,False,False,False,False,False,False,False,False,False,False,3.83
0.7254297272866008,1.6140441945725148,0.7752473679266311,0.7442616852668615,-0.8769331400043855,0.3909381074903313,0.7581044438022152,0.8518618693916735,0.9228851676830732,-0.5332831638162967,-1.779384380354183,-0.3389243629591253,-0.866660926802571,-0.07879801794952576,-0.9131288951188437,-0.7581199462109086,-0.09615357058065169,0.0,0.5503495392790064,0.4145896358946083,0.10282029292774987,True,False,False,True,False,False,False,False,False,False,False,False,False,False,False,False,False,2.47
-1.7028201314932108,-0.9857010631627074,1.0707970470345958,1.0211566630140114,-1.2776150299389484,0.11238185736794444,-1.2595251287973548,0.19980536843040364,0.9228851676830732,-0.5332831638162967,-1.152712016011439,-0.24704523422095628,-0.866660926802571,0.2975956990725747,-0.8446352766356513,0.36941989983884854,-0.3815303477251045,0.0,0.5503495392790064,0.4145896358946083,0.10282029292774987,False,True,False,True,False,False,False,False,False,False,False,False,False,False,False,False,False,3.87
0.7131046115114662,0.00812935859966714,-0.11468555472068201,-0.07323777284377146,0.391892844788397,0.948050607735105,0.35145042141780575,0.8518618693916735,0.9228851676830732,1.4555205617921865,-0.33011106043027094,-0.24704523422095628,0.35136298695533646,0.7115565433214499,0.5937307115113865,-0.04227335801554263,-0.34076223670446837,0.0,0.5503495392790064,0.4145896358946083,0.10282029292774987,False,False,True,True,False,False,False,False,False,False,False,False,False,False,False,False,False,4.35
0.26071224724053804,-0.644423446632987,-0.5612939587060497,-0.61054588442455,0.05799126984292791,0.948050607735105,0.7581044438022152,-1.394110522808256,0.9228851676830732,1.4555205617921865,-0.2702855363880033,-0.2929847985900408,0.22536051311831168,0.6342549546048183,0.9647378116286782,0.10437199768457026,-0.524218736297331,0.0,0.5503495392790064,0.4145896358946083,0.3508704358068616,False,False,False,True,False,False,False,False,False,False,False,False,False,False,False,False,False,3.84
0.7254297272866008,1.6140441945725148,0.44685883558444883,0.38166111916940415,-0.8769331400043855,0.3909381074903313,0.7581044438022152,0.9243125917207035,0.9228851676830732,-0.5332831638162967,-1.6851591799876136,-0.2929847985900408,-0.6776572160470337,-0.2601316512941467,-0.8446352766356513,-0.7016343277190132,0.08730292901221094,0.0,0.5503495392790064,0.4145896358946083,0.3508704358068616,True,False,False,True,False,False,False,False,False,False,False,False,False,False,False,False,False,2.74
-1.7028201314932108,-0.9857010631627074,1.3991855793767782,1.3903499666768782,-1.2108347149498546,-0.1661743927544424,-0.45403735368977466,0.6345097024045835,0.9228851676830732,-0.5332831638162967,-1.0734431966554354,-0.20110566985187175,-0.7406584529655461,0.31782415219468385,-0.7361870473705968,0.619260135476078,-0.3815303477251045,0.0,0.5503495392790064,0.4145896358946083,0.3508704358068616,False,True,False,True,False,False,False,False,False,False,False,False,False,False,False,False,False,4.72
0.7131046115114662,0.00812935859966714,-0.11468555472068201,-0.07323777284377146,0.391892844788397,0.948050607735105,0.35145042141780575,0.7794111470626435,0.9228851676830732,1.4555205617921865,-0.21195565044679313,-0.20110566985187175,0.9708751499873756,0.7426216677589741,0.707886742316707,0.04897264108674984,-0.25922601466319617,0.0,0.5503495392790064,0.4145896358946083,0.3508704358068616,False,False,True,True,False,False,False,False,False,False,False,False,False,False,False,False,False,4.26
0.26071224724053804,-0.644423446632987,-0.5809972706465815,-0.6303240971207745,0.05799126984292791,0.948050607735105,0.35145042141780575,-1.394110522808256,0.9228851676830732,1.4555205617921865,-0.23439022196264403,-0.4308034916972943,0.4668652546392761,0.7166136566019767,1.0731860408937326,0.19561799678686273,-0.524218736297331,0.0,0.5503495392790064,0.4145896358946083,0.5989205786859734,False,False,False,True,False,False,False,False,False,False,False,False,False,False,False,False,False,3.85
0.7254297272866008,1.6140441945725148,0.11847030324226653,0.045431503333579454,-0.6765921950371041,0.3909381074903313,1.9624259716329662,0.8518618693916735,0.9228851676830732,-0.5332831638162967,-1.590933979621042,-0.3848639273282098,-0.4361524745260693,-0.47108551956757005,-0.787557261232991,-0.6744777803671405,0.27075942860507346,0.0,0.5503495392790064,0.4145896358946083,0.5989205786859734,True,False,False,True,False,False,False,False,False,False,False,False,False,False,False,False,False,2.77
-1.7028201314932108,-0.9857010631627074,1.0707970470345958,1.0211566630140114,-1.2776150299389484,-0.1661743927544424,-0.8528711064129453,1.1416647587077935,0.9228851676830732,-0.5332831638162967,-0.9941743772994317,-0.24704523422095628,-0.6251561852816067,0.3120445941597957,-0.6448622227263404,0.7995796098925132,-0.3815303477251045,0.0,0.5503495392790064,0.4145896358946083,0.5989205786859734,False,True,False,True,False,False,False,False,False,False,False,False,False,False,False,False,False,5.4
0.7131046115114662,0.00812935859966714,-0.11468555472068201,-0.10949782945351709,0.12477158483202172,0.948050607735105,0.35145042141780575,0.7069604247336135,0.9228851676830732,1.4555205617921865,-0.06687875464429639,-0.2929847985900408,1.3488825714984507,0.7960825795816915,0.707886742316707,0.05657647434527424,-0.19807384813224196,0.0,0.5503495392790064,0.4145896358946083,0.5989205786859734,False,False,True,True,False,False,False,False,False,False,False,False,False,False,False,False,False,4.1
0.26071224724053804,-0.644423446632987,-0.889682491048232,-0.9731464505220074,0.05799126984292791,0.948050607735105,-0.45403735368977466,1.1416647587077935,0.9228851676830732,1.4555205617921865,-0.2792593649943437,-0.47674305606637885,0.6873695838540697,0.7245605488999481,1.0617704378132005,0.2379822106557843,-0.4630665697663768,0.0,0.5503495392790064,0.4145896358946083,0.846970721565085,False,False,False,True,False,False,False,False,False,False,False,False,False,False,False,False,False,3.83
0.7254297272866008,1.6140441945725148,-0.20991822909991575,-0.2578344246752043,-0.20912999011344735,0.6694943576127181,1.5557719492485564,0.9243125917207035,0.9228851676830732,-0.5332831638162967,-1.5311084555787764,-0.47674305606637885,-0.12114628993350694,-0.7947407695213154,-0.759018253531661,-0.6516662805915674,0.5357521502392083,0.0,0.5503495392790064,0.4145896358946083,0.846970721565085,True,False,False,True,False,False,False,False,False,False,False,False,False,False,False,False,False,2.7
-1.7028201314932108,-0.9857010631627074,0.41073609702680897,0.3783647503866994,-0.6098118800480102,0.11238185736794444,2.767913746740547,1.0692140363787634,0.9228851676830732,-0.5332831638162967,-1.0181045869163379,-0.3848639273282098,-0.29964979453595897,0.10831517342998237,-0.5934920088639463,0.9082057993000042,-0.25922601466319617,0.0,0.5503495392790064,0.4145896358946083,0.846970721565085,False,True,False,True,False,False,False,False,False,False,False,False,False,False,False,False,False,5.96
0.7131046115114662,0.00812935859966714,-0.7714626194050466,-0.7984389050386875,0.391892844788397,0.948050607735105,-0.45403735368977466,0.7069604247336135,0.9228851676830732,1.4555205617921865,-0.06239184034112622,-0.4308034916972943,1.4118838084169631,0.7960825795816915,0.6279775207529826,-0.01294428687552009,-0.1776897926219239,0.0,0.5503495392790064,0.4145896358946083,0.846970721565085,False,False,True,True,False,False,False,False,False,False,False,False,False,False,False,False,False,3.85
0.26071224724053804,-0.644423446632987,-0.9290891149292942,-0.9731464505220074,0.391892844788397,1.2266068578574918,-0.45403735368977466,-1.394110522808256,0.9228851676830732,1.4555205617921865,-0.11623481197916623,-0.5226826204354633,0.8238722638441799,0.7866907977749973,1.0446470331924023,0.2836052102069305,-0.36114629221478645,0.0,0.5503495392790064,0.4145896358946083,1.0950208644441968,False,False,False,True,False,False,False,False,False,False,False,False,False,False,False,False,False,3.9
0.7254297272866008,1.6140441945725148,-0.538306761442098,-0.6204349907726628,-0.20912999011344735,0.948050607735105,1.1569381965253858,0.7794111470626435,0.9228851676830732,-0.5332831638162967,-1.3381711405424652,-0.5226826204354633,0.16235927619979915,-1.0923880083180626,-0.759018253531661,-0.6038707572522714,0.6580564833011168,0.0,0.5503495392790064,0.4145896358946083,1.0950208644441968,True,False,False,True,False,False,False,False,False,False,False,False,False,False,False,False,False,2.72
-1.7028201314932108,-0.9857010631627074,-0.2427570823341333,-0.284205374936837,-0.14234967512435354,0.3909381074903313,1.9624259716329662,-1.249209078150196,0.9228851676830732,-0.5332831638162967,-0.7788024907472717,-0.5226826204354633,0.05735721466894496,-0.09758158156291313,-0.5763686042431482,0.9766402986267235,-0.014617348539379356,0.0,0.5503495392790064,0.4145896358946083,1.0950208644441968,False,True,False,True,False,False,False,False,False,False,False,False,False,False,False,False,False,6.42
0.7131046115114662,0.00812935859966714,-1.099851151747229,-1.0852229891339489,0.9929156796902413,1.2266068578574918,-0.45403735368977466,0.6345097024045835,0.9228851676830732,1.4555205617921865,0.04978101723812396,-0.5226826204354633,1.285881334579938,0.8199232564756057,0.5594839022697906,-0.08681009567261397,-0.21845790364256,0.0,0.5503495392790064,0.4145896358946083,1.0950208644441968,False,False,True,True,False,False,False,False,False,False,False,False,False,False,False,False,False,3.66
0.26071224724053804,-0.644423446632987,-1.2738970738885858,-1.3621179668810999,0.32511252979930316,1.5051631079798786,-0.45403735368977466,-1.394110522808256,0.8154171837260898,1.4555205617921865,0.04828537913706653,-0.5226826204354633,0.7503708207725822,0.8322048172997435,0.9761534147092102,0.2694838055839568,-0.32037818119415035,0.0,0.5503495392790064,0.4145896358946083,1.3430710073233085,False,False,False,True,False,False,False,False,False,False,False,False,False,False,False,False,False,3.87
0.7254297272866008,1.6140441945725148,-1.1950838261264627,-1.2764123785307913,0.32511252979930316,1.2266068578574918,0.35145042141780575,0.5620589800755535,0.9228851676830732,-0.5332831638162967,-1.130277444495588,-0.5226826204354633,0.33036257464916563,-1.2737216416626835,-0.787557261232991,-0.547385138760376,0.5561362057495264,0.0,0.5503495392790064,0.4145896358946083,1.3430710073233085,True,False,False,True,False,False,False,False,False,False,False,False,False,False,False,False,False,2.79
-1.7028201314932108,-0.9857010631627074,-0.8995341470184979,-0.9830355568701203,0.05799126984292791,0.6694943576127181,1.9624259716329662,-1.249209078150196,0.9228851676830732,-0.5332831638162967,-0.5245440135676375,-0.5226826204354633,0.2463609254244825,-0.24857253522437037,-0.5820764057834142,0.9560013226393,0.2096072620741193,0.0,0.5503495392790064,0.4145896358946083,1.3430710073233085,False,True,False,True,False,False,False,False,False,False,False,False,False,False,False,False,False,6.59
0.7131046115114662,0.00812935859966714,-1.099851151747229,-1.0852229891339489,0.9929156796902413,1.5051631079798786,-0.04738333130536522,0.7069604247336135,0.9228851676830732,1.4555205617921865,0.13503238899835307,-0.5226826204354633,1.0968776238244005,0.8163110327038007,0.5138214899476623,-0.15307207121118346,-0.2796100701735142,0.0,0.5503495392790064,0.4145896358946083,1.3430710073233085,False,False,True,True,False,False,False,False,False,False,False,False,False,False,False,False,False,3.49
0.26071224724053804,-0.644423446632987,-1.2738970738885858,-1.3621179668810999,0.32511252979930316,1.5051631079798786,-0.45403735368977466,-1.176758355821166,0.24225460262217885,1.4555205617921865,0.009398788509594492,-0.5226826204354633,0.6663691715478989,0.7368421097240858,0.8106271700414955,0.2195157584565108,-0.32037818119415035,0.0,0.5503495392790064,0.4145896358946083,1.5911211502024203,False,False,False,True,False,False,False,False,False,False,False,False,False,False,False,False,False,3.77
0.7131046115114662,0.00812935859966714,-1.099851151747229,-1.128075783309104,0.6590141047447723,1.5051631079798786,-0.8528711064129453,0.48960825774652356,0.9228851676830732,1.4555205617921865,0.01837261711593272,-0.5226826204354633,1.0233761807528028,0.6450916259202343,0.4567434745450021,-0.2128164753853036,-0.2796100701735142,0.0,0.5503495392790064,0.4145896358946083,1.5911211502024203,False,False,True,True,False,False,False,False,False,False,False,False,False,False,False,False,False,3.35
0.7254297272866008,1.6140441945725148,-1.523472358468645,-1.5961601504530953,0.6590141047447723,1.2266068578574918,-0.04738333130536522,0.5620589800755535,0.9228851676830732,-0.5332831638162967,-1.3007801880160483,-0.5226826204354633,0.4563650484861907,-1.6385562426150075,-0.8617586812564494,-0.5376087817137017,0.4134478171773,0.0,0.5503495392790064,0.4145896358946083,1.839171293081532,True,False,False,True,False,False,False,False,False,False,False,False,False,False,False,False,False,2.78
-1.7028201314932108,-0.9857010631627074,-1.2279226793606801,-1.3126724351405368,0.32511252979930316,1.2266068578574918,0.7581044438022152,-1.104307633492136,0.9228851676830732,-0.5332831638162967,-0.5619349660940542,-0.5226826204354633,0.4038640177207636,-0.5238239866359261,-0.6277388181055424,0.8452026094436592,0.45421592819793616,0.0,0.5503495392790064,0.4145896358946083,1.839171293081532,False,True,False,True,False,False,False,False,False,False,False,False,False,False,False,False,False,6.48
0.26071224724053804,-0.644423446632987,4.023009952790814,3.9417394044899026,-1.9454181798298866,0.948050607735105,-0.04738333130536522,0.9967633140497334,-1.7638144312415096,1.4555205617921865,-1.683663541886556,0.028592151993550734,-0.4676530929853254,1.3046836866518619,0.7307179484777712,8.436000725239134,-0.13692168160128773,0.0,0.5503495392790064,1.0475687419646862,-0.6413301357095853,False,False,False,False,False,False,False,False,True,False,False,False,False,False,False,False,False,21.93
0.7254297272866008,1.6140441945725148,4.7159097560328185,4.218634382237051,-2.746781959699012,0.948050607735105,-0.45403735368977466,1.0692140363787634,-0.33090797848173215,-0.5332831638162967,-3.1463976047199784,-0.3389243629591253,-0.9926634006395959,0.11264984195614876,-1.038700529004696,2.138940525286878,0.08730292901221094,0.0,0.5503495392790064,1.0475687419646862,-0.6413301357095853,True,False,False,True,False,False,False,False,False,False,False,False,False,False,False,True,False,7.78
-1.7028201314932108,-0.9857010631627074,5.996625032167329,5.392141668879734,-3.147463849633575,0.6694943576127181,-0.04738333130536522,-1.466561245137286,-0.33090797848173215,1.4555205617921865,-2.548142364297311,-0.3389243629591253,-0.9611627821803398,1.2642267804076437,-1.0672395367060263,3.7922311280688916,-0.05538545956001552,0.0,0.5503495392790064,1.0475687419646862,-0.6413301357095853,False,True,False,True,False,False,False,False,False,False,False,False,False,False,False,True,False,9.63
0.7131046115114662,0.00812935859966714,5.461351724449574,5.200952279482894,-2.6800016447099186,0.948050607735105,-2.463846656628106,-1.466561245137286,0.4571905705361455,1.4555205617921865,-1.6208467416421757,0.028592151993550734,-0.37315123760755675,1.5416455660822825,0.725010146937505,6.519834744090993,-0.1573057371116058,0.0,0.5503495392790064,1.0475687419646862,-0.6413301357095853,False,False,True,True,False,False,False,False,False,False,False,False,False,False,False,False,False,20.65
