timestamp,timestamp_hour,city,lat,lon,temperature,feels_like,humidity,pressure,wind_speed,wind_deg,clouds,weather_main,weather_description,aqi,co,no,no2,o3,so2,pm2_5,pm10,nh3,year,month,day,hour
2026-04-26 12:59:30,2026-04-26 12:00:00,Casablanca,33.5731,-7.5898,21.01,21.07,73,1011,1.54,40,80,Clouds,broken clouds,3,111.52,0.14,0.61,103.01,3.67,9.22,19.79,0.49,2026,4,26,12
2026-04-26 12:59:35,2026-04-26 12:00:00,Fes,34.0331,-5.0003,24.08,24.01,56,1011,4.63,80,0,Clear,clear sky,2,95.63,0.05,0.17,76.47,0.08,4.25,16.94,0.64,2026,4,26,12
2026-04-26 12:59:33,2026-04-26 12:00:00,Marrakech,31.6295,-7.9811,24.98,24.92,53,1009,2.06,340,40,Clouds,scattered clouds,2,100.48,0.08,0.36,93.11,0.21,9.27,42.58,1.37,2026,4,26,12
2026-04-26 12:59:31,2026-04-26 12:00:00,Rabat,34.0209,-6.8416,22.37,22.7,78,1011,3.09,290,40,Clouds,scattered clouds,3,115.79,0.24,1.08,104.71,5.55,13.7,20.61,0.85,2026,4,26,12
2026-04-26 13:59:36,2026-04-26 13:00:00,Casablanca,33.5731,-7.5898,21.01,20.94,68,1011,3.09,30,48,Clouds,scattered clouds,3,110.56,0.1,0.48,107.04,3.77,8.63,17.1,0.27,2026,4,26,13
2026-04-26 13:59:41,2026-04-26 13:00:00,Fes,34.0331,-5.0003,25.08,24.95,50,1010,4.63,60,20,Clouds,few clouds,2,95.47,0.03,0.15,81.36,0.07,4.55,18.73,0.55,2026,4,26,13
2026-04-26 13:59:39,2026-04-26 13:00:00,Marrakech,31.6295,-7.9811,25.98,25.98,47,1009,3.6,40,40,Clouds,scattered clouds,3,101.46,0.05,0.23,96.53,0.15,11.22,54.65,0.85,2026,4,26,13
2026-04-26 13:59:38,2026-04-26 13:00:00,Rabat,34.0209,-6.8416,21.37,21.6,78,1010,3.6,320,40,Clouds,scattered clouds,3,114.84,0.15,0.71,108.01,5.29,12.38,18.49,0.49,2026,4,26,13
2026-04-26 15:09:52,2026-04-26 15:00:00,Casablanca,33.5731,-7.5898,21.66,21.66,68,1011,2.68,50,35,Clouds,scattered clouds,3,107.69,0.09,0.45,107.34,3.29,7.15,13.06,0.21,2026,4,26,15
2026-04-26 15:09:57,2026-04-26 15:00:00,Fes,34.0331,-5.0003,26.08,26.08,47,1009,4.12,50,20,Clouds,few clouds,2,94.73,0.03,0.2,82.14,0.08,4.42,18.07,0.6,2026,4,26,15
2026-04-26 15:09:56,2026-04-26 15:00:00,Marrakech,31.6295,-7.9811,27.98,27.79,42,1008,2.06,0,40,Clouds,scattered clouds,3,100.21,0.03,0.19,98.82,0.1,10.89,54.08,0.54,2026,4,26,15
2026-04-26 15:09:54,2026-04-26 15:00:00,Rabat,34.0209,-6.8416,22.37,22.44,68,1010,3.6,340,40,Clouds,scattered clouds,3,112.65,0.13,0.63,105.73,4.42,10.14,14.87,0.36,2026,4,26,15
2026-04-26 16:10:02,2026-04-26 16:00:00,Casablanca,33.5731,-7.5898,21.66,21.55,64,1010,3.58,30,38,Clouds,scattered clouds,3,107.52,0.09,0.49,108.88,3.52,7.77,13.59,0.18,2026,4,26,16
2026-04-26 16:10:08,2026-04-26 16:00:00,Fes,34.0331,-5.0003,26.08,26.08,47,1009,4.63,90,20,Clouds,few clouds,2,94.42,0.03,0.26,81.87,0.08,4.24,17.06,0.64,2026,4,26,16
2026-04-26 16:10:06,2026-04-26 16:00:00,Marrakech,31.6295,-7.9811,28.98,28.5,39,1007,2.57,0,40,Clouds,scattered clouds,3,100.75,0.04,0.21,99.58,0.14,11.02,54.42,0.59,2026,4,26,16
2026-04-26 16:10:04,2026-04-26 16:00:00,Rabat,34.0209,-6.8416,23.37,23.43,64,1010,3.6,310,40,Clouds,scattered clouds,3,112.01,0.14,0.67,105.31,4.28,9.94,14.68,0.37,2026,4,26,16
2026-04-26 17:10:13,2026-04-26 17:00:00,Casablanca,33.5731,-7.5898,21.01,21.07,73,1010,3.6,50,40,Clouds,scattered clouds,3,109.4,0.06,0.67,109.62,3.78,8.21,14.42,0.21,2026,4,26,17
2026-04-26 17:10:21,2026-04-26 17:00:00,Fes,34.0331,-5.0003,27.08,27.14,44,1009,3.6,80,20,Clouds,few clouds,2,94.51,0.05,0.5,76.52,0.11,4.07,15.04,0.89,2026,4,26,17
2026-04-26 17:10:17,2026-04-26 17:00:00,Marrakech,31.6295,-7.9811,30.98,30.48,37,1007,3.09,0,40,Clouds,scattered clouds,3,101.46,0.05,0.31,99.8,0.24,11.52,55.3,0.7,2026,4,26,17
2026-04-26 17:10:15,2026-04-26 17:00:00,Rabat,34.0209,-6.8416,23.37,23.33,60,1010,4.12,340,40,Clouds,scattered clouds,3,113.74,0.17,0.95,106.15,4.4,9.82,14.82,0.49,2026,4,26,17
2026-04-26 18:11:35,2026-04-26 18:00:00,Fes,34.0331,-5.0003,26.08,26.08,47,1009,4.12,70,20,Clouds,few clouds,2,94.67,0.05,0.87,69.67,0.14,3.9,13.06,1.28,2026,4,26,18
2026-04-27 10:42:57,2026-04-27 10:00:00,Casablanca,33.5731,-7.5898,21.01,21.33,83,1009,2.06,320,40,Mist,mist,2,121.85,0.4,1.6,85.79,3.24,12.28,29.71,0.66,2026,4,27,10
2026-04-27 10:43:17,2026-04-27 10:00:00,Fes,34.0331,-5.0003,22.08,22.12,68,1010,4.12,70,0,Clear,clear sky,2,94.84,0.06,0.31,84.78,0.08,8.96,46.46,0.72,2026,4,27,10
2026-04-27 10:43:11,2026-04-27 10:00:00,Marrakech,31.6295,-7.9811,20.98,20.91,68,1009,3.09,280,0,Clear,clear sky,3,109.79,0.59,2.78,81.05,0.71,14.07,56.3,6.25,2026,4,27,10
2026-04-27 10:43:04,2026-04-27 10:00:00,Rabat,34.0209,-6.8416,20.37,21.07,100,1009,1.54,310,40,Clouds,scattered clouds,2,119.02,0.79,2.83,83.81,3.47,10.42,24.61,1.04,2026,4,27,10
2026-04-27 11:43:24,2026-04-27 11:00:00,Casablanca,33.5731,-7.5898,22.01,22.17,73,1009,3.09,310,40,Clouds,scattered clouds,2,118.6,0.23,1.01,96.66,4.44,13.73,31.46,0.43,2026,4,27,11
2026-04-27 11:43:46,2026-04-27 11:00:00,Fes,34.0331,-5.0003,24.08,24.11,60,1009,5.14,80,0,Clear,clear sky,2,93.19,0.04,0.22,87.35,0.07,9.53,49.55,0.6,2026,4,27,11
2026-04-27 11:43:39,2026-04-27 11:00:00,Marrakech,31.6295,-7.9811,21.98,22.01,68,1009,3.6,270,0,Clear,clear sky,3,107.58,0.37,1.51,88.37,0.52,13.55,56.3,4.01,2026,4,27,11
2026-04-27 11:43:32,2026-04-27 11:00:00,Rabat,34.0209,-6.8416,23.37,23.93,83,1009,2.06,320,40,Clouds,scattered clouds,2,117.58,0.4,1.76,98.25,4.55,13.73,31.88,0.75,2026,4,27,11
2026-04-27 12:43:52,2026-04-27 12:00:00,Casablanca,33.5731,-7.5898,22.01,22.17,73,1008,4.12,320,40,Clouds,scattered clouds,3,116.4,0.16,0.76,104.95,5.58,14.96,32.12,0.28,2026,4,27,12
2026-04-27 12:44:12,2026-04-27 12:00:00,Fes,34.0331,-5.0003,25.08,25.13,57,1008,4.63,80,0,Clear,clear sky,2,91.94,0.04,0.19,88.69,0.07,9.5,49.57,0.55,2026,4,27,12
2026-04-27 12:44:06,2026-04-27 12:00:00,Marrakech,31.6295,-7.9811,24.98,25.13,61,1008,3.6,290,0,Clear,clear sky,3,105.31,0.18,0.77,94.5,0.42,12.97,53.66,2.74,2026,4,27,12
2026-04-27 12:43:59,2026-04-27 12:00:00,Rabat,34.0209,-6.8416,24.37,24.9,78,1008,2.57,300,40,Clouds,scattered clouds,3,117.25,0.23,1.24,108.15,5.59,16.9,36.7,0.57,2026,4,27,12
2026-04-27 13:44:20,2026-04-27 13:00:00,Casablanca,33.5731,-7.5898,22.01,22.17,73,1008,4.12,320,40,Clouds,scattered clouds,3,115.45,0.12,0.64,111.69,6.03,14.2,30.36,0.12,2026,4,27,13
2026-04-27 13:44:42,2026-04-27 13:00:00,Fes,34.0331,-5.0003,25.08,25.13,57,1007,4.63,80,0,Clear,clear sky,3,92.11,0.03,0.17,91.06,0.06,10.52,55.58,0.45,2026,4,27,13
2026-04-27 13:44:34,2026-04-27 13:00:00,Marrakech,31.6295,-7.9811,25.02,25.17,61,1007,4.12,270,0,Clear,clear sky,3,104.13,0.07,0.29,100.63,0.3,11.37,51.83,1.23,2026,4,27,13
2026-04-27 13:44:26,2026-04-27 13:00:00,Rabat,34.0209,-6.8416,24.37,24.77,73,1008,2.57,290,40,Clouds,scattered clouds,3,115.81,0.1,1.15,110.34,6.08,15.79,33.62,0.29,2026,4,27,13
2026-04-27 14:44:49,2026-04-27 14:00:00,Casablanca,33.5731,-7.5898,22.01,22.17,73,1008,4.12,310,40,Clouds,scattered clouds,3,112.96,0.07,0.61,110.49,4.99,11.55,26.34,0.08,2026,4,27,14
2026-04-27 14:45:10,2026-04-27 14:00:00,Fes,34.0331,-5.0003,27.08,27.49,50,1006,4.12,50,75,Clouds,broken clouds,3,91.86,0.02,0.15,92.95,0.06,10.47,54.52,0.4,2026,4,27,14
2026-04-27 14:45:03,2026-04-27 14:00:00,Marrakech,31.6295,-7.9811,27.02,27.44,50,1006,4.12,280,20,Clouds,few clouds,3,101.87,0.05,0.21,102.96,0.31,7.65,33.57,0.53,2026,4,27,14
2026-04-27 14:44:57,2026-04-27 14:00:00,Rabat,34.0209,-6.8416,24.37,24.66,69,1008,3.09,300,40,Clouds,scattered clouds,3,113.62,0.1,0.98,110.81,5.38,14.67,31.78,0.27,2026,4,27,14
2026-04-27 15:45:18,2026-04-27 15:00:00,Casablanca,33.5731,-7.5898,22.01,22.17,73,1007,4.12,310,40,Clouds,scattered clouds,3,113.45,0.04,0.74,109.53,4.89,10.77,23.78,0.06,2026,4,27,15
2026-04-27 15:45:39,2026-04-27 15:00:00,Fes,34.0331,-5.0003,26.08,26.08,50,1005,3.09,60,75,Thunderstorm,thunderstorm,2,91.33,0.02,0.16,93.28,0.05,9.38,48.14,0.4,2026,4,27,15
2026-04-27 15:45:32,2026-04-27 15:00:00,Marrakech,31.6295,-7.9811,27.98,28.52,51,1006,4.63,270,40,Clouds,scattered clouds,3,102.19,0.05,0.24,102.74,0.41,6.75,27.57,0.46,2026,4,27,15
2026-04-27 15:45:25,2026-04-27 15:00:00,Rabat,34.0209,-6.8416,24.35,24.51,64,1007,3.09,300,88,Clouds,overcast clouds,3,113.18,0.05,1.22,109.21,5.5,14.07,29.25,0.25,2026,4,27,15
2026-04-27 18:48:07,2026-04-27 18:00:00,Casablanca,33.5731,-7.5898,20.78,20.95,78,1007,3.09,340,40,Clouds,scattered clouds,3,117.33,0.01,1.2,102.91,4.0,9.77,23.62,0.24,2026,4,27,18
2026-04-27 18:48:36,2026-04-27 18:00:00,Fes,34.0331,-5.0003,26.08,26.08,53,1005,2.06,80,75,Thunderstorm,thunderstorm,2,93.26,0.05,1.38,72.3,0.19,7.89,31.61,1.52,2026,4,27,18
2026-04-27 18:48:23,2026-04-27 18:00:00,Marrakech,31.6295,-7.9811,23.98,24.0,60,1007,8.23,290,75,Rain,moderate rain,2,109.23,0.04,0.86,97.24,0.92,7.3,23.4,0.6,2026,4,27,18
2026-04-27 18:48:14,2026-04-27 18:00:00,Rabat,34.0209,-6.8416,24.37,24.35,57,1006,3.6,350,80,Clouds,broken clouds,2,121.94,0.07,3.43,99.66,6.93,15.83,28.06,0.74,2026,4,27,18
2026-04-27 19:48:53,2026-04-27 19:00:00,Casablanca,33.5731,-7.5898,20.78,20.95,78,1008,2.68,340,40,Clouds,scattered clouds,2,117.52,0.0,1.32,99.48,3.45,9.66,23.79,0.37,2026,4,27,19
2026-04-27 19:49:53,2026-04-27 19:00:00,Fes,34.0331,-5.0003,23.08,23.35,73,1007,3.09,90,75,Thunderstorm,thunderstorm,2,92.88,0.01,1.75,66.18,0.22,7.16,26.97,1.86,2026,4,27,19
2026-04-27 19:49:44,2026-04-27 19:00:00,Marrakech,31.6295,-7.9811,21.98,21.9,64,1009,6.17,290,75,Rain,moderate rain,2,109.73,0.01,1.14,92.53,0.94,6.93,20.62,0.62,2026,4,27,19
2026-04-27 19:49:36,2026-04-27 19:00:00,Rabat,34.0209,-6.8416,22.37,22.44,68,1007,2.06,320,8,Clear,clear sky,2,123.3,0.02,3.9,94.25,6.62,15.35,26.86,0.84,2026,4,27,19
2026-04-27 20:50:01,2026-04-27 20:00:00,Casablanca,33.5731,-7.5898,20.01,20.23,83,1009,3.6,300,40,Rain,light rain,2,118.77,0.0,1.41,96.77,2.93,9.85,24.56,0.54,2026,4,27,20
2026-04-27 20:50:28,2026-04-27 20:00:00,Fes,34.0331,-5.0003,22.08,22.25,73,1007,3.09,120,75,Thunderstorm,thunderstorm,2,94.29,0.0,1.98,61.62,0.21,6.6,23.28,1.93,2026,4,27,20
2026-04-27 20:50:18,2026-04-27 20:00:00,Marrakech,31.6295,-7.9811,19.98,19.94,73,1010,4.63,260,75,Rain,moderate rain,2,111.61,0.0,1.31,89.9,0.91,6.64,18.75,0.65,2026,4,27,20
2026-04-27 20:50:11,2026-04-27 20:00:00,Rabat,34.0209,-6.8416,20.37,20.63,83,1008,1.54,250,6,Clear,clear sky,2,125.63,0.0,3.86,90.91,5.67,15.05,26.21,0.91,2026,4,27,20
2026-04-27 22:43:08,2026-04-27 22:00:00,Casablanca,33.5731,-7.5898,20.0,20.22,83,1012,2.06,210,38,Rain,moderate rain,2,119.11,0.0,1.44,91.88,2.35,10.15,25.46,0.65,2026,4,27,22
2026-04-27 22:43:38,2026-04-27 22:00:00,Fes,34.0331,-5.0003,22.08,22.12,68,1007,3.6,350,75,Thunderstorm,thunderstorm,1,94.93,0.0,2.21,55.24,0.16,6.0,18.69,1.1,2026,4,27,22
2026-04-27 22:43:27,2026-04-27 22:00:00,Marrakech,31.6295,-7.9811,17.98,17.84,77,1012,4.63,280,75,Rain,moderate rain,2,112.99,0.0,1.36,86.11,0.8,6.28,16.91,0.64,2026,4,27,22
2026-04-27 22:43:17,2026-04-27 22:00:00,Rabat,34.0209,-6.8416,20.37,20.92,94,1009,5.66,210,3,Rain,light rain,2,126.42,0.0,3.09,87.29,4.14,14.14,23.84,0.75,2026,4,27,22
2026-04-28 09:21:31,2026-04-28 09:00:00,Casablanca,33.5731,-7.5898,18.95,18.91,77,1010,1.54,200,75,Clouds,broken clouds,2,116.86,0.02,1.18,90.94,0.79,4.87,13.67,0.4,2026,4,28,9
2026-04-28 09:21:52,2026-04-28 09:00:00,Fes,34.0331,-5.0003,19.08,19.05,77,1011,5.66,260,0,Clear,clear sky,1,97.97,0.11,2.14,44.78,0.27,6.14,14.06,0.69,2026,4,28,9
2026-04-28 09:21:44,2026-04-28 09:00:00,Marrakech,31.6295,-7.9811,14.98,14.99,94,1012,2.06,280,75,Clouds,broken clouds,2,111.33,0.01,1.03,85.29,0.41,3.93,9.88,0.37,2026,4,28,9
2026-04-28 09:21:37,2026-04-28 09:00:00,Rabat,34.0209,-6.8416,19.37,19.66,88,1010,4.12,190,75,Mist,mist,2,117.15,0.03,2.09,83.94,2.16,5.89,14.97,0.45,2026,4,28,9
2026-04-28 10:21:58,2026-04-28 10:00:00,Casablanca,33.5731,-7.5898,20.0,19.96,73,1011,1.54,260,75,Clouds,broken clouds,2,116.09,0.04,1.04,92.62,0.88,4.82,13.17,0.38,2026,4,28,10
2026-04-28 10:22:18,2026-04-28 10:00:00,Fes,34.0331,-5.0003,19.08,19.05,77,1011,4.63,270,40,Clouds,scattered clouds,1,100.12,0.17,1.61,53.39,0.32,5.58,12.22,0.53,2026,4,28,10
2026-04-28 10:22:11,2026-04-28 10:00:00,Marrakech,31.6295,-7.9811,15.0,14.85,88,1012,1.54,270,75,Clouds,broken clouds,2,111.18,0.02,1.08,85.46,0.42,3.81,9.54,0.36,2026,4,28,10
2026-04-28 10:22:05,2026-04-28 10:00:00,Rabat,34.0209,-6.8416,21.37,21.6,78,1010,3.09,210,75,Clouds,broken clouds,2,116.24,0.09,1.89,86.15,2.2,4.96,12.67,0.41,2026,4,28,10
2026-04-28 11:22:28,2026-04-28 11:00:00,Casablanca,33.5731,-7.5898,19.99,19.92,72,1011,1.34,260,96,Clouds,overcast clouds,2,115.8,0.06,0.79,95.45,0.94,4.64,12.45,0.33,2026,4,28,11
2026-04-28 11:22:49,2026-04-28 11:00:00,Fes,34.0331,-5.0003,21.08,21.02,68,1011,2.57,280,40,Rain,light rain,2,104.28,0.07,0.72,77.29,0.36,4.6,9.36,0.31,2026,4,28,11
2026-04-28 11:22:42,2026-04-28 11:00:00,Marrakech,31.6295,-7.9811,14.98,14.99,94,1012,1.54,260,75,Clouds,broken clouds,2,110.53,0.04,1.01,86.25,0.43,3.58,8.82,0.34,2026,4,28,11
2026-04-28 11:22:34,2026-04-28 11:00:00,Rabat,34.0209,-6.8416,22.37,22.7,78,1011,3.09,260,75,Clouds,broken clouds,2,115.2,0.07,1.54,89.66,2.09,4.08,10.48,0.38,2026,4,28,11
2026-04-28 12:22:56,2026-04-28 12:00:00,Casablanca,33.5731,-7.5898,21.84,21.86,68,1011,2.57,300,75,Clouds,broken clouds,2,114.5,0.06,0.63,96.66,1.01,4.66,12.42,0.33,2026,4,28,12
2026-04-28 12:23:16,2026-04-28 12:00:00,Fes,34.0331,-5.0003,22.08,22.01,64,1011,2.57,50,40,Rain,light rain,2,104.42,0.06,0.52,79.66,0.32,4.23,7.94,0.31,2026,4,28,12
2026-04-28 12:23:09,2026-04-28 12:00:00,Marrakech,31.6295,-7.9811,17.98,17.97,82,1012,2.06,240,75,Clouds,broken clouds,2,109.65,0.05,0.95,86.85,0.45,3.32,7.97,0.34,2026,4,28,12
2026-04-28 12:23:03,2026-04-28 12:00:00,Rabat,34.0209,-6.8416,22.37,22.7,78,1010,2.57,260,75,Clouds,broken clouds,2,113.79,0.07,1.32,91.28,2.08,3.68,9.43,0.39,2026,4,28,12
2026-04-28 13:23:22,2026-04-28 13:00:00,Casablanca,33.5731,-7.5898,22.01,22.04,68,1011,3.6,320,75,Clouds,broken clouds,2,113.38,0.06,0.53,97.63,1.06,4.6,12.16,0.33,2026,4,28,13
2026-04-28 13:23:40,2026-04-28 13:00:00,Fes,34.0331,-5.0003,21.08,21.25,77,1010,3.6,330,40,Clouds,scattered clouds,2,104.0,0.05,0.4,79.89,0.28,3.78,6.67,0.33,2026,4,28,13
2026-04-28 13:23:34,2026-04-28 13:00:00,Marrakech,31.6295,-7.9811,18.98,18.94,77,1011,2.57,260,75,Clouds,broken clouds,2,109.12,0.06,0.87,87.37,0.49,3.08,7.29,0.34,2026,4,28,13
2026-04-28 13:23:28,2026-04-28 13:00:00,Rabat,34.0209,-6.8416,22.37,22.7,78,1010,3.09,280,75,Clouds,broken clouds,2,112.63,0.07,1.18,92.81,2.19,3.58,8.99,0.4,2026,4,28,13
2026-04-28 14:23:47,2026-04-28 14:00:00,Casablanca,33.5731,-7.5898,22.01,22.04,68,1010,4.12,320,75,Clouds,broken clouds,2,114.07,0.06,0.55,99.26,0.96,2.97,7.67,0.29,2026,4,28,14
2026-04-28 14:24:05,2026-04-28 14:00:00,Fes,34.0331,-5.0003,22.08,22.12,68,1009,3.09,10,75,Clouds,broken clouds,2,100.14,0.04,0.18,89.28,0.23,4.92,11.2,0.37,2026,4,28,14
2026-04-28 14:23:59,2026-04-28 14:00:00,Marrakech,31.6295,-7.9811,19.98,19.94,73,1011,3.09,270,75,Clouds,broken clouds,2,108.48,0.08,0.67,90.43,0.51,3.37,8.11,0.32,2026,4,28,14
2026-04-28 14:23:53,2026-04-28 14:00:00,Rabat,34.0209,-6.8416,22.37,22.57,73,1010,4.12,290,75,Clouds,broken clouds,2,112.3,0.09,0.8,95.45,1.61,2.68,6.59,0.34,2026,4,28,14
2026-04-28 15:24:13,2026-04-28 15:00:00,Casablanca,33.5731,-7.5898,20.01,20.08,77,1010,4.12,330,75,Clouds,broken clouds,3,112.77,0.05,0.45,100.05,0.99,3.06,7.61,0.27,2026,4,28,15
2026-04-28 15:24:34,2026-04-28 15:00:00,Fes,34.0331,-5.0003,23.08,23.11,64,1008,3.09,320,75,Clouds,broken clouds,2,99.81,0.03,0.17,89.34,0.22,4.48,10.14,0.35,2026,4,28,15
2026-04-28 15:24:27,2026-04-28 15:00:00,Marrakech,31.6295,-7.9811,20.98,20.91,68,1010,2.57,310,75,Clouds,broken clouds,2,107.29,0.07,0.5,91.45,0.56,3.37,8.2,0.3,2026,4,28,15
2026-04-28 15:24:20,2026-04-28 15:00:00,Rabat,34.0209,-6.8416,22.37,22.57,73,1010,4.12,270,75,Clouds,broken clouds,2,110.92,0.08,0.81,96.68,1.99,2.78,6.55,0.33,2026,4,28,15
2026-04-28 16:24:40,2026-04-28 16:00:00,Casablanca,33.5731,-7.5898,19.01,19.11,82,1010,4.63,330,75,Clouds,broken clouds,3,112.24,0.05,0.44,100.55,1.1,3.61,8.23,0.27,2026,4,28,16
2026-04-28 16:25:00,2026-04-28 16:00:00,Fes,34.0331,-5.0003,23.08,23.01,60,1007,3.09,340,75,Rain,light rain,2,99.96,0.03,0.19,88.58,0.22,4.15,9.05,0.35,2026,4,28,16
2026-04-28 16:24:53,2026-04-28 16:00:00,Marrakech,31.6295,-7.9811,21.98,21.9,64,1009,2.57,250,75,Clouds,broken clouds,2,106.27,0.07,0.44,91.45,0.61,3.51,8.49,0.31,2026,4,28,16
2026-04-28 16:24:47,2026-04-28 16:00:00,Rabat,34.0209,-6.8416,21.37,21.6,78,1009,3.6,300,75,Clouds,broken clouds,2,110.4,0.08,0.95,97.69,2.52,3.24,7.01,0.33,2026,4,28,16
2026-04-28 19:24:29,2026-04-28 19:00:00,Casablanca,33.5731,-7.5898,18.95,18.91,77,1010,3.09,330,75,Clouds,broken clouds,3,114.25,0.03,1.05,100.08,1.94,7.47,13.49,0.42,2026,4,28,19
2026-04-28 19:24:57,2026-04-28 19:00:00,Fes,34.0331,-5.0003,21.08,21.15,73,1009,4.12,340,75,Rain,light rain,2,102.57,0.04,0.58,85.2,0.24,3.08,5.9,0.54,2026,4,28,19
2026-04-28 19:24:49,2026-04-28 19:00:00,Marrakech,31.6295,-7.9811,19.98,19.81,68,1009,3.09,240,75,Clouds,broken clouds,2,108.92,0.03,0.95,91.25,0.64,3.24,7.02,0.4,2026,4,28,19
2026-04-28 19:24:40,2026-04-28 19:00:00,Rabat,34.0209,-6.8416,19.37,19.66,88,1010,2.57,280,100,Clouds,overcast clouds,2,114.7,0.04,2.49,97.66,3.62,7.35,12.6,0.53,2026,4,28,19
2026-04-28 20:25:06,2026-04-28 20:00:00,Casablanca,33.5731,-7.5898,18.44,18.43,80,1011,2.68,330,75,Clouds,broken clouds,2,113.72,0.01,1.28,97.7,2.13,8.19,14.96,0.5,2026,4,28,20
2026-04-28 20:25:36,2026-04-28 20:00:00,Fes,34.0331,-5.0003,20.08,20.15,77,1010,3.6,330,75,Rain,moderate rain,2,102.01,0.01,1.15,74.82,0.26,2.92,5.33,0.96,2026,4,28,20
2026-04-28 20:25:27,2026-04-28 20:00:00,Marrakech,31.6295,-7.9811,19.98,19.81,68,1009,2.06,250,75,Clouds,broken clouds,2,108.72,0.01,1.15,88.88,0.59,2.91,6.57,0.44,2026,4,28,20
2026-04-28 20:25:15,2026-04-28 20:00:00,Rabat,34.0209,-6.8416,18.37,18.72,94,1010,1.54,260,100,Clouds,overcast clouds,2,114.3,0.01,2.71,95.17,3.5,8.13,14.43,0.62,2026,4,28,20
2026-04-28 21:25:48,2026-04-28 21:00:00,Casablanca,33.5731,-7.5898,17.89,17.88,82,1011,2.06,320,93,Clouds,overcast clouds,2,114.16,0.0,1.41,95.68,2.28,8.48,16.27,0.59,2026,4,28,21
2026-04-28 21:26:18,2026-04-28 21:00:00,Fes,34.0331,-5.0003,19.08,19.34,88,1010,2.57,320,75,Rain,light rain,2,102.59,0.0,1.73,62.6,0.27,2.91,5.1,1.25,2026,4,28,21
2026-04-28 21:26:08,2026-04-28 21:00:00,Marrakech,31.6295,-7.9811,19.98,19.81,68,1010,2.06,240,75,Clouds,broken clouds,2,109.56,0.0,1.3,87.53,0.58,2.96,7.01,0.52,2026,4,28,21
2026-04-28 21:25:59,2026-04-28 21:00:00,Rabat,34.0209,-6.8416,18.37,18.72,94,1011,2.06,270,100,Clouds,overcast clouds,2,114.98,0.0,2.68,93.16,3.3,8.38,15.65,0.75,2026,4,28,21
2026-04-28 22:26:31,2026-04-28 22:00:00,Casablanca,33.5731,-7.5898,17.89,17.88,82,1012,1.54,290,88,Clouds,overcast clouds,2,114.59,0.0,1.46,94.33,2.37,8.41,17.07,0.64,2026,4,28,22
2026-04-28 22:27:05,2026-04-28 22:00:00,Fes,34.0331,-5.0003,19.08,19.5,94,1011,2.57,320,75,Clouds,broken clouds,1,103.02,0.0,2.01,54.47,0.27,2.88,4.94,1.39,2026,4,28,22
2026-04-28 22:26:55,2026-04-28 22:00:00,Marrakech,31.6295,-7.9811,18.98,18.71,68,1011,4.63,310,75,Clouds,broken clouds,2,110.84,0.0,1.38,86.47,0.57,3.13,7.57,0.62,2026,4,28,22
2026-04-28 22:26:42,2026-04-28 22:00:00,Rabat,34.0209,-6.8416,18.37,18.72,94,1011,0.0,0,100,Clouds,overcast clouds,2,115.57,0.0,2.58,91.42,3.12,8.32,16.18,0.85,2026,4,28,22
2026-04-28 23:27:15,2026-04-28 23:00:00,Casablanca,33.5731,-7.5898,17.89,17.88,82,1012,1.54,260,85,Clouds,overcast clouds,2,114.06,0.0,1.48,92.36,2.49,8.15,17.46,0.65,2026,4,28,23
2026-04-28 23:27:54,2026-04-28 23:00:00,Fes,34.0331,-5.0003,18.08,18.55,100,1011,4.12,330,75,Rain,light rain,1,101.93,0.0,2.12,48.27,0.25,2.84,4.87,1.55,2026,4,28,23
2026-04-28 23:27:43,2026-04-28 23:00:00,Marrakech,31.6295,-7.9811,17.98,17.71,72,1012,3.6,290,75,Clouds,broken clouds,2,110.17,0.0,1.41,84.62,0.55,3.22,7.75,0.7,2026,4,28,23
2026-04-28 23:27:28,2026-04-28 23:00:00,Rabat,34.0209,-6.8416,18.37,18.56,88,1011,1.54,240,100,Rain,light rain,2,115.1,0.0,2.54,88.71,2.92,8.1,15.65,0.92,2026,4,28,23
2026-04-29 14:49:31,2026-04-29 14:00:00,Casablanca,33.5731,-7.5898,20.01,19.97,73,1012,2.57,360,40,Clouds,scattered clouds,2,108.14,0.06,0.54,96.46,2.14,3.99,9.42,0.29,2026,4,29,14
2026-04-29 14:49:50,2026-04-29 14:00:00,Fes,34.0331,-5.0003,19.08,19.5,94,1010,3.6,320,75,Rain,light rain,2,102.07,0.05,0.27,82.54,0.39,3.03,4.74,0.48,2026,4,29,14
2026-04-29 14:49:44,2026-04-29 14:00:00,Marrakech,31.6295,-7.9811,20.98,20.91,68,1009,2.06,0,75,Clouds,broken clouds,2,103.33,0.06,0.22,94.75,0.19,2.35,6.51,0.34,2026,4,29,14
2026-04-29 14:49:37,2026-04-29 14:00:00,Rabat,34.0209,-6.8416,20.37,20.63,83,1012,2.06,300,75,Clouds,broken clouds,2,109.32,0.12,1.1,97.38,3.51,4.3,6.84,0.29,2026,4,29,14
2026-04-29 15:49:58,2026-04-29 15:00:00,Casablanca,33.5731,-7.5898,20.01,19.84,68,1011,2.57,10,40,Clouds,scattered clouds,2,106.98,0.06,0.57,96.34,2.25,3.82,9.17,0.3,2026,4,29,15
2026-04-29 15:50:23,2026-04-29 15:00:00,Fes,34.0331,-5.0003,19.08,19.34,88,1010,3.09,310,75,Clouds,broken clouds,2,102.23,0.05,0.28,83.76,0.5,3.36,4.85,0.43,2026,4,29,15
2026-04-29 15:50:15,2026-04-29 15:00:00,Marrakech,31.6295,-7.9811,20.98,20.8,64,1009,2.06,10,75,Clouds,broken clouds,2,102.14,0.06,0.25,93.85,0.26,2.56,6.87,0.36,2026,4,29,15
2026-04-29 15:50:08,2026-04-29 15:00:00,Rabat,34.0209,-6.8416,21.37,21.6,78,1012,2.57,310,75,Clouds,broken clouds,2,108.9,0.11,1.12,98.33,3.46,4.38,6.94,0.3,2026,4,29,15
2026-04-29 16:50:30,2026-04-29 16:00:00,Casablanca,33.5731,-7.5898,20.0,19.83,68,1011,2.57,20,40,Clouds,scattered clouds,2,106.99,0.07,0.71,96.94,2.61,3.81,9.37,0.32,2026,4,29,16
2026-04-29 16:50:49,2026-04-29 16:00:00,Fes,34.0331,-5.0003,20.08,20.28,82,1010,4.12,310,75,Clouds,broken clouds,2,103.03,0.06,0.41,83.63,0.66,3.87,5.13,0.45,2026,4,29,16
2026-04-29 16:50:42,2026-04-29 16:00:00,Marrakech,31.6295,-7.9811,21.98,21.8,60,1009,3.09,20,75,Clouds,broken clouds,2,103.89,0.08,0.34,94.78,0.38,3.0,7.83,0.43,2026,4,29,16
2026-04-29 16:50:36,2026-04-29 16:00:00,Rabat,34.0209,-6.8416,20.37,20.47,77,1011,3.09,300,40,Clouds,scattered clouds,2,108.92,0.1,1.42,97.84,3.51,4.38,7.28,0.39,2026,4,29,16
2026-04-29 17:50:57,2026-04-29 17:00:00,Casablanca,33.5731,-7.5898,20.0,19.83,68,1011,3.09,30,40,Clouds,scattered clouds,2,107.05,0.1,0.93,97.15,3.17,3.91,9.96,0.37,2026,4,29,17
2026-04-29 17:51:18,2026-04-29 17:00:00,Fes,34.0331,-5.0003,19.08,19.34,88,1010,3.6,300,75,Clouds,broken clouds,2,103.99,0.09,0.68,81.33,0.79,4.4,5.5,0.58,2026,4,29,17
2026-04-29 17:51:11,2026-04-29 17:00:00,Marrakech,31.6295,-7.9811,21.98,21.8,60,1008,2.06,330,75,Clouds,broken clouds,2,105.34,0.1,0.5,95.11,0.56,3.58,9.25,0.55,2026,4,29,17
2026-04-29 17:51:04,2026-04-29 17:00:00,Rabat,34.0209,-6.8416,20.37,20.47,77,1011,2.57,330,40,Clouds,scattered clouds,2,109.37,0.08,2.04,95.73,3.69,4.32,7.77,0.55,2026,4,29,17
2026-04-29 18:51:25,2026-04-29 18:00:00,Casablanca,33.5731,-7.5898,19.49,19.32,70,1012,3.09,360,40,Clouds,scattered clouds,2,107.36,0.1,1.21,96.62,3.66,3.96,10.41,0.42,2026,4,29,18
2026-04-29 18:51:46,2026-04-29 18:00:00,Fes,34.0331,-5.0003,19.08,19.34,88,1011,3.6,300,75,Clouds,broken clouds,2,104.64,0.08,0.99,78.82,0.82,4.62,5.65,0.68,2026,4,29,18
2026-04-29 18:51:39,2026-04-29 18:00:00,Marrakech,31.6295,-7.9811,22.0,21.82,60,1009,2.57,90,75,Clouds,broken clouds,2,106.29,0.09,0.69,94.5,0.74,4.04,10.63,0.65,2026,4,29,18
2026-04-29 18:51:32,2026-04-29 18:00:00,Rabat,34.0209,-6.8416,19.37,19.5,82,1012,2.57,350,40,Clouds,scattered clouds,2,109.82,0.04,2.6,93.25,3.78,4.2,8.09,0.68,2026,4,29,18
2026-04-29 19:51:55,2026-04-29 19:00:00,Casablanca,33.5731,-7.5898,18.95,18.78,72,1013,2.57,30,40,Clouds,scattered clouds,2,107.85,0.04,1.71,94.0,4.0,3.95,10.83,0.53,2026,4,29,19
2026-04-29 19:52:23,2026-04-29 19:00:00,Fes,34.0331,-5.0003,18.08,18.4,94,1011,3.6,300,75,Clouds,broken clouds,2,104.83,0.02,1.51,73.7,0.79,4.64,5.67,0.93,2026,4,29,19
2026-04-29 19:52:16,2026-04-29 19:00:00,Marrakech,31.6295,-7.9811,20.98,20.8,64,1009,2.06,100,75,Clouds,broken clouds,2,105.6,0.03,0.98,91.16,0.84,4.2,11.48,0.75,2026,4,29,19
2026-04-29 19:52:07,2026-04-29 19:00:00,Rabat,34.0209,-6.8416,19.37,19.5,82,1012,2.06,350,40,Clouds,scattered clouds,2,110.21,0.01,3.05,90.4,3.82,4.09,8.26,0.78,2026,4,29,19
2026-04-29 20:52:30,2026-04-29 20:00:00,Casablanca,33.5731,-7.5898,18.44,18.3,75,1014,2.57,40,40,Clouds,scattered clouds,2,109.56,0.0,2.12,90.99,4.15,4.01,11.48,0.68,2026,4,29,20
2026-04-29 20:52:50,2026-04-29 20:00:00,Fes,34.0331,-5.0003,17.08,17.45,100,1013,2.57,260,75,Clouds,broken clouds,2,105.59,0.0,1.92,69.57,0.77,4.6,5.67,1.35,2026,4,29,20
2026-04-29 20:52:44,2026-04-29 20:00:00,Marrakech,31.6295,-7.9811,20.98,20.91,68,1011,4.63,120,75,Clouds,broken clouds,2,106.56,0.0,1.19,89.07,0.84,4.24,12.12,0.84,2026,4,29,20
2026-04-29 20:52:37,2026-04-29 20:00:00,Rabat,34.0209,-6.8416,18.37,18.56,88,1014,2.57,360,40,Clouds,scattered clouds,2,111.65,0.0,3.33,87.91,3.89,4.06,8.42,0.83,2026,4,29,20
2026-04-30 09:24:44,2026-04-30 09:00:00,Casablanca,33.5731,-7.5898,18.95,18.78,72,1016,2.57,90,75,Clouds,broken clouds,2,113.51,0.06,3.52,64.66,1.98,6.59,17.71,0.74,2026,4,30,9
2026-04-30 09:25:22,2026-04-30 09:00:00,Fes,34.0331,-5.0003,17.08,17.45,100,1016,2.06,350,75,Clouds,broken clouds,1,100.52,0.24,1.93,43.63,0.18,3.03,5.44,0.7,2026,4,30,9
2026-04-30 09:25:10,2026-04-30 09:00:00,Marrakech,31.6295,-7.9811,15.98,15.93,88,1015,2.57,250,100,Clouds,overcast clouds,2,108.83,0.07,2.75,69.68,0.46,4.2,13.72,2.08,2026,4,30,9
2026-04-30 09:24:56,2026-04-30 09:00:00,Rabat,34.0209,-6.8416,17.37,17.77,100,1016,2.57,20,40,Clouds,scattered clouds,2,111.79,0.36,5.24,61.88,3.54,4.57,9.13,0.91,2026,4,30,9
2026-04-30 11:27:02,2026-04-30 11:00:00,Casablanca,33.5731,-7.5898,20.01,19.97,73,1016,3.09,50,40,Clouds,scattered clouds,2,111.57,0.24,3.12,74.85,4.83,7.43,18.56,0.29,2026,4,30,11
2026-04-30 11:27:25,2026-04-30 11:00:00,Fes,34.0331,-5.0003,19.08,19.18,82,1015,2.06,50,75,Clouds,broken clouds,2,102.16,0.06,0.96,70.54,0.21,2.78,5.92,0.76,2026,4,30,11
2026-04-30 11:27:17,2026-04-30 11:00:00,Marrakech,31.6295,-7.9811,17.98,17.97,82,1015,1.54,280,100,Clouds,overcast clouds,2,108.52,0.46,2.28,77.85,0.51,4.0,12.71,2.49,2026,4,30,11
2026-04-30 11:27:10,2026-04-30 11:00:00,Rabat,34.0209,-6.8416,20.37,20.37,73,1016,2.57,320,75,Clouds,broken clouds,2,111.39,0.35,4.37,74.17,5.5,4.9,9.38,0.64,2026,4,30,11
2026-04-30 12:27:35,2026-04-30 12:00:00,Casablanca,33.5731,-7.5898,20.01,19.84,68,1016,3.6,30,40,Clouds,scattered clouds,2,110.12,0.27,2.82,79.16,5.83,7.74,18.92,0.2,2026,4,30,12
2026-04-30 12:28:01,2026-04-30 12:00:00,Fes,34.0331,-5.0003,19.08,19.34,88,1015,1.54,50,75,Clouds,broken clouds,2,102.05,0.04,0.7,76.75,0.18,2.61,5.59,0.69,2026,4,30,12
2026-04-30 12:27:53,2026-04-30 12:00:00,Marrakech,31.6295,-7.9811,16.98,16.87,82,1015,2.57,280,100,Clouds,overcast clouds,2,106.97,0.45,1.62,82.56,0.45,3.94,12.35,2.22,2026,4,30,12
2026-04-30 12:27:45,2026-04-30 12:00:00,Rabat,34.0209,-6.8416,21.37,21.23,64,1016,3.6,330,75,Clouds,broken clouds,2,110.61,0.32,3.67,78.73,5.86,5.02,9.35,0.53,2026,4,30,12
2026-04-30 15:54:39,2026-04-30 15:00:00,Casablanca,33.5731,-7.5898,21.01,20.73,60,1016,4.12,40,40,Clouds,scattered clouds,2,106.28,0.09,1.1,95.24,4.89,6.21,12.39,0.08,2026,4,30,15
2026-04-30 15:55:01,2026-04-30 15:00:00,Fes,34.0331,-5.0003,20.08,20.28,82,1014,2.57,310,75,Clouds,broken clouds,2,101.2,0.03,0.51,80.75,0.22,1.91,3.26,0.54,2026,4,30,15
2026-04-30 15:54:54,2026-04-30 15:00:00,Marrakech,31.6295,-7.9811,22.98,23.0,64,1014,1.03,0,75,Clouds,broken clouds,2,101.66,0.06,0.26,99.61,0.37,2.42,6.66,0.44,2026,4,30,15
2026-04-30 15:54:47,2026-04-30 15:00:00,Rabat,34.0209,-6.8416,21.37,21.34,68,1016,4.12,330,40,Clouds,scattered clouds,2,106.69,0.09,1.54,92.41,4.82,4.48,7.81,0.38,2026,4,30,15
2026-04-30 16:55:07,2026-04-30 16:00:00,Casablanca,33.5731,-7.5898,20.78,20.48,60,1016,4.12,40,40,Clouds,scattered clouds,2,106.16,0.07,1.3,95.29,5.01,5.81,10.9,0.09,2026,4,30,16
2026-04-30 16:55:25,2026-04-30 16:00:00,Fes,34.0331,-5.0003,20.08,20.28,82,1014,2.57,320,75,Clouds,broken clouds,2,101.17,0.04,0.73,76.13,0.29,1.98,3.19,0.6,2026,4,30,16
2026-04-30 16:55:19,2026-04-30 16:00:00,Marrakech,31.6295,-7.9811,23.98,23.82,53,1013,2.57,160,75,Clouds,broken clouds,2,102.56,0.08,0.36,99.59,0.51,3.02,7.84,0.46,2026,4,30,16
2026-04-30 16:55:13,2026-04-30 16:00:00,Rabat,34.0209,-6.8416,20.37,20.13,64,1016,3.6,340,40,Clouds,scattered clouds,2,106.35,0.1,1.73,92.64,4.57,4.12,7.25,0.4,2026,4,30,16
2026-04-30 17:55:33,2026-04-30 17:00:00,Casablanca,33.5731,-7.5898,20.0,19.62,60,1017,4.12,50,69,Clouds,broken clouds,2,106.11,0.05,1.66,94.22,5.0,5.25,9.65,0.16,2026,4,30,17
2026-04-30 17:55:55,2026-04-30 17:00:00,Fes,34.0331,-5.0003,19.08,19.18,82,1014,3.6,310,75,Clouds,broken clouds,2,101.56,0.06,1.1,69.15,0.34,2.15,3.33,0.72,2026,4,30,17
2026-04-30 17:55:48,2026-04-30 17:00:00,Marrakech,31.6295,-7.9811,24.98,24.84,50,1014,2.06,0,75,Clouds,broken clouds,2,103.44,0.1,0.57,96.89,0.71,3.83,9.39,0.51,2026,4,30,17
2026-04-30 17:55:40,2026-04-30 17:00:00,Rabat,34.0209,-6.8416,20.37,20.13,64,1017,3.6,360,40,Clouds,scattered clouds,2,106.96,0.12,2.12,92.94,4.42,3.73,6.69,0.46,2026,4,30,17
2026-04-30 18:56:03,2026-04-30 18:00:00,Casablanca,33.5731,-7.5898,20.0,19.73,64,1017,3.6,60,20,Clouds,few clouds,2,106.83,0.02,1.99,93.14,4.94,4.68,8.84,0.22,2026,4,30,18
2026-04-30 18:56:25,2026-04-30 18:00:00,Fes,34.0331,-5.0003,20.08,20.15,77,1015,2.06,300,75,Rain,light rain,2,102.11,0.07,1.37,64.11,0.36,2.25,3.46,0.78,2026,4,30,18
2026-04-30 18:56:18,2026-04-30 18:00:00,Marrakech,31.6295,-7.9811,23.98,23.82,53,1014,2.06,0,40,Clouds,scattered clouds,2,104.15,0.08,0.84,92.85,0.87,4.36,10.33,0.54,2026,4,30,18
2026-04-30 18:56:10,2026-04-30 18:00:00,Rabat,34.0209,-6.8416,19.37,19.14,68,1017,3.09,340,40,Clouds,scattered clouds,2,108.01,0.11,2.49,92.65,4.3,3.26,6.03,0.52,2026,4,30,18
2026-04-30 19:04:26,2026-04-30 19:00:00,Casablanca,33.5731,-7.5898,20.0,19.73,64,1017,3.6,60,20,Clouds,few clouds,2,106.83,0.02,1.99,93.14,4.94,4.68,8.84,0.22,2026,4,30,19
2026-04-30 19:04:50,2026-04-30 19:00:00,Fes,34.0331,-5.0003,20.08,20.15,77,1015,2.06,300,75,Rain,light rain,2,102.11,0.07,1.37,64.11,0.36,2.25,3.46,0.78,2026,4,30,19
2026-04-30 19:04:42,2026-04-30 19:00:00,Marrakech,31.6295,-7.9811,23.98,23.82,53,1014,2.06,0,40,Clouds,scattered clouds,2,104.15,0.08,0.84,92.85,0.87,4.36,10.33,0.54,2026,4,30,19
2026-04-30 19:04:34,2026-04-30 19:00:00,Rabat,34.0209,-6.8416,19.37,19.14,68,1017,3.09,340,40,Clouds,scattered clouds,2,108.01,0.11,2.49,92.65,4.3,3.26,6.03,0.52,2026,4,30,19
2026-04-30 20:04:57,2026-04-30 20:00:00,Casablanca,33.5731,-7.5898,18.95,18.68,68,1018,3.09,50,20,Clouds,few clouds,2,106.57,0.01,2.27,91.12,4.84,4.17,8.78,0.33,2026,4,30,20
2026-04-30 20:05:16,2026-04-30 20:00:00,Fes,34.0331,-5.0003,20.08,20.15,77,1017,2.57,280,75,Clouds,broken clouds,1,101.12,0.02,1.71,58.29,0.38,2.26,3.48,0.93,2026,4,30,20
2026-04-30 20:05:10,2026-04-30 20:00:00,Marrakech,31.6295,-7.9811,22.98,22.72,53,1015,1.54,0,40,Clouds,scattered clouds,2,103.42,0.02,1.23,86.73,0.93,4.49,10.53,0.59,2026,4,30,20
2026-04-30 20:05:03,2026-04-30 20:00:00,Rabat,34.0209,-6.8416,18.34,18.11,72,1018,3.6,360,40,Clouds,scattered clouds,2,108.26,0.04,2.97,90.64,4.24,2.85,5.47,0.61,2026,4,30,20
2026-04-30 21:05:24,2026-04-30 21:00:00,Casablanca,33.5731,-7.5898,17.89,17.61,72,1019,3.09,50,20,Clouds,few clouds,2,107.75,0.0,2.45,89.81,4.78,3.95,9.33,0.5,2026,4,30,21
2026-04-30 21:05:44,2026-04-30 21:00:00,Fes,34.0331,-5.0003,18.08,18.24,88,1018,2.06,250,75,Clouds,broken clouds,1,100.84,0.0,1.96,53.56,0.38,2.29,3.52,1.01,2026,4,30,21
2026-04-30 21:05:38,2026-04-30 21:00:00,Marrakech,31.6295,-7.9811,22.98,22.72,53,1017,2.06,150,40,Clouds,scattered clouds,2,104.42,0.0,1.53,82.56,0.91,4.48,10.65,0.69,2026,4,30,21
2026-04-30 21:05:31,2026-04-30 21:00:00,Rabat,34.0209,-6.8416,17.37,17.17,77,1019,2.57,360,40,Clouds,scattered clouds,2,109.72,0.0,3.31,88.6,4.27,2.7,5.34,0.69,2026,4,30,21
2026-04-30 22:05:51,2026-04-30 22:00:00,Casablanca,33.5731,-7.5898,17.89,17.61,72,1020,3.09,70,35,Clouds,scattered clouds,2,109.13,0.0,2.52,88.94,4.57,3.86,9.76,0.61,2026,4,30,22
2026-04-30 22:06:10,2026-04-30 22:00:00,Fes,34.0331,-5.0003,17.08,17.14,88,1018,3.09,310,75,Clouds,broken clouds,1,100.73,0.0,2.12,51.18,0.39,2.33,3.57,1.06,2026,4,30,22
2026-04-30 22:06:04,2026-04-30 22:00:00,Marrakech,31.6295,-7.9811,20.98,20.7,60,1018,3.6,30,40,Clouds,scattered clouds,2,105.42,0.0,1.68,80.12,0.87,4.41,10.7,0.79,2026,4,30,22
2026-04-30 22:05:57,2026-04-30 22:00:00,Rabat,34.0209,-6.8416,15.37,15.26,88,1019,0.0,0,40,Clouds,scattered clouds,2,110.66,0.0,3.38,87.14,4.28,2.69,5.44,0.69,2026,4,30,22
2026-04-30 23:06:18,2026-04-30 23:00:00,Casablanca,33.5731,-7.5898,17.89,17.61,72,1019,2.57,80,44,Clouds,scattered clouds,2,109.53,0.0,2.57,86.93,4.05,3.85,10.1,0.68,2026,4,30,23
2026-04-30 23:06:39,2026-04-30 23:00:00,Fes,34.0331,-5.0003,17.08,16.98,82,1019,3.09,290,75,Clouds,broken clouds,1,99.86,0.0,2.25,48.49,0.35,2.36,3.63,1.06,2026,4,30,23
2026-04-30 23:06:32,2026-04-30 23:00:00,Marrakech,31.6295,-7.9811,18.98,18.71,68,1018,4.63,40,40,Clouds,scattered clouds,2,104.85,0.0,1.75,77.75,0.81,4.31,10.67,0.93,2026,4,30,23
2026-04-30 23:06:24,2026-04-30 23:00:00,Rabat,34.0209,-6.8416,13.37,13.22,94,1020,0.0,0,40,Clouds,scattered clouds,2,110.25,0.0,3.5,83.6,3.97,2.77,5.65,0.69,2026,4,30,23
2026-05-01 11:32:49,2026-05-01 11:00:00,Casablanca,33.5731,-7.5898,20.0,19.62,60,1019,3.09,30,0,Clear,clear sky,2,106.03,0.22,0.95,95.36,3.39,8.03,19.44,0.09,2026,5,1,11
2026-05-01 11:33:11,2026-05-01 11:00:00,Fes,34.0331,-5.0003,21.08,21.15,73,1018,3.09,60,0,Clear,clear sky,2,97.41,0.08,0.3,83.29,0.15,2.48,3.32,0.36,2026,5,1,11
2026-05-01 11:33:04,2026-05-01 11:00:00,Marrakech,31.6295,-7.9811,20.98,20.91,68,1018,1.03,0,40,Clouds,scattered clouds,2,102.74,0.14,0.65,87.19,0.42,4.82,11.84,0.64,2026,5,1,11
2026-05-01 11:32:57,2026-05-01 11:00:00,Rabat,34.0209,-6.8416,21.37,21.13,60,1019,2.06,360,10,Clear,clear sky,2,107.13,0.44,1.8,97.15,5.34,7.82,12.35,0.07,2026,5,1,11
2026-05-01 12:33:19,2026-05-01 12:00:00,Casablanca,33.5731,-7.5898,21.01,20.63,56,1019,3.09,50,0,Clear,clear sky,3,104.8,0.15,0.71,100.35,3.53,9.12,20.53,0.08,2026,5,1,12
2026-05-01 12:33:40,2026-05-01 12:00:00,Fes,34.0331,-5.0003,22.08,22.12,68,1017,2.06,40,40,Clouds,scattered clouds,2,96.3,0.07,0.26,84.51,0.17,2.83,3.72,0.37,2026,5,1,12
2026-05-01 12:33:33,2026-05-01 12:00:00,Marrakech,31.6295,-7.9811,22.98,22.8,56,1017,2.06,0,40,Clouds,scattered clouds,2,101.32,0.11,0.48,90.24,0.44,5.21,12.42,0.52,2026,5,1,12
2026-05-01 12:33:26,2026-05-01 12:00:00,Rabat,34.0209,-6.8416,21.37,21.23,64,1019,3.6,330,10,Clear,clear sky,3,105.58,0.25,1.21,104.18,5.57,9.26,13.75,0.04,2026,5,1,12
2026-05-01 13:33:47,2026-05-01 13:00:00,Casablanca,33.5731,-7.5898,21.01,20.63,56,1019,3.6,40,0,Clear,clear sky,3,105.81,0.11,0.55,103.15,3.1,8.36,17.28,0.06,2026,5,1,13
2026-05-01 13:34:07,2026-05-01 13:00:00,Fes,34.0331,-5.0003,24.08,24.01,56,1017,2.57,0,40,Clouds,scattered clouds,2,97.17,0.06,0.24,88.02,0.18,3.03,4.01,0.32,2026,5,1,13
2026-05-01 13:34:00,2026-05-01 13:00:00,Marrakech,31.6295,-7.9811,23.98,23.92,57,1016,1.54,0,40,Clouds,scattered clouds,2,101.35,0.09,0.35,98.81,0.44,4.58,10.82,0.33,2026,5,1,13
2026-05-01 13:33:53,2026-05-01 13:00:00,Rabat,34.0209,-6.8416,21.37,21.23,64,1019,4.63,330,70,Clouds,broken clouds,3,105.29,0.16,0.79,107.99,4.94,8.19,12.06,0.02,2026,5,1,13
2026-05-01 14:34:14,2026-05-01 14:00:00,Casablanca,33.5731,-7.5898,20.01,19.74,64,1018,3.6,20,0,Clear,clear sky,3,103.97,0.12,0.56,108.22,4.47,7.89,14.07,0.0,2026,5,1,14
2026-05-01 14:34:34,2026-05-01 14:00:00,Fes,34.0331,-5.0003,25.08,25.03,53,1016,2.57,50,40,Clouds,scattered clouds,2,96.17,0.06,0.25,90.83,0.21,2.8,3.85,0.27,2026,5,1,14
2026-05-01 14:34:27,2026-05-01 14:00:00,Marrakech,31.6295,-7.9811,25.98,25.98,50,1015,2.57,0,40,Clouds,scattered clouds,3,99.95,0.07,0.32,102.85,0.53,4.3,10.6,0.24,2026,5,1,14
2026-05-01 14:34:21,2026-05-01 14:00:00,Rabat,34.0209,-6.8416,21.37,21.13,60,1018,5.14,340,88,Clouds,overcast clouds,3,104.42,0.14,0.72,111.48,5.11,7.84,11.58,0.0,2026,5,1,14
2026-05-01 15:34:41,2026-05-01 15:00:00,Casablanca,33.5731,-7.5898,20.01,19.74,64,1018,4.12,40,0,Clear,clear sky,3,102.6,0.13,0.66,110.28,5.09,8.14,14.02,0.0,2026,5,1,15
2026-05-01 15:35:00,2026-05-01 15:00:00,Fes,34.0331,-5.0003,26.08,26.08,50,1015,2.57,0,40,Clouds,scattered clouds,2,95.41,0.06,0.26,91.77,0.26,2.94,4.11,0.26,2026,5,1,15
2026-05-01 15:34:53,2026-05-01 15:00:00,Marrakech,31.6295,-7.9811,26.98,27.4,50,1014,1.54,0,40,Clouds,scattered clouds,3,99.32,0.08,0.35,103.35,0.66,5.07,12.84,0.2,2026,5,1,15
2026-05-01 15:34:47,2026-05-01 15:00:00,Rabat,34.0209,-6.8416,21.37,21.13,60,1018,5.66,340,92,Clouds,overcast clouds,3,103.59,0.13,0.83,111.7,4.98,7.25,10.87,0.0,2026,5,1,15
2026-05-01 16:35:07,2026-05-01 16:00:00,Casablanca,33.5731,-7.5898,20.01,19.74,64,1017,4.12,50,0,Clear,clear sky,3,103.23,0.15,0.87,113.33,5.9,8.24,14.03,0.0,2026,5,1,16
2026-05-01 16:35:26,2026-05-01 16:00:00,Fes,34.0331,-5.0003,26.08,26.08,50,1015,2.57,0,40,Clouds,scattered clouds,2,95.73,0.06,0.32,93.33,0.34,3.17,4.55,0.26,2026,5,1,16
2026-05-01 16:35:20,2026-05-01 16:00:00,Marrakech,31.6295,-7.9811,28.98,28.5,39,1014,1.54,0,40,Clouds,scattered clouds,3,100.88,0.11,0.53,104.35,0.92,6.84,17.51,0.16,2026,5,1,16
2026-05-01 16:35:13,2026-05-01 16:00:00,Rabat,34.0209,-6.8416,20.37,20.13,64,1018,5.66,350,94,Clouds,overcast clouds,3,103.87,0.17,1.1,112.21,5.02,6.67,10.26,0.0,2026,5,1,16
2026-05-01 17:35:34,2026-05-01 17:00:00,Casablanca,33.5731,-7.5898,20.01,19.74,64,1018,4.12,50,0,Clear,clear sky,3,104.32,0.17,1.16,114.55,6.53,8.02,13.94,0.0,2026,5,1,17
2026-05-01 17:36:03,2026-05-01 17:00:00,Fes,34.0331,-5.0003,26.08,26.08,47,1015,2.06,10,40,Clouds,scattered clouds,2,96.19,0.07,0.46,94.04,0.44,3.55,5.21,0.29,2026,5,1,17
2026-05-01 17:35:52,2026-05-01 17:00:00,Marrakech,31.6295,-7.9811,28.98,28.5,39,1014,2.06,0,40,Clouds,scattered clouds,3,102.48,0.14,0.81,104.59,1.22,9.09,23.29,0.13,2026,5,1,17
2026-05-01 17:35:43,2026-05-01 17:00:00,Rabat,34.0209,-6.8416,20.37,20.24,68,1017,5.14,360,95,Clouds,overcast clouds,3,104.77,0.22,1.59,111.53,5.07,6.04,9.68,0.0,2026,5,1,17
2026-05-01 18:36:10,2026-05-01 18:00:00,Casablanca,33.5731,-7.5898,18.95,18.68,68,1018,4.12,50,0,Clear,clear sky,3,106.02,0.14,1.52,113.55,6.54,7.26,13.21,0.0,2026,5,1,18
2026-05-01 18:36:31,2026-05-01 18:00:00,Fes,34.0331,-5.0003,26.08,26.08,50,1015,4.12,330,40,Clouds,scattered clouds,2,97.04,0.05,0.64,94.0,0.55,3.95,5.91,0.33,2026,5,1,18
2026-05-01 18:36:24,2026-05-01 18:00:00,Marrakech,31.6295,-7.9811,28.98,28.33,37,1014,2.06,250,40,Clouds,scattered clouds,3,103.41,0.12,1.09,103.23,1.43,10.61,27.35,0.11,2026,5,1,18
2026-05-01 18:36:17,2026-05-01 18:00:00,Rabat,34.0209,-6.8416,19.37,19.14,68,1018,4.63,360,96,Clouds,overcast clouds,3,105.84,0.21,2.14,107.52,4.91,5.08,8.65,0.0,2026,5,1,18
2026-05-01 20:47:29,2026-05-01 20:00:00,Casablanca,33.5731,-7.5898,17.89,17.61,72,1019,3.09,30,0,Clear,clear sky,3,107.73,0.0,2.53,103.2,5.6,5.53,11.64,0.0,2026,5,1,20
2026-05-01 20:47:50,2026-05-01 20:00:00,Fes,34.0331,-5.0003,21.08,20.91,64,1017,3.6,300,40,Clouds,scattered clouds,2,96.57,0.0,1.72,72.53,0.47,4.43,6.7,0.75,2026,5,1,20
2026-05-01 20:47:43,2026-05-01 20:00:00,Marrakech,31.6295,-7.9811,22.98,22.72,53,1016,5.14,10,40,Clouds,scattered clouds,2,104.05,0.0,1.82,95.32,1.58,12.19,31.14,0.19,2026,5,1,20
2026-05-01 20:47:36,2026-05-01 20:00:00,Rabat,34.0209,-6.8416,17.37,17.3,82,1019,2.57,350,100,Clouds,overcast clouds,2,107.36,0.0,3.62,93.82,4.66,3.7,7.11,0.12,2026,5,1,20
2026-05-01 21:47:56,2026-05-01 21:00:00,Casablanca,33.5731,-7.5898,17.87,17.59,72,1020,2.06,70,49,Clouds,scattered clouds,2,109.06,0.0,2.66,98.83,5.14,5.0,11.27,0.04,2026,5,1,21
2026-05-01 21:48:16,2026-05-01 21:00:00,Fes,34.0331,-5.0003,18.08,18.24,88,1018,2.57,250,40,Clouds,scattered clouds,2,96.68,0.0,2.16,65.15,0.43,4.52,6.92,0.93,2026,5,1,21
2026-05-01 21:48:09,2026-05-01 21:00:00,Marrakech,31.6295,-7.9811,20.98,20.7,60,1018,4.63,350,40,Clouds,scattered clouds,2,105.29,0.0,1.96,93.12,1.62,12.65,31.84,0.25,2026,5,1,21
2026-05-01 21:48:03,2026-05-01 21:00:00,Rabat,34.0209,-6.8416,17.37,17.46,88,1020,1.54,350,100,Clouds,overcast clouds,2,108.87,0.0,3.68,89.72,4.61,3.44,6.88,0.15,2026,5,1,21
2026-05-01 22:48:23,2026-05-01 22:00:00,Casablanca,33.5731,-7.5898,17.89,17.61,72,1020,1.54,80,57,Clouds,broken clouds,2,108.25,0.0,2.74,93.31,4.47,4.6,10.95,0.12,2026,5,1,22
2026-05-01 22:48:43,2026-05-01 22:00:00,Fes,34.0331,-5.0003,16.08,16.2,94,1018,2.57,220,0,Clear,clear sky,1,95.15,0.0,2.45,59.77,0.39,4.41,6.81,1.19,2026,5,1,22
2026-05-01 22:48:37,2026-05-01 22:00:00,Marrakech,31.6295,-7.9811,19.98,19.6,60,1019,1.54,290,0,Clear,clear sky,2,104.43,0.0,2.07,89.29,1.54,12.7,31.44,0.34,2026,5,1,22
2026-05-01 22:48:30,2026-05-01 22:00:00,Rabat,34.0209,-6.8416,16.37,16.52,94,1019,0.0,0,100,Clouds,overcast clouds,2,108.21,0.0,3.65,85.46,4.44,3.35,6.84,0.15,2026,5,1,22
2026-05-01 23:48:52,2026-05-01 23:00:00,Casablanca,33.5731,-7.5898,16.84,16.59,77,1019,2.06,80,49,Clouds,scattered clouds,2,108.8,0.0,2.78,88.56,3.71,4.47,11.13,0.2,2026,5,1,23
2026-05-01 23:49:17,2026-05-01 23:00:00,Fes,34.0331,-5.0003,16.08,16.2,94,1018,2.06,230,0,Clear,clear sky,1,95.05,0.0,2.63,54.43,0.31,4.32,6.68,1.33,2026,5,1,23
2026-05-01 23:49:09,2026-05-01 23:00:00,Marrakech,31.6295,-7.9811,17.98,17.61,68,1019,2.06,300,0,Clear,clear sky,2,104.82,0.0,2.11,86.96,1.39,12.92,31.47,0.47,2026,5,1,23
2026-05-01 23:49:00,2026-05-01 23:00:00,Rabat,34.0209,-6.8416,13.37,13.37,100,1019,0.0,0,87,Clouds,overcast clouds,2,108.37,0.0,3.58,82.65,4.24,3.44,7.04,0.15,2026,5,1,23
2026-05-02 09:58:34,2026-05-02 09:00:00,Casablanca,33.5731,-7.5898,17.89,17.61,72,1019,2.06,30,75,Clouds,broken clouds,2,105.16,0.54,2.22,73.65,2.38,6.29,15.39,0.13,2026,5,2,9
2026-05-02 09:58:54,2026-05-02 09:00:00,Fes,34.0331,-5.0003,18.08,18.24,88,1018,2.06,330,40,Clouds,scattered clouds,1,88.95,1.02,1.97,37.91,0.18,3.46,6.16,2.2,2026,5,2,9
2026-05-02 09:58:47,2026-05-02 09:00:00,Marrakech,31.6295,-7.9811,16.98,16.74,77,1018,2.57,260,66,Clouds,broken clouds,2,104.35,0.58,2.29,71.39,0.74,13.44,30.69,1.11,2026,5,2,9
2026-05-02 09:58:41,2026-05-02 09:00:00,Rabat,34.0209,-6.8416,18.37,18.56,88,1019,2.06,330,100,Clouds,overcast clouds,2,104.09,0.89,3.06,70.77,2.99,5.08,9.65,0.21,2026,5,2,9
2026-05-02 10:59:01,2026-05-02 10:00:00,Casablanca,33.5731,-7.5898,17.89,17.61,72,1019,2.06,10,75,Clouds,broken clouds,2,103.79,0.37,1.37,89.04,3.99,6.57,15.68,0.01,2026,5,2,10
2026-05-02 10:59:23,2026-05-02 10:00:00,Fes,34.0331,-5.0003,18.08,18.08,82,1018,3.6,300,75,Clouds,broken clouds,2,94.01,0.17,0.61,76.49,0.37,4.33,8.08,0.88,2026,5,2,10
2026-05-02 10:59:16,2026-05-02 10:00:00,Marrakech,31.6295,-7.9811,16.98,16.74,77,1018,2.57,260,52,Clouds,broken clouds,2,102.69,0.16,0.7,93.0,0.73,10.75,26.29,0.26,2026,5,2,10
2026-05-02 10:59:09,2026-05-02 10:00:00,Rabat,34.0209,-6.8416,19.37,19.37,77,1019,2.57,310,100,Clouds,overcast clouds,2,103.79,0.48,1.89,89.71,4.19,5.7,10.45,0.0,2026,5,2,10
2026-05-02 11:59:30,2026-05-02 11:00:00,Casablanca,33.5731,-7.5898,18.95,18.68,68,1019,2.06,20,75,Clouds,broken clouds,2,101.75,0.23,0.89,96.71,4.33,7.12,15.95,0.0,2026,5,2,11
2026-05-02 11:59:49,2026-05-02 11:00:00,Fes,34.0331,-5.0003,19.08,19.18,82,1017,4.63,280,75,Clouds,broken clouds,2,93.66,0.07,0.35,82.25,0.39,4.82,8.99,0.61,2026,5,2,11
2026-05-02 11:59:42,2026-05-02 11:00:00,Marrakech,31.6295,-7.9811,20.98,20.8,64,1017,1.54,0,75,Clouds,broken clouds,2,100.83,0.09,0.39,97.11,0.66,9.82,24.45,0.13,2026,5,2,11
2026-05-02 11:59:36,2026-05-02 11:00:00,Rabat,34.0209,-6.8416,19.37,19.37,77,1019,2.06,320,100,Clouds,overcast clouds,2,102.4,0.27,1.28,97.26,4.55,6.26,10.83,0.0,2026,5,2,11
2026-05-02 12:59:59,2026-05-02 12:00:00,Casablanca,33.5731,-7.5898,19.01,18.74,68,1018,2.06,360,75,Clouds,broken clouds,3,100.17,0.16,0.66,101.23,4.74,7.73,16.13,0.0,2026,5,2,12
2026-05-02 13:00:27,2026-05-02 13:00:00,Fes,34.0331,-5.0003,20.08,20.02,72,1016,4.63,300,40,Clouds,scattered clouds,2,92.91,0.05,0.31,82.89,0.41,5.22,9.5,0.5,2026,5,2,13
2026-05-02 13:00:17,2026-05-02 13:00:00,Marrakech,31.6295,-7.9811,21.98,21.7,56,1016,2.06,0,40,Clouds,scattered clouds,2,99.58,0.07,0.32,98.56,0.68,10.19,25.39,0.09,2026,5,2,13
2026-05-02 13:00:09,2026-05-02 13:00:00,Rabat,34.0209,-6.8416,19.37,19.37,77,1018,2.06,320,100,Clouds,overcast clouds,3,101.29,0.2,0.98,100.98,4.94,6.76,11.13,0.0,2026,5,2,13
2026-05-02 14:00:34,2026-05-02 14:00:00,Casablanca,33.5731,-7.5898,21.01,20.73,60,1018,2.06,20,40,Clouds,scattered clouds,3,100.76,0.12,0.52,105.07,4.63,7.19,14.0,0.0,2026,5,2,14
2026-05-02 14:00:54,2026-05-02 14:00:00,Fes,34.0331,-5.0003,21.08,21.15,73,1016,4.63,300,75,Clouds,broken clouds,2,93.73,0.04,0.29,86.63,0.41,5.29,9.46,0.37,2026,5,2,14
2026-05-02 14:00:48,2026-05-02 14:00:00,Marrakech,31.6295,-7.9811,23.98,23.82,53,1015,1.54,0,40,Clouds,scattered clouds,3,100.88,0.07,0.3,102.55,0.77,10.62,26.87,0.06,2026,5,2,14
2026-05-02 14:00:41,2026-05-02 14:00:00,Rabat,34.0209,-6.8416,20.37,20.37,73,1018,2.57,320,100,Clouds,overcast clouds,3,101.75,0.14,0.73,103.98,4.63,6.33,10.21,0.0,2026,5,2,14
2026-05-02 15:01:01,2026-05-02 15:00:00,Casablanca,33.5731,-7.5898,21.01,20.73,60,1017,2.57,10,40,Clouds,scattered clouds,3,99.88,0.06,0.62,101.32,4.25,5.45,10.97,0.0,2026,5,2,15
2026-05-02 15:01:20,2026-05-02 15:00:00,Fes,34.0331,-5.0003,22.08,22.01,64,1015,4.63,280,75,Clouds,broken clouds,2,94.91,0.03,0.31,87.73,0.54,5.72,9.84,0.2,2026,5,2,15
2026-05-02 15:01:13,2026-05-02 15:00:00,Marrakech,31.6295,-7.9811,26.02,26.02,44,1015,1.03,0,40,Clouds,scattered clouds,3,99.98,0.06,0.28,101.76,0.91,10.77,27.9,0.0,2026,5,2,15
2026-05-02 15:01:07,2026-05-02 15:00:00,Rabat,34.0209,-6.8416,21.37,21.23,64,1018,3.09,320,100,Clouds,overcast clouds,3,101.15,0.11,0.63,102.28,3.74,5.02,7.95,0.0,2026,5,2,15
2026-05-02 16:01:26,2026-05-02 16:00:00,Casablanca,33.5731,-7.5898,20.01,19.74,64,1017,3.6,360,20,Clouds,few clouds,3,98.94,0.05,0.66,101.26,4.22,5.09,10.3,0.0,2026,5,2,16
2026-05-02 16:01:47,2026-05-02 16:00:00,Fes,34.0331,-5.0003,22.08,22.12,68,1014,3.6,310,40,Clouds,scattered clouds,2,94.66,0.02,0.39,86.69,0.55,5.68,9.33,0.18,2026,5,2,16
2026-05-02 16:01:40,2026-05-02 16:00:00,Marrakech,31.6295,-7.9811,25.98,25.98,44,1014,1.54,0,40,Clouds,scattered clouds,3,98.73,0.07,0.3,101.08,1.05,11.15,28.99,0.0,2026,5,2,16
2026-05-02 16:01:33,2026-05-02 16:00:00,Rabat,34.0209,-6.8416,21.37,21.23,64,1017,3.09,300,100,Clouds,overcast clouds,3,100.47,0.09,0.74,101.37,3.61,4.53,7.21,0.0,2026,5,2,16
2026-05-02 17:01:54,2026-05-02 17:00:00,Casablanca,33.5731,-7.5898,20.01,19.74,64,1017,3.6,10,20,Clouds,few clouds,3,99.82,0.04,0.79,102.17,4.33,4.68,9.64,0.0,2026,5,2,17
2026-05-02 17:02:15,2026-05-02 17:00:00,Fes,34.0331,-5.0003,23.1,23.03,60,1014,2.57,300,40,Clouds,scattered clouds,2,95.1,0.01,0.52,85.85,0.57,5.65,9.16,0.2,2026,5,2,17
2026-05-02 17:02:08,2026-05-02 17:00:00,Marrakech,31.6295,-7.9811,26.98,26.9,41,1013,2.06,0,40,Clouds,scattered clouds,3,98.72,0.07,0.36,101.37,1.13,10.79,28.08,0.0,2026,5,2,17
2026-05-02 17:02:01,2026-05-02 17:00:00,Rabat,34.0209,-6.8416,20.37,20.24,68,1017,3.6,330,75,Clouds,broken clouds,3,101.44,0.09,1.1,100.68,3.76,4.15,6.75,0.0,2026,5,2,17
2026-05-02 18:02:22,2026-05-02 18:00:00,Casablanca,33.5731,-7.5898,20.0,19.62,60,1017,3.6,30,20,Clouds,few clouds,3,100.73,0.04,1.04,102.28,4.63,4.2,8.97,0.0,2026,5,2,18
2026-05-02 18:02:42,2026-05-02 18:00:00,Fes,34.0331,-5.0003,22.08,22.12,68,1014,3.6,350,40,Clouds,scattered clouds,2,95.27,0.01,0.69,84.24,0.59,5.58,9.07,0.24,2026,5,2,18
2026-05-02 18:02:35,2026-05-02 18:00:00,Marrakech,31.6295,-7.9811,26.98,26.9,41,1013,2.06,0,40,Clouds,scattered clouds,3,98.78,0.08,0.51,100.62,1.26,11.2,28.38,0.0,2026,5,2,18
2026-05-02 18:02:28,2026-05-02 18:00:00,Rabat,34.0209,-6.8416,20.37,20.24,68,1017,3.09,310,40,Clouds,scattered clouds,2,102.97,0.09,1.68,99.68,3.94,3.9,6.56,0.0,2026,5,2,18
2026-05-02 19:02:50,2026-05-02 19:00:00,Casablanca,33.5731,-7.5898,18.95,18.55,63,1017,3.6,20,40,Clouds,scattered clouds,3,102.17,0.02,1.33,101.21,4.84,3.75,8.37,0.0,2026,5,2,19
2026-05-02 19:03:12,2026-05-02 19:00:00,Fes,34.0331,-5.0003,22.08,22.12,68,1014,3.09,340,40,Clouds,scattered clouds,2,95.53,0.01,0.83,82.9,0.63,5.46,8.9,0.28,2026,5,2,19
2026-05-02 19:03:05,2026-05-02 19:00:00,Marrakech,31.6295,-7.9811,26.98,26.9,41,1013,3.6,260,40,Clouds,scattered clouds,2,98.5,0.07,0.67,98.5,1.37,11.2,27.85,0.0,2026,5,2,19
2026-05-02 19:02:58,2026-05-02 19:00:00,Rabat,34.0209,-6.8416,19.37,19.14,68,1017,4.12,320,40,Clouds,scattered clouds,2,104.5,0.06,2.17,97.71,3.85,3.46,6.15,0.03,2026,5,2,19
2026-05-02 20:03:18,2026-05-02 20:00:00,Casablanca,33.5731,-7.5898,18.95,18.55,63,1017,2.57,50,20,Clouds,few clouds,2,102.95,0.02,1.71,98.15,4.83,3.45,8.09,0.01,2026,5,2,20
2026-05-02 20:03:37,2026-05-02 20:00:00,Fes,34.0331,-5.0003,21.08,21.15,73,1016,3.09,340,40,Clouds,scattered clouds,2,95.51,0.0,1.12,79.35,0.65,5.32,8.67,0.47,2026,5,2,20
2026-05-02 20:03:31,2026-05-02 20:00:00,Marrakech,31.6295,-7.9811,25.97,25.97,47,1014,4.12,230,40,Clouds,scattered clouds,2,97.47,0.01,1.02,93.41,1.41,10.83,26.47,0.0,2026,5,2,20
2026-05-02 20:03:24,2026-05-02 20:00:00,Rabat,34.0209,-6.8416,18.37,18.14,72,1017,2.06,340,75,Clouds,broken clouds,2,104.92,0.03,2.5,93.94,3.56,2.95,5.64,0.11,2026,5,2,20
2026-05-02 21:03:47,2026-05-02 21:00:00,Casablanca,33.5731,-7.5898,17.89,17.61,72,1018,2.06,50,0,Clear,clear sky,2,105.25,0.0,2.02,95.23,4.69,3.38,8.38,0.06,2026,5,2,21
2026-05-02 21:04:11,2026-05-02 21:00:00,Fes,34.0331,-5.0003,20.1,20.18,77,1017,3.09,320,75,Clouds,broken clouds,2,95.85,0.0,1.45,76.14,0.66,5.17,8.46,0.77,2026,5,2,21
2026-05-02 21:04:03,2026-05-02 21:00:00,Marrakech,31.6295,-7.9811,22.98,22.61,49,1015,5.14,360,40,Clouds,scattered clouds,2,98.32,0.0,1.32,89.96,1.44,10.54,25.45,0.08,2026,5,2,21
2026-05-02 21:03:56,2026-05-02 21:00:00,Rabat,34.0209,-6.8416,17.37,17.17,77,1018,2.06,330,75,Clouds,broken clouds,2,106.4,0.0,2.64,90.82,3.33,2.67,5.42,0.16,2026,5,2,21
2026-05-02 22:04:18,2026-05-02 22:00:00,Casablanca,33.5731,-7.5898,17.89,17.61,72,1019,2.06,10,52,Clouds,broken clouds,2,107.12,0.0,2.05,92.88,4.28,3.3,8.59,0.12,2026,5,2,22
2026-05-02 22:04:40,2026-05-02 22:00:00,Fes,34.0331,-5.0003,18.08,18.24,88,1018,4.12,320,75,Rain,light rain,2,96.43,0.0,1.69,74.06,0.66,4.99,8.23,1.03,2026,5,2,22
2026-05-02 22:04:33,2026-05-02 22:00:00,Marrakech,31.6295,-7.9811,20.98,20.49,52,1017,5.14,360,40,Clouds,scattered clouds,2,99.51,0.0,1.51,88.01,1.46,10.2,24.51,0.2,2026,5,2,22
2026-05-02 22:04:26,2026-05-02 22:00:00,Rabat,34.0209,-6.8416,17.37,17.3,82,1019,1.54,320,75,Clouds,broken clouds,2,107.53,0.0,2.59,88.42,3.21,2.53,5.37,0.17,2026,5,2,22
2026-05-03 11:11:59,2026-05-03 11:00:00,Casablanca,33.5731,-7.5898,20.78,20.58,64,1017,1.03,0,75,Clouds,broken clouds,2,102.57,0.28,1.08,88.59,3.79,5.05,12.81,0.0,2026,5,3,11
2026-05-03 11:12:19,2026-05-03 11:00:00,Fes,34.0331,-5.0003,16.08,16.35,100,1016,1.54,330,75,Clouds,broken clouds,2,94.4,0.08,0.53,71.32,0.39,4.96,9.97,0.42,2026,5,3,11
2026-05-03 11:12:12,2026-05-03 11:00:00,Marrakech,31.6295,-7.9811,19.98,19.7,64,1016,1.54,0,20,Clouds,few clouds,2,98.79,0.19,0.73,90.96,0.99,10.63,25.97,0.51,2026,5,3,11
2026-05-03 11:12:06,2026-05-03 11:00:00,Rabat,34.0209,-6.8416,20.35,20.45,77,1017,0.0,0,75,Clouds,broken clouds,2,102.89,0.47,1.78,88.04,4.15,4.86,8.67,0.0,2026,5,3,11
2026-05-03 12:12:26,2026-05-03 12:00:00,Casablanca,33.5731,-7.5898,21.01,20.84,64,1017,2.06,20,40,Clouds,scattered clouds,2,100.36,0.17,0.68,92.52,3.62,5.1,12.18,0.0,2026,5,3,12
2026-05-03 12:12:47,2026-05-03 12:00:00,Fes,34.0331,-5.0003,17.08,17.3,94,1016,1.54,360,75,Clouds,broken clouds,2,93.84,0.05,0.34,74.97,0.37,4.91,10.65,0.36,2026,5,3,12
2026-05-03 12:12:40,2026-05-03 12:00:00,Marrakech,31.6295,-7.9811,21.98,21.7,56,1015,2.57,0,0,Clear,clear sky,2,97.51,0.1,0.41,94.9,0.95,10.19,25.13,0.18,2026,5,3,12
2026-05-03 12:12:33,2026-05-03 12:00:00,Rabat,34.0209,-6.8416,21.37,21.34,68,1017,2.57,290,75,Clouds,broken clouds,2,100.98,0.26,1.12,92.41,3.97,5.1,8.52,0.0,2026,5,3,12
2026-05-03 13:12:53,2026-05-03 13:00:00,Casablanca,33.5731,-7.5898,21.84,21.7,62,1016,3.6,350,40,Clouds,scattered clouds,2,98.96,0.13,0.54,94.69,3.98,5.48,12.17,0.0,2026,5,3,13
2026-05-03 13:13:12,2026-05-03 13:00:00,Fes,34.0331,-5.0003,17.08,17.14,88,1015,1.54,310,75,Clouds,broken clouds,2,93.05,0.05,0.28,75.34,0.35,4.87,10.69,0.34,2026,5,3,13
2026-05-03 13:13:06,2026-05-03 13:00:00,Marrakech,31.6295,-7.9811,22.98,22.72,53,1015,1.54,0,0,Clear,clear sky,2,96.83,0.08,0.34,96.48,0.96,10.04,24.82,0.09,2026,5,3,13
2026-05-03 13:12:59,2026-05-03 13:00:00,Rabat,34.0209,-6.8416,21.37,21.34,68,1017,3.09,310,75,Clouds,broken clouds,2,99.78,0.18,0.89,93.33,4.13,5.38,8.48,0.0,2026,5,3,13
2026-05-03 14:13:19,2026-05-03 14:00:00,Casablanca,33.5731,-7.5898,21.66,21.55,64,1016,3.58,350,100,Clouds,overcast clouds,2,99.46,0.12,0.44,95.6,4.08,5.3,11.12,0.0,2026,5,3,14
2026-05-03 14:13:40,2026-05-03 14:00:00,Fes,34.0331,-5.0003,18.08,18.24,88,1014,1.54,0,75,Clouds,broken clouds,2,93.87,0.04,0.26,78.97,0.35,5.08,11.91,0.27,2026,5,3,14
2026-05-03 14:13:33,2026-05-03 14:00:00,Marrakech,31.6295,-7.9811,23.98,23.63,46,1014,2.57,0,0,Clear,clear sky,2,97.99,0.07,0.3,98.28,0.97,8.98,22.69,0.01,2026,5,3,14
2026-05-03 14:13:26,2026-05-03 14:00:00,Rabat,34.0209,-6.8416,22.37,22.33,64,1016,4.12,320,75,Clouds,broken clouds,2,100.28,0.15,0.71,93.3,4.07,5.19,7.89,0.0,2026,5,3,14
2026-05-03 15:13:46,2026-05-03 15:00:00,Casablanca,33.5731,-7.5898,21.01,20.84,64,1015,4.02,360,40,Clouds,scattered clouds,2,98.34,0.1,0.43,90.02,3.51,3.89,8.57,0.0,2026,5,3,15
2026-05-03 15:14:08,2026-05-03 15:00:00,Fes,34.0331,-5.0003,20.08,20.02,72,1013,2.06,330,75,Clouds,broken clouds,2,93.46,0.02,0.25,83.9,0.37,5.32,12.03,0.12,2026,5,3,15
2026-05-03 15:14:01,2026-05-03 15:00:00,Marrakech,31.6295,-7.9811,26.98,27.06,44,1013,1.54,360,0,Clear,clear sky,2,97.17,0.07,0.28,97.83,0.98,8.96,23.28,0.0,2026,5,3,15
2026-05-03 15:13:53,2026-05-03 15:00:00,Rabat,34.0209,-6.8416,23.37,23.43,64,1016,3.09,300,75,Clouds,broken clouds,2,99.02,0.14,0.58,90.73,3.8,4.74,7.02,0.0,2026,5,3,15
2026-05-03 16:20:40,2026-05-03 16:00:00,Casablanca,33.5731,-7.5898,20.78,20.58,64,1015,3.6,20,40,Clouds,scattered clouds,2,97.3,0.09,0.46,88.68,3.59,3.64,7.98,0.0,2026,5,3,16
2026-05-03 16:21:02,2026-05-03 16:00:00,Fes,34.0331,-5.0003,21.08,21.02,68,1013,1.03,0,75,Clouds,broken clouds,2,93.04,0.03,0.24,84.68,0.35,5.06,10.01,0.09,2026,5,3,16
2026-05-03 16:20:55,2026-05-03 16:00:00,Marrakech,31.6295,-7.9811,26.98,26.9,41,1012,2.57,0,0,Clear,clear sky,2,95.98,0.07,0.31,97.7,1.12,9.53,25.3,0.0,2026,5,3,16
2026-05-03 16:20:47,2026-05-03 16:00:00,Rabat,34.0209,-6.8416,22.37,22.44,68,1015,3.6,310,75,Clouds,broken clouds,2,98.73,0.14,0.59,89.6,3.73,4.41,6.53,0.0,2026,5,3,16
2026-05-03 17:21:08,2026-05-03 17:00:00,Casablanca,33.5731,-7.5898,21.01,20.84,64,1015,3.09,20,40,Clouds,scattered clouds,2,97.8,0.09,0.55,88.09,3.72,3.3,7.4,0.0,2026,5,3,17
2026-05-03 17:21:27,2026-05-03 17:00:00,Fes,34.0331,-5.0003,21.08,20.91,64,1013,2.06,350,75,Clouds,broken clouds,2,92.81,0.04,0.36,82.93,0.37,4.95,8.47,0.13,2026,5,3,17
2026-05-03 17:21:20,2026-05-03 17:00:00,Marrakech,31.6295,-7.9811,27.97,27.39,36,1012,1.54,0,0,Clear,clear sky,2,96.34,0.08,0.4,98.22,1.28,10.13,27.34,0.0,2026,5,3,17
2026-05-03 17:21:14,2026-05-03 17:00:00,Rabat,34.0209,-6.8416,21.37,21.47,73,1015,4.12,320,75,Clouds,broken clouds,2,99.38,0.16,0.76,88.99,3.73,4.08,6.11,0.0,2026,5,3,17
2026-05-03 18:21:34,2026-05-03 18:00:00,Casablanca,33.5731,-7.5898,20.01,19.63,60,1015,3.09,10,40,Clouds,scattered clouds,2,98.64,0.09,0.72,87.28,3.96,2.97,7.01,0.0,2026,5,3,18
2026-05-03 18:22:00,2026-05-03 18:00:00,Fes,34.0331,-5.0003,21.08,21.02,68,1013,2.57,360,75,Clouds,broken clouds,2,92.37,0.04,0.62,78.7,0.42,4.85,7.6,0.25,2026,5,3,18
2026-05-03 18:21:53,2026-05-03 18:00:00,Marrakech,31.6295,-7.9811,27.98,27.28,34,1012,2.06,0,0,Clear,clear sky,2,96.57,0.1,0.55,97.82,1.41,10.51,28.8,0.0,2026,5,3,18
2026-05-03 18:21:42,2026-05-03 18:00:00,Rabat,34.0209,-6.8416,20.37,20.47,77,1015,3.6,320,75,Clouds,broken clouds,2,100.54,0.17,1.14,87.58,3.73,3.78,5.8,0.0,2026,5,3,18
2026-05-03 19:22:07,2026-05-03 19:00:00,Casablanca,33.5731,-7.5898,19.49,19.17,64,1015,2.68,10,40,Clouds,scattered clouds,2,100.26,0.09,0.92,86.68,4.13,2.7,6.72,0.0,2026,5,3,19
2026-05-03 19:22:35,2026-05-03 19:00:00,Fes,34.0331,-5.0003,21.08,21.02,68,1013,1.54,20,75,Clouds,broken clouds,2,92.1,0.02,0.89,75.21,0.49,4.62,7.05,0.36,2026,5,3,19
2026-05-03 19:22:24,2026-05-03 19:00:00,Marrakech,31.6295,-7.9811,26.98,26.66,36,1012,2.06,230,40,Clouds,scattered clouds,2,96.89,0.08,0.71,96.56,1.49,10.48,28.95,0.0,2026,5,3,19
2026-05-03 19:22:15,2026-05-03 19:00:00,Rabat,34.0209,-6.8416,19.37,19.5,82,1015,3.09,330,75,Clouds,broken clouds,2,102.23,0.1,1.64,84.89,3.55,3.3,5.29,0.02,2026,5,3,19
2026-05-03 20:22:42,2026-05-03 20:00:00,Casablanca,33.5731,-7.5898,18.95,18.73,70,1016,2.57,10,40,Clouds,scattered clouds,2,101.56,0.04,1.31,84.3,4.22,2.52,6.69,0.01,2026,5,3,20
2026-05-03 20:23:00,2026-05-03 20:00:00,Fes,34.0331,-5.0003,20.08,20.02,72,1014,2.06,320,75,Clouds,broken clouds,2,91.92,0.0,1.15,71.1,0.52,4.32,6.62,0.48,2026,5,3,20
2026-05-03 20:22:54,2026-05-03 20:00:00,Marrakech,31.6295,-7.9811,25.98,25.98,41,1013,3.6,240,40,Clouds,scattered clouds,2,96.51,0.03,1.05,92.91,1.54,10.28,28.44,0.04,2026,5,3,20
2026-05-03 20:22:48,2026-05-03 20:00:00,Rabat,34.0209,-6.8416,18.37,18.56,88,1016,2.06,330,75,Clouds,broken clouds,2,103.02,0.03,2.13,80.96,3.28,2.76,4.71,0.1,2026,5,3,20
2026-05-03 21:23:07,2026-05-03 21:00:00,Casablanca,33.5731,-7.5898,17.89,17.75,77,1017,2.57,20,45,Clouds,scattered clouds,2,104.44,0.0,1.74,82.33,4.34,2.51,7.09,0.07,2026,5,3,21
2026-05-03 21:23:27,2026-05-03 21:00:00,Fes,34.0331,-5.0003,19.08,19.18,82,1015,1.03,0,75,Clouds,broken clouds,2,92.48,0.0,1.35,66.55,0.52,4.01,6.2,0.53,2026,5,3,21
2026-05-03 21:23:21,2026-05-03 21:00:00,Marrakech,31.6295,-7.9811,22.98,22.72,53,1014,4.63,10,40,Clouds,scattered clouds,2,97.56,0.0,1.4,90.53,1.58,10.25,28.19,0.16,2026,5,3,21
2026-05-03 21:23:14,2026-05-03 21:00:00,Rabat,34.0209,-6.8416,18.37,18.4,82,1017,2.06,320,40,Clouds,scattered clouds,2,105.25,0.0,2.44,78.37,3.07,2.44,4.39,0.16,2026,5,3,21
2026-05-03 22:23:34,2026-05-03 22:00:00,Casablanca,33.5731,-7.5898,17.89,17.75,77,1017,2.06,30,37,Clouds,scattered clouds,2,107.34,0.0,1.91,81.02,4.25,2.5,7.36,0.12,2026,5,3,22
2026-05-03 22:23:54,2026-05-03 22:00:00,Fes,34.0331,-5.0003,18.08,17.95,77,1016,3.6,320,75,Clouds,broken clouds,2,92.96,0.0,1.48,62.42,0.51,3.66,5.72,0.49,2026,5,3,22
2026-05-03 22:23:48,2026-05-03 22:00:00,Marrakech,31.6295,-7.9811,20.98,20.7,60,1015,4.12,360,40,Clouds,scattered clouds,2,98.86,0.0,1.59,89.06,1.58,10.17,27.74,0.29,2026,5,3,22
2026-05-03 22:23:41,2026-05-03 22:00:00,Rabat,34.0209,-6.8416,17.37,17.46,88,1017,1.54,340,40,Clouds,scattered clouds,2,107.33,0.0,2.5,76.72,2.89,2.2,4.14,0.18,2026,5,3,22
2026-05-04 20:41:17,2026-05-04 20:00:00,Casablanca,33.5731,-7.5898,18.88,18.6,68,1018,3.58,40,79,Clouds,broken clouds,2,112.33,0.0,1.89,99.43,4.68,2.88,7.65,0.09,2026,5,4,20
2026-05-04 20:42:42,2026-05-04 20:00:00,Fes,34.0331,-5.0003,18.08,17.82,72,1016,2.57,320,40,Clouds,scattered clouds,2,97.34,0.0,1.39,69.82,0.58,2.49,3.97,0.57,2026,5,4,20
2026-05-04 20:42:26,2026-05-04 20:00:00,Marrakech,31.6295,-7.9811,23.98,23.63,46,1014,5.14,360,75,Clouds,broken clouds,2,99.56,0.0,1.35,85.05,1.25,6.43,17.57,0.19,2026,5,4,20
2026-05-04 20:41:34,2026-05-04 20:00:00,Rabat,34.0209,-6.8416,17.37,17.17,77,1018,3.09,350,40,Clouds,scattered clouds,2,113.69,0.0,2.72,94.02,3.86,2.28,5.16,0.15,2026,5,4,20
2026-05-04 21:43:22,2026-05-04 21:00:00,Casablanca,33.5731,-7.5898,17.89,17.51,68,1018,3.09,50,76,Clouds,broken clouds,2,114.98,0.0,2.14,98.1,4.69,2.77,7.95,0.15,2026,5,4,21
2026-05-04 21:44:04,2026-05-04 21:00:00,Fes,34.0331,-5.0003,17.08,16.85,77,1017,1.54,300,40,Clouds,scattered clouds,2,98.9,0.0,1.67,67.64,0.63,2.49,4.11,0.79,2026,5,4,21
2026-05-04 21:43:55,2026-05-04 21:00:00,Marrakech,31.6295,-7.9811,22.97,22.6,49,1015,5.66,360,75,Clouds,broken clouds,2,101.24,0.0,1.54,84.44,1.29,6.15,16.72,0.33,2026,5,4,21
2026-05-04 21:43:36,2026-05-04 21:00:00,Rabat,34.0209,-6.8416,16.37,16.2,82,1018,2.57,10,40,Clouds,scattered clouds,2,115.19,0.0,2.61,93.42,3.66,2.15,5.06,0.17,2026,5,4,21
2026-05-04 22:44:16,2026-05-04 22:00:00,Casablanca,33.5731,-7.5898,17.89,17.51,68,1018,2.57,50,71,Clouds,broken clouds,2,114.72,0.0,2.22,95.16,4.31,2.67,8.06,0.18,2026,5,4,22
2026-05-04 22:45:07,2026-05-04 22:00:00,Fes,34.0331,-5.0003,17.08,16.85,77,1018,2.57,300,40,Clouds,scattered clouds,2,98.12,0.0,1.96,63.3,0.55,2.44,4.13,1.04,2026,5,4,22
2026-05-04 22:44:48,2026-05-04 22:00:00,Marrakech,31.6295,-7.9811,18.98,18.47,59,1016,5.14,40,75,Clouds,broken clouds,2,101.41,0.0,1.74,82.32,1.25,5.94,15.9,0.52,2026,5,4,22
2026-05-04 22:44:34,2026-05-04 22:00:00,Rabat,34.0209,-6.8416,14.37,14.32,94,1018,1.54,20,40,Clouds,scattered clouds,2,114.89,0.0,2.51,92.54,3.47,2.07,4.92,0.17,2026,5,4,22
2026-05-04 23:45:26,2026-05-04 23:00:00,Casablanca,33.5731,-7.5898,16.84,16.46,72,1018,1.54,60,67,Clouds,broken clouds,2,115.78,0.0,2.18,93.71,3.8,2.68,8.36,0.21,2026,5,4,23
2026-05-04 23:45:51,2026-05-04 23:00:00,Fes,34.0331,-5.0003,15.08,14.65,77,1017,3.09,300,75,Clouds,broken clouds,1,98.06,0.0,2.17,57.73,0.42,2.44,4.18,1.2,2026,5,4,23
2026-05-04 23:45:44,2026-05-04 23:00:00,Marrakech,31.6295,-7.9811,18.98,18.47,59,1016,3.6,50,75,Clouds,broken clouds,2,102.56,0.0,1.86,79.1,1.09,5.93,15.57,0.71,2026,5,4,23
2026-05-04 23:45:34,2026-05-04 23:00:00,Rabat,34.0209,-6.8416,11.37,11.17,100,1018,0.0,0,40,Clouds,scattered clouds,2,115.59,0.0,2.41,92.83,3.35,2.06,4.88,0.17,2026,5,4,23
2026-05-05 10:17:22,2026-05-05 10:00:00,Casablanca,33.5731,-7.5898,17.89,17.28,59,1016,2.57,60,75,Clouds,broken clouds,2,114.52,0.51,2.15,92.48,3.25,4.22,11.91,0.14,2026,5,5,10
2026-05-05 10:17:42,2026-05-05 10:00:00,Fes,34.0331,-5.0003,14.08,13.53,76,1016,2.57,310,75,Clouds,broken clouds,1,95.77,0.59,1.23,43.18,0.23,3.02,5.45,0.57,2026,5,5,10
2026-05-05 10:17:35,2026-05-05 10:00:00,Marrakech,31.6295,-7.9811,18.98,18.71,68,1015,1.03,0,0,Clear,clear sky,2,106.2,1.07,3.45,74.1,1.14,6.73,15.87,3.16,2026,5,5,10
2026-05-05 10:17:29,2026-05-05 10:00:00,Rabat,34.0209,-6.8416,18.37,17.91,63,1017,2.06,40,40,Clouds,scattered clouds,2,114.56,0.61,3.36,88.29,4.12,3.71,7.83,0.16,2026,5,5,10
2026-05-05 11:17:49,2026-05-05 11:00:00,Casablanca,33.5731,-7.5898,20.0,19.41,52,1017,3.09,60,40,Clouds,scattered clouds,3,112.26,0.32,1.25,101.12,3.63,4.25,11.34,0.0,2026,5,5,11
2026-05-05 11:18:08,2026-05-05 11:00:00,Fes,34.0331,-5.0003,16.08,15.49,67,1016,2.57,0,75,Clouds,broken clouds,2,99.33,0.09,0.34,77.1,0.53,3.11,5.85,0.17,2026,5,5,11
2026-05-05 11:18:02,2026-05-05 11:00:00,Marrakech,31.6295,-7.9811,20.97,20.58,56,1015,2.06,10,0,Clear,clear sky,2,104.45,0.64,1.98,89.09,1.21,5.44,13.95,1.6,2026,5,5,11
2026-05-05 11:17:55,2026-05-05 11:00:00,Rabat,34.0209,-6.8416,20.37,20.03,60,1017,2.57,340,40,Clouds,scattered clouds,2,112.77,0.46,2.15,97.26,4.45,3.88,7.96,0.04,2026,5,5,11
2026-05-05 12:18:15,2026-05-05 12:00:00,Casablanca,33.5731,-7.5898,20.0,19.41,52,1017,3.6,30,40,Clouds,scattered clouds,3,109.63,0.19,0.76,105.49,3.53,4.5,11.16,0.0,2026,5,5,12
2026-05-05 12:18:35,2026-05-05 12:00:00,Fes,34.0331,-5.0003,17.08,16.59,67,1016,2.06,0,75,Clouds,broken clouds,2,97.92,0.05,0.2,79.48,0.52,3.19,5.89,0.14,2026,5,5,12
2026-05-05 12:18:29,2026-05-05 12:00:00,Marrakech,31.6295,-7.9811,21.98,21.7,56,1014,2.57,10,0,Clear,clear sky,2,102.37,0.36,1.27,93.1,1.16,5.52,14.15,1.32,2026,5,5,12
2026-05-05 12:18:22,2026-05-05 12:00:00,Rabat,34.0209,-6.8416,19.35,18.88,59,1017,2.57,300,75,Clouds,broken clouds,3,110.63,0.31,1.37,103.23,4.56,4.36,8.28,0.0,2026,5,5,12
2026-05-05 13:18:42,2026-05-05 13:00:00,Casablanca,33.5731,-7.5898,19.97,19.38,52,1016,4.12,10,40,Clouds,scattered clouds,3,107.97,0.14,0.57,108.62,3.71,5.0,11.43,0.0,2026,5,5,13
2026-05-05 13:19:02,2026-05-05 13:00:00,Fes,34.0331,-5.0003,19.08,18.58,59,1015,1.54,0,40,Clouds,scattered clouds,2,96.68,0.04,0.16,79.59,0.5,3.23,5.95,0.12,2026,5,5,13
2026-05-05 13:18:55,2026-05-05 13:00:00,Marrakech,31.6295,-7.9811,23.98,23.63,46,1014,2.57,330,0,Clear,clear sky,2,100.21,0.17,0.71,95.76,1.16,6.05,15.63,0.96,2026,5,5,13
2026-05-05 13:18:49,2026-05-05 13:00:00,Rabat,34.0209,-6.8416,20.37,19.92,56,1016,4.12,320,40,Clouds,scattered clouds,3,109.01,0.23,0.97,107.66,4.85,5.02,8.84,0.0,2026,5,5,13
2026-05-05 14:19:09,2026-05-05 14:00:00,Casablanca,33.5731,-7.5898,20.01,19.35,49,1016,3.09,50,40,Clouds,scattered clouds,3,107.62,0.1,0.44,115.71,3.42,4.24,9.17,0.0,2026,5,5,14
2026-05-05 14:19:31,2026-05-05 14:00:00,Fes,34.0331,-5.0003,20.08,19.58,55,1014,3.6,330,40,Clouds,scattered clouds,2,96.42,0.03,0.17,80.67,0.45,2.67,4.97,0.1,2026,5,5,14
2026-05-05 14:19:24,2026-05-05 14:00:00,Marrakech,31.6295,-7.9811,24.98,24.76,47,1013,2.06,0,0,Clear,clear sky,2,97.8,0.07,0.29,86.41,1.04,5.01,14.42,0.12,2026,5,5,14
2026-05-05 14:19:17,2026-05-05 14:00:00,Rabat,34.0209,-6.8416,20.37,19.64,45,1016,4.63,300,40,Clouds,scattered clouds,3,108.75,0.16,0.66,113.26,4.25,4.44,7.58,0.0,2026,5,5,14
2026-05-05 15:36:56,2026-05-05 15:00:00,Casablanca,33.5731,-7.5898,20.01,19.35,49,1015,3.6,20,75,Clouds,broken clouds,3,106.78,0.1,0.44,118.26,3.79,4.29,8.71,0.0,2026,5,5,15
2026-05-05 15:37:15,2026-05-05 15:00:00,Fes,34.0331,-5.0003,21.08,20.6,52,1012,4.12,320,40,Clouds,scattered clouds,2,94.44,0.02,0.22,79.66,0.3,2.09,3.69,0.11,2026,5,5,15
2026-05-05 15:37:08,2026-05-05 15:00:00,Marrakech,31.6295,-7.9811,25.98,25.98,44,1012,2.06,0,40,Clouds,scattered clouds,2,94.72,0.05,0.27,79.55,0.95,4.08,12.08,0.04,2026,5,5,15
2026-05-05 15:37:02,2026-05-05 15:00:00,Rabat,34.0209,-6.8416,21.37,20.76,46,1015,4.63,330,75,Clouds,broken clouds,3,107.78,0.14,0.63,114.54,4.03,4.2,7.02,0.0,2026,5,5,15
2026-05-05 16:37:21,2026-05-05 16:00:00,Casablanca,33.5731,-7.5898,19.01,18.22,48,1015,4.12,30,75,Clouds,broken clouds,3,105.94,0.1,0.5,119.99,4.35,4.54,8.93,0.0,2026,5,5,16
2026-05-05 16:37:41,2026-05-05 16:00:00,Fes,34.0331,-5.0003,22.08,21.62,49,1012,3.6,330,40,Clouds,scattered clouds,2,95.26,0.01,0.29,81.79,0.31,2.24,4.01,0.12,2026,5,5,16
2026-05-05 16:37:35,2026-05-05 16:00:00,Marrakech,31.6295,-7.9811,26.98,26.9,41,1011,2.06,0,40,Clouds,scattered clouds,2,92.83,0.05,0.29,75.3,0.89,3.6,10.74,0.03,2026,5,5,16
2026-05-05 16:37:28,2026-05-05 16:00:00,Rabat,34.0209,-6.8416,19.37,18.8,55,1015,4.63,310,75,Clouds,broken clouds,3,107.16,0.14,0.69,115.31,4.01,4.04,6.77,0.0,2026,5,5,16
2026-05-05 17:37:48,2026-05-05 17:00:00,Casablanca,33.5731,-7.5898,18.95,18.26,52,1015,3.6,30,40,Clouds,scattered clouds,3,106.66,0.11,0.64,121.31,4.82,4.51,8.95,0.0,2026,5,5,17
2026-05-05 17:38:08,2026-05-05 17:00:00,Fes,34.0331,-5.0003,21.08,20.6,52,1012,4.63,340,40,Clouds,scattered clouds,2,96.2,0.01,0.37,84.29,0.39,2.46,4.45,0.14,2026,5,5,17
2026-05-05 17:38:01,2026-05-05 17:00:00,Marrakech,31.6295,-7.9811,27.98,27.39,36,1011,2.06,0,40,Clouds,scattered clouds,2,93.22,0.06,0.36,73.93,0.88,3.42,10.18,0.04,2026,5,5,17
2026-05-05 17:37:55,2026-05-05 17:00:00,Rabat,34.0209,-6.8416,19.37,18.8,55,1015,4.12,330,96,Clouds,overcast clouds,3,107.49,0.16,0.91,115.34,4.03,3.73,6.48,0.0,2026,5,5,17
2026-05-05 18:38:15,2026-05-05 18:00:00,Casablanca,33.5731,-7.5898,18.44,17.75,54,1015,4.12,30,40,Clouds,scattered clouds,3,109.07,0.1,1.14,118.06,5.07,3.75,8.6,0.01,2026,5,5,18
2026-05-05 18:38:36,2026-05-05 18:00:00,Fes,34.0331,-5.0003,20.1,19.52,52,1013,5.14,340,75,Clouds,broken clouds,2,97.38,0.0,0.43,86.94,0.52,2.61,4.82,0.15,2026,5,5,18
2026-05-05 18:38:29,2026-05-05 18:00:00,Marrakech,31.6295,-7.9811,25.98,25.98,36,1011,3.6,350,40,Clouds,scattered clouds,2,93.31,0.08,0.57,72.42,0.85,3.29,9.55,0.07,2026,5,5,18
2026-05-05 18:38:22,2026-05-05 18:00:00,Rabat,34.0209,-6.8416,18.37,18.04,68,1015,4.63,340,97,Clouds,overcast clouds,3,110.54,0.16,1.81,110.64,3.99,2.91,5.73,0.1,2026,5,5,18
2026-05-05 19:38:49,2026-05-05 19:00:00,Casablanca,33.5731,-7.5898,18.01,17.3,55,1015,4.12,20,40,Clouds,scattered clouds,3,109.4,0.04,1.6,112.31,4.79,3.16,8.09,0.05,2026,5,5,19
2026-05-05 19:39:10,2026-05-05 19:00:00,Fes,34.0331,-5.0003,20.08,19.4,48,1014,4.12,340,75,Clouds,broken clouds,2,97.48,0.0,0.81,83.76,0.62,2.8,5.16,0.35,2026,5,5,19
2026-05-05 19:39:03,2026-05-05 19:00:00,Marrakech,31.6295,-7.9811,24.98,24.4,33,1012,4.63,360,40,Clouds,scattered clouds,2,93.84,0.04,0.88,71.91,0.91,3.48,10.04,0.12,2026,5,5,19
2026-05-05 19:38:56,2026-05-05 19:00:00,Rabat,34.0209,-6.8416,17.37,17.04,72,1015,3.6,340,75,Clouds,broken clouds,3,111.3,0.06,2.44,105.31,3.89,2.38,5.09,0.19,2026,5,5,19
2026-05-05 20:39:16,2026-05-05 20:00:00,Casablanca,33.5731,-7.5898,17.89,17.38,63,1016,3.09,20,40,Clouds,scattered clouds,3,111.41,0.0,2.0,107.36,4.66,2.73,7.95,0.16,2026,5,5,20
2026-05-05 20:39:35,2026-05-05 20:00:00,Fes,34.0331,-5.0003,18.08,17.48,59,1015,4.12,320,75,Clouds,broken clouds,2,98.65,0.0,1.31,78.43,0.62,3.01,5.53,0.62,2026,5,5,20
2026-05-05 20:39:29,2026-05-05 20:00:00,Marrakech,31.6295,-7.9811,23.98,23.35,35,1013,3.6,330,40,Clouds,scattered clouds,2,96.15,0.0,1.26,72.33,1.04,3.95,11.46,0.2,2026,5,5,20
2026-05-05 20:39:22,2026-05-05 20:00:00,Rabat,34.0209,-6.8416,17.36,16.9,67,1016,3.09,330,75,Clouds,broken clouds,3,113.17,0.0,2.74,101.34,3.85,2.09,4.76,0.28,2026,5,5,20
2026-05-05 21:42:17,2026-05-05 21:00:00,Casablanca,33.5731,-7.5898,16.84,16.33,67,1016,3.09,30,64,Clouds,broken clouds,3,113.34,0.0,2.17,103.56,4.56,2.48,7.92,0.24,2026,5,5,21
2026-05-05 21:42:37,2026-05-05 21:00:00,Fes,34.0331,-5.0003,15.08,14.65,77,1015,4.12,300,40,Clouds,scattered clouds,2,99.74,0.0,1.66,74.29,0.59,3.11,5.75,0.73,2026,5,5,21
2026-05-05 21:42:30,2026-05-05 21:00:00,Marrakech,31.6295,-7.9811,20.98,20.33,46,1013,4.63,360,40,Clouds,scattered clouds,2,98.32,0.0,1.48,73.26,1.16,4.27,12.5,0.28,2026,5,5,21
2026-05-05 21:42:23,2026-05-05 21:00:00,Rabat,34.0209,-6.8416,16.37,15.81,67,1016,2.06,350,75,Clouds,broken clouds,2,114.78,0.0,2.73,98.83,3.78,1.99,4.67,0.33,2026,5,5,21
2026-05-06 10:18:43,2026-05-06 10:00:00,Casablanca,33.5731,-7.5898,19.93,19.55,60,1013,2.08,23,96,Clouds,overcast clouds,2,113.94,0.6,2.34,87.45,3.09,4.73,13.33,0.24,2026,5,6,10
2026-05-06 10:19:05,2026-05-06 10:00:00,Fes,34.0331,-5.0003,14.08,13.4,71,1012,1.54,310,75,Clouds,broken clouds,2,99.98,0.48,1.6,67.75,0.59,3.69,6.75,2.45,2026,5,6,10
2026-05-06 10:18:58,2026-05-06 10:00:00,Marrakech,31.6295,-7.9811,16.98,16.38,63,1012,1.54,0,0,Clear,clear sky,2,101.86,0.93,3.4,64.06,1.1,5.67,15.39,2.39,2026,5,6,10
2026-05-06 10:18:51,2026-05-06 10:00:00,Rabat,34.0209,-6.8416,18.33,17.99,68,1013,1.54,250,40,Clouds,scattered clouds,2,115.07,1.14,4.13,81.21,3.81,4.57,8.79,0.37,2026,5,6,10
2026-05-06 11:19:12,2026-05-06 11:00:00,Casablanca,33.5731,-7.5898,20.01,19.42,52,1013,2.06,20,40,Clouds,scattered clouds,3,112.31,0.3,1.22,105.06,4.19,4.36,11.96,0.01,2026,5,6,11
2026-05-06 11:19:32,2026-05-06 11:00:00,Fes,34.0331,-5.0003,17.08,16.49,63,1012,1.54,70,75,Clouds,broken clouds,2,98.28,0.07,0.32,88.84,0.85,3.17,6.17,0.36,2026,5,6,11
2026-05-06 11:19:25,2026-05-06 11:00:00,Marrakech,31.6295,-7.9811,17.98,17.37,59,1012,1.54,0,0,Clear,clear sky,2,95.89,0.15,0.67,70.22,0.78,4.04,11.67,0.26,2026,5,6,11
2026-05-06 11:19:18,2026-05-06 11:00:00,Rabat,34.0209,-6.8416,20.37,19.92,56,1013,3.09,290,40,Clouds,scattered clouds,3,112.45,0.5,1.84,101.67,4.3,4.26,8.3,0.03,2026,5,6,11
2026-05-06 12:19:39,2026-05-06 12:00:00,Casablanca,33.5731,-7.5898,20.01,19.35,49,1013,3.09,350,40,Clouds,scattered clouds,3,110.42,0.18,0.75,111.1,4.12,4.55,11.77,0.0,2026,5,6,12
2026-05-06 12:20:00,2026-05-06 12:00:00,Fes,34.0331,-5.0003,18.08,17.38,55,1012,1.54,0,75,Clouds,broken clouds,2,96.08,0.04,0.2,87.75,0.71,2.69,5.14,0.22,2026,5,6,12
2026-05-06 12:19:53,2026-05-06 12:00:00,Marrakech,31.6295,-7.9811,20.98,20.49,52,1012,1.54,0,0,Clear,clear sky,2,94.07,0.08,0.39,68.21,0.7,3.47,10.26,0.11,2026,5,6,12
2026-05-06 12:19:46,2026-05-06 12:00:00,Rabat,34.0209,-6.8416,20.37,19.92,56,1013,3.6,290,40,Clouds,scattered clouds,3,110.52,0.26,1.01,109.62,4.03,4.65,8.65,0.0,2026,5,6,12
2026-05-06 13:20:07,2026-05-06 13:00:00,Casablanca,33.5731,-7.5898,20.78,20.19,49,1013,3.09,360,40,Clouds,scattered clouds,3,109.06,0.14,0.58,114.32,4.56,5.09,12.32,0.0,2026,5,6,13
2026-05-06 13:20:28,2026-05-06 13:00:00,Fes,34.0331,-5.0003,20.08,19.5,52,1011,3.09,300,75,Clouds,broken clouds,2,94.68,0.04,0.18,86.94,0.6,2.37,4.52,0.19,2026,5,6,13
2026-05-06 13:20:21,2026-05-06 13:00:00,Marrakech,31.6295,-7.9811,21.98,21.51,49,1011,2.06,0,0,Clear,clear sky,2,93.59,0.07,0.33,68.59,0.76,3.52,10.41,0.08,2026,5,6,13
2026-05-06 13:20:14,2026-05-06 13:00:00,Rabat,34.0209,-6.8416,20.37,20.03,60,1013,4.12,280,40,Clouds,scattered clouds,3,109.38,0.18,0.73,113.21,4.18,5.16,9.3,0.0,2026,5,6,13
2026-05-06 14:20:34,2026-05-06 14:00:00,Casablanca,33.5731,-7.5898,20.28,19.7,51,1012,3.6,330,40,Clouds,scattered clouds,3,109.19,0.11,0.5,116.04,4.63,4.94,11.43,0.0,2026,5,6,14
2026-05-06 14:20:53,2026-05-06 14:00:00,Fes,34.0331,-5.0003,20.08,19.5,52,1010,3.6,0,75,Clouds,broken clouds,2,95.6,0.02,0.2,87.52,0.66,2.86,5.46,0.12,2026,5,6,14
2026-05-06 14:20:47,2026-05-06 14:00:00,Marrakech,31.6295,-7.9811,22.98,22.53,46,1010,3.6,0,40,Clouds,scattered clouds,2,93.09,0.04,0.23,63.83,0.53,2.24,6.65,0.04,2026,5,6,14
2026-05-06 14:20:40,2026-05-06 14:00:00,Rabat,34.0209,-6.8416,20.37,20.03,60,1013,4.12,270,40,Clouds,scattered clouds,3,109.99,0.13,0.64,114.93,4.05,4.97,8.99,0.0,2026,5,6,14
2026-05-06 15:20:59,2026-05-06 15:00:00,Casablanca,33.5731,-7.5898,21.01,20.37,46,1012,3.6,350,40,Clouds,scattered clouds,3,108.88,0.11,0.51,114.92,4.48,4.09,9.92,0.0,2026,5,6,15
2026-05-06 15:21:18,2026-05-06 15:00:00,Fes,34.0331,-5.0003,21.08,20.52,49,1010,3.6,320,40,Clouds,scattered clouds,2,95.36,0.02,0.2,86.63,0.58,2.46,4.35,0.09,2026,5,6,15
2026-05-06 15:21:11,2026-05-06 15:00:00,Marrakech,31.6295,-7.9811,24.98,24.68,44,1009,2.57,0,40,Clouds,scattered clouds,2,95.2,0.04,0.25,64.59,0.68,1.83,5.87,0.04,2026,5,6,15
2026-05-06 15:21:05,2026-05-06 15:00:00,Rabat,34.0209,-6.8416,20.37,20.13,64,1012,4.12,300,40,Clouds,scattered clouds,3,110.13,0.14,0.59,113.95,3.3,3.87,7.37,0.0,2026,5,6,15
2026-05-06 16:21:26,2026-05-06 16:00:00,Casablanca,33.5731,-7.5898,20.01,19.63,60,1011,4.12,350,75,Clouds,broken clouds,3,108.28,0.1,0.57,113.08,4.33,3.65,9.03,0.0,2026,5,6,16
2026-05-06 16:21:49,2026-05-06 16:00:00,Fes,34.0331,-5.0003,21.08,20.52,49,1009,4.12,320,40,Clouds,scattered clouds,2,95.27,0.02,0.24,86.08,0.6,2.32,3.85,0.08,2026,5,6,16
2026-05-06 16:21:42,2026-05-06 16:00:00,Marrakech,31.6295,-7.9811,25.0,24.63,41,1008,3.09,0,40,Clouds,scattered clouds,2,95.42,0.03,0.26,67.04,0.7,1.77,5.46,0.03,2026,5,6,16
2026-05-06 16:21:35,2026-05-06 16:00:00,Rabat,34.0209,-6.8416,20.37,20.13,64,1011,4.63,310,40,Clouds,scattered clouds,3,110.16,0.14,0.61,113.02,3.13,3.58,6.86,0.01,2026,5,6,16
2026-05-06 17:22:18,2026-05-06 17:00:00,Casablanca,33.5731,-7.5898,20.0,19.62,60,1011,3.6,30,75,Clouds,broken clouds,3,109.79,0.1,0.72,111.96,4.24,3.21,8.21,0.0,2026,5,6,17
2026-05-06 17:22:38,2026-05-06 17:00:00,Fes,34.0331,-5.0003,21.08,20.52,49,1009,4.12,340,40,Clouds,scattered clouds,2,96.0,0.02,0.35,86.98,0.73,2.4,3.98,0.1,2026,5,6,17
2026-05-06 17:22:32,2026-05-06 17:00:00,Marrakech,31.6295,-7.9811,22.98,22.46,43,1008,2.57,250,40,Clouds,scattered clouds,2,96.79,0.03,0.31,70.43,0.74,1.78,5.27,0.02,2026,5,6,17
2026-05-06 17:22:24,2026-05-06 17:00:00,Rabat,34.0209,-6.8416,20.37,20.13,64,1011,4.12,320,40,Clouds,scattered clouds,3,110.96,0.13,0.82,111.95,3.13,3.32,6.45,0.04,2026,5,6,17
2026-05-06 18:22:46,2026-05-06 18:00:00,Casablanca,33.5731,-7.5898,19.49,19.11,62,1011,3.58,30,75,Clouds,broken clouds,3,111.21,0.12,0.91,110.21,4.19,2.91,7.77,0.0,2026,5,6,18
2026-05-06 18:23:07,2026-05-06 18:00:00,Fes,34.0331,-5.0003,20.08,19.4,48,1009,4.12,340,40,Clouds,scattered clouds,2,97.05,0.01,0.53,88.1,0.96,2.57,4.37,0.13,2026,5,6,18
2026-05-06 18:23:00,2026-05-06 18:00:00,Marrakech,31.6295,-7.9811,22.98,22.46,43,1008,2.06,330,75,Clouds,broken clouds,2,98.07,0.02,0.38,73.42,0.81,1.86,5.34,0.02,2026,5,6,18
2026-05-06 18:22:52,2026-05-06 18:00:00,Rabat,34.0209,-6.8416,19.37,19.14,68,1011,3.6,340,40,Clouds,scattered clouds,3,112.44,0.14,1.18,109.87,3.16,3.04,6.09,0.11,2026,5,6,18
2026-05-06 19:23:24,2026-05-06 19:00:00,Casablanca,33.5731,-7.5898,18.01,17.64,68,1011,4.12,30,75,Clouds,broken clouds,3,112.9,0.11,1.14,108.22,4.09,2.71,7.47,0.02,2026,5,6,19
2026-05-06 19:23:58,2026-05-06 19:00:00,Fes,34.0331,-5.0003,20.08,19.4,48,1009,3.09,330,40,Clouds,scattered clouds,2,98.35,0.01,0.67,88.68,1.15,2.73,4.76,0.14,2026,5,6,19
2026-05-06 19:23:49,2026-05-06 19:00:00,Marrakech,31.6295,-7.9811,22.98,22.46,43,1008,2.57,290,75,Clouds,broken clouds,2,99.18,0.02,0.43,76.87,0.84,1.84,5.27,0.02,2026,5,6,19
2026-05-06 19:23:35,2026-05-06 19:00:00,Rabat,34.0209,-6.8416,18.37,18.27,77,1011,3.09,330,40,Clouds,scattered clouds,3,113.84,0.1,1.58,107.18,3.13,2.68,5.66,0.21,2026,5,6,19
2026-05-06 20:24:05,2026-05-06 20:00:00,Casablanca,33.5731,-7.5898,18.01,17.64,68,1011,3.6,40,75,Clouds,broken clouds,3,113.36,0.04,1.51,104.26,3.95,2.53,7.28,0.09,2026,5,6,20
2026-05-06 20:24:26,2026-05-06 20:00:00,Fes,34.0331,-5.0003,19.08,18.4,52,1009,2.57,320,40,Clouds,scattered clouds,2,99.12,0.0,0.99,86.06,1.18,2.82,5.07,0.28,2026,5,6,20
2026-05-06 20:24:19,2026-05-06 20:00:00,Marrakech,31.6295,-7.9811,21.98,21.43,46,1008,4.12,330,75,Clouds,broken clouds,2,100.24,0.01,0.76,78.75,0.88,2.0,5.82,0.09,2026,5,6,20
2026-05-06 20:24:12,2026-05-06 20:00:00,Rabat,34.0209,-6.8416,17.37,17.3,82,1011,2.57,340,40,Clouds,scattered clouds,3,114.61,0.03,2.15,102.76,3.1,2.36,5.13,0.34,2026,5,6,20
2026-05-06 21:24:32,2026-05-06 21:00:00,Casablanca,33.5731,-7.5898,17.89,17.51,68,1012,3.09,20,95,Clouds,overcast clouds,3,115.11,0.0,1.81,101.67,4.03,2.52,7.61,0.18,2026,5,6,21
2026-05-06 21:24:51,2026-05-06 21:00:00,Fes,34.0331,-5.0003,17.08,16.49,63,1011,2.57,320,40,Clouds,scattered clouds,2,100.63,0.0,1.36,83.09,1.14,2.92,5.43,0.58,2026,5,6,21
2026-05-06 21:24:44,2026-05-06 21:00:00,Marrakech,31.6295,-7.9811,19.98,19.39,52,1009,4.63,340,75,Clouds,broken clouds,2,102.53,0.0,1.15,81.11,0.93,2.35,7.12,0.2,2026,5,6,21
2026-05-06 21:24:38,2026-05-06 21:00:00,Rabat,34.0209,-6.8416,17.37,17.46,88,1012,2.06,330,40,Clouds,scattered clouds,2,116.24,0.0,2.49,99.26,3.03,2.24,4.79,0.45,2026,5,6,21
2026-05-07 10:08:51,2026-05-07 10:00:00,Casablanca,33.5731,-7.5898,16.66,15.92,59,1013,1.79,340,10,Clear,clear sky,3,114.65,0.25,1.57,107.18,4.25,3.59,11.68,0.08,2026,5,7,10
2026-05-07 10:09:26,2026-05-07 10:00:00,Fes,34.0331,-5.0003,12.08,11.95,100,1013,1.54,120,75,Rain,light rain,2,104.61,0.03,1.12,72.73,0.7,2.34,4.12,0.35,2026,5,7,10
2026-05-07 10:09:13,2026-05-07 10:00:00,Marrakech,31.6295,-7.9811,14.97,14.66,82,1012,1.54,120,75,Clouds,broken clouds,2,104.93,0.1,0.7,90.09,0.57,2.51,9.37,0.27,2026,5,7,10
2026-05-07 10:09:01,2026-05-07 10:00:00,Rabat,34.0209,-6.8416,19.37,18.9,59,1013,2.06,260,40,Clouds,scattered clouds,2,116.51,0.38,3.6,94.78,2.72,3.09,6.87,0.41,2026,5,7,10
2026-05-07 11:11:15,2026-05-07 11:00:00,Casablanca,33.5731,-7.5898,18.88,18.26,55,1013,1.79,40,15,Clouds,few clouds,3,113.51,0.19,0.9,111.88,3.57,3.25,10.08,0.04,2026,5,7,11
2026-05-07 11:10:56,2026-05-07 11:00:00,Fes,34.0331,-5.0003,13.08,13.05,100,1013,1.54,160,75,Clouds,broken clouds,2,104.57,0.03,0.76,79.97,0.75,2.42,4.17,0.23,2026,5,7,11
2026-05-07 11:10:49,2026-05-07 11:00:00,Marrakech,31.6295,-7.9811,15.98,15.51,72,1013,2.06,50,75,Clouds,broken clouds,2,104.84,0.09,0.47,92.98,0.49,2.25,8.34,0.21,2026,5,7,11
2026-05-07 11:10:29,2026-05-07 11:00:00,Rabat,34.0209,-6.8416,19.37,18.8,55,1013,2.06,260,40,Clouds,scattered clouds,3,115.87,0.36,2.67,100.81,2.86,3.22,6.85,0.29,2026,5,7,11
2026-05-07 12:12:11,2026-05-07 12:00:00,Casablanca,33.5731,-7.5898,20.01,19.35,49,1013,2.57,350,40,Clouds,scattered clouds,3,111.09,0.11,0.59,112.95,2.86,2.97,8.95,0.02,2026,5,7,12
2026-05-07 12:13:42,2026-05-07 12:00:00,Fes,34.0331,-5.0003,15.08,14.94,88,1013,2.06,210,75,Clouds,broken clouds,2,103.6,0.04,0.61,82.57,0.73,2.45,4.02,0.19,2026,5,7,12
2026-05-07 12:13:28,2026-05-07 12:00:00,Marrakech,31.6295,-7.9811,16.98,16.48,67,1012,2.06,340,75,Clouds,broken clouds,2,103.75,0.07,0.31,94.67,0.41,2.05,7.48,0.19,2026,5,7,12
2026-05-07 12:12:25,2026-05-07 12:00:00,Rabat,34.0209,-6.8416,20.37,19.82,52,1013,2.57,290,40,Clouds,scattered clouds,3,114.15,0.3,2.02,105.04,2.9,3.51,7.12,0.23,2026,5,7,12
2026-05-07 13:13:58,2026-05-07 13:00:00,Casablanca,33.5731,-7.5898,20.01,19.24,45,1012,3.09,10,40,Clouds,scattered clouds,3,109.38,0.09,0.49,113.03,2.71,2.97,8.82,0.02,2026,5,7,13
2026-05-07 13:14:39,2026-05-07 13:00:00,Fes,34.0331,-5.0003,17.08,16.72,72,1013,1.54,0,75,Clouds,broken clouds,2,102.55,0.04,0.51,84.05,0.68,2.41,3.76,0.16,2026,5,7,13
2026-05-07 13:14:29,2026-05-07 13:00:00,Marrakech,31.6295,-7.9811,18.98,18.58,63,1011,2.06,0,75,Clouds,broken clouds,2,102.4,0.06,0.23,95.97,0.39,2.01,7.16,0.17,2026,5,7,13
2026-05-07 13:14:11,2026-05-07 13:00:00,Rabat,34.0209,-6.8416,20.37,19.82,52,1013,3.09,300,40,Clouds,scattered clouds,3,112.61,0.22,1.44,109.46,2.89,3.84,7.4,0.17,2026,5,7,13
2026-05-08 15:48:08,2026-05-08 15:00:00,Casablanca,33.5731,-7.5898,21.01,20.29,43,1010,3.09,20,0,Clear,clear sky,3,105.51,0.06,0.32,107.67,1.99,3.31,9.96,0.0,2026,5,8,15
2026-05-08 15:48:30,2026-05-08 15:00:00,Fes,34.0331,-5.0003,24.08,23.67,43,1007,2.06,0,75,Clouds,broken clouds,2,99.07,0.03,0.25,97.54,0.69,4.48,9.96,0.16,2026,5,8,15
2026-05-08 15:48:23,2026-05-08 15:00:00,Marrakech,31.6295,-7.9811,23.98,23.35,35,1008,3.6,270,0,Clear,clear sky,3,102.52,0.06,0.3,116.08,0.63,2.26,6.57,0.13,2026,5,8,15
2026-05-08 15:48:15,2026-05-08 15:00:00,Rabat,34.0209,-6.8416,20.37,19.92,56,1009,3.6,320,75,Clouds,broken clouds,3,106.17,0.12,0.67,117.84,5.51,6.96,12.52,0.0,2026,5,8,15
2026-05-08 16:48:36,2026-05-08 16:00:00,Casablanca,33.5731,-7.5898,20.78,20.04,43,1009,3.6,360,0,Clear,clear sky,3,105.11,0.07,0.37,107.57,1.71,2.6,8.18,0.01,2026,5,8,16
2026-05-08 16:48:56,2026-05-08 16:00:00,Fes,34.0331,-5.0003,24.08,23.74,46,1007,3.09,360,75,Clouds,broken clouds,2,99.78,0.03,0.36,98.68,0.73,4.63,10.25,0.17,2026,5,8,16
2026-05-08 16:48:50,2026-05-08 16:00:00,Marrakech,31.6295,-7.9811,23.98,23.35,35,1008,3.6,300,0,Clear,clear sky,3,103.55,0.08,0.37,115.81,0.78,2.59,7.56,0.13,2026,5,8,16
2026-05-08 16:48:43,2026-05-08 16:00:00,Rabat,34.0209,-6.8416,21.37,20.92,52,1009,3.6,330,75,Clouds,broken clouds,3,106.84,0.16,0.96,117.93,5.89,6.82,12.07,0.0,2026,5,8,16
2026-05-08 17:50:29,2026-05-08 17:00:00,Casablanca,33.5731,-7.5898,20.0,19.41,52,1010,4.12,330,0,Clear,clear sky,3,105.3,0.06,0.48,106.99,1.61,2.06,6.96,0.05,2026,5,8,17
2026-05-08 17:50:08,2026-05-08 17:00:00,Fes,34.0331,-5.0003,24.08,23.74,46,1007,1.54,300,75,Clouds,broken clouds,2,99.8,0.03,0.55,97.97,0.76,4.82,10.53,0.22,2026,5,8,17
2026-05-08 17:50:00,2026-05-08 17:00:00,Marrakech,31.6295,-7.9811,24.98,24.53,38,1008,3.09,260,0,Clear,clear sky,3,104.28,0.08,0.49,113.78,0.96,2.9,8.59,0.13,2026,5,8,17
2026-05-08 17:50:36,2026-05-08 17:00:00,Rabat,34.0209,-6.8416,20.37,19.92,56,1009,3.09,320,75,Clouds,broken clouds,3,107.14,0.19,1.55,114.94,6.01,6.31,11.04,0.0,2026,5,8,17
2026-05-08 18:50:56,2026-05-08 18:00:00,Casablanca,33.5731,-7.5898,18.95,18.44,59,1010,3.6,320,0,Clear,clear sky,3,106.0,0.04,0.61,106.18,1.55,1.68,6.21,0.08,2026,5,8,18
2026-05-08 18:51:17,2026-05-08 18:00:00,Fes,34.0331,-5.0003,24.08,23.74,46,1007,2.06,330,75,Clouds,broken clouds,2,99.66,0.02,0.72,96.98,0.81,4.98,10.75,0.27,2026,5,8,18
2026-05-08 18:51:11,2026-05-08 18:00:00,Marrakech,31.6295,-7.9811,22.98,22.38,40,1009,5.14,290,0,Clear,clear sky,3,104.41,0.07,0.62,111.0,1.04,2.81,8.7,0.13,2026,5,8,18
2026-05-08 18:51:04,2026-05-08 18:00:00,Rabat,34.0209,-6.8416,19.37,18.9,59,1010,2.57,310,75,Clouds,broken clouds,3,107.18,0.13,2.24,109.71,5.77,5.41,9.68,0.01,2026,5,8,18
2026-05-08 19:51:24,2026-05-08 19:00:00,Casablanca,33.5731,-7.5898,18.95,18.55,63,1011,4.12,300,0,Clear,clear sky,3,105.49,0.01,0.76,103.49,1.51,1.47,5.98,0.13,2026,5,8,19
2026-05-08 19:51:44,2026-05-08 19:00:00,Fes,34.0331,-5.0003,22.08,21.7,52,1008,3.09,320,75,Clouds,broken clouds,2,99.83,0.0,0.87,95.47,0.92,5.21,10.98,0.33,2026,5,8,19
2026-05-08 19:51:37,2026-05-08 19:00:00,Marrakech,31.6295,-7.9811,20.98,20.41,49,1011,6.69,290,0,Clear,clear sky,3,103.66,0.03,0.96,105.77,1.0,2.51,8.26,0.18,2026,5,8,19
2026-05-08 19:51:31,2026-05-08 19:00:00,Rabat,34.0209,-6.8416,18.37,17.91,63,1010,1.54,320,75,Clouds,broken clouds,3,106.01,0.03,2.77,102.96,5.28,4.27,8.15,0.1,2026,5,8,19
2026-05-08 23:17:20,2026-05-08 23:00:00,Casablanca,33.5731,-7.5898,18.01,17.41,59,1012,1.03,0,100,Clouds,overcast clouds,3,107.72,0.0,0.75,100.18,1.06,1.6,7.8,0.26,2026,5,8,23
2026-05-08 23:20:09,2026-05-08 23:00:00,Fes,34.0331,-5.0003,16.08,15.75,77,1011,4.12,270,20,Clouds,few clouds,2,101.61,0.0,1.31,88.68,1.58,6.57,11.54,0.42,2026,5,8,23
2026-05-08 23:18:42,2026-05-08 23:00:00,Marrakech,31.6295,-7.9811,15.98,14.97,51,1014,3.6,260,75,Clouds,broken clouds,2,103.96,0.0,1.59,96.63,0.7,1.83,7.16,0.42,2026,5,8,23
2026-05-08 23:17:54,2026-05-08 23:00:00,Rabat,34.0209,-6.8416,17.37,17.17,77,1012,1.54,220,75,Clouds,broken clouds,2,105.92,0.0,2.21,95.94,4.11,2.33,6.39,0.24,2026,5,8,23
2026-05-09 00:33:45,2026-05-09 00:00:00,Casablanca,33.5731,-7.5898,17.39,16.73,59,1012,1.54,200,100,Clouds,overcast clouds,2,108.08,0.0,0.57,99.6,0.67,1.84,9.53,0.29,2026,5,9,0
2026-05-09 00:34:39,2026-05-09 00:00:00,Fes,34.0331,-5.0003,16.08,15.49,67,1012,4.63,260,40,Clouds,scattered clouds,2,103.09,0.0,1.26,84.69,1.65,7.41,12.21,0.34,2026,5,9,0
2026-05-09 00:34:24,2026-05-09 00:00:00,Marrakech,31.6295,-7.9811,15.98,15.07,55,1014,3.09,230,75,Clouds,broken clouds,2,103.79,0.0,1.3,96.45,0.49,1.61,6.6,0.5,2026,5,9,0
2026-05-09 00:34:08,2026-05-09 00:00:00,Rabat,34.0209,-6.8416,17.37,17.17,77,1012,2.06,220,75,Clouds,broken clouds,2,106.85,0.0,1.44,95.71,2.88,2.06,7.43,0.3,2026,5,9,0
2026-05-09 09:49:14,2026-05-09 09:00:00,Casablanca,33.5731,-7.5898,20.01,19.53,56,1013,5.14,260,40,Dust,dust,2,106.62,0.15,1.03,90.57,0.65,2.05,8.83,0.33,2026,5,9,9
2026-05-09 09:49:37,2026-05-09 09:00:00,Fes,34.0331,-5.0003,19.08,18.48,55,1013,2.06,290,0,Clear,clear sky,2,98.74,0.11,0.5,85.75,0.42,2.27,7.12,0.32,2026,5,9,9
2026-05-09 09:49:29,2026-05-09 09:00:00,Marrakech,31.6295,-7.9811,18.98,18.29,52,1014,2.06,130,40,Clouds,scattered clouds,2,101.71,0.22,1.0,90.68,0.2,1.19,4.77,0.38,2026,5,9,9
2026-05-09 09:49:21,2026-05-09 09:00:00,Rabat,34.0209,-6.8416,20.37,19.92,56,1013,6.17,210,75,Clouds,broken clouds,2,105.35,0.13,0.99,91.49,1.26,2.19,9.6,0.3,2026,5,9,9
2026-05-09 10:49:43,2026-05-09 10:00:00,Casablanca,33.5731,-7.5898,21.01,20.52,52,1013,5.14,260,40,Dust,dust,2,107.76,0.06,0.34,98.13,0.46,1.32,5.37,0.12,2026,5,9,10
2026-05-09 10:50:02,2026-05-09 10:00:00,Fes,34.0331,-5.0003,20.08,19.5,52,1013,1.03,0,0,Clear,clear sky,2,97.64,0.04,0.21,94.91,0.24,1.26,4.31,0.2,2026,5,9,10
2026-05-09 10:49:55,2026-05-09 10:00:00,Marrakech,31.6295,-7.9811,20.98,20.33,46,1014,2.57,280,40,Clouds,scattered clouds,2,101.56,0.07,0.29,96.78,0.17,0.98,4.08,0.16,2026,5,9,10
2026-05-09 10:49:49,2026-05-09 10:00:00,Rabat,34.0209,-6.8416,22.37,21.86,46,1013,6.17,220,40,Clouds,scattered clouds,2,106.42,0.09,0.56,96.33,1.05,1.57,6.24,0.17,2026,5,9,10
2026-05-09 11:50:09,2026-05-09 11:00:00,Casablanca,33.5731,-7.5898,22.01,21.47,46,1013,5.14,260,75,Dust,dust,3,107.76,0.04,0.21,101.01,0.37,1.07,4.19,0.08,2026,5,9,11
2026-05-09 11:50:29,2026-05-09 11:00:00,Fes,34.0331,-5.0003,20.08,19.5,52,1013,4.63,330,40,Clouds,scattered clouds,2,96.4,0.03,0.15,94.98,0.16,0.9,3.04,0.18,2026,5,9,11
2026-05-09 11:50:22,2026-05-09 11:00:00,Marrakech,31.6295,-7.9811,22.98,22.38,40,1014,5.14,260,40,Clouds,scattered clouds,2,101.0,0.04,0.17,96.32,0.15,0.89,3.53,0.12,2026,5,9,11
2026-05-09 11:50:15,2026-05-09 11:00:00,Rabat,34.0209,-6.8416,22.37,22.12,56,1013,6.17,250,40,Clouds,scattered clouds,2,106.57,0.06,0.38,99.39,0.91,1.23,4.39,0.12,2026,5,9,11
2026-05-09 12:50:36,2026-05-09 12:00:00,Casablanca,33.5731,-7.5898,23.01,22.41,40,1013,4.63,270,75,Clouds,broken clouds,3,107.06,0.04,0.18,102.0,0.35,1.0,3.84,0.07,2026,5,9,12
2026-05-09 12:50:57,2026-05-09 12:00:00,Fes,34.0331,-5.0003,22.08,21.47,43,1013,4.12,290,40,Clouds,scattered clouds,2,95.4,0.02,0.13,94.02,0.12,0.8,2.73,0.17,2026,5,9,12
2026-05-09 12:50:50,2026-05-09 12:00:00,Marrakech,31.6295,-7.9811,23.98,23.35,35,1013,5.14,280,40,Clouds,scattered clouds,2,100.61,0.04,0.15,95.21,0.15,0.95,3.66,0.11,2026,5,9,12
2026-05-09 12:50:43,2026-05-09 12:00:00,Rabat,34.0209,-6.8416,23.37,23.15,53,1013,5.66,240,40,Clouds,scattered clouds,3,106.37,0.06,0.33,100.72,0.94,1.13,3.73,0.1,2026,5,9,12
2026-05-09 13:51:04,2026-05-09 13:00:00,Casablanca,33.5731,-7.5898,23.01,22.65,49,1013,4.12,310,75,Clouds,broken clouds,3,108.06,0.04,0.18,103.5,0.35,1.0,3.78,0.06,2026,5,9,13
2026-05-09 13:51:24,2026-05-09 13:00:00,Fes,34.0331,-5.0003,24.08,23.35,31,1012,6.69,280,40,Clouds,scattered clouds,2,95.92,0.02,0.13,94.56,0.11,0.78,2.79,0.17,2026,5,9,13
2026-05-09 13:51:18,2026-05-09 13:00:00,Marrakech,31.6295,-7.9811,24.98,24.4,33,1013,6.69,270,40,Clouds,scattered clouds,2,101.91,0.04,0.15,96.57,0.15,1.02,3.79,0.1,2026,5,9,13
2026-05-09 13:51:11,2026-05-09 13:00:00,Rabat,34.0209,-6.8416,22.37,22.23,60,1013,6.17,250,40,Clouds,scattered clouds,3,107.32,0.06,0.33,102.46,0.97,1.12,3.5,0.09,2026,5,9,13
2026-05-09 14:51:31,2026-05-09 14:00:00,Casablanca,33.5731,-7.5898,21.01,20.73,60,1013,7.72,300,75,Dust,dust,3,107.32,0.04,0.19,103.14,0.33,1.0,3.65,0.06,2026,5,9,14
2026-05-09 14:51:49,2026-05-09 14:00:00,Fes,34.0331,-5.0003,25.08,24.4,29,1012,6.17,270,40,Clouds,scattered clouds,2,94.97,0.03,0.12,94.83,0.12,0.9,3.4,0.17,2026,5,9,14
2026-05-09 14:51:43,2026-05-09 14:00:00,Marrakech,31.6295,-7.9811,23.98,23.56,43,1012,5.66,300,40,Clouds,scattered clouds,2,101.7,0.03,0.13,97.18,0.13,0.87,3.36,0.08,2026,5,9,14
2026-05-09 14:51:37,2026-05-09 14:00:00,Rabat,34.0209,-6.8416,22.37,22.23,60,1014,5.66,250,40,Clouds,scattered clouds,3,106.56,0.06,0.3,102.74,0.88,1.05,3.46,0.08,2026,5,9,14
2026-05-09 15:51:56,2026-05-09 15:00:00,Casablanca,33.5731,-7.5898,22.01,21.73,56,1013,6.69,300,75,Dust,dust,3,107.0,0.04,0.2,102.79,0.34,1.01,3.74,0.06,2026,5,9,15
2026-05-09 15:52:17,2026-05-09 15:00:00,Fes,34.0331,-5.0003,24.08,23.41,33,1011,5.14,310,40,Clouds,scattered clouds,2,94.49,0.03,0.13,94.51,0.12,0.94,3.56,0.17,2026,5,9,15
2026-05-09 15:52:10,2026-05-09 15:00:00,Marrakech,31.6295,-7.9811,24.98,24.6,41,1012,5.14,320,40,Clouds,scattered clouds,2,101.18,0.03,0.14,96.91,0.14,0.87,3.32,0.08,2026,5,9,15
2026-05-09 15:52:03,2026-05-09 15:00:00,Rabat,34.0209,-6.8416,21.37,21.23,64,1014,5.66,240,40,Clouds,scattered clouds,3,105.92,0.07,0.32,102.1,0.9,1.05,3.4,0.07,2026,5,9,15
2026-05-09 16:52:24,2026-05-09 16:00:00,Casablanca,33.5731,-7.5898,21.01,20.73,60,1013,7.2,310,75,Dust,dust,3,107.9,0.05,0.25,103.27,0.42,1.12,4.28,0.07,2026,5,9,16
2026-05-09 16:52:50,2026-05-09 16:00:00,Fes,34.0331,-5.0003,25.08,24.45,31,1011,4.63,300,40,Clouds,scattered clouds,2,95.37,0.04,0.17,94.64,0.13,1.01,3.82,0.19,2026,5,9,16
2026-05-09 16:52:38,2026-05-09 16:00:00,Marrakech,31.6295,-7.9811,24.98,24.68,44,1012,4.63,290,40,Clouds,scattered clouds,2,102.11,0.04,0.17,97.78,0.16,0.89,3.33,0.08,2026,5,9,16
2026-05-09 16:52:32,2026-05-09 16:00:00,Rabat,34.0209,-6.8416,21.37,21.23,64,1013,5.14,240,40,Clouds,scattered clouds,3,106.54,0.08,0.41,102.41,1.06,1.1,3.5,0.08,2026,5,9,16
2026-05-09 17:52:58,2026-05-09 17:00:00,Casablanca,33.5731,-7.5898,21.01,20.63,56,1013,6.69,310,40,Dust,dust,3,109.42,0.06,0.33,103.28,0.61,1.44,5.65,0.09,2026,5,9,17
2026-05-09 17:53:18,2026-05-09 17:00:00,Fes,34.0331,-5.0003,24.08,23.59,40,1012,6.17,330,40,Clouds,scattered clouds,2,95.96,0.05,0.24,93.8,0.15,1.07,4.05,0.23,2026,5,9,17
2026-05-09 17:53:11,2026-05-09 17:00:00,Marrakech,31.6295,-7.9811,24.98,24.6,41,1012,4.63,280,40,Clouds,scattered clouds,2,102.82,0.04,0.22,97.52,0.19,0.92,3.42,0.09,2026,5,9,17
2026-05-09 17:53:04,2026-05-09 17:00:00,Rabat,34.0209,-6.8416,20.37,20.24,68,1014,4.63,250,75,Clouds,broken clouds,3,107.23,0.09,0.56,102.22,1.42,1.23,3.96,0.1,2026,5,9,17
2026-05-09 18:53:26,2026-05-09 18:00:00,Casablanca,33.5731,-7.5898,20.01,19.74,64,1014,5.66,310,40,Clouds,scattered clouds,3,110.85,0.05,0.41,102.68,0.75,1.77,7.03,0.11,2026,5,9,18
2026-05-09 18:53:47,2026-05-09 18:00:00,Fes,34.0331,-5.0003,22.08,21.7,52,1014,7.72,330,40,Clouds,scattered clouds,2,96.7,0.04,0.32,92.89,0.17,1.1,4.15,0.27,2026,5,9,18
2026-05-09 18:53:40,2026-05-09 18:00:00,Marrakech,31.6295,-7.9811,23.97,23.49,41,1013,4.63,300,40,Clouds,scattered clouds,2,103.52,0.03,0.26,98.36,0.21,0.92,3.44,0.09,2026,5,9,18
2026-05-09 18:53:32,2026-05-09 18:00:00,Rabat,34.0209,-6.8416,20.37,20.37,73,1014,4.12,230,75,Clouds,broken clouds,3,107.82,0.08,0.69,101.44,1.71,1.35,4.47,0.12,2026,5,9,18
2026-05-09 19:53:54,2026-05-09 19:00:00,Casablanca,33.5731,-7.5898,20.01,19.74,64,1015,6.17,300,40,Clouds,scattered clouds,2,111.08,0.02,0.54,99.85,0.84,2.03,8.19,0.14,2026,5,9,19
2026-05-09 19:54:15,2026-05-09 19:00:00,Fes,34.0331,-5.0003,19.08,18.69,63,1015,5.14,330,40,Clouds,scattered clouds,2,97.01,0.02,0.53,87.52,0.18,1.11,4.07,0.43,2026,5,9,19
2026-05-09 19:54:08,2026-05-09 19:00:00,Marrakech,31.6295,-7.9811,22.98,22.38,40,1014,4.12,310,40,Clouds,scattered clouds,2,104.02,0.02,0.48,96.85,0.23,0.98,3.75,0.15,2026,5,9,19
2026-05-09 19:54:02,2026-05-09 19:00:00,Rabat,34.0209,-6.8416,19.37,19.24,72,1015,3.09,240,75,Clouds,broken clouds,2,108.09,0.03,0.98,98.75,2.08,1.5,5.09,0.17,2026,5,9,19
2026-05-09 20:54:22,2026-05-09 20:00:00,Casablanca,33.5731,-7.5898,19.01,18.74,68,1016,4.63,300,20,Clouds,few clouds,2,112.45,0.0,0.64,97.89,0.9,2.27,9.41,0.2,2026,5,9,20
2026-05-09 20:54:45,2026-05-09 20:00:00,Fes,34.0331,-5.0003,18.08,17.69,67,1017,4.12,330,75,Clouds,broken clouds,2,97.52,0.0,0.78,79.89,0.19,1.13,4.01,0.68,2026,5,9,20
2026-05-09 20:54:36,2026-05-09 20:00:00,Marrakech,31.6295,-7.9811,20.98,20.41,49,1016,4.63,300,40,Clouds,scattered clouds,2,105.61,0.0,0.77,94.34,0.26,1.14,4.48,0.26,2026,5,9,20
2026-05-09 20:54:29,2026-05-09 20:00:00,Rabat,34.0209,-6.8416,18.37,18.56,88,1016,3.09,240,75,Clouds,broken clouds,2,109.73,0.0,1.3,96.2,2.57,1.74,6.06,0.25,2026,5,9,20
2026-05-09 21:54:52,2026-05-09 21:00:00,Casablanca,33.5731,-7.5898,17.89,17.75,77,1016,3.09,290,2,Clear,clear sky,2,113.65,0.0,0.68,96.43,0.91,2.48,10.4,0.21,2026,5,9,21
2026-05-09 21:55:12,2026-05-09 21:00:00,Fes,34.0331,-5.0003,17.08,16.72,72,1017,2.57,310,75,Clouds,broken clouds,2,98.02,0.0,0.99,74.4,0.2,1.17,4.02,0.91,2026,5,9,21
2026-05-09 21:55:05,2026-05-09 21:00:00,Marrakech,31.6295,-7.9811,18.98,18.37,55,1017,4.63,280,40,Clouds,scattered clouds,2,106.94,0.0,0.95,92.85,0.28,1.28,5.17,0.35,2026,5,9,21
2026-05-09 21:54:58,2026-05-09 21:00:00,Rabat,34.0209,-6.8416,17.37,17.62,94,1016,2.57,230,40,Clouds,scattered clouds,2,111.47,0.0,1.47,94.51,2.83,1.99,6.98,0.31,2026,5,9,21
2026-05-10 09:04:24,2026-05-10 09:00:00,Casablanca,33.5731,-7.5898,16.84,16.46,72,1017,2.06,220,40,Clouds,scattered clouds,2,115.34,0.42,2.66,66.19,0.38,5.33,24.39,0.53,2026,5,10,9
2026-05-10 09:04:45,2026-05-10 09:00:00,Fes,34.0331,-5.0003,18.1,17.72,67,1017,1.03,0,40,Clouds,scattered clouds,1,95.47,0.34,1.83,43.74,0.12,1.45,4.28,0.69,2026,5,10,9
2026-05-10 09:04:38,2026-05-10 09:00:00,Marrakech,31.6295,-7.9811,16.98,16.48,67,1018,1.54,10,0,Clear,clear sky,2,109.79,0.53,2.96,75.08,0.37,1.9,7.43,2.6,2026,5,10,9
2026-05-10 09:04:31,2026-05-10 09:00:00,Rabat,34.0209,-6.8416,18.37,18.27,77,1017,4.63,200,40,Clouds,scattered clouds,2,110.91,0.07,1.76,81.71,1.5,4.07,17.61,0.22,2026,5,10,9
2026-05-10 10:04:52,2026-05-10 10:00:00,Casablanca,33.5731,-7.5898,17.34,17.01,72,1017,1.79,220,75,Clouds,broken clouds,2,113.16,0.62,2.1,70.84,0.56,5.25,24.38,0.57,2026,5,10,10
2026-05-10 10:05:12,2026-05-10 10:00:00,Fes,34.0331,-5.0003,19.08,18.69,63,1017,1.54,320,75,Clouds,broken clouds,1,95.36,0.39,1.28,52.9,0.2,1.62,5.03,0.82,2026,5,10,10
2026-05-10 10:05:06,2026-05-10 10:00:00,Marrakech,31.6295,-7.9811,16.98,16.38,63,1018,2.57,0,0,Clear,clear sky,2,109.26,0.73,2.37,75.22,0.32,2.04,7.94,2.18,2026,5,10,10
2026-05-10 10:04:59,2026-05-10 10:00:00,Rabat,34.0209,-6.8416,19.37,19.14,68,1017,4.12,210,40,Clouds,scattered clouds,2,109.65,0.13,1.52,82.92,1.79,3.84,16.95,0.22,2026,5,10,10
2026-05-10 11:05:19,2026-05-10 11:00:00,Casablanca,33.5731,-7.5898,19.01,18.74,68,1017,2.06,260,75,Clouds,broken clouds,2,108.45,0.11,0.52,90.48,0.74,3.83,18.54,0.13,2026,5,10,11
2026-05-10 11:05:37,2026-05-10 11:00:00,Fes,34.0331,-5.0003,20.08,19.68,59,1017,4.12,300,75,Clouds,broken clouds,2,101.52,0.07,0.31,88.4,0.41,2.01,7.09,0.28,2026,5,10,11
2026-05-10 11:05:31,2026-05-10 11:00:00,Marrakech,31.6295,-7.9811,18.98,18.37,55,1017,2.06,0,0,Clear,clear sky,3,108.37,0.12,0.52,106.13,0.17,1.53,6.36,0.55,2026,5,10,11
2026-05-10 11:05:25,2026-05-10 11:00:00,Rabat,34.0209,-6.8416,20.37,20.13,64,1017,3.6,210,40,Clouds,scattered clouds,2,107.29,0.14,0.78,89.36,1.68,2.88,12.26,0.11,2026,5,10,11
2026-05-10 12:05:45,2026-05-10 12:00:00,Casablanca,33.5731,-7.5898,20.78,20.27,52,1017,3.6,280,75,Clouds,broken clouds,2,105.9,0.06,0.28,92.87,0.66,3.0,14.23,0.09,2026,5,10,12
2026-05-10 12:06:08,2026-05-10 12:00:00,Fes,34.0331,-5.0003,21.08,20.71,56,1017,4.12,290,75,Clouds,broken clouds,2,101.6,0.05,0.18,91.41,0.36,2.06,7.31,0.24,2026,5,10,12
2026-05-10 12:06:00,2026-05-10 12:00:00,Marrakech,31.6295,-7.9811,19.98,19.39,52,1017,2.06,0,40,Clouds,scattered clouds,3,105.91,0.06,0.27,110.13,0.13,1.3,5.19,0.36,2026,5,10,12
2026-05-10 12:05:53,2026-05-10 12:00:00,Rabat,34.0209,-6.8416,21.37,21.13,60,1017,2.57,240,40,Clouds,scattered clouds,2,104.88,0.1,0.49,91.98,1.63,2.51,10.21,0.09,2026,5,10,12
2026-05-10 13:06:16,2026-05-10 13:00:00,Casablanca,33.5731,-7.5898,20.01,19.74,64,1016,4.12,320,75,Clouds,broken clouds,2,104.06,0.05,0.22,92.69,0.69,2.61,12.06,0.09,2026,5,10,13
2026-05-10 13:06:38,2026-05-10 13:00:00,Fes,34.0331,-5.0003,21.03,20.47,49,1016,4.63,320,75,Clouds,broken clouds,2,100.65,0.04,0.14,91.46,0.33,2.12,7.42,0.24,2026,5,10,13
2026-05-10 13:06:30,2026-05-10 13:00:00,Marrakech,31.6295,-7.9811,21.98,21.51,49,1016,2.06,0,40,Clouds,scattered clouds,3,104.06,0.05,0.22,110.65,0.16,1.34,5.15,0.3,2026,5,10,13
2026-05-10 13:06:23,2026-05-10 13:00:00,Rabat,34.0209,-6.8416,21.37,21.13,60,1017,3.6,240,75,Clouds,broken clouds,2,103.19,0.09,0.41,92.94,1.89,2.45,9.39,0.08,2026,5,10,13
2026-05-10 14:06:45,2026-05-10 14:00:00,Casablanca,33.5731,-7.5898,24.93,24.99,58,1016,6.24,288,100,Clouds,overcast clouds,2,103.94,0.05,0.21,93.69,0.75,2.22,9.9,0.09,2026,5,10,14
2026-05-10 14:07:04,2026-05-10 14:00:00,Fes,34.0331,-5.0003,23.08,22.64,46,1015,3.6,310,75,Clouds,broken clouds,2,100.51,0.03,0.13,93.16,0.27,2.0,6.82,0.22,2026,5,10,14
2026-05-10 14:06:58,2026-05-10 14:00:00,Marrakech,31.6295,-7.9811,22.98,22.53,46,1015,2.57,0,0,Clear,clear sky,3,104.75,0.04,0.2,121.21,0.2,1.22,4.21,0.18,2026,5,10,14
2026-05-10 14:06:51,2026-05-10 14:00:00,Rabat,34.0209,-6.8416,21.37,21.02,56,1017,3.6,250,75,Clouds,broken clouds,2,103.07,0.09,0.38,95.26,2.15,2.34,8.18,0.06,2026,5,10,14
2026-05-10 15:07:12,2026-05-10 15:00:00,Casablanca,33.5731,-7.5898,20.01,19.63,60,1016,5.14,320,75,Clouds,broken clouds,2,101.9,0.05,0.21,93.49,0.83,1.7,7.31,0.08,2026,5,10,15
2026-05-10 15:07:34,2026-05-10 15:00:00,Fes,34.0331,-5.0003,24.08,23.67,43,1015,3.6,290,75,Clouds,broken clouds,2,99.12,0.03,0.13,91.68,0.23,2.13,7.15,0.22,2026,5,10,15
2026-05-10 15:07:27,2026-05-10 15:00:00,Marrakech,31.6295,-7.9811,23.98,23.56,43,1015,3.09,0,0,Clear,clear sky,3,104.02,0.04,0.2,125.69,0.29,1.34,4.3,0.13,2026,5,10,15
2026-05-10 15:07:20,2026-05-10 15:00:00,Rabat,34.0209,-6.8416,22.37,22.05,53,1016,3.6,270,75,Clouds,broken clouds,2,101.25,0.09,0.42,95.59,2.24,1.8,5.79,0.06,2026,5,10,15
2026-05-10 16:07:40,2026-05-10 16:00:00,Casablanca,33.5731,-7.5898,20.51,20.08,56,1016,4.92,320,75,Clouds,broken clouds,2,100.82,0.05,0.23,93.06,0.92,1.52,6.42,0.08,2026,5,10,16
2026-05-10 16:08:00,2026-05-10 16:00:00,Fes,34.0331,-5.0003,24.1,23.77,46,1014,4.63,330,75,Clouds,broken clouds,2,97.59,0.03,0.14,90.28,0.2,2.1,7.1,0.23,2026,5,10,16
2026-05-10 16:07:53,2026-05-10 16:00:00,Marrakech,31.6295,-7.9811,24.98,24.6,41,1013,2.57,0,0,Clear,clear sky,3,102.62,0.04,0.21,124.26,0.36,1.7,5.61,0.1,2026,5,10,16
2026-05-10 16:07:47,2026-05-10 16:00:00,Rabat,34.0209,-6.8416,21.37,21.13,60,1016,4.12,290,75,Clouds,broken clouds,2,100.11,0.1,0.46,95.83,2.35,1.65,4.93,0.05,2026,5,10,16
2026-05-10 17:08:07,2026-05-10 17:00:00,Casablanca,33.5731,-7.5898,20.78,20.48,60,1015,4.63,320,75,Clouds,broken clouds,2,100.83,0.06,0.29,93.15,1.13,1.45,6.01,0.07,2026,5,10,17
2026-05-10 17:08:28,2026-05-10 17:00:00,Fes,34.0331,-5.0003,24.08,23.74,46,1014,3.09,360,75,Clouds,broken clouds,2,97.25,0.04,0.21,89.31,0.19,2.15,7.29,0.26,2026,5,10,17
2026-05-10 17:08:21,2026-05-10 17:00:00,Marrakech,31.6295,-7.9811,24.98,24.53,38,1013,3.09,330,0,Clear,clear sky,3,103.41,0.05,0.27,121.03,0.52,2.42,8.37,0.08,2026,5,10,17
2026-05-10 17:08:14,2026-05-10 17:00:00,Rabat,34.0209,-6.8416,22.37,22.23,60,1016,3.6,290,75,Clouds,broken clouds,2,100.44,0.1,0.65,95.97,2.61,1.54,4.39,0.07,2026,5,10,17
2026-05-10 18:19:58,2026-05-10 18:00:00,Casablanca,33.5731,-7.5898,20.0,19.73,64,1016,4.12,330,75,Clouds,broken clouds,2,100.81,0.06,0.39,92.41,1.4,1.42,5.95,0.08,2026,5,10,18
2026-05-10 18:20:20,2026-05-10 18:00:00,Fes,34.0331,-5.0003,22.08,21.54,46,1014,4.12,340,75,Clouds,broken clouds,2,96.37,0.05,0.33,87.01,0.24,2.26,7.51,0.33,2026,5,10,18
2026-05-10 18:20:13,2026-05-10 18:00:00,Marrakech,31.6295,-7.9811,25.98,25.98,36,1013,3.09,320,0,Clear,clear sky,3,105.22,0.06,0.35,115.3,0.74,3.35,11.99,0.08,2026,5,10,18
2026-05-10 18:20:05,2026-05-10 18:00:00,Rabat,34.0209,-6.8416,20.37,20.37,73,1016,2.57,300,40,Clouds,scattered clouds,2,100.79,0.1,0.98,93.96,2.89,1.46,4.09,0.11,2026,5,10,18
2026-05-10 19:20:30,2026-05-10 19:00:00,Casablanca,33.5731,-7.5898,18.95,18.78,72,1016,3.6,330,40,Clouds,scattered clouds,2,101.06,0.04,0.52,91.15,1.64,1.39,5.93,0.09,2026,5,10,19
2026-05-10 19:21:56,2026-05-10 19:00:00,Fes,34.0331,-5.0003,21.08,20.6,52,1015,2.57,350,75,Clouds,broken clouds,2,95.73,0.04,0.49,85.1,0.35,2.36,7.57,0.4,2026,5,10,19
2026-05-10 19:21:39,2026-05-10 19:00:00,Marrakech,31.6295,-7.9811,24.98,24.53,38,1014,3.6,320,0,Clear,clear sky,3,105.77,0.04,0.44,110.45,0.84,3.76,13.81,0.09,2026,5,10,19
2026-05-10 19:20:42,2026-05-10 19:00:00,Rabat,34.0209,-6.8416,19.37,19.5,82,1016,2.06,280,40,Clouds,scattered clouds,2,101.57,0.06,1.36,91.26,3.0,1.37,3.87,0.15,2026,5,10,19
2026-05-11 10:27:49,2026-05-11 10:00:00,Casablanca,33.5731,-7.5898,20.0,19.52,56,1018,2.06,320,20,Clouds,few clouds,2,110.35,1.64,3.35,45.41,0.71,5.35,21.9,0.74,2026,5,11,10
2026-05-11 10:28:32,2026-05-11 10:00:00,Fes,34.0331,-5.0003,18.08,17.82,72,1019,1.03,0,75,Clouds,broken clouds,1,93.62,0.48,1.16,47.25,0.2,3.08,7.6,0.81,2026,5,11,10
2026-05-11 10:28:17,2026-05-11 10:00:00,Marrakech,31.6295,-7.9811,19.98,19.6,60,1017,2.06,0,40,Clouds,scattered clouds,2,105.96,0.78,2.87,81.39,0.59,3.23,10.55,1.79,2026,5,11,10
2026-05-11 10:28:02,2026-05-11 10:00:00,Rabat,34.0209,-6.8416,20.37,20.13,64,1018,2.06,240,20,Clouds,few clouds,1,112.99,2.44,6.0,51.11,1.86,4.63,11.25,2.66,2026,5,11,10
2026-05-11 12:58:28,2026-05-11 12:00:00,Casablanca,33.5731,-7.5898,21.01,20.52,52,1017,3.6,340,20,Clouds,few clouds,2,100.6,0.08,0.29,92.1,1.6,4.75,18.04,0.0,2026,5,11,12
2026-05-11 12:58:51,2026-05-11 12:00:00,Fes,34.0331,-5.0003,24.08,23.74,46,1016,2.06,210,40,Clouds,scattered clouds,2,93.37,0.04,0.16,87.24,0.54,3.96,9.26,0.13,2026,5,11,12
2026-05-11 12:58:43,2026-05-11 12:00:00,Marrakech,31.6295,-7.9811,22.98,22.61,49,1016,2.06,0,40,Clouds,scattered clouds,3,95.63,0.04,0.16,105.34,0.14,2.11,7.51,0.16,2026,5,11,12
2026-05-11 12:58:36,2026-05-11 12:00:00,Rabat,34.0209,-6.8416,21.37,21.13,60,1018,3.6,270,20,Clouds,few clouds,2,101.03,0.16,0.62,97.65,4.46,5.79,10.86,0.0,2026,5,11,12
2026-05-11 13:58:58,2026-05-11 13:00:00,Casablanca,33.5731,-7.5898,21.01,20.37,46,1017,3.6,350,20,Clouds,few clouds,2,100.92,0.07,0.28,95.23,1.96,4.75,16.68,0.0,2026,5,11,13
2026-05-11 13:59:20,2026-05-11 13:00:00,Fes,34.0331,-5.0003,25.08,24.64,38,1016,2.57,0,20,Clouds,few clouds,2,92.45,0.04,0.15,88.86,0.48,3.72,8.5,0.09,2026,5,11,13
2026-05-11 13:59:13,2026-05-11 13:00:00,Marrakech,31.6295,-7.9811,25.98,25.98,41,1015,2.06,0,0,Clear,clear sky,3,95.66,0.04,0.17,105.72,0.21,2.09,7.02,0.15,2026,5,11,13
2026-05-11 13:59:05,2026-05-11 13:00:00,Rabat,34.0209,-6.8416,21.37,21.23,64,1017,4.12,280,20,Clouds,few clouds,3,100.98,0.13,0.53,101.81,4.43,5.91,10.65,0.0,2026,5,11,13
2026-05-11 15:12:29,2026-05-11 15:00:00,Casablanca,33.5731,-7.5898,20.28,19.83,56,1016,4.63,350,0,Clear,clear sky,2,99.58,0.08,0.31,96.85,2.46,4.66,14.74,0.0,2026,5,11,15
2026-05-11 15:12:48,2026-05-11 15:00:00,Fes,34.0331,-5.0003,25.08,24.64,38,1015,2.57,0,20,Clouds,few clouds,2,90.91,0.04,0.16,88.92,0.44,3.58,8.01,0.09,2026,5,11,15
2026-05-11 15:12:42,2026-05-11 15:00:00,Marrakech,31.6295,-7.9811,26.98,26.8,39,1014,1.03,0,20,Clouds,few clouds,3,94.53,0.04,0.17,104.15,0.26,2.14,6.85,0.14,2026,5,11,15
2026-05-11 15:12:35,2026-05-11 15:00:00,Rabat,34.0209,-6.8416,21.37,20.92,52,1017,4.12,310,20,Clouds,few clouds,3,100.15,0.13,0.54,104.34,4.49,5.96,10.15,0.0,2026,5,11,15
2026-05-11 16:13:05,2026-05-11 16:00:00,Casablanca,33.5731,-7.5898,19.99,19.61,60,1016,4.47,350,0,Clear,clear sky,2,98.42,0.08,0.35,98.38,2.95,4.54,12.83,0.0,2026,5,11,16
2026-05-11 16:13:56,2026-05-11 16:00:00,Fes,34.0331,-5.0003,26.08,26.08,36,1014,3.6,10,20,Clouds,few clouds,2,89.85,0.05,0.18,88.43,0.43,3.65,7.97,0.09,2026,5,11,16
2026-05-11 16:13:46,2026-05-11 16:00:00,Marrakech,31.6295,-7.9811,26.98,26.66,36,1013,3.09,0,20,Clouds,few clouds,3,93.49,0.04,0.19,102.23,0.31,2.29,7.19,0.12,2026,5,11,16
2026-05-11 16:13:33,2026-05-11 16:00:00,Rabat,34.0209,-6.8416,21.37,21.13,60,1016,4.63,310,20,Clouds,few clouds,3,99.66,0.14,0.62,106.78,4.91,6.3,10.09,0.0,2026,5,11,16
2026-05-11 17:19:38,2026-05-11 17:00:00,Casablanca,33.5731,-7.5898,20.0,19.62,60,1016,3.6,10,0,Clear,clear sky,3,99.8,0.09,0.43,100.33,3.17,3.41,9.08,0.0,2026,5,11,17
2026-05-11 17:19:58,2026-05-11 17:00:00,Fes,34.0331,-5.0003,26.08,26.08,36,1013,2.06,0,20,Clouds,few clouds,2,90.92,0.06,0.25,88.1,0.34,3.06,6.73,0.2,2026,5,11,17
2026-05-11 17:19:51,2026-05-11 17:00:00,Marrakech,31.6295,-7.9811,26.98,26.66,36,1013,4.63,350,20,Clouds,few clouds,2,99.74,0.05,0.21,86.56,0.37,4.81,15.68,0.17,2026,5,11,17
2026-05-11 17:19:44,2026-05-11 17:00:00,Rabat,34.0209,-6.8416,20.37,20.13,64,1016,3.6,320,2,Clear,clear sky,3,101.42,0.16,0.76,107.4,4.82,4.89,7.95,0.0,2026,5,11,17
2026-05-11 18:20:05,2026-05-11 18:00:00,Casablanca,33.5731,-7.5898,20.0,19.62,60,1017,3.09,20,0,Clear,clear sky,3,100.91,0.1,0.56,101.34,3.55,3.08,7.91,0.0,2026,5,11,18
2026-05-11 18:20:27,2026-05-11 18:00:00,Fes,34.0331,-5.0003,25.08,24.77,43,1013,3.6,20,20,Clouds,few clouds,2,90.73,0.08,0.4,86.46,0.34,3.28,6.96,0.29,2026,5,11,18
2026-05-11 18:20:20,2026-05-11 18:00:00,Marrakech,31.6295,-7.9811,27.98,27.39,36,1014,4.63,290,20,Clouds,few clouds,2,101.25,0.05,0.29,88.93,0.5,5.07,17.41,0.17,2026,5,11,18
2026-05-11 18:20:13,2026-05-11 18:00:00,Rabat,34.0209,-6.8416,20.37,20.13,64,1016,4.63,300,2,Clear,clear sky,3,103.77,0.2,1.09,107.68,5.07,4.86,7.59,0.0,2026,5,11,18
2026-05-11 19:20:34,2026-05-11 19:00:00,Casablanca,33.5731,-7.5898,20.0,19.41,52,1017,2.57,30,0,Clear,clear sky,3,102.63,0.09,0.73,101.02,3.76,2.72,7.14,0.0,2026,5,11,19
2026-05-11 19:20:52,2026-05-11 19:00:00,Fes,34.0331,-5.0003,24.08,23.74,46,1013,3.6,30,0,Clear,clear sky,2,90.55,0.08,0.58,84.95,0.4,3.6,7.3,0.37,2026,5,11,19
2026-05-11 19:20:46,2026-05-11 19:00:00,Marrakech,31.6295,-7.9811,25.98,25.98,38,1014,6.17,310,20,Clouds,few clouds,2,101.76,0.04,0.36,90.17,0.56,4.94,17.85,0.18,2026,5,11,19
2026-05-11 19:20:40,2026-05-11 19:00:00,Rabat,34.0209,-6.8416,19.37,19.01,63,1017,3.09,300,3,Clear,clear sky,3,106.23,0.18,1.52,106.03,5.05,4.5,7.08,0.0,2026,5,11,19
2026-05-11 20:21:00,2026-05-11 20:00:00,Casablanca,33.5731,-7.5898,18.95,18.44,59,1018,1.54,0,0,Clear,clear sky,2,103.37,0.04,1.13,97.24,3.83,2.39,6.84,0.05,2026,5,11,20
2026-05-11 20:21:23,2026-05-11 20:00:00,Fes,34.0331,-5.0003,21.08,20.71,56,1015,2.57,30,0,Clear,clear sky,2,90.92,0.03,0.88,82.66,0.55,4.04,7.71,0.46,2026,5,11,20
2026-05-11 20:21:16,2026-05-11 20:00:00,Marrakech,31.6295,-7.9811,22.98,22.46,43,1017,5.14,310,20,Clouds,few clouds,2,101.16,0.02,0.55,91.83,0.66,4.4,16.54,0.19,2026,5,11,20
2026-05-11 20:21:09,2026-05-11 20:00:00,Rabat,34.0209,-6.8416,18.37,18.04,68,1017,2.06,320,10,Clear,clear sky,2,107.56,0.08,2.44,99.98,4.74,3.96,6.51,0.07,2026,5,11,20
2026-05-11 21:21:31,2026-05-11 21:00:00,Casablanca,33.5731,-7.5898,17.89,17.38,63,1019,1.54,10,3,Clear,clear sky,2,105.73,0.0,1.56,93.32,3.79,2.22,7.2,0.17,2026,5,11,21
2026-05-11 21:21:51,2026-05-11 21:00:00,Fes,34.0331,-5.0003,18.03,17.64,67,1017,6.17,320,0,Clear,clear sky,2,92.17,0.0,1.12,80.5,0.71,4.53,8.11,0.56,2026,5,11,21
2026-05-11 21:21:45,2026-05-11 21:00:00,Marrakech,31.6295,-7.9811,20.98,20.33,46,1018,5.14,300,20,Clouds,few clouds,2,102.13,0.0,0.77,95.02,0.83,3.92,15.45,0.23,2026,5,11,21
2026-05-11 21:21:38,2026-05-11 21:00:00,Rabat,34.0209,-6.8416,17.37,17.04,72,1018,1.54,300,30,Clouds,scattered clouds,2,110.19,0.0,3.32,94.15,4.4,3.53,6.22,0.28,2026,5,11,21
2026-05-11 22:21:58,2026-05-11 22:00:00,Casablanca,33.5731,-7.5898,16.84,16.33,67,1019,1.54,330,2,Clear,clear sky,2,108.29,0.0,1.79,90.34,3.71,2.14,7.72,0.29,2026,5,11,22
2026-05-11 22:22:16,2026-05-11 22:00:00,Fes,34.0331,-5.0003,16.08,15.75,77,1018,4.12,280,0,Clear,clear sky,2,93.99,0.0,1.28,79.26,0.86,4.96,8.39,0.62,2026,5,11,22
2026-05-11 22:22:10,2026-05-11 22:00:00,Marrakech,31.6295,-7.9811,19.98,19.21,45,1019,4.63,300,20,Clouds,few clouds,2,103.01,0.0,0.86,96.13,0.91,3.62,15.09,0.26,2026,5,11,22
2026-05-11 22:22:04,2026-05-11 22:00:00,Rabat,34.0209,-6.8416,14.37,14.16,88,1019,0.0,0,21,Clouds,few clouds,2,112.58,0.0,3.68,90.07,4.15,3.22,6.14,0.43,2026,5,11,22
2026-05-12 09:45:51,2026-05-12 09:00:00,Casablanca,33.5731,-7.5898,18.95,18.55,63,1022,1.54,0,0,Clear,clear sky,2,114.94,1.39,3.28,55.67,1.34,5.44,22.31,1.0,2026,5,12,9
2026-05-12 09:46:29,2026-05-12 09:00:00,Fes,34.0331,-5.0003,18.08,17.69,67,1022,1.54,250,40,Clouds,scattered clouds,1,93.91,0.33,1.16,55.03,0.54,4.95,7.32,0.49,2026,5,12,9
2026-05-12 09:46:17,2026-05-12 09:00:00,Marrakech,31.6295,-7.9811,17.98,17.37,59,1021,1.54,0,40,Clouds,scattered clouds,2,104.36,0.94,3.52,71.27,0.8,4.61,19.23,2.5,2026,5,12,9
2026-05-12 09:46:04,2026-05-12 09:00:00,Rabat,34.0209,-6.8416,20.37,19.92,56,1022,3.09,210,40,Clouds,scattered clouds,1,117.11,2.22,5.73,52.48,2.04,5.4,13.81,1.04,2026,5,12,9
2026-05-12 10:46:41,2026-05-12 10:00:00,Casablanca,33.5731,-7.5898,20.0,19.52,56,1022,2.06,290,40,Clouds,scattered clouds,2,106.51,0.17,0.62,89.86,2.0,3.26,14.17,0.03,2026,5,12,10
2026-05-12 10:47:17,2026-05-12 10:00:00,Fes,34.0331,-5.0003,19.08,18.58,59,1022,2.57,0,40,Clouds,scattered clouds,2,96.41,0.07,0.38,86.32,1.44,4.43,7.48,0.0,2026,5,12,10
2026-05-12 10:47:02,2026-05-12 10:00:00,Marrakech,31.6295,-7.9811,18.98,18.37,55,1021,2.06,0,75,Clouds,broken clouds,2,103.41,0.3,1.0,91.37,0.43,3.84,15.67,0.65,2026,5,12,10
2026-05-12 10:46:56,2026-05-12 10:00:00,Rabat,34.0209,-6.8416,22.37,22.12,56,1022,3.09,250,20,Clouds,few clouds,2,107.26,0.38,1.44,90.22,4.8,3.87,9.21,0.01,2026,5,12,10
2026-05-12 11:47:29,2026-05-12 11:00:00,Casablanca,33.5731,-7.5898,20.78,20.48,60,1021,3.09,320,40,Clouds,scattered clouds,2,104.22,0.08,0.31,93.84,1.31,2.64,11.7,0.03,2026,5,12,11
2026-05-12 11:48:01,2026-05-12 11:00:00,Fes,34.0331,-5.0003,20.08,19.5,52,1022,4.12,310,40,Clouds,scattered clouds,2,95.5,0.05,0.21,88.63,1.32,4.09,7.59,0.0,2026,5,12,11
2026-05-12 11:47:47,2026-05-12 11:00:00,Marrakech,31.6295,-7.9811,19.98,19.39,52,1020,3.09,130,75,Clouds,broken clouds,2,101.38,0.12,0.46,97.29,0.36,3.49,13.19,0.38,2026,5,12,11
2026-05-12 11:47:40,2026-05-12 11:00:00,Rabat,34.0209,-6.8416,21.37,21.02,56,1022,4.12,270,0,Clear,clear sky,2,104.26,0.17,0.67,96.44,3.33,2.98,6.78,0.0,2026,5,12,11
2026-05-12 12:48:16,2026-05-12 12:00:00,Casablanca,33.5731,-7.5898,22.01,21.65,53,1021,3.09,320,40,Clouds,scattered clouds,2,102.81,0.07,0.26,95.15,1.25,2.64,11.43,0.04,2026,5,12,12
2026-05-12 12:48:58,2026-05-12 12:00:00,Fes,34.0331,-5.0003,22.08,21.47,43,1021,4.63,300,75,Clouds,broken clouds,2,94.67,0.04,0.15,88.5,1.24,4.06,8.01,0.0,2026,5,12,12
2026-05-12 12:48:45,2026-05-12 12:00:00,Marrakech,31.6295,-7.9811,21.98,21.43,46,1019,2.06,0,75,Clouds,broken clouds,3,99.12,0.08,0.32,100.14,0.35,3.22,11.3,0.32,2026,5,12,12
2026-05-12 12:48:30,2026-05-12 12:00:00,Rabat,34.0209,-6.8416,22.37,22.23,60,1022,4.12,280,1,Clear,clear sky,2,102.58,0.12,0.49,99.34,3.13,3.07,6.59,0.0,2026,5,12,12
2026-05-12 13:49:08,2026-05-12 13:00:00,Casablanca,33.5731,-7.5898,21.01,20.63,56,1021,4.12,330,40,Clouds,scattered clouds,2,103.21,0.07,0.26,97.99,1.42,2.63,10.54,0.02,2026,5,12,13
2026-05-12 13:49:28,2026-05-12 13:00:00,Fes,34.0331,-5.0003,24.08,23.46,35,1020,5.14,280,75,Clouds,broken clouds,2,94.42,0.03,0.13,91.26,0.95,3.33,6.9,0.0,2026,5,12,13
2026-05-12 13:49:21,2026-05-12 13:00:00,Marrakech,31.6295,-7.9811,22.98,22.38,40,1018,2.57,10,75,Clouds,broken clouds,3,96.13,0.05,0.22,105.22,0.29,1.95,6.22,0.16,2026,5,12,13
2026-05-12 13:49:14,2026-05-12 13:00:00,Rabat,34.0209,-6.8416,22.37,22.12,56,1021,3.6,270,6,Clear,clear sky,3,102.72,0.12,0.47,103.61,3.34,3.39,6.8,0.0,2026,5,12,13
2026-05-12 14:49:34,2026-05-12 14:00:00,Casablanca,33.5731,-7.5898,22.01,21.55,49,1021,4.12,350,40,Clouds,scattered clouds,3,101.95,0.07,0.29,100.5,1.76,2.61,9.25,0.0,2026,5,12,14
2026-05-12 14:49:53,2026-05-12 14:00:00,Fes,34.0331,-5.0003,25.08,24.51,33,1019,5.66,290,75,Clouds,broken clouds,2,92.75,0.03,0.13,92.72,0.71,2.69,5.54,0.02,2026,5,12,14
2026-05-12 14:49:47,2026-05-12 14:00:00,Marrakech,31.6295,-7.9811,25.98,25.98,36,1018,2.06,0,75,Clouds,broken clouds,3,94.85,0.05,0.22,107.13,0.3,1.62,4.86,0.12,2026,5,12,14
2026-05-12 14:49:41,2026-05-12 14:00:00,Rabat,34.0209,-6.8416,21.37,21.02,56,1021,4.12,290,20,Clouds,few clouds,3,101.63,0.12,0.5,106.54,3.52,3.61,6.73,0.0,2026,5,12,14
2026-05-12 15:50:02,2026-05-12 15:00:00,Casablanca,33.5731,-7.5898,22.01,21.47,46,1020,3.09,350,0,Clear,clear sky,3,100.78,0.08,0.34,102.7,2.31,2.74,8.55,0.0,2026,5,12,15
2026-05-12 15:50:24,2026-05-12 15:00:00,Fes,34.0331,-5.0003,25.08,24.45,31,1019,5.66,300,75,Clouds,broken clouds,2,91.72,0.04,0.15,93.7,0.61,2.44,4.93,0.04,2026,5,12,15
2026-05-12 15:50:18,2026-05-12 15:00:00,Marrakech,31.6295,-7.9811,24.98,24.4,33,1017,2.57,40,40,Clouds,scattered clouds,3,94.42,0.05,0.25,107.95,0.35,1.69,5.0,0.11,2026,5,12,15
2026-05-12 15:50:09,2026-05-12 15:00:00,Rabat,34.0209,-6.8416,22.37,22.05,53,1021,4.12,290,20,Clouds,few clouds,3,100.98,0.13,0.57,109.0,3.85,3.91,6.82,0.0,2026,5,12,15
2026-05-12 19:04:00,2026-05-12 19:00:00,Casablanca,33.5731,-7.5898,20.78,20.38,56,1020,3.6,340,0,Clear,clear sky,3,103.0,0.09,0.83,110.14,4.56,3.39,8.2,0.0,2026,5,12,19
2026-05-12 19:04:48,2026-05-12 19:00:00,Fes,34.0331,-5.0003,23.08,22.41,37,1018,5.14,340,40,Clouds,scattered clouds,2,92.45,0.06,0.48,94.21,0.73,2.73,4.73,0.19,2026,5,12,19
2026-05-12 19:04:34,2026-05-12 19:00:00,Marrakech,31.6295,-7.9811,26.98,26.33,28,1016,1.54,200,40,Clouds,scattered clouds,3,97.94,0.03,0.68,106.21,0.85,2.66,8.47,0.13,2026,5,12,19
2026-05-12 19:04:19,2026-05-12 19:00:00,Rabat,34.0209,-6.8416,20.37,20.03,60,1020,4.12,320,1,Clear,clear sky,3,106.17,0.19,1.65,111.52,5.28,4.9,7.89,0.0,2026,5,12,19
2026-05-12 22:37:52,2026-05-12 22:00:00,Casablanca,33.5731,-7.5898,17.89,17.61,72,1022,2.06,50,0,Clear,clear sky,2,108.91,0.0,2.29,96.46,5.2,2.87,8.94,0.16,2026,5,12,22
2026-05-12 22:40:41,2026-05-12 22:00:00,Fes,34.0331,-5.0003,17.08,16.49,63,1022,2.57,300,20,Clouds,few clouds,2,94.95,0.0,1.79,77.36,1.07,3.99,6.02,0.92,2026,5,12,22
2026-05-12 22:40:30,2026-05-12 22:00:00,Marrakech,31.6295,-7.9811,20.97,20.4,49,1021,6.17,20,40,Clouds,scattered clouds,2,100.11,0.0,1.43,90.38,1.25,3.68,13.38,0.41,2026,5,12,22
2026-05-12 22:43:35,2026-05-12 22:00:00,Rabat,34.0209,-6.8416,15.37,15.26,88,1022,1.54,60,0,Clear,clear sky,2,110.91,0.0,3.41,92.51,4.73,3.19,6.4,0.19,2026,5,12,22
2026-05-13 09:28:53,2026-05-13 09:00:00,Casablanca,33.5731,-7.5898,18.95,18.68,68,1021,1.54,80,20,Clouds,few clouds,2,111.32,0.53,2.88,72.63,2.08,5.63,15.43,0.21,2026,5,13,9
2026-05-13 09:29:27,2026-05-13 09:00:00,Fes,34.0331,-5.0003,17.08,16.72,72,1021,2.06,70,0,Clear,clear sky,1,93.38,0.79,2.35,37.8,0.17,4.2,6.7,1.1,2026,5,13,9
2026-05-13 09:29:21,2026-05-13 09:00:00,Marrakech,31.6295,-7.9811,17.98,17.61,68,1020,1.03,0,0,Clear,clear sky,2,103.73,0.55,4.34,80.04,1.22,4.16,13.04,3.31,2026,5,13,9
2026-05-13 09:29:06,2026-05-13 09:00:00,Rabat,34.0209,-6.8416,18.37,18.56,88,1021,2.06,60,0,Clear,clear sky,2,111.73,1.1,4.92,64.57,3.0,4.66,9.61,0.35,2026,5,13,9
2026-05-13 10:29:37,2026-05-13 10:00:00,Casablanca,33.5731,-7.5898,20.0,19.62,60,1021,1.54,90,20,Clouds,few clouds,2,109.2,0.65,2.36,79.73,3.22,5.97,16.04,0.14,2026,5,13,10
2026-05-13 10:30:07,2026-05-13 10:00:00,Fes,34.0331,-5.0003,19.08,18.69,63,1020,3.6,20,0,Clear,clear sky,2,95.83,0.13,0.47,87.64,0.72,4.65,7.81,0.24,2026,5,13,10
2026-05-13 10:29:55,2026-05-13 10:00:00,Marrakech,31.6295,-7.9811,18.98,18.47,59,1019,1.03,0,0,Clear,clear sky,2,103.26,1.0,3.59,79.23,1.08,4.28,13.58,2.81,2026,5,13,10
2026-05-13 10:29:45,2026-05-13 10:00:00,Rabat,34.0209,-6.8416,20.37,20.13,64,1021,2.06,40,20,Clouds,few clouds,2,111.02,1.53,4.57,68.71,4.33,5.11,10.36,0.39,2026,5,13,10
2026-05-13 11:30:13,2026-05-13 11:00:00,Casablanca,33.5731,-7.5898,20.01,19.42,52,1020,2.57,70,0,Clear,clear sky,3,103.25,0.17,0.72,106.84,4.9,5.97,14.29,0.0,2026,5,13,11
2026-05-13 11:30:32,2026-05-13 11:00:00,Fes,34.0331,-5.0003,21.08,20.6,52,1020,1.54,0,0,Clear,clear sky,2,94.95,0.07,0.26,93.49,0.72,4.68,7.75,0.14,2026,5,13,11
2026-05-13 11:30:26,2026-05-13 11:00:00,Marrakech,31.6295,-7.9811,21.97,21.61,53,1019,2.06,0,0,Clear,clear sky,3,96.58,0.11,0.43,104.52,0.46,3.2,10.13,0.36,2026,5,13,11
2026-05-13 11:30:20,2026-05-13 11:00:00,Rabat,34.0209,-6.8416,21.37,21.13,60,1020,3.6,320,20,Clouds,few clouds,3,104.74,0.35,1.32,103.56,5.82,6.51,11.25,0.0,2026,5,13,11
2026-05-13 12:30:40,2026-05-13 12:00:00,Casablanca,33.5731,-7.5898,20.01,19.35,49,1020,3.6,30,0,Clear,clear sky,3,101.38,0.13,0.55,110.7,5.09,6.83,14.93,0.0,2026,5,13,12
2026-05-13 12:31:01,2026-05-13 12:00:00,Fes,34.0331,-5.0003,23.03,22.51,43,1019,2.57,330,20,Clouds,few clouds,2,94.31,0.06,0.21,95.06,0.72,4.77,7.81,0.12,2026,5,13,12
2026-05-13 12:30:54,2026-05-13 12:00:00,Marrakech,31.6295,-7.9811,22.98,22.53,46,1018,2.06,0,0,Clear,clear sky,3,94.45,0.09,0.35,105.64,0.45,3.28,10.18,0.32,2026,5,13,12
2026-05-13 12:30:47,2026-05-13 12:00:00,Rabat,34.0209,-6.8416,21.37,21.13,60,1020,4.12,320,20,Clouds,few clouds,3,103.41,0.23,0.95,108.39,6.07,7.63,12.15,0.0,2026,5,13,12
2026-05-13 13:31:08,2026-05-13 13:00:00,Casablanca,33.5731,-7.5898,21.01,20.63,56,1020,3.09,60,0,Clear,clear sky,3,101.38,0.13,0.55,110.7,5.09,6.83,14.93,0.0,2026,5,13,13
2026-05-13 13:31:28,2026-05-13 13:00:00,Fes,34.0331,-5.0003,24.01,23.38,35,1020,2.57,340,20,Clouds,few clouds,2,94.31,0.06,0.21,95.06,0.72,4.77,7.81,0.12,2026,5,13,13
2026-05-13 13:31:21,2026-05-13 13:00:00,Marrakech,31.6295,-7.9811,23.98,23.56,43,1017,2.06,0,0,Clear,clear sky,3,94.61,0.07,0.29,112.67,0.37,2.55,7.82,0.21,2026,5,13,13
2026-05-13 13:31:15,2026-05-13 13:00:00,Rabat,34.0209,-6.8416,21.37,21.02,56,1020,4.12,330,0,Clear,clear sky,3,103.41,0.23,0.95,108.39,6.07,7.63,12.15,0.0,2026,5,13,13
2026-05-13 14:31:34,2026-05-13 14:00:00,Casablanca,33.5731,-7.5898,21.01,20.63,56,1020,3.6,40,20,Clouds,few clouds,3,101.28,0.11,0.47,114.77,4.99,6.9,14.32,0.0,2026,5,13,14
2026-05-13 14:31:53,2026-05-13 14:00:00,Fes,34.0331,-5.0003,24.08,23.27,28,1017,2.57,0,20,Clouds,few clouds,3,93.39,0.05,0.18,100.35,0.85,4.02,7.4,0.04,2026,5,13,14
2026-05-13 14:31:47,2026-05-13 14:00:00,Marrakech,31.6295,-7.9811,26.98,26.57,34,1016,2.57,0,40,Clouds,scattered clouds,3,93.52,0.06,0.27,113.5,0.34,2.43,7.01,0.15,2026,5,13,14
2026-05-13 14:31:41,2026-05-13 14:00:00,Rabat,34.0209,-6.8416,21.37,21.02,56,1020,5.14,340,0,Clear,clear sky,3,102.51,0.16,0.71,112.51,5.5,6.21,9.75,0.0,2026,5,13,14
2026-05-13 15:32:00,2026-05-13 15:00:00,Casablanca,33.5731,-7.5898,21.01,20.73,60,1019,3.09,40,20,Clouds,few clouds,3,98.55,0.1,0.47,115.18,4.74,6.53,12.4,0.0,2026,5,13,15
2026-05-13 15:32:20,2026-05-13 15:00:00,Fes,34.0331,-5.0003,25.08,24.45,31,1016,3.6,360,20,Clouds,few clouds,3,91.4,0.05,0.21,101.09,0.71,3.62,6.59,0.07,2026,5,13,15
2026-05-13 15:32:13,2026-05-13 15:00:00,Marrakech,31.6295,-7.9811,27.97,27.17,32,1016,2.06,0,40,Clouds,scattered clouds,3,93.53,0.06,0.29,113.25,0.39,2.56,7.47,0.13,2026,5,13,15
2026-05-13 15:32:07,2026-05-13 15:00:00,Rabat,34.0209,-6.8416,21.35,21.11,60,1020,4.63,330,3,Clear,clear sky,3,101.29,0.14,0.67,111.57,5.01,5.82,9.06,0.0,2026,5,13,15
2026-05-13 21:46:47,2026-05-13 21:00:00,Casablanca,33.5731,-7.5898,17.89,17.61,72,1019,2.57,60,1,Clear,clear sky,2,106.91,0.0,2.35,90.73,4.71,3.45,9.26,0.12,2026,5,13,21
2026-05-13 21:47:21,2026-05-13 21:00:00,Fes,34.0331,-5.0003,18.08,17.59,63,1018,3.6,310,0,Clear,clear sky,2,94.52,0.0,1.75,84.52,0.87,2.9,5.89,1.13,2026,5,13,21
2026-05-13 21:47:08,2026-05-13 21:00:00,Marrakech,31.6295,-7.9811,21.98,21.43,46,1016,5.66,20,40,Clouds,scattered clouds,3,100.43,0.0,1.6,102.9,0.86,4.51,10.84,0.39,2026,5,13,21
2026-05-13 21:46:57,2026-05-13 21:00:00,Rabat,34.0209,-6.8416,16.37,16.36,88,1019,2.57,10,2,Clear,clear sky,2,107.79,0.0,2.98,84.76,4.07,2.26,5.44,0.23,2026,5,13,21
2026-05-14 16:24:39,2026-05-14 16:00:00,Casablanca,33.5731,-7.5898,19.01,18.51,59,1014,3.09,360,75,Clouds,broken clouds,3,102.14,0.07,0.48,104.56,3.15,2.72,6.49,0.0,2026,5,14,16
2026-05-14 16:25:00,2026-05-14 16:00:00,Fes,34.0331,-5.0003,23.08,22.49,40,1011,6.69,330,40,Clouds,scattered clouds,2,94.5,0.04,0.3,90.88,0.73,4.26,9.2,0.31,2026,5,14,16
2026-05-14 16:24:53,2026-05-14 16:00:00,Marrakech,31.6295,-7.9811,20.98,20.49,52,1012,2.57,240,75,Clouds,broken clouds,2,98.72,0.04,0.19,99.79,0.5,3.16,7.99,0.07,2026,5,14,16
2026-05-14 16:24:46,2026-05-14 16:00:00,Rabat,34.0209,-6.8416,20.37,20.03,60,1014,3.6,300,75,Clouds,broken clouds,3,103.45,0.07,0.82,104.37,2.88,2.83,5.86,0.0,2026,5,14,16
2026-05-14 17:25:06,2026-05-14 17:00:00,Casablanca,33.5731,-7.5898,20.0,19.62,60,1014,3.09,350,40,Clouds,scattered clouds,3,102.5,0.07,0.57,104.14,2.94,2.36,5.97,0.0,2026,5,14,17
2026-05-14 17:25:25,2026-05-14 17:00:00,Fes,34.0331,-5.0003,24.08,23.59,40,1012,5.14,300,40,Clouds,scattered clouds,2,94.65,0.05,0.35,91.16,0.85,4.26,8.69,0.23,2026,5,14,17
2026-05-14 17:25:19,2026-05-14 17:00:00,Marrakech,31.6295,-7.9811,21.98,21.62,53,1011,3.6,190,75,Clouds,broken clouds,3,97.71,0.05,0.24,100.51,0.65,3.41,8.91,0.05,2026,5,14,17
2026-05-14 17:25:12,2026-05-14 17:00:00,Rabat,34.0209,-6.8416,20.37,20.13,64,1014,3.09,280,75,Clouds,broken clouds,3,104.45,0.08,1.08,103.7,2.87,2.67,5.78,0.0,2026,5,14,17
2026-05-14 18:25:31,2026-05-14 18:00:00,Casablanca,33.5731,-7.5898,20.0,19.62,60,1014,3.09,340,40,Clouds,scattered clouds,3,103.44,0.09,0.68,103.94,2.9,2.1,5.61,0.0,2026,5,14,18
2026-05-14 18:25:49,2026-05-14 18:00:00,Fes,34.0331,-5.0003,22.08,21.54,46,1011,5.66,320,40,Clouds,scattered clouds,2,94.87,0.05,0.49,91.32,0.98,4.02,7.5,0.19,2026,5,14,18
2026-05-14 18:25:43,2026-05-14 18:00:00,Marrakech,31.6295,-7.9811,21.98,21.51,49,1011,2.57,200,75,Clouds,broken clouds,3,97.35,0.05,0.32,100.82,0.86,3.9,10.51,0.03,2026,5,14,18
2026-05-14 18:25:37,2026-05-14 18:00:00,Rabat,34.0209,-6.8416,20.37,20.03,60,1014,4.12,270,75,Clouds,broken clouds,3,105.52,0.13,1.31,103.85,3.0,2.7,5.99,0.0,2026,5,14,18
2026-05-14 19:25:55,2026-05-14 19:00:00,Casablanca,33.5731,-7.5898,18.95,18.55,63,1014,2.57,340,40,Clouds,scattered clouds,3,104.38,0.08,0.82,103.6,2.91,1.98,5.59,0.0,2026,5,14,19
2026-05-14 19:26:15,2026-05-14 19:00:00,Fes,34.0331,-5.0003,21.08,20.6,52,1012,5.66,310,40,Clouds,scattered clouds,2,95.5,0.03,0.65,91.14,1.12,3.65,6.41,0.15,2026,5,14,19
2026-05-14 19:26:09,2026-05-14 19:00:00,Marrakech,31.6295,-7.9811,20.98,20.49,52,1012,2.57,230,75,Clouds,broken clouds,2,97.32,0.05,0.43,99.97,1.06,4.19,11.52,0.0,2026,5,14,19
2026-05-14 19:26:02,2026-05-14 19:00:00,Rabat,34.0209,-6.8416,19.37,19.01,63,1014,3.09,270,75,Clouds,broken clouds,3,106.43,0.14,1.48,103.56,2.99,2.67,6.08,0.02,2026,5,14,19
2026-05-15 09:15:31,2026-05-15 09:00:00,Casablanca,33.5731,-7.5898,14.99,14.82,87,1017,1.79,260,55,Rain,light rain,2,111.37,0.63,3.42,66.62,1.45,4.28,16.72,0.56,2026,5,15,9
2026-05-15 09:15:54,2026-05-15 09:00:00,Fes,34.0331,-5.0003,16.06,15.6,72,1015,4.12,310,40,Clouds,scattered clouds,2,97.93,0.14,2.09,67.81,0.82,2.1,3.37,1.28,2026,5,15,9
2026-05-15 09:15:47,2026-05-15 09:00:00,Marrakech,31.6295,-7.9811,15.97,15.37,67,1015,2.06,90,75,Clouds,broken clouds,2,103.82,0.06,2.24,78.25,0.43,1.36,4.73,0.39,2026,5,15,9
2026-05-15 09:15:39,2026-05-15 09:00:00,Rabat,34.0209,-6.8416,18.37,18.56,88,1015,2.57,210,75,Rain,light rain,1,112.3,1.3,5.71,59.64,1.17,2.75,8.02,0.93,2026,5,15,9
2026-05-15 10:16:00,2026-05-15 10:00:00,Casablanca,33.5731,-7.5898,17.89,17.75,77,1015,1.54,0,40,Clouds,scattered clouds,2,110.99,0.95,3.13,67.99,1.72,4.47,17.27,0.62,2026,5,15,10
2026-05-15 10:16:19,2026-05-15 10:00:00,Fes,34.0331,-5.0003,18.08,17.38,55,1015,3.6,280,75,Clouds,broken clouds,2,97.69,0.17,1.46,72.03,0.69,2.02,3.35,0.93,2026,5,15,10
2026-05-15 10:16:12,2026-05-15 10:00:00,Marrakech,31.6295,-7.9811,16.98,16.38,63,1015,2.57,10,75,Clouds,broken clouds,2,103.68,0.12,1.92,80.02,0.43,1.27,4.36,0.3,2026,5,15,10
2026-05-15 10:16:06,2026-05-15 10:00:00,Rabat,34.0209,-6.8416,19.37,19.14,68,1016,2.57,250,75,Clouds,broken clouds,2,111.22,1.67,5.01,64.23,1.26,2.76,7.84,0.83,2026,5,15,10
2026-05-15 22:40:16,2026-05-15 22:00:00,Casablanca,33.5731,-7.5898,16.84,16.46,72,1016,3.6,10,9,Clear,clear sky,2,111.03,0.0,1.62,96.99,3.42,2.89,8.72,0.12,2026,5,15,22
2026-05-15 22:41:28,2026-05-15 22:00:00,Fes,34.0331,-5.0003,15.08,14.65,77,1016,3.6,320,40,Clouds,scattered clouds,2,97.87,0.0,1.1,86.12,0.95,2.25,4.97,0.32,2026,5,15,22
2026-05-15 22:41:06,2026-05-15 22:00:00,Marrakech,31.6295,-7.9811,14.98,14.67,82,1016,4.12,220,75,Rain,light rain,2,100.54,0.0,0.67,94.8,0.54,1.55,4.13,0.13,2026,5,15,22
2026-05-15 22:40:51,2026-05-15 22:00:00,Rabat,34.0209,-6.8416,17.37,16.91,67,1016,1.54,300,40,Clouds,scattered clouds,2,109.8,0.0,2.02,98.02,2.36,2.93,7.55,0.18,2026,5,15,22
2026-05-16 10:16:10,2026-05-16 10:00:00,Casablanca,33.5731,-7.5898,17.01,16.78,77,1016,2.06,280,75,Rain,moderate rain,2,107.39,0.21,2.73,76.2,1.95,5.42,19.0,0.35,2026,5,16,10
2026-05-16 10:16:29,2026-05-16 10:00:00,Fes,34.0331,-5.0003,14.08,14.0,94,1018,2.06,320,75,Clouds,broken clouds,2,99.09,0.15,1.61,63.4,0.52,1.92,4.06,0.7,2026,5,16,10
2026-05-16 10:16:23,2026-05-16 10:00:00,Marrakech,31.6295,-7.9811,16.98,16.48,67,1017,2.06,150,40,Clouds,scattered clouds,2,107.15,0.42,1.9,78.69,0.49,1.63,5.4,0.91,2026,5,16,10
2026-05-16 10:16:16,2026-05-16 10:00:00,Rabat,34.0209,-6.8416,21.37,21.02,56,1017,0.0,0,40,Rain,light rain,2,104.4,0.32,2.62,82.07,1.56,3.81,11.71,0.4,2026,5,16,10
2026-05-16 11:16:35,2026-05-16 11:00:00,Casablanca,33.5731,-7.5898,17.01,17.06,88,1016,1.54,140,75,Rain,moderate rain,2,104.82,0.1,1.57,93.62,3.39,4.33,14.4,0.01,2026,5,16,11
2026-05-16 11:16:55,2026-05-16 11:00:00,Fes,34.0331,-5.0003,15.08,14.78,82,1017,1.03,0,75,Clouds,broken clouds,2,98.68,0.13,1.14,76.33,0.55,1.62,3.21,0.48,2026,5,16,11
2026-05-16 11:16:48,2026-05-16 11:00:00,Marrakech,31.6295,-7.9811,18.98,18.37,55,1016,2.06,0,40,Clouds,scattered clouds,2,107.23,0.2,0.84,92.43,0.43,1.45,5.0,0.44,2026,5,16,11
2026-05-16 11:16:42,2026-05-16 11:00:00,Rabat,34.0209,-6.8416,21.37,21.02,56,1017,2.06,260,75,Rain,light rain,2,103.16,0.15,1.27,92.23,2.18,3.49,9.59,0.11,2026,5,16,11
2026-05-16 12:17:01,2026-05-16 12:00:00,Casablanca,33.5731,-7.5898,17.01,17.06,88,1016,1.54,260,75,Rain,light rain,2,103.23,0.08,1.18,94.51,2.79,3.62,11.17,0.01,2026,5,16,12
2026-05-16 12:17:19,2026-05-16 12:00:00,Fes,34.0331,-5.0003,16.08,15.62,72,1017,2.06,340,75,Clouds,broken clouds,2,97.21,0.13,0.88,78.58,0.38,1.36,2.44,0.33,2026,5,16,12
2026-05-16 12:17:13,2026-05-16 12:00:00,Marrakech,31.6295,-7.9811,19.98,19.31,49,1017,2.06,0,40,Clouds,scattered clouds,2,105.6,0.11,0.42,98.76,0.35,1.36,4.66,0.28,2026,5,16,12
2026-05-16 12:17:07,2026-05-16 12:00:00,Rabat,34.0209,-6.8416,21.37,21.13,60,1016,3.6,260,75,Clouds,broken clouds,2,102.24,0.1,0.95,93.89,1.88,3.18,7.8,0.09,2026,5,16,12
2026-05-16 13:17:27,2026-05-16 13:00:00,Casablanca,33.5731,-7.5898,17.01,17.22,94,1016,1.03,0,75,Rain,moderate rain,2,102.36,0.08,1.0,94.11,2.6,3.36,9.89,0.01,2026,5,16,13
2026-05-16 13:17:46,2026-05-16 13:00:00,Fes,34.0331,-5.0003,18.08,17.59,63,1017,1.54,0,75,Clouds,broken clouds,2,96.31,0.1,0.64,81.51,0.32,1.24,2.1,0.31,2026,5,16,13
2026-05-16 13:17:39,2026-05-16 13:00:00,Marrakech,31.6295,-7.9811,21.98,21.36,43,1016,2.57,0,40,Clouds,scattered clouds,3,104.24,0.07,0.29,102.0,0.31,1.36,4.61,0.23,2026,5,16,13
2026-05-16 13:17:33,2026-05-16 13:00:00,Rabat,34.0209,-6.8416,21.37,21.13,60,1016,4.12,290,75,Clouds,broken clouds,2,101.68,0.08,0.86,94.05,1.84,3.19,7.14,0.09,2026,5,16,13
2026-05-16 14:17:52,2026-05-16 14:00:00,Casablanca,33.5731,-7.5898,19.01,18.98,77,1016,1.54,350,75,Clouds,broken clouds,2,102.77,0.08,0.81,96.18,2.67,3.42,8.87,0.01,2026,5,16,14
2026-05-16 14:18:14,2026-05-16 14:00:00,Fes,34.0331,-5.0003,19.08,18.48,55,1017,2.06,0,75,Clouds,broken clouds,2,95.65,0.04,0.28,89.73,0.26,1.1,1.78,0.16,2026,5,16,14
2026-05-16 14:18:07,2026-05-16 14:00:00,Marrakech,31.6295,-7.9811,21.97,21.27,40,1015,1.54,80,40,Clouds,scattered clouds,3,102.35,0.06,0.23,108.72,0.21,1.24,3.76,0.19,2026,5,16,14
2026-05-16 14:18:01,2026-05-16 14:00:00,Rabat,34.0209,-6.8416,21.37,21.13,60,1016,4.12,300,75,Clouds,broken clouds,2,102.2,0.1,0.79,96.49,1.9,2.86,5.61,0.12,2026,5,16,14
2026-05-16 15:18:25,2026-05-16 15:00:00,Casablanca,33.5731,-7.5898,19.01,18.98,77,1016,3.09,330,75,Clouds,broken clouds,2,102.1,0.06,0.72,95.29,2.4,3.0,7.54,0.02,2026,5,16,15
2026-05-16 15:18:44,2026-05-16 15:00:00,Fes,34.0331,-5.0003,20.08,19.32,45,1017,2.57,240,75,Clouds,broken clouds,2,94.7,0.03,0.23,91.04,0.24,1.02,1.7,0.15,2026,5,16,15
2026-05-16 15:18:38,2026-05-16 15:00:00,Marrakech,31.6295,-7.9811,23.98,23.43,38,1016,2.57,0,40,Clouds,scattered clouds,3,99.22,0.05,0.21,106.84,0.18,1.06,3.3,0.14,2026,5,16,15
2026-05-16 15:18:32,2026-05-16 15:00:00,Rabat,34.0209,-6.8416,21.37,21.23,64,1016,3.6,310,75,Clouds,broken clouds,2,101.84,0.08,0.73,97.07,1.93,3.03,5.75,0.13,2026,5,16,15
2026-05-16 16:18:52,2026-05-16 16:00:00,Casablanca,33.5731,-7.5898,21.93,21.95,68,1016,5.16,338,63,Clouds,broken clouds,2,101.69,0.05,0.71,94.4,2.26,2.77,6.9,0.03,2026,5,16,16
2026-05-16 16:19:12,2026-05-16 16:00:00,Fes,34.0331,-5.0003,21.06,20.32,42,1016,2.06,0,75,Clouds,broken clouds,2,94.16,0.02,0.23,91.38,0.23,1.0,1.68,0.16,2026,5,16,16
2026-05-16 16:19:06,2026-05-16 16:00:00,Marrakech,31.6295,-7.9811,24.98,24.47,36,1015,2.57,0,40,Clouds,scattered clouds,3,96.86,0.05,0.22,104.2,0.18,1.07,3.36,0.12,2026,5,16,16
2026-05-16 16:18:59,2026-05-16 16:00:00,Rabat,34.0209,-6.8416,21.37,21.34,68,1016,4.12,290,75,Clouds,broken clouds,2,101.92,0.07,0.76,97.12,2.0,3.23,6.06,0.14,2026,5,16,16
2026-05-16 17:19:19,2026-05-16 17:00:00,Casablanca,33.5731,-7.5898,20.01,19.84,68,1016,2.57,350,75,Clouds,broken clouds,2,101.94,0.06,0.76,94.01,2.16,2.69,6.96,0.05,2026,5,16,17
2026-05-16 17:19:38,2026-05-16 17:00:00,Fes,34.0331,-5.0003,22.06,21.37,40,1016,1.54,0,75,Clouds,broken clouds,2,94.37,0.03,0.31,91.41,0.25,1.05,1.84,0.2,2026,5,16,17
2026-05-16 17:19:31,2026-05-16 17:00:00,Marrakech,31.6295,-7.9811,23.97,23.34,35,1015,2.57,360,40,Clouds,scattered clouds,3,97.32,0.06,0.27,104.32,0.22,1.23,3.95,0.12,2026,5,16,17
2026-05-16 17:19:25,2026-05-16 17:00:00,Rabat,34.0209,-6.8416,21.37,21.23,64,1016,3.6,310,75,Clouds,broken clouds,2,102.46,0.07,1.0,96.92,2.23,3.5,6.62,0.18,2026,5,16,17
2026-05-17 11:43:01,2026-05-17 11:00:00,Casablanca,33.5731,-7.5898,18.01,17.75,72,1019,3.6,10,75,Clouds,broken clouds,3,104.74,0.15,0.91,101.04,4.08,6.21,17.21,0.14,2026,5,17,11
2026-05-17 11:43:20,2026-05-17 11:00:00,Fes,34.0331,-5.0003,21.08,20.71,56,1017,3.09,340,40,Clouds,scattered clouds,2,92.47,0.05,0.17,91.07,0.35,2.1,3.74,0.21,2026,5,17,11
2026-05-17 11:43:14,2026-05-17 11:00:00,Marrakech,31.6295,-7.9811,19.98,19.6,60,1017,2.57,350,75,Clouds,broken clouds,2,97.37,0.07,0.28,96.71,0.29,2.84,11.84,0.28,2026,5,17,11
2026-05-17 11:43:08,2026-05-17 11:00:00,Rabat,34.0209,-6.8416,19.37,19.24,72,1019,3.6,300,75,Clouds,broken clouds,3,105.87,0.24,1.37,101.9,4.08,6.9,15.08,0.23,2026,5,17,11
2026-05-17 12:43:27,2026-05-17 12:00:00,Casablanca,33.5731,-7.5898,18.01,17.64,68,1019,3.09,10,75,Clouds,broken clouds,3,103.44,0.12,0.8,102.41,4.07,6.3,16.8,0.12,2026,5,17,12
2026-05-17 12:43:46,2026-05-17 12:00:00,Fes,34.0331,-5.0003,22.08,21.81,56,1017,3.6,310,40,Clouds,scattered clouds,2,91.44,0.04,0.15,90.28,0.31,2.16,3.82,0.21,2026,5,17,12
2026-05-17 12:43:39,2026-05-17 12:00:00,Marrakech,31.6295,-7.9811,20.98,20.6,56,1017,1.54,0,75,Clouds,broken clouds,2,96.15,0.06,0.24,96.39,0.34,3.01,12.0,0.24,2026,5,17,12
2026-05-17 12:43:33,2026-05-17 12:00:00,Rabat,34.0209,-6.8416,21.37,21.23,64,1019,3.09,290,75,Clouds,broken clouds,3,104.34,0.18,1.14,103.72,4.16,7.28,16.05,0.18,2026,5,17,12
2026-05-17 13:43:52,2026-05-17 13:00:00,Casablanca,33.5731,-7.5898,19.01,18.74,68,1019,3.6,360,75,Clouds,broken clouds,3,103.26,0.1,0.66,103.92,3.69,5.74,14.65,0.09,2026,5,17,13
2026-05-17 13:44:11,2026-05-17 13:00:00,Fes,34.0331,-5.0003,22.08,21.7,52,1017,4.63,310,40,Clouds,scattered clouds,2,91.68,0.04,0.16,90.46,0.29,2.26,4.02,0.23,2026,5,17,13
2026-05-17 13:44:05,2026-05-17 13:00:00,Marrakech,31.6295,-7.9811,21.98,21.62,53,1017,1.54,0,75,Clouds,broken clouds,2,96.1,0.05,0.2,97.52,0.33,2.79,10.76,0.18,2026,5,17,13
2026-05-17 13:43:58,2026-05-17 13:00:00,Rabat,34.0209,-6.8416,20.37,20.24,68,1018,3.6,300,75,Clouds,broken clouds,3,103.39,0.14,0.91,104.13,3.63,6.42,14.61,0.19,2026,5,17,13
2026-05-17 14:44:18,2026-05-17 14:00:00,Casablanca,33.5731,-7.5898,18.95,18.68,68,1019,4.12,20,75,Clouds,broken clouds,2,102.2,0.08,0.96,98.71,3.22,4.28,11.45,0.12,2026,5,17,14
2026-05-17 14:44:37,2026-05-17 14:00:00,Fes,34.0331,-5.0003,22.08,21.62,49,1016,4.12,350,40,Clouds,scattered clouds,2,90.77,0.04,0.16,92.36,0.27,2.09,3.6,0.21,2026,5,17,14
2026-05-17 14:44:31,2026-05-17 14:00:00,Marrakech,31.6295,-7.9811,22.98,22.61,49,1016,2.06,0,75,Clouds,broken clouds,2,95.69,0.05,0.19,97.01,0.33,3.06,12.22,0.18,2026,5,17,14
2026-05-17 14:44:24,2026-05-17 14:00:00,Rabat,34.0209,-6.8416,20.37,20.24,68,1018,4.12,310,75,Clouds,broken clouds,3,102.2,0.08,1.08,101.28,3.09,5.07,11.22,0.19,2026,5,17,14
2026-05-17 15:44:43,2026-05-17 15:00:00,Casablanca,33.5731,-7.5898,19.01,18.61,63,1018,3.6,20,75,Clouds,broken clouds,2,101.27,0.07,0.94,98.86,3.21,3.96,10.86,0.1,2026,5,17,15
2026-05-17 15:45:01,2026-05-17 15:00:00,Fes,34.0331,-5.0003,22.08,21.62,49,1016,5.14,340,75,Clouds,broken clouds,2,90.54,0.04,0.19,91.86,0.31,2.21,3.81,0.23,2026,5,17,15
2026-05-17 15:44:55,2026-05-17 15:00:00,Marrakech,31.6295,-7.9811,22.98,22.53,46,1015,2.06,0,75,Clouds,broken clouds,2,94.98,0.05,0.21,96.01,0.38,3.28,12.9,0.16,2026,5,17,15
2026-05-17 15:44:49,2026-05-17 15:00:00,Rabat,34.0209,-6.8416,19.37,19.24,72,1018,4.12,300,75,Clouds,broken clouds,3,101.21,0.07,1.1,101.53,2.94,4.64,10.52,0.16,2026,5,17,15
2026-05-17 16:45:08,2026-05-17 16:00:00,Casablanca,33.5731,-7.5898,19.01,18.61,63,1018,4.12,10,75,Clouds,broken clouds,2,101.18,0.06,1.06,99.92,3.36,3.83,11.13,0.08,2026,5,17,16
2026-05-17 16:45:27,2026-05-17 16:00:00,Fes,34.0331,-5.0003,23.08,22.72,49,1016,4.12,320,75,Clouds,broken clouds,2,91.33,0.04,0.28,91.12,0.39,2.47,4.26,0.29,2026,5,17,16
2026-05-17 16:45:21,2026-05-17 16:00:00,Marrakech,31.6295,-7.9811,23.98,23.56,43,1015,1.54,230,75,Clouds,broken clouds,2,95.52,0.06,0.28,96.33,0.51,3.87,14.64,0.15,2026,5,17,16
2026-05-17 16:45:14,2026-05-17 16:00:00,Rabat,34.0209,-6.8416,20.37,20.24,68,1018,3.6,320,75,Clouds,broken clouds,3,101.02,0.06,1.44,102.06,3.03,4.35,10.85,0.17,2026,5,17,16
2026-05-17 17:45:33,2026-05-17 17:00:00,Casablanca,33.5731,-7.5898,19.01,18.61,63,1018,4.12,10,75,Clouds,broken clouds,3,101.42,0.05,1.32,100.99,3.68,3.84,12.2,0.08,2026,5,17,17
2026-05-17 17:45:52,2026-05-17 17:00:00,Fes,34.0331,-5.0003,22.08,21.62,49,1016,4.12,330,75,Clouds,broken clouds,2,91.96,0.05,0.46,88.61,0.51,2.74,4.78,0.38,2026,5,17,17
2026-05-17 17:45:46,2026-05-17 17:00:00,Marrakech,31.6295,-7.9811,24.98,24.68,44,1014,2.57,290,75,Clouds,broken clouds,2,96.05,0.07,0.4,96.61,0.7,4.72,16.94,0.15,2026,5,17,17
2026-05-17 17:45:39,2026-05-17 17:00:00,Rabat,34.0209,-6.8416,20.37,20.24,68,1018,3.6,310,75,Clouds,broken clouds,3,101.81,0.07,2.03,102.49,3.23,4.26,11.69,0.21,2026,5,17,17
2026-05-17 18:45:59,2026-05-17 18:00:00,Casablanca,33.5731,-7.5898,18.95,18.55,63,1018,3.6,10,75,Clouds,broken clouds,3,101.66,0.02,1.55,102.13,3.87,3.85,13.04,0.08,2026,5,17,18
2026-05-17 18:46:19,2026-05-17 18:00:00,Fes,34.0331,-5.0003,21.08,20.6,52,1016,5.66,320,75,Clouds,broken clouds,2,92.59,0.03,0.69,85.69,0.61,2.77,5.03,0.47,2026,5,17,18
2026-05-17 18:46:12,2026-05-17 18:00:00,Marrakech,31.6295,-7.9811,23.98,23.56,43,1014,2.06,360,75,Clouds,broken clouds,2,96.58,0.06,0.51,96.53,0.86,5.4,18.6,0.15,2026,5,17,18
2026-05-17 18:46:05,2026-05-17 18:00:00,Rabat,34.0209,-6.8416,20.37,20.13,64,1018,3.6,300,75,Clouds,broken clouds,3,102.78,0.05,2.39,103.23,3.23,4.1,11.76,0.24,2026,5,17,18
2026-05-17 19:57:38,2026-05-17 19:00:00,Casablanca,33.5731,-7.5898,18.01,17.51,63,1018,2.57,360,75,Clouds,broken clouds,3,101.36,0.01,1.76,102.24,3.85,3.83,13.43,0.11,2026,5,17,19
2026-05-17 19:58:08,2026-05-17 19:00:00,Fes,34.0331,-5.0003,20.08,19.68,59,1017,5.14,330,75,Clouds,broken clouds,2,92.99,0.01,0.99,81.21,0.66,2.7,5.24,0.6,2026,5,17,19
2026-05-17 19:57:59,2026-05-17 19:00:00,Marrakech,31.6295,-7.9811,21.97,21.61,53,1015,6.69,350,75,Clouds,broken clouds,2,96.42,0.03,0.82,93.71,0.95,5.96,19.6,0.21,2026,5,17,19
2026-05-17 19:57:47,2026-05-17 19:00:00,Rabat,34.0209,-6.8416,18.37,18.04,68,1018,2.57,300,75,Clouds,broken clouds,3,102.81,0.02,2.45,103.23,3.09,3.85,11.12,0.25,2026,5,17,19
2026-05-17 20:58:19,2026-05-17 20:00:00,Casablanca,33.5731,-7.5898,17.89,17.51,68,1019,2.57,10,75,Clouds,broken clouds,3,102.45,0.0,1.89,103.1,3.82,3.9,13.85,0.16,2026,5,17,20
2026-05-17 20:58:49,2026-05-17 20:00:00,Fes,34.0331,-5.0003,19.08,18.58,59,1018,4.63,310,75,Clouds,broken clouds,2,94.28,0.0,1.26,77.09,0.66,2.72,5.68,0.66,2026,5,17,20
2026-05-17 20:58:38,2026-05-17 20:00:00,Marrakech,31.6295,-7.9811,19.98,19.6,60,1016,5.66,30,75,Clouds,broken clouds,2,98.02,0.0,1.16,90.86,0.98,6.42,20.23,0.33,2026,5,17,20
2026-05-17 20:58:28,2026-05-17 20:00:00,Rabat,34.0209,-6.8416,17.37,17.17,77,1019,2.57,290,75,Clouds,broken clouds,3,103.56,0.0,2.33,103.56,2.97,3.66,10.44,0.23,2026,5,17,20
2026-05-17 21:58:58,2026-05-17 21:00:00,Casablanca,33.5731,-7.5898,16.84,16.33,67,1020,2.57,10,72,Clouds,broken clouds,3,103.55,0.0,1.82,103.73,3.7,3.87,13.72,0.18,2026,5,17,21
2026-05-17 21:59:34,2026-05-17 21:00:00,Fes,34.0331,-5.0003,17.08,16.59,67,1019,3.6,280,75,Clouds,broken clouds,2,95.67,0.0,1.42,74.58,0.61,2.79,6.2,0.61,2026,5,17,21
2026-05-17 21:59:21,2026-05-17 21:00:00,Marrakech,31.6295,-7.9811,17.98,17.48,63,1017,5.66,30,75,Clouds,broken clouds,2,99.72,0.0,1.34,88.77,0.97,6.59,20.04,0.44,2026,5,17,21
2026-05-17 21:59:14,2026-05-17 21:00:00,Rabat,34.0209,-6.8416,17.37,17.17,77,1020,3.09,300,75,Clouds,broken clouds,3,104.13,0.0,2.15,103.51,2.89,3.49,9.83,0.2,2026,5,17,21
2026-05-17 22:59:42,2026-05-17 22:00:00,Casablanca,33.5731,-7.5898,16.84,16.33,67,1020,2.57,40,56,Clouds,broken clouds,3,103.29,0.0,1.74,102.41,3.41,3.77,13.26,0.18,2026,5,17,22
2026-05-17 22:59:51,2026-05-17 22:00:00,Rabat,34.0209,-6.8416,17.37,17.04,72,1020,2.06,270,75,Clouds,broken clouds,3,103.35,0.0,2.08,101.14,2.79,3.35,9.28,0.2,2026,5,17,22
2026-05-17 23:00:14,2026-05-17 23:00:00,Fes,34.0331,-5.0003,16.08,15.62,72,1019,3.09,280,75,Clouds,broken clouds,2,94.53,0.0,1.54,69.53,0.48,2.78,6.29,0.54,2026,5,17,23
2026-05-17 23:00:04,2026-05-17 23:00:00,Marrakech,31.6295,-7.9811,16.98,16.48,67,1019,4.12,50,75,Clouds,broken clouds,2,99.47,0.0,1.49,84.96,0.89,6.48,19.02,0.56,2026,5,17,23
2026-05-23 13:19:18,2026-05-23 13:00:00,Casablanca,33.5731,-7.5898,32.97,32.42,33,1018,3.09,340,0,Clear,clear sky,3,91.97,0.12,0.66,110.27,3.27,21.93,88.9,0.27,2026,5,23,13
2026-05-23 13:19:36,2026-05-23 13:00:00,Fes,34.0331,-5.0003,35.08,33.26,21,1018,2.57,350,40,Clouds,scattered clouds,2,82.19,0.04,0.16,93.77,0.17,7.78,30.93,0.38,2026,5,23,13
2026-05-23 13:19:30,2026-05-23 13:00:00,Marrakech,31.6295,-7.9811,38.98,36.82,15,1017,3.09,0,40,Clouds,scattered clouds,3,86.19,0.04,0.19,109.71,0.12,9.63,46.15,0.31,2026,5,23,13
2026-05-23 13:19:24,2026-05-23 13:00:00,Rabat,34.0209,-6.8416,37.35,36.24,22,1018,0.0,0,62,Clouds,broken clouds,3,92.39,0.12,0.75,113.55,3.26,20.65,71.26,0.26,2026,5,23,13
