timestamp,city,lat,lon,temperature,feels_like,humidity,pressure,wind_speed,wind_deg,clouds,visibility,weather_main,weather_description,aqi,co,no,no2,o3,so2,pm2_5,pm10,nh3,source_file
2026-04-30 18:12:03.368949,Marrakech,31.6295,-7.9811,24.98,,50.0,1014.0,2.06,,,,,broken clouds,2.0,,,0.57,96.89,,3.83,9.39,,raw_collecte_mohammed.csv
2026-04-30 18:12:03.368949,Rabat,34.0209,-6.8416,20.36,,64.0,1017.0,3.6,,,,,scattered clouds,2.0,,,2.12,92.94,,3.73,6.69,,raw_collecte_mohammed.csv
2026-04-30 19:12:13.649309,Agadir,30.4278,-9.5981,22.06,,70.0,1015.0,6.24,,,,,scattered clouds,2.0,,,0.17,95.42,,1.2,3.38,,raw_collecte_mohammed.csv
2026-04-30 19:12:13.649309,Tanger,35.7595,-5.834,18.74,,68.0,1016.0,3.09,,,,,clear sky,3.0,,,0.82,110.56,,2.36,5.91,,raw_collecte_mohammed.csv
2026-04-30 19:12:13.649309,Marrakech,31.6295,-7.9811,22.98,,53.0,1014.0,1.03,,,,,scattered clouds,2.0,,,0.84,92.85,,4.36,10.33,,raw_collecte_mohammed.csv
2026-04-30 19:12:13.649309,Rabat,34.0209,-6.8416,19.37,,68.0,1017.0,3.09,,,,,scattered clouds,2.0,,,2.49,92.65,,3.26,6.03,,raw_collecte_mohammed.csv
2026-04-30 20:12:23.159074,Agadir,30.4278,-9.5981,20.06,,71.0,1016.0,3.74,,,,,clear sky,2.0,,,0.2,95.72,,1.2,3.44,,raw_collecte_mohammed.csv
2026-04-30 20:12:23.159074,Tanger,35.7595,-5.834,17.74,,72.0,1017.0,3.09,,,,,clear sky,3.0,,,1.32,106.19,,2.35,5.94,,raw_collecte_mohammed.csv
2026-04-30 20:12:23.159074,Marrakech,31.6295,-7.9811,22.98,,53.0,1015.0,2.57,,,,,scattered clouds,2.0,,,1.23,86.73,,4.49,10.53,,raw_collecte_mohammed.csv
2026-04-30 20:12:23.159074,Rabat,34.0209,-6.8416,17.37,,77.0,1018.0,2.57,,,,,scattered clouds,2.0,,,2.97,90.64,,2.85,5.47,,raw_collecte_mohammed.csv
2026-04-30 21:12:32.755292,Agadir,30.4278,-9.5981,18.06,,78.0,1017.0,2.9,,,,,scattered clouds,2.0,,,0.2,96.06,,1.22,3.58,,raw_collecte_mohammed.csv
2026-04-30 21:12:32.755292,Tanger,35.7595,-5.834,16.74,,77.0,1018.0,2.06,,,,,clear sky,3.0,,,1.73,101.6,,2.38,6.04,,raw_collecte_mohammed.csv
2026-04-30 21:12:32.755292,Marrakech,31.6295,-7.9811,22.98,,53.0,1017.0,2.06,,,,,scattered clouds,2.0,,,1.53,82.56,,4.48,10.65,,raw_collecte_mohammed.csv
2026-04-30 21:12:32.755292,Rabat,34.0209,-6.8416,17.37,,77.0,1019.0,2.57,,,,,scattered clouds,2.0,,,3.31,88.6,,2.7,5.34,,raw_collecte_mohammed.csv
2026-04-30 22:12:48.110970,Agadir,30.4278,-9.5981,17.06,,80.0,1018.0,1.16,,,,,broken clouds,2.0,,,0.19,96.86,,1.23,3.71,,raw_collecte_mohammed.csv
2026-04-30 22:12:48.110970,Tanger,35.7595,-5.834,15.74,,82.0,1019.0,1.54,,,,,few clouds,2.0,,,1.94,99.27,,2.41,6.14,,raw_collecte_mohammed.csv
2026-04-30 22:12:48.110970,Marrakech,31.6295,-7.9811,21.02,,60.0,1018.0,3.6,,,,,scattered clouds,2.0,,,1.68,80.12,,4.41,10.7,,raw_collecte_mohammed.csv
2026-04-30 22:12:48.110970,Rabat,34.0209,-6.8416,15.37,,88.0,1019.0,0.0,,,,,scattered clouds,2.0,,,3.38,87.14,,2.69,5.44,,raw_collecte_mohammed.csv
2026-04-30 23:12:57.581484,Agadir,30.4278,-9.5981,17.06,,82.0,1018.0,1.17,,,,,broken clouds,2.0,,,0.18,96.93,,1.25,3.94,,raw_collecte_mohammed.csv
2026-04-30 23:12:57.581484,Tanger,35.7595,-5.834,15.74,,82.0,1019.0,1.54,,,,,few clouds,2.0,,,2.14,97.55,,2.45,6.24,,raw_collecte_mohammed.csv
2026-04-30 23:12:57.581484,Marrakech,31.6295,-7.9811,18.98,,63.0,1018.0,2.57,,,,,scattered clouds,2.0,,,1.75,77.75,,4.31,10.67,,raw_collecte_mohammed.csv
2026-04-30 23:12:57.581484,Rabat,34.0209,-6.8416,12.37,,94.0,1020.0,0.0,,,,,scattered clouds,2.0,,,3.5,83.6,,2.77,5.65,,raw_collecte_mohammed.csv
2026-05-01 00:17:03.281703,Agadir,30.4278,-9.5981,17.06,,84.0,1018.0,2.59,,,,,broken clouds,2.0,,,0.17,97.2,,1.29,4.21,,raw_collecte_mohammed.csv
2026-05-01 00:17:03.281703,Tanger,35.7595,-5.834,13.74,,82.0,1019.0,1.03,,,,,clear sky,2.0,,,2.18,95.73,,2.47,6.3,,raw_collecte_mohammed.csv
2026-05-01 00:17:03.281703,Marrakech,31.6295,-7.9811,16.98,,72.0,1018.0,2.06,,,,,scattered clouds,2.0,,,1.77,76.71,,4.32,10.77,,raw_collecte_mohammed.csv
2026-05-01 00:17:03.281703,Rabat,34.0209,-6.8416,11.37,,100.0,1019.0,0.0,,,,,scattered clouds,2.0,,,3.67,79.88,,2.96,6.03,,raw_collecte_mohammed.csv
2026-05-01 01:17:13.598305,Agadir,30.4278,-9.5981,17.06,,84.0,1018.0,3.54,,,,,broken clouds,2.0,,,0.16,97.23,,1.31,4.4,,raw_collecte_mohammed.csv
2026-05-01 01:17:13.598305,Tanger,35.7595,-5.834,13.74,,88.0,1019.0,1.03,,,,,scattered clouds,2.0,,,1.99,93.9,,2.47,6.29,,raw_collecte_mohammed.csv
2026-05-01 01:17:13.598305,Marrakech,31.6295,-7.9811,15.98,,77.0,1018.0,3.6,,,,,scattered clouds,2.0,,,1.67,76.42,,4.38,10.86,,raw_collecte_mohammed.csv
2026-05-01 01:17:13.598305,Rabat,34.0209,-6.8416,10.37,,100.0,1019.0,0.0,,,,,scattered clouds,2.0,,,3.55,77.28,,3.19,6.49,,raw_collecte_mohammed.csv
2026-05-01 02:17:24.183428,Agadir,30.4278,-9.5981,17.06,,84.0,1018.0,4.19,,,,,overcast clouds,2.0,,,0.16,97.0,,1.35,4.55,,raw_collecte_mohammed.csv
2026-05-01 02:17:24.183428,Tanger,35.7595,-5.834,12.74,,88.0,1019.0,0.51,,,,,overcast clouds,2.0,,,1.76,91.5,,2.44,6.21,,raw_collecte_mohammed.csv
2026-05-01 02:17:24.183428,Marrakech,31.6295,-7.9811,15.98,,77.0,1018.0,3.6,,,,,scattered clouds,2.0,,,1.54,75.78,,4.51,10.87,,raw_collecte_mohammed.csv
2026-05-01 02:17:24.183428,Rabat,34.0209,-6.8416,10.37,,100.0,1019.0,0.0,,,,,scattered clouds,2.0,,,3.27,74.71,,3.42,6.93,,raw_collecte_mohammed.csv
2026-05-01 03:17:33.937870,Agadir,30.4278,-9.5981,16.06,,85.0,1017.0,3.78,,,,,overcast clouds,2.0,,,0.16,96.03,,1.44,4.84,,raw_collecte_mohammed.csv
2026-05-01 03:17:33.937870,Tanger,35.7595,-5.834,12.74,,88.0,1019.0,0.51,,,,,overcast clouds,2.0,,,1.56,88.67,,2.41,6.13,,raw_collecte_mohammed.csv
2026-05-01 03:17:33.937870,Marrakech,31.6295,-7.9811,13.97,,82.0,1018.0,2.06,,,,,scattered clouds,2.0,,,1.42,74.43,,4.67,10.9,,raw_collecte_mohammed.csv
2026-05-01 03:17:33.937870,Rabat,34.0209,-6.8416,10.37,,93.0,1019.0,0.0,,,,,scattered clouds,2.0,,,3.02,72.03,,3.65,7.35,,raw_collecte_mohammed.csv
2026-05-01 04:17:44.089299,Agadir,30.4278,-9.5981,16.06,,85.0,1017.0,3.0,,,,,overcast clouds,2.0,,,0.17,94.59,,1.6,5.38,,raw_collecte_mohammed.csv
2026-05-01 04:17:44.089299,Tanger,35.7595,-5.834,12.74,,88.0,1019.0,1.03,,,,,broken clouds,2.0,,,1.4,85.92,,2.4,6.06,,raw_collecte_mohammed.csv
2026-05-01 04:17:44.089299,Marrakech,31.6295,-7.9811,13.98,,82.0,1018.0,2.57,,,,,scattered clouds,2.0,,,1.3,73.38,,4.82,11.03,,raw_collecte_mohammed.csv
2026-05-01 04:17:44.089299,Rabat,34.0209,-6.8416,10.37,,93.0,1019.0,0.0,,,,,scattered clouds,2.0,,,2.84,69.5,,3.87,7.68,,raw_collecte_mohammed.csv
2026-05-01 05:17:53.838923,Agadir,30.4278,-9.5981,16.06,,85.0,1017.0,2.02,,,,,overcast clouds,2.0,,,0.18,93.16,,1.63,5.41,,raw_collecte_mohammed.csv
2026-05-01 05:17:53.838923,Tanger,35.7595,-5.834,12.74,,88.0,1019.0,2.06,,,,,broken clouds,2.0,,,1.28,83.35,,2.37,5.98,,raw_collecte_mohammed.csv
2026-05-01 05:17:53.838923,Marrakech,31.6295,-7.9811,13.98,,82.0,1017.0,3.09,,,,,scattered clouds,2.0,,,1.35,70.64,,4.92,11.06,,raw_collecte_mohammed.csv
2026-05-01 05:17:53.838923,Rabat,34.0209,-6.8416,9.37,,93.0,1019.0,0.0,,,,,scattered clouds,2.0,,,2.78,67.67,,4.08,7.94,,raw_collecte_mohammed.csv
2026-05-01 06:18:03.942241,Agadir,30.4278,-9.5981,15.06,,84.0,1017.0,0.16,,,,,overcast clouds,2.0,,,0.2,91.5,,1.53,5.04,,raw_collecte_mohammed.csv
2026-05-01 06:18:03.942241,Tanger,35.7595,-5.834,11.74,,94.0,1018.0,2.57,,,,,broken clouds,2.0,,,1.34,81.04,,2.38,5.97,,raw_collecte_mohammed.csv
2026-05-01 06:18:03.942241,Marrakech,31.6295,-7.9811,11.98,,87.0,1017.0,2.06,,,,,scattered clouds,2.0,,,1.62,68.3,,5.07,11.16,,raw_collecte_mohammed.csv
2026-05-01 06:18:03.942241,Rabat,34.0209,-6.8416,8.37,,100.0,1019.0,0.0,,,,,scattered clouds,2.0,,,2.89,67.02,,4.31,8.24,,raw_collecte_mohammed.csv
2026-05-01 07:18:13.653008,Agadir,30.4278,-9.5981,14.06,,86.0,1017.0,0.77,,,,,overcast clouds,2.0,,,0.25,89.84,,1.62,5.4,,raw_collecte_mohammed.csv
2026-05-01 07:18:13.653008,Tanger,35.7595,-5.834,11.74,,100.0,1019.0,2.57,,,,,broken clouds,2.0,,,1.96,78.65,,2.48,6.11,,raw_collecte_mohammed.csv
2026-05-01 07:18:13.653008,Marrakech,31.6295,-7.9811,12.98,,88.0,1017.0,1.03,,,,,clear sky,2.0,,,2.46,67.01,,5.23,11.37,,raw_collecte_mohammed.csv
2026-05-01 07:18:13.653008,Rabat,34.0209,-6.8416,9.37,,100.0,1019.0,0.0,,,,,scattered clouds,2.0,,,3.49,67.09,,4.61,8.65,,raw_collecte_mohammed.csv
2026-05-01 08:18:23.437422,Agadir,30.4278,-9.5981,16.06,,84.0,1017.0,0.37,,,,,overcast clouds,2.0,,,0.35,88.2,,1.84,6.55,,raw_collecte_mohammed.csv
2026-05-01 08:18:23.437422,Tanger,35.7595,-5.834,13.74,,94.0,1019.0,2.57,,,,,clear sky,2.0,,,2.93,77.74,,2.66,6.37,,raw_collecte_mohammed.csv
2026-05-01 08:18:23.437422,Marrakech,31.6295,-7.9811,14.97,,88.0,1017.0,1.54,,,,,clear sky,2.0,,,4.07,64.66,,5.23,11.39,,raw_collecte_mohammed.csv
2026-05-01 08:18:23.437422,Rabat,34.0209,-6.8416,11.37,,100.0,1019.0,0.0,,,,,scattered clouds,2.0,,,4.52,66.96,,4.9,9.11,,raw_collecte_mohammed.csv
2026-05-01 09:18:33.574171,Agadir,30.4278,-9.5981,18.06,,81.0,1018.0,1.07,,,,,overcast clouds,2.0,,,0.42,87.03,,2.09,8.0,,raw_collecte_mohammed.csv
2026-05-01 09:18:33.574171,Tanger,35.7595,-5.834,15.74,,88.0,1019.0,1.54,,,,,clear sky,2.0,,,2.99,78.24,,2.78,6.59,,raw_collecte_mohammed.csv
2026-05-01 09:18:33.574171,Marrakech,31.6295,-7.9811,16.98,,77.0,1018.0,1.54,,,,,scattered clouds,2.0,,,4.91,61.41,,5.14,11.42,,raw_collecte_mohammed.csv
2026-05-01 09:18:33.574171,Rabat,34.0209,-6.8416,17.37,,94.0,1019.0,2.06,,,,,few clouds,2.0,,,4.71,66.97,,5.24,9.65,,raw_collecte_mohammed.csv
2026-05-01 10:16:50.800416,Agadir,30.4278,-9.5981,20.06,,78.0,1018.0,1.77,,,,,overcast clouds,2.0,,,0.41,86.57,,2.34,9.39,,raw_collecte_mohammed.csv
2026-05-01 10:16:50.800416,Tanger,35.7595,-5.834,18.74,,72.0,1020.0,3.09,,,,,broken clouds,2.0,,,2.33,83.56,,2.81,6.71,,raw_collecte_mohammed.csv
2026-05-01 10:16:50.800416,Marrakech,31.6295,-7.9811,18.98,,72.0,1018.0,2.06,,,,,scattered clouds,2.0,,,4.42,60.27,,5.1,11.64,,raw_collecte_mohammed.csv
2026-05-01 10:16:50.800416,Rabat,34.0209,-6.8416,19.35,,68.0,1019.0,2.06,,,,,few clouds,2.0,,,4.29,69.49,,5.74,10.38,,raw_collecte_mohammed.csv
2026-05-01 11:16:23.806704,Agadir,30.4278,-9.5981,22.06,,75.0,1019.0,2.78,,,,,overcast clouds,2.0,,,0.38,86.08,,2.71,11.15,,raw_collecte_mohammed.csv
2026-05-01 11:16:23.806704,Tanger,35.7595,-5.834,18.74,,68.0,1020.0,2.57,,,,,broken clouds,2.0,,,0.87,98.72,,2.38,5.91,,raw_collecte_mohammed.csv
2026-05-01 11:16:23.806704,Marrakech,31.6295,-7.9811,20.98,,68.0,1018.0,1.03,,,,,scattered clouds,2.0,,,1.23,81.87,,4.72,11.9,,raw_collecte_mohammed.csv
2026-05-01 11:16:23.806704,Rabat,34.0209,-6.8416,21.37,,60.0,1019.0,2.06,,,,,few clouds,2.0,,,2.75,87.66,,6.33,10.95,,raw_collecte_mohammed.csv
2026-05-01 12:16:33.665801,Agadir,30.4278,-9.5981,23.06,,74.0,1018.0,3.4,,,,,overcast clouds,2.0,,,0.34,85.33,,3.32,13.77,,raw_collecte_mohammed.csv
2026-05-01 12:16:33.665801,Tanger,35.7595,-5.834,19.74,,64.0,1020.0,2.57,,,,,broken clouds,3.0,,,0.57,101.93,,2.33,5.65,,raw_collecte_mohammed.csv
2026-05-01 12:16:33.665801,Marrakech,31.6295,-7.9811,22.98,,56.0,1017.0,2.06,,,,,scattered clouds,2.0,,,0.65,87.19,,4.82,11.84,,raw_collecte_mohammed.csv
2026-05-01 12:16:33.665801,Rabat,34.0209,-6.8416,20.35,,64.0,1019.0,4.12,,,,,clear sky,2.0,,,1.8,97.15,,7.82,12.35,,raw_collecte_mohammed.csv
2026-05-01 13:16:45.674367,Agadir,30.4278,-9.5981,25.06,,74.0,1018.0,4.05,,,,,overcast clouds,2.0,,,0.29,85.05,,3.9,15.62,,raw_collecte_mohammed.csv
2026-05-01 13:16:45.674367,Tanger,35.7595,-5.834,19.74,,64.0,1019.0,3.09,,,,,broken clouds,3.0,,,0.43,103.72,,2.33,5.51,,raw_collecte_mohammed.csv
2026-05-01 13:16:45.674367,Marrakech,31.6295,-7.9811,24.0,,57.0,1017.0,1.54,,,,,scattered clouds,2.0,,,0.48,90.24,,5.21,12.42,,raw_collecte_mohammed.csv
2026-05-01 13:16:45.674367,Rabat,34.0209,-6.8416,21.37,,64.0,1019.0,4.63,,,,,clear sky,3.0,,,1.21,104.18,,9.26,13.75,,raw_collecte_mohammed.csv
2026-05-01 14:16:54.919113,Agadir,30.4278,-9.5981,25.06,,74.0,1017.0,4.96,,,,,broken clouds,2.0,,,0.24,84.68,,5.1,14.78,,raw_collecte_mohammed.csv
2026-05-01 14:16:54.919113,Tanger,35.7595,-5.834,19.74,,68.0,1019.0,3.6,,,,,broken clouds,3.0,,,0.41,105.3,,2.36,5.56,,raw_collecte_mohammed.csv
2026-05-01 14:16:54.919113,Marrakech,31.6295,-7.9811,25.98,,50.0,1016.0,2.57,,,,,scattered clouds,3.0,,,0.34,100.71,,4.2,10.18,,raw_collecte_mohammed.csv
2026-05-01 14:16:54.919113,Rabat,34.0209,-6.8416,21.37,,64.0,1019.0,5.66,,,,,broken clouds,3.0,,,0.77,111.55,,8.72,12.87,,raw_collecte_mohammed.csv
2026-05-01 15:17:04.658261,Agadir,30.4278,-9.5981,26.06,,73.0,1017.0,4.49,,,,,scattered clouds,2.0,,,0.24,86.02,,5.62,15.11,,raw_collecte_mohammed.csv
2026-05-01 15:17:04.658261,Tanger,35.7595,-5.834,20.74,,60.0,1018.0,3.6,,,,,broken clouds,3.0,,,0.41,105.64,,2.35,5.5,,raw_collecte_mohammed.csv
2026-05-01 15:17:04.658261,Marrakech,31.6295,-7.9811,26.98,,50.0,1015.0,1.54,,,,,scattered clouds,3.0,,,0.32,102.85,,4.3,10.6,,raw_collecte_mohammed.csv
2026-05-01 15:17:04.658261,Rabat,34.0209,-6.8416,21.37,,60.0,1018.0,5.66,,,,,overcast clouds,3.0,,,0.72,111.48,,7.84,11.58,,raw_collecte_mohammed.csv
2026-05-01 16:17:12.888992,Agadir,30.4278,-9.5981,25.06,,68.0,1016.0,5.17,,,,,scattered clouds,2.0,,,0.25,88.3,,6.32,15.85,,raw_collecte_mohammed.csv
2026-05-01 16:17:12.888992,Tanger,35.7595,-5.834,20.74,,56.0,1018.0,5.14,,,,,broken clouds,3.0,,,0.44,105.68,,2.33,5.59,,raw_collecte_mohammed.csv
2026-05-01 16:17:12.888992,Marrakech,31.6295,-7.9811,28.98,,39.0,1014.0,1.54,,,,,scattered clouds,3.0,,,0.35,103.35,,5.07,12.84,,raw_collecte_mohammed.csv
2026-05-01 16:17:12.888992,Rabat,34.0209,-6.8416,20.37,,64.0,1018.0,5.66,,,,,overcast clouds,3.0,,,0.83,111.7,,7.25,10.87,,raw_collecte_mohammed.csv
2026-05-01 17:17:22.656243,Agadir,30.4278,-9.5981,24.06,,65.0,1015.0,5.92,,,,,scattered clouds,2.0,,,0.28,91.56,,7.19,16.86,,raw_collecte_mohammed.csv
2026-05-01 17:17:22.656243,Tanger,35.7595,-5.834,19.74,,64.0,1018.0,5.66,,,,,broken clouds,3.0,,,0.52,105.9,,2.4,5.95,,raw_collecte_mohammed.csv
2026-05-01 17:17:22.656243,Marrakech,31.6295,-7.9811,28.98,,39.0,1014.0,2.06,,,,,scattered clouds,3.0,,,0.53,104.35,,6.84,17.51,,raw_collecte_mohammed.csv
2026-05-01 17:17:22.656243,Rabat,34.0209,-6.8416,20.37,,68.0,1018.0,5.14,,,,,overcast clouds,3.0,,,1.1,112.21,,6.67,10.26,,raw_collecte_mohammed.csv
2026-05-01 18:17:07.756242,Agadir,30.4278,-9.5981,23.06,,62.0,1015.0,5.18,,,,,scattered clouds,2.0,,,0.32,94.4,,7.69,17.1,,raw_collecte_mohammed.csv
2026-05-01 18:17:07.756242,Tanger,35.7595,-5.834,20.74,,64.0,1018.0,3.6,,,,,broken clouds,3.0,,,0.69,106.23,,2.59,6.49,,raw_collecte_mohammed.csv
2026-05-01 18:17:07.756242,Marrakech,31.6295,-7.9811,28.98,,37.0,1014.0,2.06,,,,,scattered clouds,3.0,,,0.81,104.59,,9.09,23.29,,raw_collecte_mohammed.csv
2026-05-01 18:17:07.756242,Rabat,34.0209,-6.8416,20.37,,64.0,1017.0,4.63,,,,,overcast clouds,3.0,,,1.59,111.53,,6.04,9.68,,raw_collecte_mohammed.csv
2026-05-01 19:17:17.604511,Agadir,30.4278,-9.5981,22.06,,64.0,1015.0,4.16,,,,,few clouds,2.0,,,0.35,97.0,,7.65,16.51,,raw_collecte_mohammed.csv
2026-05-01 19:17:17.604511,Tanger,35.7595,-5.834,19.74,,68.0,1018.0,2.57,,,,,clear sky,3.0,,,0.92,106.87,,2.82,7.04,,raw_collecte_mohammed.csv
2026-05-01 19:17:17.604511,Marrakech,31.6295,-7.9811,28.98,,37.0,1014.0,3.09,,,,,scattered clouds,3.0,,,1.09,103.23,,10.61,27.35,,raw_collecte_mohammed.csv
2026-05-01 19:17:17.604511,Rabat,34.0209,-6.8416,19.37,,72.0,1018.0,3.6,,,,,overcast clouds,3.0,,,2.14,107.52,,5.08,8.65,,raw_collecte_mohammed.csv
2026-05-01 20:17:27.414132,Agadir,30.4278,-9.5981,20.06,,70.0,1015.0,2.75,,,,,clear sky,2.0,,,0.35,98.93,,7.04,15.1,,raw_collecte_mohammed.csv
2026-05-01 20:17:27.414132,Tanger,35.7595,-5.834,18.74,,72.0,1018.0,1.54,,,,,clear sky,3.0,,,1.26,106.78,,3.07,7.59,,raw_collecte_mohammed.csv
2026-05-01 20:17:27.414132,Marrakech,31.6295,-7.9811,24.98,,47.0,1014.0,5.14,,,,,scattered clouds,2.0,,,1.51,98.65,,11.46,29.56,,raw_collecte_mohammed.csv
2026-05-01 20:17:27.414132,Rabat,34.0209,-6.8416,17.37,,82.0,1018.0,3.6,,,,,overcast clouds,2.0,,,3.01,99.89,,4.21,7.65,,raw_collecte_mohammed.csv
2026-05-01 21:23:51.324408,Agadir,30.4278,-9.5981,18.06,,75.0,1017.0,1.28,,,,,clear sky,2.0,,,0.34,99.71,,6.06,13.26,,raw_collecte_mohammed.csv
2026-05-01 21:23:51.324408,Tanger,35.7595,-5.834,18.77,,72.0,1018.0,2.06,,,,,clear sky,3.0,,,1.44,105.89,,3.28,8.02,,raw_collecte_mohammed.csv
2026-05-01 21:23:51.324408,Marrakech,31.6295,-7.9811,21.97,,56.0,1016.0,4.12,,,,,scattered clouds,2.0,,,1.82,95.32,,12.19,31.14,,raw_collecte_mohammed.csv
2026-05-01 21:23:51.324408,Rabat,34.0209,-6.8416,17.37,,88.0,1019.0,2.57,,,,,overcast clouds,2.0,,,3.62,93.82,,3.7,7.11,,raw_collecte_mohammed.csv
2026-05-01 22:24:01.451058,Agadir,30.4278,-9.5981,18.06,,78.0,1018.0,2.24,,,,,clear sky,2.0,,,0.33,99.33,,5.2,11.89,,raw_collecte_mohammed.csv
2026-05-01 22:24:01.451058,Tanger,35.7595,-5.834,18.74,,72.0,1019.0,1.54,,,,,clear sky,3.0,,,1.5,104.83,,3.36,8.18,,raw_collecte_mohammed.csv
2026-05-01 22:24:01.451058,Marrakech,31.6295,-7.9811,19.98,,64.0,1018.0,2.57,,,,,clear sky,2.0,,,1.96,93.12,,12.65,31.84,,raw_collecte_mohammed.csv
2026-05-01 22:24:01.451058,Rabat,34.0209,-6.8416,17.37,,88.0,1020.0,1.54,,,,,overcast clouds,2.0,,,3.68,89.72,,3.44,6.88,,raw_collecte_mohammed.csv
2026-05-01 23:24:13.750090,Agadir,30.4278,-9.5981,17.06,,82.0,1018.0,3.44,,,,,clear sky,2.0,,,0.32,98.45,,4.62,11.06,,raw_collecte_mohammed.csv
2026-05-01 23:24:13.750090,Tanger,35.7595,-5.834,17.74,,72.0,1018.0,3.6,,,,,clear sky,3.0,,,1.62,102.15,,3.36,8.12,,raw_collecte_mohammed.csv
2026-05-01 23:24:13.750090,Marrakech,31.6295,-7.9811,18.98,,63.0,1019.0,3.09,,,,,clear sky,2.0,,,2.07,89.29,,12.7,31.44,,raw_collecte_mohammed.csv
2026-05-01 23:24:13.750090,Rabat,34.0209,-6.8416,14.37,,94.0,1019.0,0.0,,,,,overcast clouds,2.0,,,3.65,85.46,,3.35,6.84,,raw_collecte_mohammed.csv
2026-05-02 00:29:02.317710,Agadir,30.4278,-9.5981,17.06,,84.0,1018.0,3.88,,,,,clear sky,2.0,,,0.3,98.25,,4.13,10.29,,raw_collecte_mohammed.csv
2026-05-02 00:29:02.317710,Tanger,35.7595,-5.834,17.7,,72.0,1018.0,3.09,,,,,clear sky,2.0,,,1.73,99.19,,3.33,8.03,,raw_collecte_mohammed.csv
2026-05-02 00:29:02.317710,Marrakech,31.6295,-7.9811,17.98,,68.0,1019.0,2.57,,,,,clear sky,2.0,,,2.11,86.96,,12.92,31.47,,raw_collecte_mohammed.csv
2026-05-02 00:29:02.317710,Rabat,34.0209,-6.8416,12.37,,100.0,1019.0,0.0,,,,,overcast clouds,2.0,,,3.58,82.65,,3.44,7.04,,raw_collecte_mohammed.csv
2026-05-02 01:23:49.230122,Agadir,30.4278,-9.5981,16.06,,86.0,1018.0,4.39,,,,,few clouds,2.0,,,0.26,97.82,,3.64,9.51,,raw_collecte_mohammed.csv
2026-05-02 01:23:49.230122,Tanger,35.7595,-5.834,17.74,,72.0,1018.0,2.06,,,,,clear sky,2.0,,,1.6,96.62,,3.23,7.88,,raw_collecte_mohammed.csv
2026-05-02 01:23:49.230122,Marrakech,31.6295,-7.9811,16.98,,72.0,1018.0,2.57,,,,,clear sky,2.0,,,1.87,85.65,,13.14,31.68,,raw_collecte_mohammed.csv
2026-05-02 01:23:49.230122,Rabat,34.0209,-6.8416,11.37,,100.0,1019.0,0.0,,,,,broken clouds,2.0,,,3.28,80.51,,3.58,7.34,,raw_collecte_mohammed.csv
2026-05-02 01:29:12.725070,Agadir,30.4278,-9.5981,16.06,,86.0,1018.0,4.39,,,,,few clouds,2.0,,,0.26,97.82,,3.64,9.51,,raw_collecte_mohammed.csv
2026-05-02 01:29:12.725070,Tanger,35.7595,-5.834,17.74,,72.0,1018.0,2.06,,,,,clear sky,2.0,,,1.6,96.62,,3.23,7.88,,raw_collecte_mohammed.csv
2026-05-02 01:29:12.725070,Marrakech,31.6295,-7.9811,16.98,,72.0,1018.0,2.57,,,,,clear sky,2.0,,,1.87,85.65,,13.14,31.68,,raw_collecte_mohammed.csv
2026-05-02 01:29:12.725070,Rabat,34.0209,-6.8416,11.37,,100.0,1019.0,0.0,,,,,broken clouds,2.0,,,3.28,80.51,,3.58,7.34,,raw_collecte_mohammed.csv
2026-05-02 02:23:58.847871,Agadir,30.4278,-9.5981,15.06,,87.0,1017.0,4.39,,,,,scattered clouds,2.0,,,0.24,97.12,,3.19,8.79,,raw_collecte_mohammed.csv
2026-05-02 02:23:58.847871,Tanger,35.7595,-5.834,16.74,,77.0,1018.0,2.06,,,,,clear sky,2.0,,,1.44,93.8,,3.13,7.77,,raw_collecte_mohammed.csv
2026-05-02 02:23:58.847871,Marrakech,31.6295,-7.9811,14.98,,82.0,1018.0,1.54,,,,,clear sky,2.0,,,1.63,82.13,,13.23,31.16,,raw_collecte_mohammed.csv
2026-05-02 02:23:58.847871,Rabat,34.0209,-6.8416,11.36,,100.0,1019.0,0.0,,,,,scattered clouds,2.0,,,2.88,78.56,,3.7,7.6,,raw_collecte_mohammed.csv
2026-05-02 02:29:22.338535,Agadir,30.4278,-9.5981,15.06,,85.0,1017.0,4.39,,,,,scattered clouds,2.0,,,0.24,97.12,,3.19,8.79,,raw_collecte_mohammed.csv
2026-05-02 02:29:22.338535,Tanger,35.7595,-5.834,16.74,,77.0,1018.0,2.06,,,,,clear sky,2.0,,,1.44,93.8,,3.13,7.77,,raw_collecte_mohammed.csv
2026-05-02 02:29:22.338535,Marrakech,31.6295,-7.9811,14.98,,82.0,1018.0,1.54,,,,,clear sky,2.0,,,1.63,82.13,,13.23,31.16,,raw_collecte_mohammed.csv
2026-05-02 02:29:22.338535,Rabat,34.0209,-6.8416,11.37,,100.0,1019.0,0.0,,,,,scattered clouds,2.0,,,2.88,78.56,,3.7,7.6,,raw_collecte_mohammed.csv
2026-05-02 03:24:08.684789,Agadir,30.4278,-9.5981,15.06,,85.0,1017.0,2.48,,,,,broken clouds,2.0,,,0.24,95.44,,2.74,7.97,,raw_collecte_mohammed.csv
2026-05-02 03:24:08.684789,Tanger,35.7595,-5.834,16.74,,77.0,1017.0,2.06,,,,,clear sky,2.0,,,1.36,90.65,,3.08,7.81,,raw_collecte_mohammed.csv
2026-05-02 03:24:08.684789,Marrakech,31.6295,-7.9811,14.98,,82.0,1017.0,1.03,,,,,clear sky,2.0,,,1.55,77.02,,13.33,30.44,,raw_collecte_mohammed.csv
2026-05-02 03:24:08.684789,Rabat,34.0209,-6.8416,12.37,,100.0,1018.0,0.0,,,,,broken clouds,2.0,,,2.56,77.32,,3.81,7.87,,raw_collecte_mohammed.csv
2026-05-02 03:29:32.153822,Agadir,30.4278,-9.5981,15.06,,85.0,1017.0,2.48,,,,,broken clouds,2.0,,,0.24,95.44,,2.74,7.97,,raw_collecte_mohammed.csv
2026-05-02 03:29:32.153822,Tanger,35.7595,-5.834,16.74,,77.0,1017.0,2.06,,,,,clear sky,2.0,,,1.36,90.65,,3.08,7.81,,raw_collecte_mohammed.csv
2026-05-02 03:29:32.153822,Marrakech,31.6295,-7.9811,14.98,,82.0,1017.0,1.03,,,,,clear sky,2.0,,,1.55,77.02,,13.33,30.44,,raw_collecte_mohammed.csv
2026-05-02 03:29:32.153822,Rabat,34.0209,-6.8416,12.37,,100.0,1018.0,0.0,,,,,broken clouds,2.0,,,2.56,77.32,,3.81,7.87,,raw_collecte_mohammed.csv
2026-05-02 04:24:18.492037,Agadir,30.4278,-9.5981,14.06,,85.0,1017.0,0.67,,,,,broken clouds,2.0,,,0.24,93.52,,2.44,7.26,,raw_collecte_mohammed.csv
2026-05-02 04:24:18.492037,Tanger,35.7595,-5.834,15.74,,88.0,1017.0,2.57,,,,,clear sky,2.0,,,1.33,88.2,,3.09,7.92,,raw_collecte_mohammed.csv
2026-05-02 04:24:18.492037,Marrakech,31.6295,-7.9811,14.98,,82.0,1017.0,1.03,,,,,clear sky,2.0,,,1.51,72.51,,13.52,30.03,,raw_collecte_mohammed.csv
2026-05-02 04:24:18.492037,Rabat,34.0209,-6.8416,14.37,,100.0,1018.0,0.0,,,,,broken clouds,2.0,,,2.32,76.23,,3.95,8.1,,raw_collecte_mohammed.csv
2026-05-02 04:29:41.934718,Agadir,30.4278,-9.5981,14.06,,85.0,1017.0,0.67,,,,,broken clouds,2.0,,,0.24,93.52,,2.44,7.26,,raw_collecte_mohammed.csv
2026-05-02 04:29:41.934718,Tanger,35.7595,-5.834,15.74,,88.0,1017.0,2.57,,,,,clear sky,2.0,,,1.33,88.2,,3.09,7.92,,raw_collecte_mohammed.csv
2026-05-02 04:29:41.934718,Marrakech,31.6295,-7.9811,14.98,,82.0,1017.0,1.03,,,,,clear sky,2.0,,,1.51,72.51,,13.52,30.03,,raw_collecte_mohammed.csv
2026-05-02 04:29:41.934718,Rabat,34.0209,-6.8416,14.37,,100.0,1018.0,0.0,,,,,broken clouds,2.0,,,2.32,76.23,,3.95,8.1,,raw_collecte_mohammed.csv
2026-05-02 05:24:28.317172,Agadir,30.4278,-9.5981,14.06,,88.0,1017.0,0.26,,,,,broken clouds,2.0,,,0.25,92.33,,2.56,7.55,,raw_collecte_mohammed.csv
2026-05-02 05:24:28.317172,Tanger,35.7595,-5.834,15.74,,88.0,1017.0,2.57,,,,,clear sky,2.0,,,1.33,86.73,,3.14,8.07,,raw_collecte_mohammed.csv
2026-05-02 05:24:28.317172,Marrakech,31.6295,-7.9811,14.98,,82.0,1017.0,2.06,,,,,clear sky,2.0,,,1.56,69.22,,13.76,29.9,,raw_collecte_mohammed.csv
2026-05-02 05:24:28.317172,Rabat,34.0209,-6.8416,15.37,,94.0,1018.0,0.0,,,,,broken clouds,2.0,,,2.22,74.07,,4.11,8.31,,raw_collecte_mohammed.csv
2026-05-02 05:29:51.454074,Agadir,30.4278,-9.5981,14.06,,88.0,1017.0,0.26,,,,,broken clouds,2.0,,,0.25,92.33,,2.56,7.55,,raw_collecte_mohammed.csv
2026-05-02 05:29:51.454074,Tanger,35.7595,-5.834,15.74,,88.0,1017.0,2.57,,,,,clear sky,2.0,,,1.33,86.73,,3.14,8.07,,raw_collecte_mohammed.csv
2026-05-02 05:29:51.454074,Marrakech,31.6295,-7.9811,14.98,,82.0,1017.0,2.06,,,,,clear sky,2.0,,,1.56,69.22,,13.76,29.9,,raw_collecte_mohammed.csv
2026-05-02 05:29:51.454074,Rabat,34.0209,-6.8416,15.37,,94.0,1018.0,0.0,,,,,broken clouds,2.0,,,2.22,74.07,,4.11,8.31,,raw_collecte_mohammed.csv
2026-05-02 06:24:37.813982,Agadir,30.4278,-9.5981,14.06,,90.0,1017.0,0.85,,,,,broken clouds,2.0,,,0.26,91.85,,3.02,8.76,,raw_collecte_mohammed.csv
2026-05-02 06:24:37.813982,Tanger,35.7595,-5.834,15.74,,88.0,1017.0,2.57,,,,,overcast clouds,2.0,,,1.41,85.59,,3.28,8.28,,raw_collecte_mohammed.csv
2026-05-02 06:24:37.813982,Marrakech,31.6295,-7.9811,13.98,,88.0,1017.0,2.57,,,,,clear sky,2.0,,,1.69,65.98,,14.06,30.09,,raw_collecte_mohammed.csv
2026-05-02 06:24:37.813982,Rabat,34.0209,-6.8416,14.37,,100.0,1018.0,0.0,,,,,broken clouds,2.0,,,2.27,71.22,,4.27,8.43,,raw_collecte_mohammed.csv
2026-05-02 06:30:00.906344,Agadir,30.4278,-9.5981,14.06,,90.0,1017.0,0.85,,,,,broken clouds,2.0,,,0.26,91.85,,3.02,8.76,,raw_collecte_mohammed.csv
2026-05-02 06:30:00.906344,Tanger,35.7595,-5.834,15.74,,88.0,1017.0,2.57,,,,,overcast clouds,2.0,,,1.41,85.59,,3.28,8.28,,raw_collecte_mohammed.csv
2026-05-02 06:30:00.906344,Marrakech,31.6295,-7.9811,13.98,,88.0,1017.0,2.57,,,,,clear sky,2.0,,,1.69,65.98,,14.06,30.09,,raw_collecte_mohammed.csv
2026-05-02 06:30:00.906344,Rabat,34.0209,-6.8416,14.37,,100.0,1018.0,0.0,,,,,broken clouds,2.0,,,2.27,71.22,,4.27,8.43,,raw_collecte_mohammed.csv
2026-05-02 07:24:47.595267,Agadir,30.4278,-9.5981,14.06,,91.0,1017.0,1.73,,,,,broken clouds,2.0,,,0.31,91.14,,3.48,9.98,,raw_collecte_mohammed.csv
2026-05-02 07:24:47.595267,Tanger,35.7595,-5.834,15.74,,94.0,1018.0,2.06,,,,,overcast clouds,2.0,,,1.9,84.68,,3.48,8.62,,raw_collecte_mohammed.csv
2026-05-02 07:24:47.595267,Marrakech,31.6295,-7.9811,13.0,,88.0,1018.0,2.06,,,,,clear sky,2.0,,,2.2,62.94,,14.35,30.62,,raw_collecte_mohammed.csv
2026-05-02 07:24:47.595267,Rabat,34.0209,-6.8416,15.37,,94.0,1018.0,0.0,,,,,overcast clouds,2.0,,,2.68,68.52,,4.43,8.57,,raw_collecte_mohammed.csv
2026-05-02 07:30:10.693600,Agadir,30.4278,-9.5981,14.06,,91.0,1017.0,1.73,,,,,broken clouds,2.0,,,0.31,91.14,,3.48,9.98,,raw_collecte_mohammed.csv
2026-05-02 07:30:10.693600,Tanger,35.7595,-5.834,15.74,,94.0,1018.0,2.06,,,,,overcast clouds,2.0,,,1.9,84.68,,3.48,8.62,,raw_collecte_mohammed.csv
2026-05-02 07:30:10.693600,Marrakech,31.6295,-7.9811,13.0,,88.0,1018.0,2.06,,,,,clear sky,2.0,,,2.2,62.94,,14.35,30.62,,raw_collecte_mohammed.csv
2026-05-02 07:30:10.693600,Rabat,34.0209,-6.8416,15.37,,94.0,1018.0,0.0,,,,,overcast clouds,2.0,,,2.68,68.52,,4.43,8.57,,raw_collecte_mohammed.csv
2026-05-02 08:24:57.379284,Agadir,30.4278,-9.5981,15.06,,88.0,1017.0,1.97,,,,,few clouds,2.0,,,0.41,90.44,,4.03,11.48,,raw_collecte_mohammed.csv
2026-05-02 08:24:57.379284,Tanger,35.7595,-5.834,16.74,,94.0,1018.0,1.03,,,,,scattered clouds,2.0,,,3.06,82.86,,3.73,9.06,,raw_collecte_mohammed.csv
2026-05-02 08:24:57.379284,Marrakech,31.6295,-7.9811,13.98,,88.0,1018.0,3.6,,,,,overcast clouds,2.0,,,2.99,61.52,,14.29,31.06,,raw_collecte_mohammed.csv
2026-05-02 08:24:57.379284,Rabat,34.0209,-6.8416,16.37,,100.0,1019.0,0.0,,,,,overcast clouds,2.0,,,3.47,65.97,,4.59,8.82,,raw_collecte_mohammed.csv
2026-05-02 08:30:20.416052,Agadir,30.4278,-9.5981,15.06,,88.0,1017.0,1.97,,,,,few clouds,2.0,,,0.41,90.44,,4.03,11.48,,raw_collecte_mohammed.csv
2026-05-02 08:30:20.416052,Tanger,35.7595,-5.834,16.74,,94.0,1018.0,1.03,,,,,scattered clouds,2.0,,,3.06,82.86,,3.73,9.06,,raw_collecte_mohammed.csv
2026-05-02 08:30:20.416052,Marrakech,31.6295,-7.9811,13.98,,88.0,1018.0,3.6,,,,,overcast clouds,2.0,,,2.99,64.11,,13.96,31.01,,raw_collecte_mohammed.csv
2026-05-02 08:30:20.416052,Rabat,34.0209,-6.8416,16.37,,100.0,1019.0,0.0,,,,,overcast clouds,2.0,,,3.47,65.97,,4.59,8.82,,raw_collecte_mohammed.csv
2026-05-02 09:25:06.963104,Agadir,30.4278,-9.5981,18.06,,83.0,1017.0,2.25,,,,,few clouds,2.0,,,0.47,89.49,,4.47,12.8,,raw_collecte_mohammed.csv
2026-05-02 09:25:06.963104,Tanger,35.7595,-5.834,18.74,,82.0,1018.0,1.03,,,,,scattered clouds,2.0,,,3.6,81.93,,3.88,9.34,,raw_collecte_mohammed.csv
2026-05-02 09:25:06.963104,Marrakech,31.6295,-7.9811,15.98,,82.0,1018.0,3.6,,,,,broken clouds,2.0,,,2.99,64.11,,13.96,31.01,,raw_collecte_mohammed.csv
2026-05-02 09:25:06.963104,Rabat,34.0209,-6.8416,17.37,,100.0,1019.0,2.06,,,,,overcast clouds,2.0,,,3.55,66.11,,4.77,9.18,,raw_collecte_mohammed.csv
2026-05-02 09:30:29.855807,Agadir,30.4278,-9.5981,18.06,,83.0,1017.0,2.25,,,,,few clouds,2.0,,,0.47,89.49,,4.47,12.8,,raw_collecte_mohammed.csv
2026-05-02 09:30:29.855807,Tanger,35.7595,-5.834,18.74,,82.0,1018.0,1.03,,,,,scattered clouds,2.0,,,3.6,81.93,,3.88,9.34,,raw_collecte_mohammed.csv
2026-05-02 09:30:29.855807,Marrakech,31.6295,-7.9811,15.98,,82.0,1018.0,3.6,,,,,broken clouds,2.0,,,2.99,64.11,,13.96,31.01,,raw_collecte_mohammed.csv
2026-05-02 09:30:29.855807,Rabat,34.0209,-6.8416,17.37,,100.0,1019.0,2.06,,,,,overcast clouds,2.0,,,3.55,66.11,,4.77,9.18,,raw_collecte_mohammed.csv
2026-05-02 10:25:16.771390,Agadir,30.4278,-9.5981,20.06,,77.0,1017.0,2.2,,,,,few clouds,2.0,,,0.42,88.55,,4.7,13.78,,raw_collecte_mohammed.csv
2026-05-02 10:25:16.771390,Tanger,35.7595,-5.834,20.74,,73.0,1018.0,2.06,,,,,scattered clouds,2.0,,,2.9,85.94,,3.8,9.23,,raw_collecte_mohammed.csv
2026-05-02 10:25:16.771390,Marrakech,31.6295,-7.9811,16.98,,77.0,1018.0,3.09,,,,,broken clouds,2.0,,,2.29,71.39,,13.44,30.69,,raw_collecte_mohammed.csv
2026-05-02 10:25:16.771390,Rabat,34.0209,-6.8416,18.37,,82.0,1019.0,2.06,,,,,overcast clouds,2.0,,,3.06,70.77,,5.08,9.65,,raw_collecte_mohammed.csv
2026-05-02 10:30:39.594831,Agadir,30.4278,-9.5981,20.06,,74.0,1018.0,3.22,,,,,scattered clouds,2.0,,,0.42,88.55,,4.7,13.78,,raw_collecte_mohammed.csv
2026-05-02 10:30:39.594831,Tanger,35.7595,-5.834,20.74,,73.0,1018.0,2.06,,,,,scattered clouds,2.0,,,2.9,85.94,,3.8,9.23,,raw_collecte_mohammed.csv
2026-05-02 10:30:39.594831,Marrakech,31.6295,-7.9811,16.98,,77.0,1018.0,3.09,,,,,broken clouds,2.0,,,2.29,71.39,,13.44,30.69,,raw_collecte_mohammed.csv
2026-05-02 10:30:39.594831,Rabat,34.0209,-6.8416,18.37,,82.0,1019.0,2.06,,,,,overcast clouds,2.0,,,3.06,70.77,,5.08,9.65,,raw_collecte_mohammed.csv
2026-05-02 12:08:19.812960,Agadir,30.4278,-9.5981,24.06,,71.0,1017.0,3.55,,,,,scattered clouds,2.0,,,0.25,88.93,,5.75,16.78,,raw_collecte_mohammed.csv
2026-05-02 12:08:19.812960,Tanger,35.7595,-5.834,19.74,,77.0,1018.0,1.54,,,,,scattered clouds,3.0,,,0.91,104.1,,3.64,8.42,,raw_collecte_mohammed.csv
2026-05-02 12:08:19.812960,Marrakech,31.6295,-7.9811,20.98,,64.0,1017.0,1.54,,,,,broken clouds,2.0,,,0.39,97.11,,9.82,24.45,,raw_collecte_mohammed.csv
2026-05-02 12:08:19.812960,Rabat,34.0209,-6.8416,19.37,,77.0,1019.0,2.06,,,,,overcast clouds,2.0,,,1.28,97.26,,6.26,10.83,,raw_collecte_mohammed.csv
2026-05-02 13:08:29.754473,Agadir,30.4278,-9.5981,24.06,,68.0,1016.0,5.0,,,,,scattered clouds,2.0,,,0.21,90.04,,6.6,18.37,,raw_collecte_mohammed.csv
2026-05-02 13:08:29.754473,Tanger,35.7595,-5.834,20.74,,73.0,1018.0,4.12,,,,,scattered clouds,3.0,,,0.68,107.68,,3.79,8.47,,raw_collecte_mohammed.csv
2026-05-02 13:08:29.754473,Marrakech,31.6295,-7.9811,21.98,,56.0,1016.0,2.06,,,,,scattered clouds,2.0,,,0.32,98.56,,10.19,25.39,,raw_collecte_mohammed.csv
2026-05-02 13:08:29.754473,Rabat,34.0209,-6.8416,19.37,,77.0,1018.0,2.06,,,,,overcast clouds,3.0,,,0.98,100.98,,6.76,11.13,,raw_collecte_mohammed.csv
2026-05-02 14:08:40.426626,Agadir,30.4278,-9.5981,25.06,,66.0,1016.0,5.47,,,,,scattered clouds,2.0,,,0.18,91.15,,7.31,19.02,,raw_collecte_mohammed.csv
2026-05-02 14:08:40.426626,Tanger,35.7595,-5.834,20.74,,73.0,1017.0,3.09,,,,,scattered clouds,3.0,,,0.56,110.9,,3.88,8.43,,raw_collecte_mohammed.csv
2026-05-02 14:08:40.426626,Marrakech,31.6295,-7.9811,23.98,,53.0,1015.0,1.54,,,,,scattered clouds,3.0,,,0.28,101.73,,10.33,26.88,,raw_collecte_mohammed.csv
2026-05-02 14:08:40.426626,Rabat,34.0209,-6.8416,20.37,,73.0,1018.0,2.57,,,,,overcast clouds,3.0,,,0.65,102.45,,5.48,8.76,,raw_collecte_mohammed.csv
2026-05-02 15:08:50.171003,Agadir,30.4278,-9.5981,25.06,,58.0,1015.0,5.78,,,,,few clouds,2.0,,,0.18,92.49,,6.77,16.54,,raw_collecte_mohammed.csv
2026-05-02 15:08:50.171003,Tanger,35.7595,-5.834,21.74,,73.0,1017.0,3.6,,,,,scattered clouds,3.0,,,0.36,109.87,,2.83,6.46,,raw_collecte_mohammed.csv
2026-05-02 15:08:50.171003,Marrakech,31.6295,-7.9811,25.97,,44.0,1015.0,1.03,,,,,scattered clouds,3.0,,,0.28,101.76,,10.77,27.9,,raw_collecte_mohammed.csv
2026-05-02 15:08:50.171003,Rabat,34.0209,-6.8416,21.37,,64.0,1018.0,3.09,,,,,overcast clouds,3.0,,,0.63,102.28,,5.02,7.95,,raw_collecte_mohammed.csv
2026-05-02 16:09:00.053353,Agadir,30.4278,-9.5981,24.06,,52.0,1013.0,7.2,,,,,few clouds,2.0,,,0.19,92.89,,6.16,14.42,,raw_collecte_mohammed.csv
2026-05-02 16:09:00.053353,Tanger,35.7595,-5.834,22.74,,68.0,1016.0,3.6,,,,,scattered clouds,3.0,,,0.37,111.01,,2.95,6.69,,raw_collecte_mohammed.csv
2026-05-02 16:09:00.053353,Marrakech,31.6295,-7.9811,25.98,,44.0,1014.0,1.54,,,,,scattered clouds,3.0,,,0.3,101.08,,11.15,28.99,,raw_collecte_mohammed.csv
2026-05-02 16:09:00.053353,Rabat,34.0209,-6.8416,21.37,,64.0,1017.0,3.09,,,,,overcast clouds,3.0,,,0.74,101.37,,4.53,7.21,,raw_collecte_mohammed.csv
2026-05-02 17:09:10.036275,Agadir,30.4278,-9.5981,25.06,,50.0,1013.0,8.55,,,,,scattered clouds,2.0,,,0.21,93.11,,5.11,11.89,,raw_collecte_mohammed.csv
2026-05-02 17:09:10.036275,Tanger,35.7595,-5.834,22.74,,68.0,1016.0,2.06,,,,,scattered clouds,3.0,,,0.44,112.33,,3.05,6.95,,raw_collecte_mohammed.csv
2026-05-02 17:09:10.036275,Marrakech,31.6295,-7.9811,26.98,,41.0,1013.0,2.06,,,,,scattered clouds,3.0,,,0.36,101.37,,10.79,28.08,,raw_collecte_mohammed.csv
2026-05-02 17:09:10.036275,Rabat,34.0209,-6.8416,20.37,,68.0,1017.0,3.6,,,,,broken clouds,3.0,,,1.1,100.68,,4.15,6.75,,raw_collecte_mohammed.csv
2026-05-02 18:09:19.481203,Agadir,30.4278,-9.5981,23.06,,51.0,1013.0,8.13,,,,,scattered clouds,2.0,,,0.23,92.67,,3.91,9.53,,raw_collecte_mohammed.csv
2026-05-02 18:09:19.481203,Tanger,35.7595,-5.834,21.74,,68.0,1016.0,5.66,,,,,scattered clouds,3.0,,,0.57,113.58,,3.13,7.18,,raw_collecte_mohammed.csv
2026-05-02 18:09:19.481203,Marrakech,31.6295,-7.9811,26.98,,41.0,1013.0,2.06,,,,,scattered clouds,3.0,,,0.51,100.62,,11.2,28.38,,raw_collecte_mohammed.csv
2026-05-02 18:09:19.481203,Rabat,34.0209,-6.8416,20.37,,68.0,1017.0,3.09,,,,,scattered clouds,2.0,,,1.68,99.68,,3.9,6.56,,raw_collecte_mohammed.csv
2026-05-02 19:09:29.365778,Agadir,30.4278,-9.5981,23.06,,54.0,1013.0,6.7,,,,,scattered clouds,2.0,,,0.24,92.23,,2.98,7.99,,raw_collecte_mohammed.csv
2026-05-02 19:09:29.365778,Tanger,35.7595,-5.834,21.74,,68.0,1016.0,5.14,,,,,scattered clouds,3.0,,,0.74,113.66,,3.13,7.22,,raw_collecte_mohammed.csv
2026-05-02 19:09:29.365778,Marrakech,31.6295,-7.9811,26.98,,41.0,1013.0,3.6,,,,,scattered clouds,2.0,,,0.67,98.5,,11.2,27.85,,raw_collecte_mohammed.csv
2026-05-02 19:09:29.365778,Rabat,34.0209,-6.8416,19.37,,68.0,1017.0,4.12,,,,,scattered clouds,2.0,,,2.17,97.71,,3.46,6.15,,raw_collecte_mohammed.csv
2026-05-03 14:17:22.646394,Agadir,30.4278,-9.5981,23.06,,64.0,1014.0,4.22,,,,,overcast clouds,2.0,,,0.16,86.84,,4.14,12.37,,raw_collecte_mohammed.csv
2026-05-03 14:17:22.646394,Tanger,35.7595,-5.834,20.74,,68.0,1015.0,4.12,,,,,scattered clouds,2.0,,,0.34,83.45,,1.36,3.03,,raw_collecte_mohammed.csv
2026-05-03 14:17:22.646394,Marrakech,31.6295,-7.9811,23.98,,46.0,1014.0,2.57,,,,,clear sky,2.0,,,0.3,98.28,,8.98,22.69,,raw_collecte_mohammed.csv
2026-05-03 14:17:22.646394,Rabat,34.0209,-6.8416,22.37,,64.0,1016.0,4.12,,,,,broken clouds,2.0,,,0.71,93.3,,5.19,7.89,,raw_collecte_mohammed.csv
2026-05-03 15:17:31.930040,Agadir,30.4278,-9.5981,24.06,,61.0,1013.0,4.63,,,,,overcast clouds,2.0,,,0.15,84.86,,4.01,11.12,,raw_collecte_mohammed.csv
2026-05-03 15:17:31.930040,Tanger,35.7595,-5.834,20.74,,68.0,1015.0,4.63,,,,,scattered clouds,2.0,,,0.3,83.82,,1.46,3.06,,raw_collecte_mohammed.csv
2026-05-03 15:17:31.930040,Marrakech,31.6295,-7.9811,26.98,,44.0,1013.0,1.54,,,,,clear sky,2.0,,,0.28,97.83,,8.96,23.28,,raw_collecte_mohammed.csv
2026-05-03 15:17:31.930040,Rabat,34.0209,-6.8416,23.37,,64.0,1016.0,3.09,,,,,broken clouds,2.0,,,0.58,90.73,,4.74,7.02,,raw_collecte_mohammed.csv
2026-05-03 16:17:22.814384,Agadir,30.4278,-9.5981,23.06,,57.0,1012.0,3.46,,,,,overcast clouds,2.0,,,0.16,83.61,,3.72,10.08,,raw_collecte_mohammed.csv
2026-05-03 16:17:22.814384,Tanger,35.7595,-5.834,19.74,,68.0,1015.0,4.12,,,,,scattered clouds,2.0,,,0.32,83.83,,1.34,2.91,,raw_collecte_mohammed.csv
2026-05-03 16:17:22.814384,Marrakech,31.6295,-7.9811,26.98,,41.0,1012.0,2.57,,,,,clear sky,2.0,,,0.31,97.7,,9.53,25.3,,raw_collecte_mohammed.csv
2026-05-03 16:17:22.814384,Rabat,34.0209,-6.8416,22.37,,68.0,1015.0,3.6,,,,,broken clouds,2.0,,,0.59,89.6,,4.41,6.53,,raw_collecte_mohammed.csv
2026-05-03 17:17:34.960098,Agadir,30.4278,-9.5981,24.06,,55.0,1011.0,4.49,,,,,overcast clouds,2.0,,,0.17,82.64,,3.2,8.65,,raw_collecte_mohammed.csv
2026-05-03 17:17:34.960098,Tanger,35.7595,-5.834,19.75,,73.0,1014.0,4.63,,,,,broken clouds,2.0,,,0.35,84.81,,1.23,2.81,,raw_collecte_mohammed.csv
2026-05-03 17:17:34.960098,Marrakech,31.6295,-7.9811,27.97,,36.0,1012.0,1.54,,,,,clear sky,2.0,,,0.4,98.22,,10.13,27.34,,raw_collecte_mohammed.csv
2026-05-03 17:17:34.960098,Rabat,34.0209,-6.8416,21.35,,73.0,1015.0,4.12,,,,,broken clouds,2.0,,,0.76,88.99,,4.08,6.11,,raw_collecte_mohammed.csv
2026-05-03 18:17:44.404501,Agadir,30.4278,-9.5981,23.06,,55.0,1011.0,5.11,,,,,overcast clouds,2.0,,,0.18,81.49,,2.62,7.32,,raw_collecte_mohammed.csv
2026-05-03 18:17:44.404501,Tanger,35.7595,-5.834,19.74,,73.0,1014.0,4.12,,,,,broken clouds,2.0,,,0.45,86.06,,1.14,2.72,,raw_collecte_mohammed.csv
2026-05-03 18:17:44.404501,Marrakech,31.6295,-7.9811,27.98,,34.0,1012.0,2.06,,,,,clear sky,2.0,,,0.55,97.82,,10.51,28.8,,raw_collecte_mohammed.csv
2026-05-03 18:17:44.404501,Rabat,34.0209,-6.8416,20.37,,77.0,1015.0,3.6,,,,,broken clouds,2.0,,,1.14,87.58,,3.78,5.8,,raw_collecte_mohammed.csv
2026-05-03 19:17:54.481706,Agadir,30.4278,-9.5981,22.06,,58.0,1011.0,4.53,,,,,overcast clouds,2.0,,,0.19,81.03,,2.19,6.46,,raw_collecte_mohammed.csv
2026-05-03 19:17:54.481706,Tanger,35.7595,-5.834,18.74,,77.0,1014.0,4.12,,,,,broken clouds,2.0,,,0.56,87.06,,1.05,2.62,,raw_collecte_mohammed.csv
2026-05-03 19:17:54.481706,Marrakech,31.6295,-7.9811,26.98,,36.0,1012.0,2.06,,,,,scattered clouds,2.0,,,0.71,96.56,,10.48,28.95,,raw_collecte_mohammed.csv
2026-05-03 19:17:54.481706,Rabat,34.0209,-6.8416,19.37,,82.0,1015.0,3.09,,,,,broken clouds,2.0,,,1.64,84.89,,3.3,5.29,,raw_collecte_mohammed.csv
2026-05-03 20:17:38.108356,Agadir,30.4278,-9.5981,19.06,,63.0,1012.0,3.14,,,,,overcast clouds,2.0,,,0.21,81.31,,1.93,6.09,,raw_collecte_mohammed.csv
2026-05-03 20:17:38.108356,Tanger,35.7595,-5.834,17.74,,82.0,1015.0,3.09,,,,,broken clouds,2.0,,,0.9,85.78,,1.03,2.65,,raw_collecte_mohammed.csv
2026-05-03 20:17:38.108356,Marrakech,31.6295,-7.9811,26.0,,38.0,1013.0,2.57,,,,,scattered clouds,2.0,,,1.05,92.91,,10.28,28.44,,raw_collecte_mohammed.csv
2026-05-03 20:17:38.108356,Rabat,34.0209,-6.8416,18.37,,88.0,1016.0,2.06,,,,,broken clouds,2.0,,,2.13,80.96,,2.76,4.71,,raw_collecte_mohammed.csv
2026-05-03 21:17:47.576719,Agadir,30.4278,-9.5981,18.06,,69.0,1013.0,2.62,,,,,overcast clouds,2.0,,,0.22,82.55,,1.8,6.02,,raw_collecte_mohammed.csv
2026-05-03 21:17:47.576719,Tanger,35.7595,-5.834,17.74,,82.0,1016.0,2.06,,,,,broken clouds,2.0,,,1.24,83.61,,1.07,2.85,,raw_collecte_mohammed.csv
2026-05-03 21:17:47.576719,Marrakech,31.6295,-7.9811,22.98,,53.0,1014.0,4.63,,,,,scattered clouds,2.0,,,1.4,90.53,,10.25,28.19,,raw_collecte_mohammed.csv
2026-05-03 21:17:47.576719,Rabat,34.0209,-6.8416,18.37,,82.0,1017.0,2.06,,,,,scattered clouds,2.0,,,2.44,78.37,,2.44,4.39,,raw_collecte_mohammed.csv
2026-05-03 22:17:57.236803,Agadir,30.4278,-9.5981,18.06,,74.0,1014.0,3.03,,,,,broken clouds,2.0,,,0.21,84.03,,1.76,6.18,,raw_collecte_mohammed.csv
2026-05-03 22:17:57.236803,Tanger,35.7595,-5.834,17.74,,82.0,1016.0,2.57,,,,,broken clouds,2.0,,,1.35,82.99,,1.11,3.11,,raw_collecte_mohammed.csv
2026-05-03 22:17:57.236803,Marrakech,31.6295,-7.9811,20.98,,60.0,1015.0,4.12,,,,,scattered clouds,2.0,,,1.59,89.06,,10.17,27.74,,raw_collecte_mohammed.csv
2026-05-03 22:17:57.236803,Rabat,34.0209,-6.8416,17.37,,88.0,1017.0,1.54,,,,,scattered clouds,2.0,,,2.5,76.72,,2.2,4.14,,raw_collecte_mohammed.csv
2026-05-03 23:17:36.344657,Agadir,30.4278,-9.5981,18.06,,79.0,1015.0,3.25,,,,,broken clouds,2.0,,,0.23,85.26,,1.76,6.34,,raw_collecte_mohammed.csv
2026-05-03 23:17:36.344657,Tanger,35.7595,-5.834,15.74,,88.0,1017.0,2.06,,,,,broken clouds,2.0,,,1.44,82.59,,1.18,3.41,,raw_collecte_mohammed.csv
2026-05-03 23:17:36.344657,Marrakech,31.6295,-7.9811,18.98,,63.0,1016.0,3.09,,,,,scattered clouds,2.0,,,1.75,85.78,,9.99,26.83,,raw_collecte_mohammed.csv
2026-05-03 23:17:36.344657,Rabat,34.0209,-6.8416,14.37,,94.0,1017.0,0.0,,,,,broken clouds,2.0,,,2.5,74.17,,2.01,3.91,,raw_collecte_mohammed.csv
2026-05-04 00:17:46.235487,Agadir,30.4278,-9.5981,18.06,,82.0,1015.0,3.4,,,,,broken clouds,2.0,,,0.23,85.75,,1.61,5.92,,raw_collecte_mohammed.csv
2026-05-04 00:17:46.235487,Tanger,35.7595,-5.834,15.74,,88.0,1017.0,2.06,,,,,broken clouds,2.0,,,1.41,82.96,,1.23,3.64,,raw_collecte_mohammed.csv
2026-05-04 00:17:46.235487,Marrakech,31.6295,-7.9811,17.98,,68.0,1016.0,3.09,,,,,scattered clouds,2.0,,,1.83,83.49,,10.1,26.63,,raw_collecte_mohammed.csv
2026-05-04 00:17:46.235487,Rabat,34.0209,-6.8416,14.35,,100.0,1017.0,0.0,,,,,broken clouds,2.0,,,2.51,72.53,,1.92,3.82,,raw_collecte_mohammed.csv
2026-05-04 01:17:56.232208,Agadir,30.4278,-9.5981,17.06,,83.0,1015.0,3.91,,,,,broken clouds,2.0,,,0.23,85.31,,1.45,5.4,,raw_collecte_mohammed.csv
2026-05-04 01:17:56.232208,Tanger,35.7595,-5.834,15.74,,82.0,1016.0,2.57,,,,,broken clouds,2.0,,,1.23,84.1,,1.25,3.75,,raw_collecte_mohammed.csv
2026-05-04 01:17:56.232208,Marrakech,31.6295,-7.9811,17.98,,68.0,1016.0,1.54,,,,,scattered clouds,2.0,,,1.74,81.48,,10.26,26.61,,raw_collecte_mohammed.csv
2026-05-04 01:17:56.232208,Rabat,34.0209,-6.8416,15.37,,100.0,1017.0,0.0,,,,,broken clouds,2.0,,,2.43,71.11,,1.92,3.84,,raw_collecte_mohammed.csv
2026-05-04 02:18:05.769987,Agadir,30.4278,-9.5981,15.06,,84.0,1014.0,4.15,,,,,clear sky,2.0,,,0.23,84.36,,1.41,5.29,,raw_collecte_mohammed.csv
2026-05-04 02:18:05.769987,Tanger,35.7595,-5.834,15.74,,82.0,1016.0,2.57,,,,,broken clouds,2.0,,,0.98,85.38,,1.22,3.66,,raw_collecte_mohammed.csv
2026-05-04 02:18:05.769987,Marrakech,31.6295,-7.9811,15.98,,77.0,1016.0,1.03,,,,,scattered clouds,2.0,,,1.62,77.39,,10.32,26.16,,raw_collecte_mohammed.csv
2026-05-04 02:18:05.769987,Rabat,34.0209,-6.8416,15.37,,100.0,1016.0,0.0,,,,,broken clouds,2.0,,,2.31,69.8,,1.98,3.96,,raw_collecte_mohammed.csv
2026-05-04 03:18:15.591101,Agadir,30.4278,-9.5981,15.06,,85.0,1014.0,3.78,,,,,clear sky,2.0,,,0.23,83.61,,1.61,6.03,,raw_collecte_mohammed.csv
2026-05-04 03:18:15.591101,Tanger,35.7595,-5.834,15.74,,82.0,1015.0,3.09,,,,,broken clouds,2.0,,,0.88,85.06,,1.19,3.57,,raw_collecte_mohammed.csv
2026-05-04 03:18:15.591101,Marrakech,31.6295,-7.9811,15.98,,77.0,1015.0,3.09,,,,,scattered clouds,2.0,,,1.58,74.41,,10.51,25.89,,raw_collecte_mohammed.csv
2026-05-04 03:18:15.591101,Rabat,34.0209,-6.8416,16.37,,100.0,1016.0,0.0,,,,,overcast clouds,2.0,,,2.23,68.69,,2.05,4.13,,raw_collecte_mohammed.csv
2026-05-04 04:18:25.409951,Agadir,30.4278,-9.5981,14.06,,86.0,1014.0,3.07,,,,,clear sky,2.0,,,0.23,82.86,,1.76,6.57,,raw_collecte_mohammed.csv
2026-05-04 04:18:25.409951,Tanger,35.7595,-5.834,15.74,,88.0,1015.0,2.06,,,,,broken clouds,2.0,,,0.86,83.73,,1.18,3.52,,raw_collecte_mohammed.csv
2026-05-04 04:18:25.409951,Marrakech,31.6295,-7.9811,14.98,,82.0,1015.0,2.57,,,,,scattered clouds,2.0,,,1.56,73.64,,10.81,25.9,,raw_collecte_mohammed.csv
2026-05-04 04:18:25.409951,Rabat,34.0209,-6.8416,15.37,,100.0,1016.0,0.0,,,,,overcast clouds,2.0,,,2.2,67.5,,2.15,4.34,,raw_collecte_mohammed.csv
2026-05-04 05:18:35.241885,Agadir,30.4278,-9.5981,14.06,,87.0,1014.0,2.51,,,,,clear sky,2.0,,,0.23,82.15,,1.93,7.18,,raw_collecte_mohammed.csv
2026-05-04 05:18:35.241885,Tanger,35.7595,-5.834,15.74,,88.0,1015.0,1.54,,,,,broken clouds,2.0,,,0.91,82.26,,1.18,3.52,,raw_collecte_mohammed.csv
2026-05-04 05:18:35.241885,Marrakech,31.6295,-7.9811,13.98,,82.0,1015.0,2.57,,,,,scattered clouds,2.0,,,1.63,73.42,,11.03,25.89,,raw_collecte_mohammed.csv
2026-05-04 05:18:35.241885,Rabat,34.0209,-6.8416,14.37,,100.0,1016.0,0.0,,,,,overcast clouds,2.0,,,2.24,66.61,,2.28,4.57,,raw_collecte_mohammed.csv
2026-05-04 06:18:45.056591,Agadir,30.4278,-9.5981,14.06,,87.0,1014.0,1.88,,,,,clear sky,2.0,,,0.25,81.24,,2.13,7.92,,raw_collecte_mohammed.csv
2026-05-04 06:18:45.056591,Tanger,35.7595,-5.834,15.74,,88.0,1015.0,1.54,,,,,broken clouds,2.0,,,1.11,80.41,,1.21,3.54,,raw_collecte_mohammed.csv
2026-05-04 06:18:45.056591,Marrakech,31.6295,-7.9811,14.98,,82.0,1015.0,2.06,,,,,broken clouds,2.0,,,1.82,73.29,,11.47,26.32,,raw_collecte_mohammed.csv
2026-05-04 06:18:45.056591,Rabat,34.0209,-6.8416,14.35,,94.0,1016.0,0.0,,,,,broken clouds,2.0,,,2.4,66.16,,2.5,4.96,,raw_collecte_mohammed.csv
2026-05-04 07:18:54.891657,Agadir,30.4278,-9.5981,14.06,,87.0,1014.0,1.42,,,,,clear sky,2.0,,,0.3,79.63,,2.4,8.91,,raw_collecte_mohammed.csv
2026-05-04 07:18:54.891657,Tanger,35.7595,-5.834,15.74,,88.0,1016.0,1.54,,,,,broken clouds,2.0,,,1.83,78.32,,1.29,3.67,,raw_collecte_mohammed.csv
2026-05-04 07:18:54.891657,Marrakech,31.6295,-7.9811,14.98,,82.0,1016.0,1.54,,,,,broken clouds,2.0,,,2.52,72.64,,11.84,26.76,,raw_collecte_mohammed.csv
2026-05-04 07:18:54.891657,Rabat,34.0209,-6.8416,14.37,,94.0,1017.0,0.0,,,,,broken clouds,2.0,,,2.97,65.93,,2.8,5.46,,raw_collecte_mohammed.csv
2026-05-04 08:19:04.518464,Agadir,30.4278,-9.5981,15.06,,82.0,1015.0,2.37,,,,,clear sky,2.0,,,0.42,78.01,,2.78,10.33,,raw_collecte_mohammed.csv
2026-05-04 08:19:04.518464,Tanger,35.7595,-5.834,16.74,,82.0,1016.0,2.06,,,,,broken clouds,2.0,,,3.33,75.39,,1.46,3.94,,raw_collecte_mohammed.csv
2026-05-04 08:19:04.518464,Marrakech,31.6295,-7.9811,15.98,,77.0,1016.0,2.06,,,,,broken clouds,2.0,,,3.85,71.04,,11.69,26.99,,raw_collecte_mohammed.csv
2026-05-04 08:19:04.518464,Rabat,34.0209,-6.8416,15.37,,100.0,1017.0,0.0,,,,,broken clouds,2.0,,,3.92,66.45,,3.12,5.91,,raw_collecte_mohammed.csv
2026-05-04 09:19:14.191009,Agadir,30.4278,-9.5981,18.06,,79.0,1015.0,2.33,,,,,clear sky,2.0,,,0.49,77.09,,3.19,11.91,,raw_collecte_mohammed.csv
2026-05-04 09:19:14.191009,Tanger,35.7595,-5.834,17.74,,77.0,1016.0,3.6,,,,,scattered clouds,2.0,,,4.03,73.58,,1.6,4.17,,raw_collecte_mohammed.csv
2026-05-04 09:19:14.191009,Marrakech,31.6295,-7.9811,16.98,,77.0,1016.0,1.54,,,,,broken clouds,2.0,,,4.38,69.62,,10.97,26.3,,raw_collecte_mohammed.csv
2026-05-04 09:19:14.191009,Rabat,34.0209,-6.8416,18.37,,94.0,1017.0,0.0,,,,,broken clouds,2.0,,,4.15,68.18,,3.28,6.08,,raw_collecte_mohammed.csv
2026-05-04 10:19:23.788838,Agadir,30.4278,-9.5981,21.06,,75.0,1015.0,2.56,,,,,clear sky,2.0,,,0.44,77.34,,3.55,13.26,,raw_collecte_mohammed.csv
2026-05-04 10:19:23.788838,Tanger,35.7595,-5.834,18.74,,68.0,1017.0,4.63,,,,,broken clouds,2.0,,,3.22,76.84,,1.61,4.19,,raw_collecte_mohammed.csv
2026-05-04 10:19:23.788838,Marrakech,31.6295,-7.9811,18.98,,68.0,1016.0,1.03,,,,,broken clouds,2.0,,,3.64,71.45,,10.6,25.83,,raw_collecte_mohammed.csv
2026-05-04 10:19:23.788838,Rabat,34.0209,-6.8416,20.37,,73.0,1017.0,2.06,,,,,broken clouds,2.0,,,3.54,72.08,,3.29,6.02,,raw_collecte_mohammed.csv
2026-05-04 11:19:33.347221,Agadir,30.4278,-9.5981,21.06,,72.0,1015.0,2.66,,,,,clear sky,2.0,,,0.33,78.5,,3.94,14.46,,raw_collecte_mohammed.csv
2026-05-04 11:19:33.347221,Tanger,35.7595,-5.834,18.74,,68.0,1017.0,4.12,,,,,scattered clouds,2.0,,,0.89,91.17,,1.23,3.48,,raw_collecte_mohammed.csv
2026-05-04 11:19:33.347221,Marrakech,31.6295,-7.9811,19.97,,64.0,1016.0,2.06,,,,,scattered clouds,2.0,,,2.18,82.06,,9.06,22.35,,raw_collecte_mohammed.csv
2026-05-04 11:19:33.347221,Rabat,34.0209,-6.8416,21.37,,64.0,1018.0,2.57,,,,,broken clouds,2.0,,,2.13,84.28,,3.13,5.52,,raw_collecte_mohammed.csv
2026-05-04 12:19:43.089520,Agadir,30.4278,-9.5981,23.06,,68.0,1015.0,3.76,,,,,clear sky,2.0,,,0.25,80.34,,4.51,15.95,,raw_collecte_mohammed.csv
2026-05-04 12:19:43.089520,Tanger,35.7595,-5.834,18.74,,68.0,1017.0,4.63,,,,,scattered clouds,2.0,,,0.57,95.24,,1.17,3.28,,raw_collecte_mohammed.csv
2026-05-04 12:19:43.089520,Marrakech,31.6295,-7.9811,22.98,,56.0,1016.0,2.06,,,,,scattered clouds,2.0,,,1.37,85.64,,8.79,21.92,,raw_collecte_mohammed.csv
2026-05-04 12:19:43.089520,Rabat,34.0209,-6.8416,21.37,,68.0,1017.0,3.09,,,,,broken clouds,2.0,,,1.4,91.48,,3.45,5.68,,raw_collecte_mohammed.csv
2026-05-04 13:19:52.596850,Agadir,30.4278,-9.5981,24.06,,64.0,1014.0,5.35,,,,,clear sky,2.0,,,0.2,81.94,,5.17,17.29,,raw_collecte_mohammed.csv
2026-05-04 13:19:52.596850,Tanger,35.7595,-5.834,19.74,,64.0,1017.0,4.63,,,,,scattered clouds,2.0,,,0.43,98.52,,1.22,3.32,,raw_collecte_mohammed.csv
2026-05-04 13:19:52.596850,Marrakech,31.6295,-7.9811,23.98,,53.0,1015.0,1.54,,,,,scattered clouds,2.0,,,0.74,89.53,,9.18,23.13,,raw_collecte_mohammed.csv
2026-05-04 13:19:52.596850,Rabat,34.0209,-6.8416,21.37,,64.0,1017.0,3.6,,,,,broken clouds,2.0,,,1.08,95.66,,3.93,6.12,,raw_collecte_mohammed.csv
2026-05-04 14:20:02.188569,Agadir,30.4278,-9.5981,24.06,,58.0,1013.0,5.37,,,,,clear sky,2.0,,,0.18,84.19,,4.75,14.67,,raw_collecte_mohammed.csv
2026-05-04 14:20:02.188569,Tanger,35.7595,-5.834,18.74,,63.0,1017.0,5.14,,,,,scattered clouds,3.0,,,0.33,102.85,,1.25,3.36,,raw_collecte_mohammed.csv
2026-05-04 14:20:02.188569,Marrakech,31.6295,-7.9811,24.98,,47.0,1014.0,3.09,,,,,scattered clouds,2.0,,,0.44,90.41,,8.15,21.46,,raw_collecte_mohammed.csv
2026-05-04 14:20:02.188569,Rabat,34.0209,-6.8416,21.37,,60.0,1017.0,3.6,,,,,scattered clouds,3.0,,,0.66,101.33,,3.87,5.85,,raw_collecte_mohammed.csv
2026-05-04 15:20:11.790653,Agadir,30.4278,-9.5981,24.06,,54.0,1012.0,5.71,,,,,clear sky,2.0,,,0.18,86.0,,5.2,15.08,,raw_collecte_mohammed.csv
2026-05-04 15:20:11.790653,Tanger,35.7595,-5.834,18.74,,68.0,1016.0,5.14,,,,,scattered clouds,3.0,,,0.33,105.59,,1.41,3.63,,raw_collecte_mohammed.csv
2026-05-04 15:20:11.790653,Marrakech,31.6295,-7.9811,24.98,,47.0,1013.0,2.57,,,,,scattered clouds,2.0,,,0.38,89.72,,7.66,20.99,,raw_collecte_mohammed.csv
2026-05-04 15:20:11.790653,Rabat,34.0209,-6.8416,21.37,,60.0,1017.0,4.12,,,,,scattered clouds,3.0,,,0.62,102.64,,3.95,5.92,,raw_collecte_mohammed.csv
2026-05-04 16:20:21.509359,Agadir,30.4278,-9.5981,24.06,,51.0,1011.0,6.56,,,,,clear sky,2.0,,,0.19,88.51,,5.47,15.08,,raw_collecte_mohammed.csv
2026-05-04 16:20:21.509359,Tanger,35.7595,-5.834,19.74,,52.0,1016.0,5.14,,,,,few clouds,3.0,,,0.35,108.18,,1.53,3.82,,raw_collecte_mohammed.csv
2026-05-04 16:20:21.509359,Marrakech,31.6295,-7.9811,27.98,,42.0,1012.0,1.54,,,,,broken clouds,2.0,,,0.36,89.39,,7.27,20.34,,raw_collecte_mohammed.csv
2026-05-04 16:20:21.509359,Rabat,34.0209,-6.8416,21.37,,60.0,1016.0,3.6,,,,,scattered clouds,3.0,,,0.69,102.84,,3.94,5.95,,raw_collecte_mohammed.csv
2026-05-04 17:20:31.246026,Agadir,30.4278,-9.5981,23.06,,51.0,1011.0,8.11,,,,,clear sky,2.0,,,0.23,91.28,,5.41,14.42,,raw_collecte_mohammed.csv
2026-05-04 17:20:31.246026,Tanger,35.7595,-5.834,18.74,,52.0,1016.0,5.66,,,,,few clouds,3.0,,,0.41,110.54,,1.6,3.94,,raw_collecte_mohammed.csv
2026-05-04 17:20:31.246026,Marrakech,31.6295,-7.9811,25.98,,41.0,1012.0,1.54,,,,,broken clouds,2.0,,,0.42,90.21,,7.23,20.44,,raw_collecte_mohammed.csv
2026-05-04 17:20:31.246026,Rabat,34.0209,-6.8416,21.37,,64.0,1016.0,3.09,,,,,scattered clouds,3.0,,,0.9,103.21,,3.82,5.97,,raw_collecte_mohammed.csv
2026-05-04 18:20:40.829501,Agadir,30.4278,-9.5981,22.06,,52.0,1011.0,8.66,,,,,clear sky,2.0,,,0.27,93.61,,5.01,13.21,,raw_collecte_mohammed.csv
2026-05-04 18:20:40.829501,Tanger,35.7595,-5.834,18.77,,52.0,1016.0,4.12,,,,,few clouds,3.0,,,0.53,112.85,,1.64,4.01,,raw_collecte_mohammed.csv
2026-05-04 18:20:40.829501,Marrakech,31.6295,-7.9811,25.98,,41.0,1011.0,2.06,,,,,scattered clouds,2.0,,,0.55,90.33,,7.5,21.07,,raw_collecte_mohammed.csv
2026-05-04 18:20:40.829501,Rabat,34.0209,-6.8416,20.35,,68.0,1016.0,3.6,,,,,scattered clouds,3.0,,,1.26,103.43,,3.65,6.06,,raw_collecte_mohammed.csv
2026-05-04 19:20:50.379056,Agadir,30.4278,-9.5981,21.06,,56.0,1011.0,9.5,,,,,clear sky,2.0,,,0.31,95.01,,4.47,11.91,,raw_collecte_mohammed.csv
2026-05-04 19:20:50.379056,Tanger,35.7595,-5.834,17.74,,55.0,1016.0,4.63,,,,,few clouds,3.0,,,0.67,113.98,,1.63,3.98,,raw_collecte_mohammed.csv
2026-05-04 19:20:50.379056,Marrakech,31.6295,-7.9811,25.98,,41.0,1012.0,2.57,,,,,scattered clouds,2.0,,,0.7,89.8,,7.21,20.11,,raw_collecte_mohammed.csv
2026-05-04 19:20:50.379056,Rabat,34.0209,-6.8416,19.37,,68.0,1016.0,4.12,,,,,scattered clouds,3.0,,,1.75,101.51,,3.16,5.79,,raw_collecte_mohammed.csv
2026-05-04 20:21:00.002296,Agadir,30.4278,-9.5981,20.06,,59.0,1011.0,6.51,,,,,clear sky,2.0,,,0.37,95.29,,3.89,10.8,,raw_collecte_mohammed.csv
2026-05-04 20:21:00.002296,Tanger,35.7595,-5.834,16.74,,63.0,1016.0,4.12,,,,,few clouds,3.0,,,0.89,113.35,,1.59,3.91,,raw_collecte_mohammed.csv
2026-05-04 20:21:00.002296,Marrakech,31.6295,-7.9811,26.02,,38.0,1013.0,4.12,,,,,broken clouds,2.0,,,1.03,87.23,,6.76,18.62,,raw_collecte_mohammed.csv
2026-05-04 20:21:00.002296,Rabat,34.0209,-6.8416,18.37,,68.0,1017.0,3.6,,,,,scattered clouds,2.0,,,2.45,96.54,,2.58,5.35,,raw_collecte_mohammed.csv
2026-05-04 21:21:09.612687,Agadir,30.4278,-9.5981,19.06,,66.0,1012.0,3.76,,,,,clear sky,2.0,,,0.37,95.36,,3.38,10.04,,raw_collecte_mohammed.csv
2026-05-04 21:21:09.612687,Tanger,35.7595,-5.834,15.74,,72.0,1017.0,3.6,,,,,few clouds,3.0,,,1.0,112.21,,1.55,3.86,,raw_collecte_mohammed.csv
2026-05-04 21:21:09.612687,Marrakech,31.6295,-7.9811,22.98,,49.0,1014.0,5.66,,,,,broken clouds,2.0,,,1.35,85.05,,6.43,17.57,,raw_collecte_mohammed.csv
2026-05-04 21:21:09.612687,Rabat,34.0209,-6.8416,16.37,,82.0,1018.0,2.57,,,,,scattered clouds,2.0,,,2.72,94.02,,2.28,5.16,,raw_collecte_mohammed.csv
2026-05-04 22:21:21.192033,Agadir,30.4278,-9.5981,18.06,,71.0,1013.0,3.21,,,,,clear sky,2.0,,,0.35,95.43,,3.02,9.65,,raw_collecte_mohammed.csv
2026-05-04 22:21:21.192033,Tanger,35.7595,-5.834,15.74,,72.0,1017.0,3.6,,,,,few clouds,3.0,,,1.0,110.91,,1.5,3.88,,raw_collecte_mohammed.csv
2026-05-04 22:21:21.192033,Marrakech,31.6295,-7.9811,19.98,,56.0,1015.0,4.63,,,,,broken clouds,2.0,,,1.54,84.44,,6.15,16.72,,raw_collecte_mohammed.csv
2026-05-04 22:21:21.192033,Rabat,34.0209,-6.8416,16.37,,82.0,1018.0,2.06,,,,,scattered clouds,2.0,,,2.61,93.42,,2.15,5.06,,raw_collecte_mohammed.csv
2026-05-04 23:21:30.844203,Agadir,30.4278,-9.5981,18.06,,72.0,1013.0,4.15,,,,,clear sky,2.0,,,0.35,95.26,,2.79,9.48,,raw_collecte_mohammed.csv
2026-05-04 23:21:30.844203,Tanger,35.7595,-5.834,15.74,,77.0,1017.0,2.57,,,,,few clouds,3.0,,,1.1,108.17,,1.49,4.04,,raw_collecte_mohammed.csv
2026-05-04 23:21:30.844203,Marrakech,31.6295,-7.9811,18.98,,59.0,1016.0,4.63,,,,,broken clouds,2.0,,,1.74,82.32,,5.94,15.9,,raw_collecte_mohammed.csv
2026-05-04 23:21:30.844203,Rabat,34.0209,-6.8416,13.37,,94.0,1018.0,0.0,,,,,scattered clouds,2.0,,,2.51,92.54,,2.07,4.92,,raw_collecte_mohammed.csv
2026-05-05 00:26:15.709472,Agadir,30.4278,-9.5981,17.06,,75.0,1014.0,3.91,,,,,clear sky,2.0,,,0.34,95.53,,2.65,9.4,,raw_collecte_mohammed.csv
2026-05-05 00:26:15.709472,Tanger,35.7595,-5.834,15.74,,77.0,1017.0,3.6,,,,,few clouds,3.0,,,1.22,105.31,,1.5,4.35,,raw_collecte_mohammed.csv
2026-05-05 00:26:15.709472,Marrakech,31.6295,-7.9811,17.98,,63.0,1016.0,2.06,,,,,broken clouds,2.0,,,1.86,79.1,,5.93,15.57,,raw_collecte_mohammed.csv
2026-05-05 00:26:15.709472,Rabat,34.0209,-6.8416,11.37,,93.0,1018.0,0.0,,,,,scattered clouds,2.0,,,2.41,92.83,,2.06,4.88,,raw_collecte_mohammed.csv
2026-05-05 01:26:25.503296,Agadir,30.4278,-9.5981,15.06,,79.0,1014.0,3.59,,,,,clear sky,2.0,,,0.31,95.57,,2.56,9.37,,raw_collecte_mohammed.csv
2026-05-05 01:26:25.503296,Tanger,35.7595,-5.834,15.74,,77.0,1017.0,2.57,,,,,few clouds,3.0,,,1.15,102.84,,1.53,4.74,,raw_collecte_mohammed.csv
2026-05-05 01:26:25.503296,Marrakech,31.6295,-7.9811,17.98,,63.0,1016.0,2.57,,,,,few clouds,2.0,,,1.75,75.79,,5.95,15.43,,raw_collecte_mohammed.csv
2026-05-05 01:26:25.503296,Rabat,34.0209,-6.8416,9.37,,100.0,1018.0,0.0,,,,,scattered clouds,2.0,,,2.26,92.97,,2.12,5.02,,raw_collecte_mohammed.csv
2026-05-05 02:26:35.213724,Agadir,30.4278,-9.5981,15.06,,82.0,1013.0,3.32,,,,,clear sky,2.0,,,0.28,95.11,,2.52,9.44,,raw_collecte_mohammed.csv
2026-05-05 02:26:35.213724,Tanger,35.7595,-5.834,15.74,,82.0,1016.0,2.57,,,,,few clouds,3.0,,,1.03,101.14,,1.57,5.09,,raw_collecte_mohammed.csv
2026-05-05 02:26:35.213724,Marrakech,31.6295,-7.9811,16.98,,63.0,1015.0,1.54,,,,,few clouds,2.0,,,1.61,72.8,,5.91,15.23,,raw_collecte_mohammed.csv
2026-05-05 02:26:35.213724,Rabat,34.0209,-6.8416,8.37,,100.0,1017.0,0.0,,,,,scattered clouds,2.0,,,2.09,92.68,,2.22,5.25,,raw_collecte_mohammed.csv
2026-05-05 03:26:44.786264,Agadir,30.4278,-9.5981,15.06,,82.0,1013.0,3.82,,,,,clear sky,2.0,,,0.26,94.62,,2.53,9.68,,raw_collecte_mohammed.csv
2026-05-05 03:26:44.786264,Tanger,35.7595,-5.834,14.74,,82.0,1015.0,3.09,,,,,few clouds,2.0,,,0.97,99.96,,1.62,5.4,,raw_collecte_mohammed.csv
2026-05-05 03:26:44.786264,Marrakech,31.6295,-7.9811,15.98,,67.0,1015.0,1.54,,,,,few clouds,2.0,,,1.55,72.37,,5.98,15.22,,raw_collecte_mohammed.csv
2026-05-05 03:26:44.786264,Rabat,34.0209,-6.8416,8.37,,100.0,1016.0,0.0,,,,,scattered clouds,2.0,,,1.98,92.33,,2.36,5.55,,raw_collecte_mohammed.csv
2026-05-05 04:26:54.534294,Agadir,30.4278,-9.5981,16.06,,87.0,1013.0,5.03,,,,,clear sky,2.0,,,0.25,93.9,,2.58,9.91,,raw_collecte_mohammed.csv
2026-05-05 04:26:54.534294,Tanger,35.7595,-5.834,15.74,,72.0,1015.0,3.09,,,,,few clouds,2.0,,,0.97,99.17,,1.71,5.73,,raw_collecte_mohammed.csv
2026-05-05 04:26:54.534294,Marrakech,31.6295,-7.9811,15.98,,72.0,1015.0,2.06,,,,,few clouds,2.0,,,1.51,73.2,,6.12,15.34,,raw_collecte_mohammed.csv
2026-05-05 04:26:54.534294,Rabat,34.0209,-6.8416,9.37,,100.0,1016.0,0.0,,,,,scattered clouds,2.0,,,1.93,91.45,,2.52,5.88,,raw_collecte_mohammed.csv
2026-05-05 05:27:04.078828,Agadir,30.4278,-9.5981,17.06,,88.0,1013.0,5.07,,,,,clear sky,2.0,,,0.25,93.67,,2.67,10.2,,raw_collecte_mohammed.csv
2026-05-05 05:27:04.078828,Tanger,35.7595,-5.834,15.74,,72.0,1015.0,3.09,,,,,few clouds,2.0,,,1.07,97.13,,1.85,6.22,,raw_collecte_mohammed.csv
2026-05-05 05:27:04.078828,Marrakech,31.6295,-7.9811,13.98,,77.0,1015.0,3.09,,,,,clear sky,2.0,,,1.52,74.29,,6.26,15.45,,raw_collecte_mohammed.csv
2026-05-05 05:27:04.078828,Rabat,34.0209,-6.8416,10.37,,100.0,1016.0,0.0,,,,,scattered clouds,2.0,,,1.95,90.62,,2.69,6.19,,raw_collecte_mohammed.csv
2026-05-05 06:27:13.831769,Agadir,30.4278,-9.5981,16.06,,89.0,1013.0,3.37,,,,,clear sky,2.0,,,0.26,93.23,,2.8,10.59,,raw_collecte_mohammed.csv
2026-05-05 06:27:13.831769,Tanger,35.7595,-5.834,14.74,,77.0,1015.0,2.06,,,,,scattered clouds,2.0,,,1.34,93.45,,2.01,6.75,,raw_collecte_mohammed.csv
2026-05-05 06:27:13.831769,Marrakech,31.6295,-7.9811,12.98,,76.0,1015.0,1.03,,,,,clear sky,2.0,,,1.68,75.03,,6.43,15.58,,raw_collecte_mohammed.csv
2026-05-05 06:27:13.831769,Rabat,34.0209,-6.8416,11.37,,100.0,1016.0,0.0,,,,,scattered clouds,2.0,,,2.08,89.36,,2.9,6.55,,raw_collecte_mohammed.csv
2026-05-05 07:27:23.590265,Agadir,30.4278,-9.5981,15.06,,89.0,1013.0,3.71,,,,,few clouds,2.0,,,0.33,92.78,,2.98,11.05,,raw_collecte_mohammed.csv
2026-05-05 07:27:23.590265,Tanger,35.7595,-5.834,13.74,,82.0,1016.0,1.03,,,,,scattered clouds,2.0,,,2.14,89.15,,2.18,7.16,,raw_collecte_mohammed.csv
2026-05-05 07:27:23.590265,Marrakech,31.6295,-7.9811,12.98,,76.0,1015.0,2.06,,,,,clear sky,2.0,,,2.37,74.9,,6.65,15.77,,raw_collecte_mohammed.csv
2026-05-05 07:27:23.590265,Rabat,34.0209,-6.8416,11.37,,100.0,1016.0,0.0,,,,,scattered clouds,2.0,,,2.55,88.11,,3.13,6.93,,raw_collecte_mohammed.csv
2026-05-05 08:27:33.178855,Agadir,30.4278,-9.5981,16.06,,84.0,1014.0,4.08,,,,,overcast clouds,2.0,,,0.5,91.81,,3.16,11.47,,raw_collecte_mohammed.csv
2026-05-05 08:27:33.178855,Tanger,35.7595,-5.834,15.74,,77.0,1016.0,1.03,,,,,few clouds,2.0,,,3.77,84.1,,2.35,7.1,,raw_collecte_mohammed.csv
2026-05-05 08:27:33.178855,Marrakech,31.6295,-7.9811,13.98,,77.0,1015.0,2.57,,,,,clear sky,2.0,,,3.65,73.48,,6.63,15.65,,raw_collecte_mohammed.csv
2026-05-05 08:27:33.178855,Rabat,34.0209,-6.8416,13.37,,100.0,1017.0,0.0,,,,,scattered clouds,2.0,,,3.45,86.33,,3.35,7.25,,raw_collecte_mohammed.csv
2026-05-05 09:27:42.945492,Agadir,30.4278,-9.5981,19.06,,81.0,1014.0,3.49,,,,,overcast clouds,2.0,,,0.61,90.78,,3.34,11.94,,raw_collecte_mohammed.csv
2026-05-05 09:27:42.945492,Tanger,35.7595,-5.834,16.74,,72.0,1016.0,2.57,,,,,scattered clouds,2.0,,,4.86,81.8,,2.43,6.73,,raw_collecte_mohammed.csv
2026-05-05 09:27:42.945492,Marrakech,31.6295,-7.9811,17.98,,72.0,1015.0,0.51,,,,,clear sky,2.0,,,3.96,72.21,,6.65,15.63,,raw_collecte_mohammed.csv
2026-05-05 09:27:42.945492,Rabat,34.0209,-6.8416,16.37,,94.0,1016.0,1.54,,,,,scattered clouds,2.0,,,3.74,86.15,,3.53,7.52,,raw_collecte_mohammed.csv
2026-05-05 10:27:52.495333,Agadir,30.4278,-9.5981,21.06,,73.0,1014.0,3.24,,,,,overcast clouds,2.0,,,0.56,90.92,,3.54,12.46,,raw_collecte_mohammed.csv
2026-05-05 10:27:52.495333,Tanger,35.7595,-5.834,17.74,,68.0,1016.0,3.09,,,,,scattered clouds,2.0,,,4.4,84.28,,2.42,6.32,,raw_collecte_mohammed.csv
2026-05-05 10:27:52.495333,Marrakech,31.6295,-7.9811,18.98,,68.0,1015.0,1.03,,,,,clear sky,2.0,,,3.45,74.1,,6.73,15.87,,raw_collecte_mohammed.csv
2026-05-05 10:27:52.495333,Rabat,34.0209,-6.8416,18.37,,63.0,1017.0,2.06,,,,,scattered clouds,2.0,,,3.36,88.29,,3.71,7.83,,raw_collecte_mohammed.csv
2026-05-05 11:43:38.735878,Agadir,30.4278,-9.5981,23.06,,67.0,1014.0,2.37,,,,,overcast clouds,2.0,,,0.53,91.72,,4.05,13.18,,raw_collecte_mohammed.csv
2026-05-05 11:43:38.735878,Tanger,35.7595,-5.834,18.74,,59.0,1016.0,3.6,,,,,scattered clouds,3.0,,,1.0,105.97,,1.96,4.99,,raw_collecte_mohammed.csv
2026-05-05 11:43:38.735878,Marrakech,31.6295,-7.9811,20.98,,56.0,1014.0,2.57,,,,,clear sky,2.0,,,1.27,93.1,,5.52,14.15,,raw_collecte_mohammed.csv
2026-05-05 11:43:38.735878,Rabat,34.0209,-6.8416,19.37,,59.0,1017.0,2.57,,,,,broken clouds,3.0,,,1.37,103.23,,4.36,8.28,,raw_collecte_mohammed.csv
2026-05-05 12:43:48.514019,Agadir,30.4278,-9.5981,25.06,,69.0,1014.0,3.61,,,,,overcast clouds,2.0,,,0.52,92.37,,4.56,13.93,,raw_collecte_mohammed.csv
2026-05-05 12:43:48.514019,Tanger,35.7595,-5.834,19.74,,56.0,1016.0,4.12,,,,,scattered clouds,3.0,,,0.67,108.78,,1.99,4.74,,raw_collecte_mohammed.csv
2026-05-05 12:43:48.514019,Marrakech,31.6295,-7.9811,22.98,,53.0,1014.0,2.57,,,,,clear sky,2.0,,,0.71,95.76,,6.05,15.63,,raw_collecte_mohammed.csv
2026-05-05 12:43:48.514019,Rabat,34.0209,-6.8416,20.35,,56.0,1016.0,4.12,,,,,scattered clouds,3.0,,,0.97,107.66,,5.02,8.84,,raw_collecte_mohammed.csv
2026-05-05 13:43:58.177169,Agadir,30.4278,-9.5981,26.06,,68.0,1013.0,4.7,,,,,overcast clouds,2.0,,,0.52,93.48,,5.39,15.53,,raw_collecte_mohammed.csv
2026-05-05 13:43:58.177169,Tanger,35.7595,-5.834,19.74,,52.0,1016.0,4.63,,,,,scattered clouds,3.0,,,0.48,110.75,,2.05,4.58,,raw_collecte_mohammed.csv
2026-05-05 13:43:58.177169,Marrakech,31.6295,-7.9811,24.98,,47.0,1013.0,2.57,,,,,clear sky,2.0,,,0.29,87.6,,5.04,14.42,,raw_collecte_mohammed.csv
2026-05-05 13:43:58.177169,Rabat,34.0209,-6.8416,20.37,,52.0,1016.0,4.12,,,,,scattered clouds,3.0,,,0.71,110.8,,4.9,8.29,,raw_collecte_mohammed.csv
2026-05-05 14:44:07.951141,Agadir,30.4278,-9.5981,27.06,,59.0,1012.0,4.75,,,,,overcast clouds,3.0,,,0.56,103.36,,6.71,17.9,,raw_collecte_mohammed.csv
2026-05-05 14:44:07.951141,Tanger,35.7595,-5.834,19.74,,60.0,1015.0,5.14,,,,,scattered clouds,3.0,,,0.45,111.18,,1.89,4.46,,raw_collecte_mohammed.csv
2026-05-05 14:44:07.951141,Marrakech,31.6295,-7.9811,24.97,,47.0,1012.0,2.06,,,,,clear sky,2.0,,,0.27,79.55,,4.08,12.08,,raw_collecte_mohammed.csv
2026-05-05 14:44:07.951141,Rabat,34.0209,-6.8416,20.37,,45.0,1015.0,4.12,,,,,scattered clouds,3.0,,,0.63,114.54,,4.2,7.02,,raw_collecte_mohammed.csv
2026-05-05 15:44:17.802072,Agadir,30.4278,-9.5981,27.06,,56.0,1011.0,5.16,,,,,overcast clouds,3.0,,,0.6,103.56,,7.56,19.59,,raw_collecte_mohammed.csv
2026-05-05 15:44:17.802072,Tanger,35.7595,-5.834,19.83,,56.0,1015.0,5.66,,,,,scattered clouds,3.0,,,0.44,111.17,,1.84,4.23,,raw_collecte_mohammed.csv
2026-05-05 15:44:17.802072,Marrakech,31.6295,-7.9811,25.98,,41.0,1011.0,3.09,,,,,scattered clouds,2.0,,,0.29,75.3,,3.6,10.74,,raw_collecte_mohammed.csv
2026-05-05 15:44:17.802072,Rabat,34.0209,-6.8416,21.37,,46.0,1015.0,4.63,,,,,broken clouds,3.0,,,0.69,115.31,,4.04,6.77,,raw_collecte_mohammed.csv
2026-05-05 16:44:27.124479,Agadir,30.4278,-9.5981,26.06,,52.0,1010.0,5.27,,,,,overcast clouds,3.0,,,0.71,102.85,,8.37,21.08,,raw_collecte_mohammed.csv
2026-05-05 16:44:27.124479,Tanger,35.7595,-5.834,18.74,,52.0,1014.0,6.17,,,,,scattered clouds,3.0,,,0.49,111.12,,1.75,3.95,,raw_collecte_mohammed.csv
2026-05-05 16:44:27.124479,Marrakech,31.6295,-7.9811,27.98,,36.0,1011.0,2.57,,,,,scattered clouds,2.0,,,0.36,73.93,,3.42,10.18,,raw_collecte_mohammed.csv
2026-05-05 16:44:27.124479,Rabat,34.0209,-6.8416,19.37,,55.0,1015.0,4.63,,,,,broken clouds,3.0,,,0.91,115.34,,3.73,6.48,,raw_collecte_mohammed.csv
2026-05-05 17:44:38.150614,Agadir,30.4278,-9.5981,26.06,,51.0,1010.0,4.4,,,,,overcast clouds,3.0,,,0.82,101.94,,8.87,21.6,,raw_collecte_mohammed.csv
2026-05-05 17:44:38.150614,Tanger,35.7595,-5.834,17.74,,55.0,1014.0,5.14,,,,,broken clouds,3.0,,,0.64,110.23,,1.65,3.74,,raw_collecte_mohammed.csv
2026-05-05 17:44:38.150614,Marrakech,31.6295,-7.9811,27.98,,36.0,1011.0,2.57,,,,,scattered clouds,2.0,,,0.47,73.07,,3.39,9.96,,raw_collecte_mohammed.csv
2026-05-05 17:44:38.150614,Rabat,34.0209,-6.8416,19.37,,55.0,1015.0,4.12,,,,,overcast clouds,3.0,,,1.32,113.59,,3.42,6.26,,raw_collecte_mohammed.csv
2026-05-05 18:44:47.423062,Agadir,30.4278,-9.5981,25.06,,53.0,1010.0,4.19,,,,,overcast clouds,3.0,,,0.75,102.89,,8.7,20.86,,raw_collecte_mohammed.csv
2026-05-05 18:44:47.423062,Tanger,35.7595,-5.834,17.74,,48.0,1014.0,5.66,,,,,broken clouds,3.0,,,0.77,109.11,,1.55,3.59,,raw_collecte_mohammed.csv
2026-05-05 18:44:47.423062,Marrakech,31.6295,-7.9811,25.98,,36.0,1011.0,3.6,,,,,scattered clouds,2.0,,,0.57,72.42,,3.29,9.55,,raw_collecte_mohammed.csv
2026-05-05 18:44:47.423062,Rabat,34.0209,-6.8416,18.37,,68.0,1015.0,4.63,,,,,overcast clouds,3.0,,,1.81,110.64,,2.91,5.73,,raw_collecte_mohammed.csv
2026-05-05 19:44:57.160950,Agadir,30.4278,-9.5981,23.06,,56.0,1010.0,3.7,,,,,overcast clouds,3.0,,,0.56,107.37,,7.63,18.63,,raw_collecte_mohammed.csv
2026-05-05 19:44:57.160950,Tanger,35.7595,-5.834,17.74,,52.0,1015.0,4.12,,,,,broken clouds,3.0,,,0.85,107.51,,1.46,3.48,,raw_collecte_mohammed.csv
2026-05-05 19:44:57.160950,Marrakech,31.6295,-7.9811,24.98,,33.0,1012.0,4.63,,,,,scattered clouds,2.0,,,0.88,71.91,,3.48,10.04,,raw_collecte_mohammed.csv
2026-05-05 19:44:57.160950,Rabat,34.0209,-6.8416,17.37,,72.0,1015.0,3.6,,,,,broken clouds,3.0,,,2.44,105.31,,2.38,5.09,,raw_collecte_mohammed.csv
2026-05-05 20:45:06.507749,Agadir,30.4278,-9.5981,20.06,,60.0,1010.0,2.09,,,,,overcast clouds,3.0,,,0.51,109.57,,6.32,16.12,,raw_collecte_mohammed.csv
2026-05-05 20:45:06.507749,Tanger,35.7595,-5.834,16.74,,59.0,1015.0,4.63,,,,,clear sky,3.0,,,0.87,105.9,,1.4,3.42,,raw_collecte_mohammed.csv
2026-05-05 20:45:06.507749,Marrakech,31.6295,-7.9811,23.98,,35.0,1013.0,3.6,,,,,scattered clouds,2.0,,,1.26,72.33,,3.95,11.46,,raw_collecte_mohammed.csv
2026-05-05 20:45:06.507749,Rabat,34.0209,-6.8416,17.37,,63.0,1016.0,2.57,,,,,broken clouds,3.0,,,2.74,101.34,,2.09,4.76,,raw_collecte_mohammed.csv
2026-05-05 21:45:16.502233,Agadir,30.4278,-9.5981,18.06,,64.0,1011.0,1.87,,,,,broken clouds,3.0,,,0.44,110.38,,5.21,14.33,,raw_collecte_mohammed.csv
2026-05-05 21:45:16.502233,Tanger,35.7595,-5.834,16.74,,63.0,1015.0,3.6,,,,,clear sky,3.0,,,0.87,104.85,,1.39,3.54,,raw_collecte_mohammed.csv
2026-05-05 21:45:16.502233,Marrakech,31.6295,-7.9811,20.98,,46.0,1013.0,4.63,,,,,scattered clouds,2.0,,,1.48,73.26,,4.27,12.5,,raw_collecte_mohammed.csv
2026-05-05 21:45:16.502233,Rabat,34.0209,-6.8416,16.37,,67.0,1016.0,2.06,,,,,broken clouds,2.0,,,2.73,98.83,,1.99,4.67,,raw_collecte_mohammed.csv
2026-05-05 22:37:06.706972,Agadir,30.4278,-9.5981,18.06,,69.0,1012.0,2.89,,,,,broken clouds,3.0,,,0.41,109.28,,4.42,13.08,,raw_collecte_mohammed.csv
2026-05-05 22:37:06.706972,Tanger,35.7595,-5.834,16.74,,63.0,1015.0,3.6,,,,,clear sky,3.0,,,1.05,103.14,,1.49,3.97,,raw_collecte_mohammed.csv
2026-05-05 22:37:06.706972,Marrakech,31.6295,-7.9811,18.97,,55.0,1014.0,4.63,,,,,scattered clouds,2.0,,,1.59,72.79,,4.38,12.93,,raw_collecte_mohammed.csv
2026-05-05 22:37:06.706972,Rabat,34.0209,-6.8416,16.37,,72.0,1016.0,2.06,,,,,scattered clouds,2.0,,,2.72,95.82,,2.01,4.71,,raw_collecte_mohammed.csv
2026-05-05 23:37:16.486662,Agadir,30.4278,-9.5981,17.06,,72.0,1012.0,3.0,,,,,broken clouds,3.0,,,0.38,107.7,,3.81,11.95,,raw_collecte_mohammed.csv
2026-05-05 23:37:16.486662,Tanger,35.7595,-5.834,16.74,,72.0,1015.0,2.06,,,,,clear sky,3.0,,,1.26,101.33,,1.67,4.69,,raw_collecte_mohammed.csv
2026-05-05 23:37:16.486662,Marrakech,31.6295,-7.9811,16.98,,59.0,1014.0,4.63,,,,,scattered clouds,2.0,,,1.7,73.32,,4.5,13.34,,raw_collecte_mohammed.csv
2026-05-05 23:37:16.486662,Rabat,34.0209,-6.8416,16.37,,72.0,1016.0,1.54,,,,,scattered clouds,2.0,,,2.69,93.83,,2.11,4.87,,raw_collecte_mohammed.csv
2026-05-06 00:37:26.084055,Agadir,30.4278,-9.5981,17.06,,78.0,1012.0,3.08,,,,,broken clouds,3.0,,,0.34,106.81,,3.35,11.03,,raw_collecte_mohammed.csv
2026-05-06 00:37:26.084055,Tanger,35.7595,-5.834,15.74,,77.0,1014.0,1.54,,,,,clear sky,3.0,,,1.26,100.38,,1.86,5.58,,raw_collecte_mohammed.csv
2026-05-06 00:37:26.084055,Marrakech,31.6295,-7.9811,15.98,,63.0,1014.0,2.57,,,,,scattered clouds,2.0,,,1.69,73.85,,4.62,13.7,,raw_collecte_mohammed.csv
2026-05-06 00:37:26.084055,Rabat,34.0209,-6.8416,14.37,,77.0,1015.0,0.0,,,,,scattered clouds,2.0,,,2.54,92.2,,2.24,5.06,,raw_collecte_mohammed.csv
2026-05-06 01:37:36.620021,Agadir,30.4278,-9.5981,16.06,,78.0,1012.0,3.08,,,,,broken clouds,3.0,,,0.31,106.38,,3.13,10.62,,raw_collecte_mohammed.csv
2026-05-06 01:37:36.620021,Tanger,35.7595,-5.834,15.74,,77.0,1014.0,2.06,,,,,clear sky,2.0,,,1.22,98.81,,2.05,6.48,,raw_collecte_mohammed.csv
2026-05-06 01:37:36.620021,Marrakech,31.6295,-7.9811,14.97,,63.0,1014.0,1.54,,,,,scattered clouds,2.0,,,1.65,71.86,,4.72,13.81,,raw_collecte_mohammed.csv
2026-05-06 01:37:36.620021,Rabat,34.0209,-6.8416,11.37,,93.0,1014.0,0.0,,,,,scattered clouds,2.0,,,2.39,89.94,,2.36,5.26,,raw_collecte_mohammed.csv
2026-05-06 02:37:46.390425,Agadir,30.4278,-9.5981,15.06,,76.0,1011.0,3.66,,,,,scattered clouds,3.0,,,0.3,105.46,,3.01,10.43,,raw_collecte_mohammed.csv
2026-05-06 02:37:46.390425,Tanger,35.7595,-5.834,14.74,,77.0,1012.0,2.06,,,,,clear sky,2.0,,,1.24,96.53,,2.22,7.27,,raw_collecte_mohammed.csv
2026-05-06 02:37:46.390425,Marrakech,31.6295,-7.9811,14.98,,63.0,1012.0,1.03,,,,,scattered clouds,2.0,,,1.62,70.45,,4.85,14.02,,raw_collecte_mohammed.csv
2026-05-06 02:37:46.390425,Rabat,34.0209,-6.8416,9.37,,100.0,1014.0,0.0,,,,,scattered clouds,2.0,,,2.33,87.17,,2.52,5.52,,raw_collecte_mohammed.csv
2026-05-06 03:37:56.480170,Agadir,30.4278,-9.5981,15.06,,78.0,1010.0,3.25,,,,,scattered clouds,3.0,,,0.29,103.84,,2.96,10.38,,raw_collecte_mohammed.csv
2026-05-06 03:37:56.480170,Tanger,35.7595,-5.834,14.74,,72.0,1012.0,2.57,,,,,clear sky,2.0,,,1.28,94.95,,2.38,7.89,,raw_collecte_mohammed.csv
2026-05-06 03:37:56.480170,Marrakech,31.6295,-7.9811,12.97,,71.0,1012.0,1.54,,,,,clear sky,2.0,,,1.54,70.58,,4.98,14.25,,raw_collecte_mohammed.csv
2026-05-06 03:37:56.480170,Rabat,34.0209,-6.8416,9.37,,100.0,1013.0,0.0,,,,,scattered clouds,2.0,,,2.3,84.94,,2.72,5.83,,raw_collecte_mohammed.csv
2026-05-06 04:38:06.193736,Agadir,30.4278,-9.5981,14.06,,78.0,1010.0,2.79,,,,,scattered clouds,3.0,,,0.3,101.98,,2.98,10.51,,raw_collecte_mohammed.csv
2026-05-06 04:38:06.193736,Tanger,35.7595,-5.834,14.74,,72.0,1012.0,2.57,,,,,scattered clouds,2.0,,,1.36,93.94,,2.51,8.34,,raw_collecte_mohammed.csv
2026-05-06 04:38:06.193736,Marrakech,31.6295,-7.9811,11.98,,76.0,1012.0,2.06,,,,,clear sky,2.0,,,1.53,71.36,,5.1,14.45,,raw_collecte_mohammed.csv
2026-05-06 04:38:06.193736,Rabat,34.0209,-6.8416,8.37,,100.0,1013.0,0.0,,,,,scattered clouds,2.0,,,2.33,82.41,,2.95,6.15,,raw_collecte_mohammed.csv
2026-05-06 05:38:16.017989,Agadir,30.4278,-9.5981,15.06,,80.0,1010.0,1.56,,,,,scattered clouds,3.0,,,0.32,100.11,,3.1,10.89,,raw_collecte_mohammed.csv
2026-05-06 05:38:16.017989,Tanger,35.7595,-5.834,14.74,,72.0,1012.0,3.09,,,,,scattered clouds,2.0,,,1.54,90.59,,2.59,8.54,,raw_collecte_mohammed.csv
2026-05-06 05:38:16.017989,Marrakech,31.6295,-7.9811,11.98,,71.0,1012.0,0.51,,,,,clear sky,2.0,,,1.7,71.61,,5.22,14.6,,raw_collecte_mohammed.csv
2026-05-06 05:38:16.017989,Rabat,34.0209,-6.8416,7.37,,100.0,1013.0,0.0,,,,,scattered clouds,2.0,,,2.54,79.95,,3.23,6.55,,raw_collecte_mohammed.csv
2026-05-06 06:38:25.775023,Agadir,30.4278,-9.5981,16.06,,81.0,1011.0,0.77,,,,,scattered clouds,2.0,,,0.43,98.24,,3.32,11.54,,raw_collecte_mohammed.csv
2026-05-06 06:38:25.775023,Tanger,35.7595,-5.834,14.74,,72.0,1012.0,3.09,,,,,scattered clouds,2.0,,,2.22,86.93,,2.69,8.67,,raw_collecte_mohammed.csv
2026-05-06 06:38:25.775023,Marrakech,31.6295,-7.9811,12.98,,71.0,1012.0,1.54,,,,,clear sky,2.0,,,2.4,70.83,,5.39,14.79,,raw_collecte_mohammed.csv
2026-05-06 06:38:25.775023,Rabat,34.0209,-6.8416,7.37,,100.0,1013.0,0.0,,,,,scattered clouds,2.0,,,3.37,77.19,,3.61,7.09,,raw_collecte_mohammed.csv
2026-05-06 07:38:35.813985,Agadir,30.4278,-9.5981,15.06,,77.0,1011.0,0.97,,,,,clear sky,2.0,,,0.66,95.64,,3.64,12.49,,raw_collecte_mohammed.csv
2026-05-06 07:38:35.813985,Tanger,35.7595,-5.834,13.74,,77.0,1012.0,2.57,,,,,scattered clouds,2.0,,,3.5,83.05,,2.84,8.78,,raw_collecte_mohammed.csv
2026-05-06 07:38:35.813985,Marrakech,31.6295,-7.9811,10.98,,76.0,1013.0,1.03,,,,,clear sky,2.0,,,3.77,67.98,,5.46,14.78,,raw_collecte_mohammed.csv
2026-05-06 07:38:35.813985,Rabat,34.0209,-6.8416,9.37,,93.0,1013.0,0.0,,,,,scattered clouds,2.0,,,4.85,74.47,,4.03,7.75,,raw_collecte_mohammed.csv
2026-05-06 08:38:45.831380,Agadir,30.4278,-9.5981,17.06,,76.0,1012.0,2.12,,,,,few clouds,2.0,,,0.74,94.42,,4.04,13.73,,raw_collecte_mohammed.csv
2026-05-06 08:38:45.831380,Tanger,35.7595,-5.834,15.74,,72.0,1013.0,3.09,,,,,broken clouds,2.0,,,4.19,79.06,,3.01,8.84,,raw_collecte_mohammed.csv
2026-05-06 08:38:45.831380,Marrakech,31.6295,-7.9811,12.98,,71.0,1013.0,2.06,,,,,clear sky,2.0,,,4.19,64.19,,5.52,14.86,,raw_collecte_mohammed.csv
2026-05-06 08:38:45.831380,Rabat,34.0209,-6.8416,13.37,,100.0,1013.0,0.0,,,,,scattered clouds,2.0,,,5.03,75.64,,4.35,8.32,,raw_collecte_mohammed.csv
2026-05-06 09:46:32.148319,Agadir,30.4278,-9.5981,19.06,,69.0,1012.0,1.05,,,,,few clouds,2.0,,,0.64,95.3,,4.53,15.19,,raw_collecte_mohammed.csv
2026-05-06 09:46:32.148319,Tanger,35.7595,-5.834,17.74,,68.0,1013.0,3.6,,,,,broken clouds,2.0,,,4.31,79.2,,3.19,8.9,,raw_collecte_mohammed.csv
2026-05-06 09:46:32.148319,Marrakech,31.6295,-7.9811,16.98,,63.0,1012.0,1.03,,,,,clear sky,2.0,,,3.4,64.06,,5.67,15.39,,raw_collecte_mohammed.csv
2026-05-06 09:46:32.148319,Rabat,34.0209,-6.8416,19.37,,63.0,1013.0,0.0,,,,,scattered clouds,2.0,,,4.13,81.21,,4.57,8.79,,raw_collecte_mohammed.csv
2026-05-06 10:46:42.210602,Agadir,30.4278,-9.5981,22.06,,65.0,1011.0,1.8,,,,,scattered clouds,2.0,,,0.49,97.83,,5.15,17.01,,raw_collecte_mohammed.csv
2026-05-06 10:46:42.210602,Tanger,35.7595,-5.834,18.74,,68.0,1013.0,3.6,,,,,broken clouds,2.0,,,2.2,99.36,,3.07,8.76,,raw_collecte_mohammed.csv
2026-05-06 10:46:42.210602,Marrakech,31.6295,-7.9811,17.98,,59.0,1012.0,1.54,,,,,clear sky,2.0,,,0.67,70.22,,4.04,11.67,,raw_collecte_mohammed.csv
2026-05-06 10:46:42.210602,Rabat,34.0209,-6.8416,18.37,,68.0,1013.0,0.0,,,,,scattered clouds,3.0,,,1.84,101.67,,4.26,8.3,,raw_collecte_mohammed.csv
2026-05-06 11:46:52.616157,Agadir,30.4278,-9.5981,24.06,,63.0,1011.0,3.16,,,,,scattered clouds,3.0,,,0.37,100.37,,5.91,18.88,,raw_collecte_mohammed.csv
2026-05-06 11:46:52.616157,Tanger,35.7595,-5.834,18.74,,68.0,1012.0,4.63,,,,,broken clouds,3.0,,,1.61,103.4,,3.18,8.69,,raw_collecte_mohammed.csv
2026-05-06 11:46:52.616157,Marrakech,31.6295,-7.9811,18.98,,55.0,1012.0,1.54,,,,,clear sky,2.0,,,0.39,68.21,,3.47,10.26,,raw_collecte_mohammed.csv
2026-05-06 11:46:52.616157,Rabat,34.0209,-6.8416,20.37,,56.0,1013.0,3.09,,,,,scattered clouds,3.0,,,1.01,109.62,,4.65,8.65,,raw_collecte_mohammed.csv
2026-05-06 12:51:05.868589,Agadir,30.4278,-9.5981,24.06,,60.0,1011.0,4.67,,,,,scattered clouds,3.0,,,0.3,103.15,,6.72,20.24,,raw_collecte_mohammed.csv
2026-05-06 12:51:05.868589,Tanger,35.7595,-5.834,18.74,,68.0,1012.0,5.14,,,,,broken clouds,3.0,,,1.05,106.97,,3.34,8.8,,raw_collecte_mohammed.csv
2026-05-06 12:51:05.868589,Marrakech,31.6295,-7.9811,19.98,,52.0,1011.0,2.57,,,,,clear sky,2.0,,,0.33,68.59,,3.52,10.41,,raw_collecte_mohammed.csv
2026-05-06 12:51:05.868589,Rabat,34.0209,-6.8416,20.37,,60.0,1013.0,3.6,,,,,scattered clouds,3.0,,,0.73,113.21,,5.16,9.3,,raw_collecte_mohammed.csv
2026-05-06 13:51:15.752692,Agadir,30.4278,-9.5981,25.06,,57.0,1010.0,5.14,,,,,scattered clouds,3.0,,,0.25,106.14,,7.0,19.55,,raw_collecte_mohammed.csv
2026-05-06 13:51:15.752692,Tanger,35.7595,-5.834,19.74,,73.0,1012.0,4.63,,,,,scattered clouds,3.0,,,0.55,110.33,,3.09,8.13,,raw_collecte_mohammed.csv
2026-05-06 13:51:15.752692,Marrakech,31.6295,-7.9811,21.98,,49.0,1010.0,2.57,,,,,clear sky,2.0,,,0.23,63.83,,2.24,6.65,,raw_collecte_mohammed.csv
2026-05-06 13:51:15.752692,Rabat,34.0209,-6.8416,20.37,,60.0,1013.0,4.12,,,,,scattered clouds,3.0,,,0.64,114.93,,4.97,8.99,,raw_collecte_mohammed.csv
2026-05-06 14:51:25.078280,Agadir,30.4278,-9.5981,25.14,,52.0,1009.0,5.94,,,,,broken clouds,3.0,,,0.22,108.69,,5.45,14.38,,raw_collecte_mohammed.csv
2026-05-06 14:51:25.078280,Tanger,35.7595,-5.834,19.74,,68.0,1012.0,4.63,,,,,scattered clouds,3.0,,,0.56,108.39,,2.58,6.59,,raw_collecte_mohammed.csv
2026-05-06 14:51:25.078280,Marrakech,31.6295,-7.9811,22.98,,46.0,1009.0,2.57,,,,,scattered clouds,2.0,,,0.25,64.59,,1.83,5.87,,raw_collecte_mohammed.csv
2026-05-06 14:51:25.078280,Rabat,34.0209,-6.8416,21.37,,60.0,1012.0,3.6,,,,,scattered clouds,3.0,,,0.59,113.95,,3.87,7.37,,raw_collecte_mohammed.csv
2026-05-06 15:51:34.695127,Agadir,30.4278,-9.5981,26.06,,50.0,1008.0,6.35,,,,,broken clouds,3.0,,,0.21,109.31,,4.35,11.43,,raw_collecte_mohammed.csv
2026-05-06 15:51:34.695127,Tanger,35.7595,-5.834,19.74,,60.0,1011.0,4.63,,,,,scattered clouds,3.0,,,0.57,108.98,,2.52,6.25,,raw_collecte_mohammed.csv
2026-05-06 15:51:34.695127,Marrakech,31.6295,-7.9811,24.98,,44.0,1008.0,4.12,,,,,scattered clouds,2.0,,,0.26,67.04,,1.77,5.46,,raw_collecte_mohammed.csv
2026-05-06 15:51:34.695127,Rabat,34.0209,-6.8416,20.37,,64.0,1011.0,3.6,,,,,scattered clouds,3.0,,,0.61,113.02,,3.58,6.86,,raw_collecte_mohammed.csv
2026-05-06 16:51:43.926216,Agadir,30.4278,-9.5981,26.06,,50.0,1008.0,7.05,,,,,overcast clouds,3.0,,,0.22,110.22,,3.18,8.76,,raw_collecte_mohammed.csv
2026-05-06 16:51:43.926216,Tanger,35.7595,-5.834,18.74,,68.0,1010.0,5.66,,,,,clear sky,3.0,,,0.61,110.31,,2.51,5.96,,raw_collecte_mohammed.csv
2026-05-06 16:51:43.926216,Marrakech,31.6295,-7.9811,23.98,,43.0,1008.0,1.54,,,,,scattered clouds,2.0,,,0.31,70.43,,1.78,5.27,,raw_collecte_mohammed.csv
2026-05-06 16:51:43.926216,Rabat,34.0209,-6.8416,20.37,,64.0,1011.0,4.12,,,,,scattered clouds,3.0,,,0.82,111.95,,3.32,6.45,,raw_collecte_mohammed.csv
2026-05-06 17:51:53.809819,Agadir,30.4278,-9.5981,25.06,,51.0,1008.0,8.97,,,,,overcast clouds,3.0,,,0.24,111.43,,2.39,7.21,,raw_collecte_mohammed.csv
2026-05-06 17:51:53.809819,Tanger,35.7595,-5.834,18.74,,72.0,1010.0,5.66,,,,,clear sky,3.0,,,0.72,111.46,,2.49,5.72,,raw_collecte_mohammed.csv
2026-05-06 17:51:53.809819,Marrakech,31.6295,-7.9811,23.98,,41.0,1008.0,1.54,,,,,broken clouds,2.0,,,0.38,73.42,,1.86,5.34,,raw_collecte_mohammed.csv
2026-05-06 17:51:53.809819,Rabat,34.0209,-6.8416,20.37,,64.0,1011.0,3.6,,,,,scattered clouds,3.0,,,1.18,109.87,,3.04,6.09,,raw_collecte_mohammed.csv
2026-05-06 18:54:32.650037,Agadir,30.4278,-9.5981,23.06,,53.0,1008.0,7.69,,,,,broken clouds,3.0,,,0.26,112.18,,1.95,6.51,,raw_collecte_mohammed.csv
2026-05-06 18:54:32.650037,Tanger,35.7595,-5.834,18.74,,68.0,1010.0,5.14,,,,,clear sky,3.0,,,0.83,111.91,,2.4,5.45,,raw_collecte_mohammed.csv
2026-05-06 18:54:32.650037,Marrakech,31.6295,-7.9811,22.98,,43.0,1008.0,2.06,,,,,broken clouds,2.0,,,0.43,76.87,,1.84,5.27,,raw_collecte_mohammed.csv
2026-05-06 18:54:32.650037,Rabat,34.0209,-6.8416,18.37,,72.0,1011.0,3.6,,,,,scattered clouds,3.0,,,1.58,107.18,,2.68,5.66,,raw_collecte_mohammed.csv
2026-05-06 19:54:43.776137,Agadir,30.4278,-9.5981,21.06,,56.0,1008.0,6.85,,,,,scattered clouds,3.0,,,0.28,112.69,,1.61,5.87,,raw_collecte_mohammed.csv
2026-05-06 19:54:43.776137,Tanger,35.7595,-5.834,17.74,,68.0,1010.0,4.12,,,,,clear sky,3.0,,,1.04,111.11,,2.32,5.27,,raw_collecte_mohammed.csv
2026-05-06 19:54:43.776137,Marrakech,31.6295,-7.9811,22.98,,43.0,1008.0,2.06,,,,,broken clouds,2.0,,,0.76,78.75,,2.0,5.82,,raw_collecte_mohammed.csv
2026-05-06 19:54:43.776137,Rabat,34.0209,-6.8416,18.37,,77.0,1011.0,3.09,,,,,scattered clouds,3.0,,,2.15,102.76,,2.36,5.13,,raw_collecte_mohammed.csv
2026-05-06 20:54:53.095695,Agadir,30.4278,-9.5981,19.06,,61.0,1009.0,4.73,,,,,few clouds,3.0,,,0.27,112.99,,1.41,5.5,,raw_collecte_mohammed.csv
2026-05-06 20:54:53.095695,Tanger,35.7595,-5.834,15.74,,77.0,1011.0,2.57,,,,,clear sky,3.0,,,1.14,109.77,,2.23,5.15,,raw_collecte_mohammed.csv
2026-05-06 20:54:53.095695,Marrakech,31.6295,-7.9811,20.98,,49.0,1009.0,5.14,,,,,broken clouds,2.0,,,1.15,81.11,,2.35,7.12,,raw_collecte_mohammed.csv
2026-05-06 20:54:53.095695,Rabat,34.0209,-6.8416,17.37,,82.0,1012.0,2.06,,,,,scattered clouds,2.0,,,2.49,99.26,,2.24,4.79,,raw_collecte_mohammed.csv
2026-05-06 21:55:03.660763,Agadir,30.4278,-9.5981,17.06,,66.0,1010.0,2.41,,,,,clear sky,3.0,,,0.24,113.29,,1.34,5.42,,raw_collecte_mohammed.csv
2026-05-06 21:55:03.660763,Tanger,35.7595,-5.834,15.74,,77.0,1011.0,1.54,,,,,clear sky,3.0,,,1.14,109.28,,2.15,5.16,,raw_collecte_mohammed.csv
2026-05-06 21:55:03.660763,Marrakech,31.6295,-7.9811,18.98,,55.0,1010.0,4.63,,,,,broken clouds,2.0,,,1.38,83.78,,2.54,8.11,,raw_collecte_mohammed.csv
2026-05-06 21:55:03.660763,Rabat,34.0209,-6.8416,17.37,,82.0,1012.0,1.54,,,,,broken clouds,2.0,,,2.49,97.52,,2.22,4.59,,raw_collecte_mohammed.csv
2026-05-06 23:00:47.827967,Agadir,30.4278,-9.5981,16.06,,72.0,1011.0,2.68,,,,,clear sky,3.0,,,0.23,113.1,,1.33,5.48,,raw_collecte_mohammed.csv
2026-05-06 23:00:47.827967,Tanger,35.7595,-5.834,15.74,,77.0,1011.0,1.54,,,,,clear sky,3.0,,,1.22,108.46,,2.16,5.46,,raw_collecte_mohammed.csv
2026-05-06 23:00:47.827967,Marrakech,31.6295,-7.9811,16.98,,67.0,1011.0,3.6,,,,,broken clouds,2.0,,,1.51,84.67,,2.6,8.75,,raw_collecte_mohammed.csv
2026-05-06 23:00:47.827967,Rabat,34.0209,-6.8416,16.37,,88.0,1012.0,2.06,,,,,broken clouds,2.0,,,2.44,95.65,,2.21,4.36,,raw_collecte_mohammed.csv
2026-05-07 00:00:57.727766,Agadir,30.4278,-9.5981,16.06,,72.0,1011.0,3.11,,,,,clear sky,3.0,,,0.22,113.14,,1.33,5.49,,raw_collecte_mohammed.csv
2026-05-07 00:00:57.727766,Tanger,35.7595,-5.834,15.77,,77.0,1011.0,1.54,,,,,clear sky,3.0,,,1.29,107.56,,2.26,6.02,,raw_collecte_mohammed.csv
2026-05-07 00:00:57.727766,Marrakech,31.6295,-7.9811,16.98,,67.0,1012.0,3.6,,,,,broken clouds,2.0,,,1.55,86.55,,2.7,9.44,,raw_collecte_mohammed.csv
2026-05-07 00:00:57.727766,Rabat,34.0209,-6.8416,16.37,,82.0,1012.0,0.0,,,,,scattered clouds,2.0,,,2.37,94.93,,2.23,4.3,,raw_collecte_mohammed.csv
2026-05-07 01:01:08.265945,Agadir,30.4278,-9.5981,16.06,,74.0,1011.0,2.38,,,,,clear sky,3.0,,,0.21,112.95,,1.32,5.41,,raw_collecte_mohammed.csv
2026-05-07 01:01:08.265945,Tanger,35.7595,-5.834,14.74,,82.0,1011.0,0.51,,,,,clear sky,3.0,,,1.17,107.21,,2.38,6.7,,raw_collecte_mohammed.csv
2026-05-07 01:01:08.265945,Marrakech,31.6295,-7.9811,15.98,,72.0,1012.0,3.6,,,,,broken clouds,2.0,,,1.43,88.0,,2.76,9.94,,raw_collecte_mohammed.csv
2026-05-07 01:01:08.265945,Rabat,34.0209,-6.8416,12.37,,87.0,1012.0,0.0,,,,,scattered clouds,2.0,,,2.19,94.74,,2.32,4.52,,raw_collecte_mohammed.csv
2026-05-07 02:01:18.694766,Agadir,30.4278,-9.5981,16.06,,77.0,1010.0,2.41,,,,,clear sky,3.0,,,0.2,112.49,,1.27,5.12,,raw_collecte_mohammed.csv
2026-05-07 02:01:18.694766,Tanger,35.7595,-5.834,13.74,,82.0,1010.0,1.03,,,,,clear sky,3.0,,,0.99,106.61,,2.43,7.15,,raw_collecte_mohammed.csv
2026-05-07 02:01:18.694766,Marrakech,31.6295,-7.9811,15.98,,72.0,1011.0,2.06,,,,,broken clouds,2.0,,,1.24,87.32,,2.76,10.24,,raw_collecte_mohammed.csv
2026-05-07 02:01:18.694766,Rabat,34.0209,-6.8416,10.37,,100.0,1011.0,1.54,,,,,scattered clouds,2.0,,,1.96,94.42,,2.44,5.05,,raw_collecte_mohammed.csv
2026-05-07 03:01:28.539344,Agadir,30.4278,-9.5981,16.06,,80.0,1010.0,3.09,,,,,clear sky,3.0,,,0.19,112.01,,1.21,4.77,,raw_collecte_mohammed.csv
2026-05-07 03:01:28.539344,Tanger,35.7595,-5.834,13.74,,82.0,1010.0,0.51,,,,,clear sky,3.0,,,0.86,105.77,,2.4,7.29,,raw_collecte_mohammed.csv
2026-05-07 03:01:28.539344,Marrakech,31.6295,-7.9811,14.98,,77.0,1011.0,1.54,,,,,broken clouds,2.0,,,1.03,86.59,,2.77,10.54,,raw_collecte_mohammed.csv
2026-05-07 03:01:28.539344,Rabat,34.0209,-6.8416,11.37,,100.0,1011.0,0.0,,,,,scattered clouds,2.0,,,1.77,94.74,,2.6,5.72,,raw_collecte_mohammed.csv
2026-05-07 04:01:38.543915,Agadir,30.4278,-9.5981,16.06,,80.0,1010.0,2.4,,,,,clear sky,3.0,,,0.19,111.29,,1.14,4.41,,raw_collecte_mohammed.csv
2026-05-07 04:01:38.543915,Tanger,35.7595,-5.834,14.74,,82.0,1010.0,2.06,,,,,clear sky,3.0,,,0.79,104.54,,2.38,7.41,,raw_collecte_mohammed.csv
2026-05-07 04:01:38.543915,Marrakech,31.6295,-7.9811,15.02,,77.0,1011.0,1.54,,,,,broken clouds,2.0,,,0.8,86.97,,2.76,10.77,,raw_collecte_mohammed.csv
2026-05-07 04:01:38.543915,Rabat,34.0209,-6.8416,10.37,,100.0,1011.0,0.0,,,,,broken clouds,2.0,,,1.65,95.36,,2.74,6.26,,raw_collecte_mohammed.csv
2026-05-07 05:01:48.719540,Agadir,30.4278,-9.5981,15.06,,81.0,1010.0,3.02,,,,,clear sky,3.0,,,0.19,110.83,,1.03,3.92,,raw_collecte_mohammed.csv
2026-05-07 05:01:48.719540,Tanger,35.7595,-5.834,14.74,,82.0,1010.0,1.54,,,,,clear sky,3.0,,,0.79,103.18,,2.35,7.38,,raw_collecte_mohammed.csv
2026-05-07 05:01:48.719540,Marrakech,31.6295,-7.9811,13.98,,82.0,1011.0,0.51,,,,,mist,2.0,,,0.53,90.02,,2.69,10.77,,raw_collecte_mohammed.csv
2026-05-07 05:01:48.719540,Rabat,34.0209,-6.8416,14.37,,94.0,1011.0,0.0,,,,,broken clouds,2.0,,,1.61,95.54,,2.85,6.55,,raw_collecte_mohammed.csv
2026-05-07 06:01:58.759150,Agadir,30.4278,-9.5981,15.06,,83.0,1010.0,2.65,,,,,clear sky,3.0,,,0.19,110.39,,0.93,3.44,,raw_collecte_mohammed.csv
2026-05-07 06:01:58.759150,Tanger,35.7595,-5.834,14.74,,82.0,1010.0,2.06,,,,,clear sky,3.0,,,0.89,101.52,,2.28,7.08,,raw_collecte_mohammed.csv
2026-05-07 06:01:58.759150,Marrakech,31.6295,-7.9811,13.98,,82.0,1011.0,2.06,,,,,mist,2.0,,,0.46,90.89,,2.65,10.67,,raw_collecte_mohammed.csv
2026-05-07 06:01:58.759150,Rabat,34.0209,-6.8416,16.37,,82.0,1011.0,2.57,,,,,light rain,2.0,,,1.7,95.21,,2.89,6.65,,raw_collecte_mohammed.csv
2026-05-07 07:02:08.632636,Agadir,30.4278,-9.5981,14.06,,84.0,1011.0,2.88,,,,,clear sky,3.0,,,0.22,109.95,,0.85,3.08,,raw_collecte_mohammed.csv
2026-05-07 07:02:08.632636,Tanger,35.7595,-5.834,13.74,,82.0,1011.0,2.57,,,,,few clouds,2.0,,,1.42,99.39,,2.22,6.73,,raw_collecte_mohammed.csv
2026-05-07 07:02:08.632636,Marrakech,31.6295,-7.9811,13.98,,82.0,1011.0,2.06,,,,,light rain,2.0,,,0.53,90.86,,2.65,10.64,,raw_collecte_mohammed.csv
2026-05-07 07:02:08.632636,Rabat,34.0209,-6.8416,16.37,,72.0,1012.0,2.06,,,,,light rain,2.0,,,2.31,94.2,,2.95,6.78,,raw_collecte_mohammed.csv
2026-05-07 08:02:18.463927,Agadir,30.4278,-9.5981,13.06,,81.0,1012.0,2.47,,,,,few clouds,3.0,,,0.3,109.71,,0.83,2.93,,raw_collecte_mohammed.csv
2026-05-07 08:02:18.463927,Tanger,35.7595,-5.834,14.74,,77.0,1012.0,3.09,,,,,few clouds,2.0,,,2.49,96.75,,2.21,6.44,,raw_collecte_mohammed.csv
2026-05-07 08:02:18.463927,Marrakech,31.6295,-7.9811,12.98,,88.0,1012.0,1.54,,,,,drizzle,2.0,,,0.72,90.2,,2.61,10.29,,raw_collecte_mohammed.csv
2026-05-07 08:02:18.463927,Rabat,34.0209,-6.8416,16.37,,72.0,1013.0,0.0,,,,,light rain,2.0,,,3.6,92.32,,3.03,6.93,,raw_collecte_mohammed.csv
2026-05-07 09:02:28.302651,Agadir,30.4278,-9.5981,16.06,,76.0,1012.0,1.38,,,,,scattered clouds,3.0,,,0.32,109.45,,0.84,2.87,,raw_collecte_mohammed.csv
2026-05-07 09:02:28.302651,Tanger,35.7595,-5.834,16.74,,72.0,1012.0,4.12,,,,,scattered clouds,2.0,,,2.73,96.71,,2.15,6.09,,raw_collecte_mohammed.csv
2026-05-07 09:02:28.302651,Marrakech,31.6295,-7.9811,13.98,,88.0,1012.0,2.06,,,,,broken clouds,2.0,,,0.79,89.58,,2.56,9.87,,raw_collecte_mohammed.csv
2026-05-07 09:02:28.302651,Rabat,34.0209,-6.8416,18.37,,63.0,1013.0,2.06,,,,,few clouds,2.0,,,4.14,92.06,,3.06,6.96,,raw_collecte_mohammed.csv
2026-05-07 10:02:38.363304,Agadir,30.4278,-9.5981,19.06,,70.0,1012.0,1.61,,,,,scattered clouds,3.0,,,0.29,109.42,,0.9,2.93,,raw_collecte_mohammed.csv
2026-05-07 10:02:38.363304,Tanger,35.7595,-5.834,17.74,,68.0,1012.0,4.12,,,,,scattered clouds,3.0,,,2.05,100.5,,2.02,5.68,,raw_collecte_mohammed.csv
2026-05-07 10:02:38.363304,Marrakech,31.6295,-7.9811,14.98,,82.0,1012.0,1.54,,,,,broken clouds,2.0,,,0.7,90.09,,2.51,9.37,,raw_collecte_mohammed.csv
2026-05-07 10:02:38.363304,Rabat,34.0209,-6.8416,19.37,,59.0,1013.0,2.06,,,,,scattered clouds,2.0,,,3.6,94.78,,3.09,6.87,,raw_collecte_mohammed.csv
2026-05-07 11:02:48.133130,Agadir,30.4278,-9.5981,20.06,,66.0,1012.0,1.63,,,,,scattered clouds,3.0,,,0.24,109.62,,1.04,3.25,,raw_collecte_mohammed.csv
2026-05-07 11:02:48.133130,Tanger,35.7595,-5.834,18.77,,55.0,1012.0,4.63,,,,,scattered clouds,3.0,,,0.63,110.73,,1.68,5.04,,raw_collecte_mohammed.csv
2026-05-07 11:02:48.133130,Marrakech,31.6295,-7.9811,15.98,,72.0,1013.0,2.06,,,,,broken clouds,2.0,,,0.47,92.98,,2.25,8.34,,raw_collecte_mohammed.csv
2026-05-07 11:02:48.133130,Rabat,34.0209,-6.8416,19.37,,55.0,1013.0,2.06,,,,,scattered clouds,3.0,,,2.67,100.81,,3.22,6.85,,raw_collecte_mohammed.csv
2026-05-07 12:02:58.159024,Agadir,30.4278,-9.5981,22.06,,62.0,1011.0,2.61,,,,,scattered clouds,3.0,,,0.2,109.13,,1.25,3.75,,raw_collecte_mohammed.csv
2026-05-07 12:02:58.159024,Tanger,35.7595,-5.834,19.77,,56.0,1012.0,4.12,,,,,scattered clouds,3.0,,,0.48,112.12,,1.63,4.89,,raw_collecte_mohammed.csv
2026-05-07 12:02:58.159024,Marrakech,31.6295,-7.9811,16.98,,67.0,1012.0,2.06,,,,,broken clouds,2.0,,,0.31,94.67,,2.05,7.48,,raw_collecte_mohammed.csv
2026-05-07 12:02:58.159024,Rabat,34.0209,-6.8416,20.37,,52.0,1013.0,2.57,,,,,scattered clouds,3.0,,,2.02,105.04,,3.51,7.12,,raw_collecte_mohammed.csv
2026-05-07 13:03:07.986812,Agadir,30.4278,-9.5981,23.06,,59.0,1011.0,4.84,,,,,scattered clouds,3.0,,,0.17,108.64,,1.44,4.17,,raw_collecte_mohammed.csv
2026-05-07 13:03:07.986812,Tanger,35.7595,-5.834,19.74,,60.0,1012.0,6.17,,,,,scattered clouds,3.0,,,0.42,113.27,,1.65,4.88,,raw_collecte_mohammed.csv
2026-05-07 13:03:07.986812,Marrakech,31.6295,-7.9811,17.98,,63.0,1011.0,1.54,,,,,broken clouds,2.0,,,0.23,95.97,,2.01,7.16,,raw_collecte_mohammed.csv
2026-05-07 13:03:07.986812,Rabat,34.0209,-6.8416,20.37,,52.0,1013.0,3.09,,,,,scattered clouds,3.0,,,1.44,109.46,,3.84,7.4,,raw_collecte_mohammed.csv
2026-05-07 14:03:18.586285,Agadir,30.4278,-9.5981,24.06,,58.0,1011.0,6.05,,,,,few clouds,3.0,,,0.16,108.37,,1.55,4.29,,raw_collecte_mohammed.csv
2026-05-07 14:03:18.586285,Tanger,35.7595,-5.834,19.74,,60.0,1012.0,4.63,,,,,scattered clouds,3.0,,,0.39,114.44,,1.66,4.86,,raw_collecte_mohammed.csv
2026-05-07 14:03:18.586285,Marrakech,31.6295,-7.9811,18.98,,59.0,1010.0,1.54,,,,,broken clouds,2.0,,,0.21,99.1,,2.09,7.19,,raw_collecte_mohammed.csv
2026-05-07 14:03:18.586285,Rabat,34.0209,-6.8416,20.37,,56.0,1012.0,3.6,,,,,scattered clouds,3.0,,,0.84,114.95,,3.7,6.92,,raw_collecte_mohammed.csv
2026-05-07 15:03:29.095868,Agadir,30.4278,-9.5981,24.06,,56.0,1010.0,7.52,,,,,few clouds,3.0,,,0.16,109.47,,1.6,4.67,,raw_collecte_mohammed.csv
2026-05-07 15:03:29.095868,Tanger,35.7595,-5.834,19.74,,60.0,1011.0,5.14,,,,,scattered clouds,3.0,,,0.36,114.76,,1.44,3.99,,raw_collecte_mohammed.csv
2026-05-07 15:03:29.095868,Marrakech,31.6295,-7.9811,21.98,,53.0,1009.0,1.54,,,,,broken clouds,3.0,,,0.22,101.21,,2.01,6.29,,raw_collecte_mohammed.csv
2026-05-07 15:03:29.095868,Rabat,34.0209,-6.8416,20.37,,49.0,1012.0,3.09,,,,,scattered clouds,3.0,,,0.63,114.22,,2.93,5.33,,raw_collecte_mohammed.csv
2026-05-07 16:03:41.269055,Agadir,30.4278,-9.5981,23.06,,54.0,1010.0,9.3,,,,,few clouds,3.0,,,0.16,108.94,,1.51,4.4,,raw_collecte_mohammed.csv
2026-05-07 16:03:41.269055,Tanger,35.7595,-5.834,19.74,,60.0,1011.0,5.66,,,,,scattered clouds,3.0,,,0.4,115.08,,1.44,3.98,,raw_collecte_mohammed.csv
2026-05-07 16:03:41.269055,Marrakech,31.6295,-7.9811,21.98,,49.0,1008.0,2.57,,,,,broken clouds,3.0,,,0.24,102.78,,2.31,7.14,,raw_collecte_mohammed.csv
2026-05-07 16:03:41.269055,Rabat,34.0209,-6.8416,20.37,,49.0,1011.0,3.09,,,,,scattered clouds,3.0,,,0.7,114.22,,3.19,5.61,,raw_collecte_mohammed.csv
2026-05-07 17:03:51.193971,Agadir,30.4278,-9.5981,23.06,,55.0,1009.0,8.22,,,,,few clouds,3.0,,,0.18,108.46,,1.38,4.08,,raw_collecte_mohammed.csv
2026-05-07 17:03:51.193971,Tanger,35.7595,-5.834,18.74,,63.0,1010.0,4.63,,,,,scattered clouds,3.0,,,0.52,115.45,,1.43,3.98,,raw_collecte_mohammed.csv
2026-05-07 17:03:51.193971,Marrakech,31.6295,-7.9811,23.98,,43.0,1008.0,1.54,,,,,broken clouds,3.0,,,0.32,105.64,,2.88,8.77,,raw_collecte_mohammed.csv
2026-05-07 17:03:51.193971,Rabat,34.0209,-6.8416,19.37,,52.0,1011.0,4.12,,,,,scattered clouds,3.0,,,0.92,114.91,,3.44,5.98,,raw_collecte_mohammed.csv
2026-05-07 18:04:03.944188,Agadir,30.4278,-9.5981,23.06,,56.0,1009.0,8.08,,,,,scattered clouds,3.0,,,0.22,107.56,,1.25,3.78,,raw_collecte_mohammed.csv
2026-05-07 18:04:03.944188,Tanger,35.7595,-5.834,18.74,,59.0,1011.0,5.14,,,,,scattered clouds,3.0,,,0.67,115.32,,1.4,3.95,,raw_collecte_mohammed.csv
2026-05-07 18:04:03.944188,Marrakech,31.6295,-7.9811,23.98,,43.0,1008.0,1.03,,,,,broken clouds,3.0,,,0.43,107.0,,3.46,10.39,,raw_collecte_mohammed.csv
2026-05-07 18:04:03.944188,Rabat,34.0209,-6.8416,19.37,,59.0,1011.0,4.12,,,,,scattered clouds,3.0,,,1.38,114.23,,3.57,6.33,,raw_collecte_mohammed.csv
2026-05-07 19:04:13.679845,Agadir,30.4278,-9.5981,22.06,,61.0,1009.0,7.93,,,,,few clouds,3.0,,,0.25,106.41,,1.14,3.56,,raw_collecte_mohammed.csv
2026-05-07 19:04:13.679845,Tanger,35.7595,-5.834,18.77,,59.0,1011.0,4.63,,,,,clear sky,3.0,,,0.77,114.65,,1.35,3.83,,raw_collecte_mohammed.csv
2026-05-07 19:04:13.679845,Marrakech,31.6295,-7.9811,22.97,,40.0,1008.0,1.54,,,,,broken clouds,3.0,,,0.56,107.35,,3.6,10.76,,raw_collecte_mohammed.csv
2026-05-07 19:04:13.679845,Rabat,34.0209,-6.8416,18.37,,63.0,1011.0,3.09,,,,,scattered clouds,3.0,,,1.93,112.07,,3.25,6.13,,raw_collecte_mohammed.csv
2026-05-07 20:04:23.762468,Agadir,30.4278,-9.5981,20.06,,62.0,1010.0,7.37,,,,,broken clouds,3.0,,,0.27,105.55,,1.06,3.4,,raw_collecte_mohammed.csv
2026-05-07 20:04:23.762468,Tanger,35.7595,-5.834,16.74,,67.0,1011.0,3.09,,,,,clear sky,3.0,,,0.93,112.99,,1.29,3.67,,raw_collecte_mohammed.csv
2026-05-07 20:04:23.762468,Marrakech,31.6295,-7.9811,21.98,,43.0,1009.0,2.57,,,,,broken clouds,3.0,,,0.79,105.33,,3.44,10.39,,raw_collecte_mohammed.csv
2026-05-07 20:04:23.762468,Rabat,34.0209,-6.8416,17.37,,67.0,1012.0,3.6,,,,,scattered clouds,3.0,,,2.49,107.24,,2.71,5.57,,raw_collecte_mohammed.csv
2026-05-07 21:04:33.871779,Agadir,30.4278,-9.5981,18.06,,67.0,1011.0,7.26,,,,,broken clouds,3.0,,,0.26,105.2,,1.01,3.34,,raw_collecte_mohammed.csv
2026-05-07 21:04:33.871779,Tanger,35.7595,-5.834,16.74,,67.0,1012.0,2.57,,,,,broken clouds,3.0,,,1.07,110.9,,1.27,3.59,,raw_collecte_mohammed.csv
2026-05-07 21:04:33.871779,Marrakech,31.6295,-7.9811,21.0,,52.0,1010.0,2.57,,,,,broken clouds,3.0,,,0.96,103.6,,3.35,10.41,,raw_collecte_mohammed.csv
2026-05-07 21:04:33.871779,Rabat,34.0209,-6.8416,17.37,,67.0,1012.0,2.57,,,,,scattered clouds,3.0,,,2.83,103.16,,2.34,5.2,,raw_collecte_mohammed.csv
2026-05-07 22:04:43.905606,Agadir,30.4278,-9.5981,17.06,,69.0,1012.0,5.28,,,,,scattered clouds,3.0,,,0.24,105.54,,1.0,3.36,,raw_collecte_mohammed.csv
2026-05-07 22:04:43.905606,Tanger,35.7595,-5.834,16.74,,67.0,1013.0,2.06,,,,,broken clouds,3.0,,,1.13,109.28,,1.26,3.56,,raw_collecte_mohammed.csv
2026-05-07 22:04:43.905606,Marrakech,31.6295,-7.9811,18.98,,48.0,1012.0,4.63,,,,,broken clouds,3.0,,,1.01,102.36,,3.22,10.3,,raw_collecte_mohammed.csv
2026-05-07 22:04:43.905606,Rabat,34.0209,-6.8416,16.37,,72.0,1013.0,2.06,,,,,scattered clouds,3.0,,,2.92,100.1,,2.12,5.04,,raw_collecte_mohammed.csv
2026-05-07 23:04:53.974509,Agadir,30.4278,-9.5981,17.06,,70.0,1011.0,2.82,,,,,broken clouds,3.0,,,0.22,105.86,,1.0,3.4,,raw_collecte_mohammed.csv
2026-05-07 23:04:53.974509,Tanger,35.7595,-5.834,16.74,,63.0,1013.0,1.54,,,,,broken clouds,3.0,,,1.42,105.91,,1.29,3.64,,raw_collecte_mohammed.csv
2026-05-07 23:04:53.974509,Marrakech,31.6295,-7.9811,17.98,,52.0,1013.0,4.12,,,,,broken clouds,2.0,,,1.06,99.11,,3.03,9.91,,raw_collecte_mohammed.csv
2026-05-07 23:04:53.974509,Rabat,34.0209,-6.8416,15.37,,77.0,1013.0,1.54,,,,,scattered clouds,2.0,,,2.99,96.72,,2.04,5.04,,raw_collecte_mohammed.csv
2026-05-08 02:05:39.745526,Agadir,30.4278,-9.5981,16.06,,80.0,1012.0,3.25,,,,,overcast clouds,3.0,,,0.18,106.69,,1.06,3.84,,raw_collecte_mohammed.csv
2026-05-08 02:05:39.745526,Tanger,35.7595,-5.834,14.77,,77.0,1011.0,1.54,,,,,broken clouds,2.0,,,1.74,94.86,,1.42,3.87,,raw_collecte_mohammed.csv
2026-05-08 02:05:39.745526,Marrakech,31.6295,-7.9811,14.98,,58.0,1012.0,2.06,,,,,broken clouds,2.0,,,0.99,93.32,,2.92,9.54,,raw_collecte_mohammed.csv
2026-05-08 02:05:39.745526,Rabat,34.0209,-6.8416,12.37,,100.0,1012.0,0.0,,,,,scattered clouds,2.0,,,2.66,89.35,,2.34,5.65,,raw_collecte_mohammed.csv
2026-05-08 03:05:49.360948,Agadir,30.4278,-9.5981,15.06,,81.0,1012.0,2.47,,,,,overcast clouds,3.0,,,0.18,107.15,,1.06,3.86,,raw_collecte_mohammed.csv
2026-05-08 03:05:49.360948,Tanger,35.7595,-5.834,14.74,,77.0,1011.0,1.03,,,,,broken clouds,2.0,,,1.58,91.83,,1.48,3.98,,raw_collecte_mohammed.csv
2026-05-08 03:05:49.360948,Marrakech,31.6295,-7.9811,13.98,,67.0,1011.0,2.57,,,,,broken clouds,2.0,,,0.99,88.58,,2.99,9.68,,raw_collecte_mohammed.csv
2026-05-08 03:05:49.360948,Rabat,34.0209,-6.8416,12.37,,100.0,1011.0,0.0,,,,,scattered clouds,2.0,,,2.61,82.98,,2.51,6.06,,raw_collecte_mohammed.csv
2026-05-08 04:05:59.024962,Agadir,30.4278,-9.5981,15.06,,79.0,1011.0,2.54,,,,,broken clouds,3.0,,,0.17,107.62,,1.05,3.84,,raw_collecte_mohammed.csv
2026-05-08 04:05:59.024962,Tanger,35.7595,-5.834,14.74,,77.0,1011.0,2.06,,,,,clear sky,2.0,,,1.47,89.19,,1.57,4.15,,raw_collecte_mohammed.csv
2026-05-08 04:05:59.024962,Marrakech,31.6295,-7.9811,11.98,,76.0,1011.0,2.06,,,,,broken clouds,2.0,,,1.0,84.96,,3.06,9.85,,raw_collecte_mohammed.csv
2026-05-08 04:05:59.024962,Rabat,34.0209,-6.8416,14.37,,88.0,1011.0,1.54,,,,,clear sky,2.0,,,2.5,77.52,,2.65,6.48,,raw_collecte_mohammed.csv
2026-05-08 05:06:08.832753,Agadir,30.4278,-9.5981,14.06,,77.0,1011.0,2.9,,,,,broken clouds,3.0,,,0.17,108.1,,1.02,3.72,,raw_collecte_mohammed.csv
2026-05-08 05:06:08.832753,Tanger,35.7595,-5.834,14.74,,77.0,1011.0,0.51,,,,,clear sky,2.0,,,1.42,90.25,,1.67,4.38,,raw_collecte_mohammed.csv
2026-05-08 05:06:08.832753,Marrakech,31.6295,-7.9811,10.98,,82.0,1011.0,1.54,,,,,scattered clouds,2.0,,,1.08,81.97,,3.15,10.02,,raw_collecte_mohammed.csv
2026-05-08 05:06:08.832753,Rabat,34.0209,-6.8416,10.37,,93.0,1011.0,0.0,,,,,scattered clouds,2.0,,,2.55,71.13,,2.77,6.85,,raw_collecte_mohammed.csv
2026-05-08 06:06:18.421904,Agadir,30.4278,-9.5981,15.06,,78.0,1011.0,3.0,,,,,broken clouds,3.0,,,0.17,108.36,,0.98,3.55,,raw_collecte_mohammed.csv
2026-05-08 06:06:18.421904,Tanger,35.7595,-5.834,13.77,,82.0,1011.0,2.06,,,,,clear sky,2.0,,,1.61,91.42,,1.81,4.68,,raw_collecte_mohammed.csv
2026-05-08 06:06:18.421904,Marrakech,31.6295,-7.9811,9.98,,81.0,1011.0,2.06,,,,,scattered clouds,2.0,,,1.29,79.03,,3.35,10.31,,raw_collecte_mohammed.csv
2026-05-08 06:06:18.421904,Rabat,34.0209,-6.8416,10.37,,93.0,1011.0,0.0,,,,,scattered clouds,2.0,,,2.92,63.2,,2.91,7.25,,raw_collecte_mohammed.csv
2026-05-08 07:06:27.986748,Agadir,30.4278,-9.5981,15.06,,78.0,1012.0,2.75,,,,,broken clouds,3.0,,,0.19,108.38,,0.94,3.35,,raw_collecte_mohammed.csv
2026-05-08 07:06:27.986748,Tanger,35.7595,-5.834,13.74,,82.0,1012.0,1.03,,,,,clear sky,2.0,,,2.4,91.81,,2.02,5.1,,raw_collecte_mohammed.csv
2026-05-08 07:06:27.986748,Marrakech,31.6295,-7.9811,11.98,,76.0,1011.0,2.57,,,,,scattered clouds,2.0,,,2.01,75.54,,3.51,10.6,,raw_collecte_mohammed.csv
2026-05-08 07:06:27.986748,Rabat,34.0209,-6.8416,8.37,,100.0,1011.0,0.0,,,,,scattered clouds,1.0,,,4.36,54.98,,3.13,7.86,,raw_collecte_mohammed.csv
2026-05-08 08:06:37.610205,Agadir,30.4278,-9.5981,15.06,,77.0,1012.0,1.73,,,,,broken clouds,3.0,,,0.27,108.6,,0.88,3.17,,raw_collecte_mohammed.csv
2026-05-08 08:06:37.610205,Tanger,35.7595,-5.834,14.77,,82.0,1012.0,1.54,,,,,clear sky,2.0,,,3.74,91.33,,2.29,5.59,,raw_collecte_mohammed.csv
2026-05-08 08:06:37.610205,Marrakech,31.6295,-7.9811,12.98,,76.0,1012.0,2.06,,,,,few clouds,2.0,,,3.25,71.2,,3.57,10.59,,raw_collecte_mohammed.csv
2026-05-08 08:06:37.610205,Rabat,34.0209,-6.8416,11.37,,100.0,1012.0,0.0,,,,,scattered clouds,1.0,,,6.51,46.84,,3.4,8.56,,raw_collecte_mohammed.csv
2026-05-08 09:06:47.207574,Agadir,30.4278,-9.5981,16.06,,74.0,1012.0,2.35,,,,,broken clouds,3.0,,,0.29,109.49,,0.82,2.95,,raw_collecte_mohammed.csv
2026-05-08 09:06:47.207574,Tanger,35.7595,-5.834,17.74,,68.0,1012.0,2.57,,,,,scattered clouds,2.0,,,4.13,92.48,,2.55,6.05,,raw_collecte_mohammed.csv
2026-05-08 09:06:47.207574,Marrakech,31.6295,-7.9811,14.98,,67.0,1012.0,1.54,,,,,few clouds,2.0,,,3.4,69.17,,3.57,10.34,,raw_collecte_mohammed.csv
2026-05-08 09:06:47.207574,Rabat,34.0209,-6.8416,15.37,,100.0,1012.0,0.0,,,,,scattered clouds,1.0,,,6.45,43.7,,3.68,9.36,,raw_collecte_mohammed.csv
2026-05-08 10:06:56.804526,Agadir,30.4278,-9.5981,17.06,,72.0,1013.0,1.84,,,,,broken clouds,3.0,,,0.25,109.91,,0.77,2.72,,raw_collecte_mohammed.csv
2026-05-08 10:06:56.804526,Tanger,35.7595,-5.834,17.74,,68.0,1012.0,2.06,,,,,scattered clouds,2.0,,,3.8,95.34,,2.83,6.45,,raw_collecte_mohammed.csv
2026-05-08 10:06:56.804526,Marrakech,31.6295,-7.9811,16.98,,63.0,1011.0,1.03,,,,,clear sky,2.0,,,2.68,73.7,,3.69,10.46,,raw_collecte_mohammed.csv
2026-05-08 10:06:56.804526,Rabat,34.0209,-6.8416,19.37,,63.0,1012.0,0.0,,,,,scattered clouds,1.0,,,5.77,46.21,,4.02,10.41,,raw_collecte_mohammed.csv
2026-05-08 11:07:06.712456,Agadir,30.4278,-9.5981,20.06,,68.0,1013.0,1.09,,,,,broken clouds,3.0,,,0.2,110.56,,0.74,2.57,,raw_collecte_mohammed.csv
2026-05-08 11:07:06.712456,Tanger,35.7595,-5.834,19.74,,56.0,1012.0,2.06,,,,,scattered clouds,3.0,,,1.08,111.63,,2.4,5.48,,raw_collecte_mohammed.csv
2026-05-08 11:07:06.712456,Marrakech,31.6295,-7.9811,18.98,,55.0,1011.0,1.54,,,,,clear sky,3.0,,,0.52,111.87,,2.37,7.45,,raw_collecte_mohammed.csv
2026-05-08 11:07:06.712456,Rabat,34.0209,-6.8416,20.37,,52.0,1012.0,2.06,,,,,scattered clouds,3.0,,,1.43,102.08,,4.52,10.64,,raw_collecte_mohammed.csv
2026-05-08 12:07:16.499913,Agadir,30.4278,-9.5981,20.06,,66.0,1013.0,2.22,,,,,broken clouds,3.0,,,0.15,110.26,,0.73,2.5,,raw_collecte_mohammed.csv
2026-05-08 12:07:16.499913,Tanger,35.7595,-5.834,20.74,,56.0,1011.0,2.57,,,,,scattered clouds,3.0,,,0.65,114.84,,2.59,5.55,,raw_collecte_mohammed.csv
2026-05-08 12:07:16.499913,Marrakech,31.6295,-7.9811,20.98,,49.0,1011.0,2.06,,,,,clear sky,3.0,,,0.29,115.94,,2.07,6.31,,raw_collecte_mohammed.csv
2026-05-08 12:07:16.499913,Rabat,34.0209,-6.8416,21.37,,52.0,1011.0,4.12,,,,,scattered clouds,3.0,,,0.77,110.0,,4.93,10.42,,raw_collecte_mohammed.csv
2026-05-08 13:07:26.168217,Agadir,30.4278,-9.5981,22.06,,66.0,1013.0,4.1,,,,,broken clouds,3.0,,,0.13,109.72,,0.72,2.46,,raw_collecte_mohammed.csv
2026-05-08 13:07:26.168217,Tanger,35.7595,-5.834,21.74,,49.0,1011.0,2.06,,,,,scattered clouds,3.0,,,0.47,116.64,,2.88,5.84,,raw_collecte_mohammed.csv
2026-05-08 13:07:26.168217,Marrakech,31.6295,-7.9811,21.98,,43.0,1010.0,3.6,,,,,clear sky,3.0,,,0.24,114.98,,2.11,6.27,,raw_collecte_mohammed.csv
2026-05-08 13:07:26.168217,Rabat,34.0209,-6.8416,21.37,,52.0,1011.0,4.63,,,,,scattered clouds,3.0,,,0.64,112.39,,5.75,11.37,,raw_collecte_mohammed.csv
2026-05-08 14:42:27.675999,Agadir,30.4278,-9.5981,23.06,,66.0,1012.0,4.83,,,,,overcast clouds,3.0,,,0.13,107.01,,0.81,2.81,,raw_collecte_mohammed.csv
2026-05-08 14:42:27.675999,Tanger,35.7595,-5.834,22.77,,53.0,1010.0,5.66,,,,,scattered clouds,3.0,,,0.55,118.92,,2.96,5.88,,raw_collecte_mohammed.csv
2026-05-08 14:42:27.675999,Marrakech,31.6295,-7.9811,22.98,,38.0,1009.0,4.12,,,,,clear sky,3.0,,,0.27,116.47,,2.04,5.97,,raw_collecte_mohammed.csv
2026-05-08 14:42:27.675999,Rabat,34.0209,-6.8416,21.37,,60.0,1010.0,4.63,,,,,scattered clouds,3.0,,,0.58,118.04,,6.9,12.6,,raw_collecte_mohammed.csv
2026-05-08 15:42:37.513449,Agadir,30.4278,-9.5981,22.06,,65.0,1012.0,5.43,,,,,overcast clouds,3.0,,,0.13,106.27,,0.82,2.79,,raw_collecte_mohammed.csv
2026-05-08 15:42:37.513449,Tanger,35.7595,-5.834,22.74,,53.0,1009.0,7.2,,,,,broken clouds,3.0,,,0.55,117.73,,2.62,5.45,,raw_collecte_mohammed.csv
2026-05-08 15:42:37.513449,Marrakech,31.6295,-7.9811,23.98,,35.0,1008.0,3.6,,,,,clear sky,3.0,,,0.3,116.08,,2.26,6.57,,raw_collecte_mohammed.csv
2026-05-08 15:42:37.513449,Rabat,34.0209,-6.8416,20.37,,56.0,1009.0,3.6,,,,,broken clouds,3.0,,,0.67,117.84,,6.96,12.52,,raw_collecte_mohammed.csv
2026-04-30 20:20:56.000000,Casablanca,33.5731,-7.5898,18.07,,72.0,1019.0,3.09,,47.0,10000.0,Clouds,scattered clouds,2.0,108.21,,2.56,89.57,5.65,3.78,9.1,0.4,raw_collecte_mouad.csv
2026-04-30 20:20:59.000000,Tanger,35.7595,-5.834,16.64,,77.0,1018.0,2.06,,0.0,10000.0,Clear,clear sky,2.0,109.72,,3.31,88.6,4.27,2.7,5.34,0.69,raw_collecte_mouad.csv
2026-04-30 20:21:00.000000,Karia Ba Mohamed,34.3667,-5.2139,18.38,,66.0,1017.0,4.31,,83.0,10000.0,Clouds,broken clouds,2.0,102.05,,1.7,67.78,0.75,2.56,4.38,0.96,raw_collecte_mouad.csv
2026-04-30 20:21:03.000000,Fes,34.0331,-5.0003,17.14,,88.0,1018.0,3.6,,75.0,10000.0,Clouds,broken clouds,1.0,100.84,,1.96,53.56,0.38,2.29,3.52,1.01,raw_collecte_mouad.csv
2026-04-30 20:23:57.000000,Casablanca,33.5731,-7.5898,18.07,,72.0,1019.0,3.09,,47.0,10000.0,Clouds,scattered clouds,2.0,108.21,,2.56,89.57,5.65,3.78,9.1,0.4,raw_collecte_mouad.csv
2026-04-30 20:24:00.000000,Tanger,35.7595,-5.834,16.64,,77.0,1018.0,2.06,,0.0,10000.0,Clear,clear sky,2.0,109.72,,3.31,88.6,4.27,2.7,5.34,0.69,raw_collecte_mouad.csv
2026-04-30 20:24:03.000000,Karia Ba Mohamed,34.3667,-5.2139,18.38,,66.0,1017.0,4.31,,83.0,10000.0,Clouds,broken clouds,2.0,102.05,,1.7,67.78,0.75,2.56,4.38,0.96,raw_collecte_mouad.csv
2026-04-30 20:24:04.000000,Fes,34.0331,-5.0003,17.14,,88.0,1018.0,3.6,,75.0,10000.0,Clouds,broken clouds,1.0,100.84,,1.96,53.56,0.38,2.29,3.52,1.01,raw_collecte_mouad.csv
2026-04-30 22:02:48.000000,Casablanca,33.5731,-7.5898,18.07,,72.0,1019.0,2.57,,42.0,10000.0,Clouds,scattered clouds,2.0,109.52,,2.5,87.5,4.58,3.86,10.17,0.59,raw_collecte_mouad.csv
2026-04-30 22:02:49.000000,Tanger,35.7595,-5.834,15.64,,82.0,1019.0,1.54,,15.0,7000.0,Clouds,few clouds,2.0,110.25,,3.5,83.6,3.97,2.77,5.65,0.69,raw_collecte_mouad.csv
2026-04-30 22:02:51.000000,Karia Ba Mohamed,34.3667,-5.2139,17.2,,67.0,1019.0,2.57,,84.0,10000.0,Clouds,broken clouds,2.0,101.39,,1.93,63.89,0.64,2.62,4.64,0.99,raw_collecte_mouad.csv
2026-04-30 22:02:52.000000,Fes,34.0331,-5.0003,17.14,,82.0,1019.0,3.09,,75.0,10000.0,Clouds,broken clouds,1.0,99.86,,2.25,48.49,0.35,2.36,3.63,1.06,raw_collecte_mouad.csv
2026-04-30 23:06:23.000000,Casablanca,33.5731,-7.5898,17.02,,77.0,1019.0,1.54,,41.0,10000.0,Clouds,scattered clouds,2.0,110.91,,2.5,85.69,3.69,3.98,10.67,0.63,raw_collecte_mouad.csv
2026-04-30 23:06:24.000000,Tanger,35.7595,-5.834,13.64,,82.0,1019.0,0.51,,13.0,7000.0,Clouds,few clouds,2.0,110.92,,3.67,79.88,3.57,2.96,6.03,0.74,raw_collecte_mouad.csv
2026-04-30 23:06:26.000000,Karia Ba Mohamed,34.3667,-5.2139,15.76,,72.0,1019.0,2.44,,73.0,10000.0,Clouds,broken clouds,1.0,101.24,,2.18,56.82,0.43,2.66,4.71,0.95,raw_collecte_mouad.csv
2026-04-30 23:06:27.000000,Fes,34.0331,-5.0003,16.14,,82.0,1019.0,1.03,,75.0,10000.0,Clouds,broken clouds,1.0,99.69,,2.28,44.67,0.26,2.39,3.66,0.87,raw_collecte_mouad.csv
2026-04-30 23:55:41.000000,Casablanca,33.5731,-7.5898,17.02,,77.0,1019.0,1.54,,35.0,10000.0,Clouds,scattered clouds,2.0,112.03,,2.41,83.65,3.08,4.06,11.08,0.6,raw_collecte_mouad.csv
2026-04-30 23:55:50.000000,Tanger,35.7595,-5.834,13.64,,82.0,1019.0,1.03,,27.0,7000.0,Clouds,scattered clouds,2.0,111.07,,3.55,77.28,3.31,3.19,6.49,0.76,raw_collecte_mouad.csv
2026-04-30 23:55:59.000000,Karia Ba Mohamed,34.3667,-5.2139,14.37,,78.0,1019.0,1.61,,79.0,10000.0,Clouds,broken clouds,1.0,100.91,,2.24,50.09,0.3,2.68,4.69,0.89,raw_collecte_mouad.csv
2026-04-30 23:56:05.000000,Fes,34.0331,-5.0003,16.14,,82.0,1019.0,3.09,,75.0,10000.0,Clouds,broken clouds,1.0,99.44,,2.13,41.85,0.18,2.4,3.6,0.7,raw_collecte_mouad.csv
2026-05-01 00:56:10.000000,Casablanca,33.5731,-7.5898,17.02,,77.0,1019.0,1.03,,13.0,10000.0,Clouds,few clouds,2.0,111.73,,2.23,80.84,2.63,4.14,11.39,0.44,raw_collecte_mouad.csv
2026-05-01 00:56:13.000000,Tanger,35.7595,-5.834,13.64,,82.0,1019.0,0.51,,100.0,7000.0,Clouds,overcast clouds,2.0,110.56,,3.27,74.71,2.97,3.42,6.93,0.57,raw_collecte_mouad.csv
2026-05-01 00:56:16.000000,Karia Ba Mohamed,34.3667,-5.2139,13.56,,81.0,1019.0,1.39,,38.0,10000.0,Clouds,scattered clouds,1.0,99.96,,2.18,43.2,0.22,2.68,4.59,0.85,raw_collecte_mouad.csv
2026-05-01 00:56:41.000000,Fes,34.0331,-5.0003,13.14,,94.0,1019.0,0.51,,40.0,10000.0,Clouds,scattered clouds,1.0,98.93,,1.87,39.78,0.13,2.39,3.48,0.63,raw_collecte_mouad.csv
2026-05-01 11:49:06.000000,Casablanca,33.5731,-7.5898,20.74,,56.0,1019.0,3.09,,0.0,10000.0,Clear,clear sky,3.0,104.79,,0.74,103.23,4.71,9.55,20.44,0.0,raw_collecte_mouad.csv
2026-05-01 11:49:09.000000,Tanger,35.7595,-5.834,19.64,,64.0,1019.0,3.09,,75.0,10000.0,Clouds,broken clouds,3.0,105.58,,1.21,104.18,5.57,9.26,13.75,0.04,raw_collecte_mouad.csv
2026-05-01 11:49:11.000000,Karia Ba Mohamed,34.3667,-5.2139,25.24,,48.0,1017.0,1.48,,13.0,10000.0,Clouds,few clouds,2.0,99.48,,0.37,87.51,0.55,3.77,5.74,0.33,raw_collecte_mouad.csv
2026-05-01 11:49:13.000000,Fes,34.0331,-5.0003,23.14,,60.0,1017.0,2.57,,40.0,10000.0,Clouds,scattered clouds,2.0,96.3,,0.26,84.51,0.17,2.83,3.72,0.37,raw_collecte_mouad.csv
2026-05-01 12:49:15.000000,Casablanca,33.5731,-7.5898,20.74,,56.0,1019.0,3.6,,0.0,10000.0,Clear,clear sky,3.0,105.81,,0.56,105.36,4.12,8.64,17.01,0.0,raw_collecte_mouad.csv
2026-05-01 12:49:16.000000,Tanger,35.7595,-5.834,19.64,,64.0,1019.0,3.09,,75.0,10000.0,Clouds,broken clouds,3.0,105.29,,0.79,107.99,4.94,8.19,12.06,0.02,raw_collecte_mouad.csv
2026-05-01 12:49:18.000000,Karia Ba Mohamed,34.3667,-5.2139,26.32,,44.0,1017.0,2.13,,13.0,10000.0,Clouds,few clouds,2.0,100.46,,0.33,90.78,0.54,3.94,5.95,0.29,raw_collecte_mouad.csv
2026-05-01 12:49:19.000000,Fes,34.0331,-5.0003,24.14,,56.0,1016.0,2.06,,40.0,10000.0,Clouds,scattered clouds,2.0,97.17,,0.24,88.02,0.18,3.03,4.01,0.32,raw_collecte_mouad.csv
2026-05-01 13:49:21.000000,Casablanca,33.5731,-7.5898,20.18,,64.0,1018.0,3.6,,0.0,10000.0,Clear,clear sky,3.0,104.16,,0.62,109.66,5.76,7.99,14.05,0.0,raw_collecte_mouad.csv
2026-05-01 13:49:22.000000,Tanger,35.7595,-5.834,20.64,,60.0,1018.0,3.6,,75.0,10000.0,Clouds,broken clouds,3.0,104.42,,0.72,111.48,5.11,7.84,11.58,0.0,raw_collecte_mouad.csv
2026-05-01 13:49:24.000000,Karia Ba Mohamed,34.3667,-5.2139,27.33,,42.0,1016.0,2.63,,13.0,10000.0,Clouds,few clouds,2.0,99.52,,0.31,92.68,0.52,3.74,5.69,0.25,raw_collecte_mouad.csv
2026-05-01 13:49:25.000000,Fes,34.0331,-5.0003,26.14,,50.0,1016.0,2.06,,40.0,10000.0,Clouds,scattered clouds,2.0,96.17,,0.25,90.83,0.21,2.8,3.85,0.27,raw_collecte_mouad.csv
2026-05-01 14:49:27.000000,Casablanca,33.5731,-7.5898,20.18,,64.0,1018.0,4.12,,0.0,10000.0,Clear,clear sky,3.0,102.77,,0.73,111.71,6.44,8.23,14.07,0.0,raw_collecte_mouad.csv
2026-05-01 14:49:28.000000,Tanger,35.7595,-5.834,20.64,,60.0,1018.0,5.14,,75.0,10000.0,Clouds,broken clouds,3.0,103.59,,0.83,111.7,4.98,7.25,10.87,0.0,raw_collecte_mouad.csv
2026-05-01 14:49:30.000000,Karia Ba Mohamed,34.3667,-5.2139,27.74,,39.0,1015.0,3.38,,25.0,10000.0,Clouds,scattered clouds,2.0,98.74,,0.33,93.51,0.56,3.85,5.89,0.24,raw_collecte_mouad.csv
2026-05-01 14:49:31.000000,Fes,34.0331,-5.0003,26.14,,50.0,1015.0,3.6,,40.0,10000.0,Clouds,scattered clouds,2.0,95.41,,0.26,91.77,0.26,2.94,4.11,0.26,raw_collecte_mouad.csv
2026-05-01 15:49:33.000000,Casablanca,33.5731,-7.5898,20.18,,64.0,1018.0,4.12,,0.0,10000.0,Clear,clear sky,3.0,103.41,,0.97,114.06,7.28,8.14,13.88,0.0,raw_collecte_mouad.csv
2026-05-01 15:49:34.000000,Tanger,35.7595,-5.834,20.64,,60.0,1018.0,5.66,,75.0,10000.0,Clouds,broken clouds,3.0,103.87,,1.1,112.21,5.02,6.67,10.26,0.0,raw_collecte_mouad.csv
2026-05-01 15:49:36.000000,Karia Ba Mohamed,34.3667,-5.2139,27.38,,40.0,1015.0,3.64,,43.0,10000.0,Clouds,scattered clouds,2.0,98.89,,0.38,95.52,0.62,3.9,6.11,0.24,raw_collecte_mouad.csv
2026-05-01 15:49:37.000000,Fes,34.0331,-5.0003,26.14,,47.0,1014.0,2.57,,40.0,10000.0,Clouds,scattered clouds,2.0,95.73,,0.32,93.33,0.34,3.17,4.55,0.26,raw_collecte_mouad.csv
2026-05-01 16:49:39.000000,Casablanca,33.5731,-7.5898,20.19,,64.0,1018.0,4.12,,0.0,10000.0,Clear,clear sky,3.0,104.53,,1.27,113.84,7.89,7.66,13.5,0.0,raw_collecte_mouad.csv
2026-05-01 16:49:40.000000,Tanger,35.7595,-5.834,20.64,,64.0,1018.0,4.63,,75.0,10000.0,Clouds,broken clouds,3.0,104.77,,1.59,111.53,5.07,6.04,9.68,0.0,raw_collecte_mouad.csv
2026-05-01 16:49:42.000000,Karia Ba Mohamed,34.3667,-5.2139,26.78,,42.0,1015.0,4.3,,54.0,10000.0,Clouds,broken clouds,2.0,99.0,,0.5,96.7,0.71,3.92,6.31,0.24,raw_collecte_mouad.csv
2026-05-01 16:49:43.000000,Fes,34.0331,-5.0003,26.14,,47.0,1015.0,2.06,,40.0,10000.0,Clouds,scattered clouds,2.0,96.19,,0.46,94.04,0.44,3.55,5.21,0.29,raw_collecte_mouad.csv
2026-05-01 17:49:45.000000,Casablanca,33.5731,-7.5898,19.13,,68.0,1018.0,4.12,,0.0,10000.0,Clear,clear sky,3.0,106.45,,1.67,111.81,7.75,6.75,12.61,0.0,raw_collecte_mouad.csv
2026-05-01 17:49:47.000000,Tanger,35.7595,-5.834,19.64,,68.0,1018.0,3.6,,0.0,10000.0,Clear,clear sky,3.0,105.84,,2.14,107.52,4.91,5.08,8.65,0.0,raw_collecte_mouad.csv
2026-05-01 17:49:48.000000,Karia Ba Mohamed,34.3667,-5.2139,24.84,,50.0,1015.0,5.41,,62.0,10000.0,Clouds,broken clouds,2.0,99.53,,0.66,96.78,0.81,3.92,6.5,0.26,raw_collecte_mouad.csv
2026-05-01 17:49:50.000000,Fes,34.0331,-5.0003,25.14,,53.0,1015.0,4.12,,40.0,10000.0,Clouds,scattered clouds,2.0,97.04,,0.64,94.0,0.55,3.95,5.91,0.33,raw_collecte_mouad.csv
2026-05-01 18:49:52.000000,Casablanca,33.5731,-7.5898,19.13,,68.0,1018.0,3.09,,0.0,10000.0,Clear,clear sky,3.0,106.76,,2.28,106.12,7.1,5.72,11.53,0.0,raw_collecte_mouad.csv
2026-05-01 18:49:54.000000,Tanger,35.7595,-5.834,18.64,,72.0,1018.0,1.54,,0.0,10000.0,Clear,clear sky,2.0,105.87,,3.01,99.89,4.72,4.21,7.65,0.03,raw_collecte_mouad.csv
2026-05-01 18:49:56.000000,Karia Ba Mohamed,34.3667,-5.2139,20.84,,62.0,1016.0,4.66,,99.0,10000.0,Clouds,overcast clouds,2.0,98.77,,1.17,88.1,0.79,3.87,6.52,0.42,raw_collecte_mouad.csv
2026-05-01 18:49:58.000000,Fes,34.0331,-5.0003,23.14,,60.0,1016.0,3.6,,40.0,10000.0,Clouds,scattered clouds,2.0,96.38,,1.13,84.58,0.55,4.22,6.37,0.52,raw_collecte_mouad.csv
2026-05-01 19:50:00.000000,Casablanca,33.5731,-7.5898,18.07,,72.0,1019.0,3.09,,0.0,10000.0,Clear,clear sky,3.0,108.35,,2.59,101.91,6.46,5.19,11.27,0.0,raw_collecte_mouad.csv
2026-05-01 19:50:01.000000,Tanger,35.7595,-5.834,18.64,,72.0,1018.0,1.03,,0.0,10000.0,Clear,clear sky,2.0,107.36,,3.62,93.82,4.66,3.7,7.11,0.12,raw_collecte_mouad.csv
2026-05-01 19:50:03.000000,Karia Ba Mohamed,34.3667,-5.2139,19.15,,68.0,1017.0,2.77,,99.0,10000.0,Clouds,overcast clouds,2.0,99.09,,1.79,76.81,0.67,3.9,6.66,0.62,raw_collecte_mouad.csv
2026-05-01 19:50:04.000000,Fes,34.0331,-5.0003,21.14,,64.0,1017.0,3.6,,40.0,10000.0,Clouds,scattered clouds,2.0,96.57,,1.72,72.53,0.47,4.43,6.7,0.75,raw_collecte_mouad.csv
2026-05-01 20:50:06.000000,Casablanca,33.5731,-7.5898,18.07,,72.0,1020.0,2.06,,53.0,10000.0,Clouds,broken clouds,2.0,109.68,,2.61,98.32,5.83,4.84,11.09,0.0,raw_collecte_mouad.csv
2026-05-01 20:50:07.000000,Tanger,35.7595,-5.834,18.64,,72.0,1019.0,1.03,,0.0,10000.0,Clear,clear sky,2.0,108.87,,3.68,89.72,4.61,3.44,6.88,0.15,raw_collecte_mouad.csv
2026-05-01 20:50:09.000000,Karia Ba Mohamed,34.3667,-5.2139,18.87,,67.0,1018.0,2.24,,99.0,10000.0,Clouds,overcast clouds,2.0,99.41,,2.24,69.15,0.59,3.94,6.87,0.61,raw_collecte_mouad.csv
2026-05-01 20:50:10.000000,Fes,34.0331,-5.0003,18.14,,88.0,1018.0,2.57,,40.0,10000.0,Clouds,scattered clouds,2.0,96.68,,2.16,65.15,0.43,4.52,6.92,0.93,raw_collecte_mouad.csv
2026-05-01 21:50:12.000000,Casablanca,33.5731,-7.5898,18.07,,72.0,1020.0,1.54,,59.0,10000.0,Clouds,broken clouds,2.0,108.77,,2.62,93.46,4.96,4.54,10.88,0.08,raw_collecte_mouad.csv
2026-05-01 21:50:13.000000,Tanger,35.7595,-5.834,17.64,,72.0,1019.0,2.06,,0.0,10000.0,Clear,clear sky,2.0,108.21,,3.65,85.46,4.44,3.35,6.84,0.15,raw_collecte_mouad.csv
2026-05-01 21:50:15.000000,Karia Ba Mohamed,34.3667,-5.2139,18.07,,68.0,1018.0,2.04,,100.0,10000.0,Clouds,overcast clouds,2.0,97.67,,2.63,61.74,0.52,3.94,6.95,0.68,raw_collecte_mouad.csv
2026-05-01 21:50:16.000000,Fes,34.0331,-5.0003,16.14,,94.0,1018.0,2.57,,0.0,10000.0,Clear,clear sky,1.0,95.15,,2.45,59.77,0.39,4.41,6.81,1.19,raw_collecte_mouad.csv
2026-05-01 22:50:18.000000,Casablanca,33.5731,-7.5898,17.02,,77.0,1019.0,2.06,,51.0,10000.0,Clouds,broken clouds,2.0,109.35,,2.63,88.93,3.98,4.45,11.08,0.16,raw_collecte_mouad.csv
2026-05-01 22:50:19.000000,Tanger,35.7595,-5.834,17.64,,72.0,1018.0,3.09,,0.0,10000.0,Clear,clear sky,2.0,108.37,,3.58,82.65,4.24,3.44,7.04,0.15,raw_collecte_mouad.csv
2026-05-01 22:50:21.000000,Karia Ba Mohamed,34.3667,-5.2139,16.64,,71.0,1018.0,1.9,,98.0,10000.0,Clouds,overcast clouds,1.0,97.45,,2.95,54.72,0.43,4.03,7.09,0.84,raw_collecte_mouad.csv
2026-05-01 22:50:23.000000,Fes,34.0331,-5.0003,15.14,,100.0,1018.0,2.57,,0.0,10000.0,Clear,clear sky,1.0,95.05,,2.63,54.43,0.31,4.32,6.68,1.33,raw_collecte_mouad.csv
2026-05-02 10:31:01.000000,Casablanca,33.5731,-7.5898,19.13,,68.0,1019.0,2.06,,75.0,8000.0,Clouds,broken clouds,2.0,102.88,,0.94,97.2,5.41,6.89,15.31,0.0,raw_collecte_mouad.csv
2026-05-02 10:31:02.000000,Tanger,35.7595,-5.834,19.64,,77.0,1018.0,3.09,,40.0,7000.0,Clouds,scattered clouds,2.0,102.4,,1.28,97.26,4.55,6.26,10.83,0.0,raw_collecte_mouad.csv
2026-05-02 10:31:04.000000,Karia Ba Mohamed,34.3667,-5.2139,21.91,,63.0,1018.0,3.47,,96.0,10000.0,Clouds,overcast clouds,2.0,96.48,,0.51,83.05,0.77,5.84,9.71,0.28,raw_collecte_mouad.csv
2026-05-02 10:31:05.000000,Fes,34.0331,-5.0003,18.14,,82.0,1017.0,4.63,,75.0,10000.0,Clouds,broken clouds,2.0,93.66,,0.35,82.25,0.39,4.82,8.99,0.61,raw_collecte_mouad.csv
2026-05-02 11:31:07.000000,Casablanca,33.5731,-7.5898,19.13,,68.0,1019.0,2.06,,75.0,8000.0,Clouds,broken clouds,3.0,101.2,,0.71,101.09,5.88,7.44,15.49,0.0,raw_collecte_mouad.csv
2026-05-02 11:31:08.000000,Tanger,35.7595,-5.834,20.64,,73.0,1017.0,3.09,,40.0,10000.0,Clouds,scattered clouds,3.0,101.29,,0.98,100.98,4.94,6.76,11.13,0.0,raw_collecte_mouad.csv
2026-05-02 11:31:09.000000,Karia Ba Mohamed,34.3667,-5.2139,23.65,,56.0,1017.0,3.67,,92.0,10000.0,Clouds,overcast clouds,2.0,95.66,,0.46,84.46,0.77,5.99,9.95,0.23,raw_collecte_mouad.csv
2026-05-02 11:31:11.000000,Fes,34.0331,-5.0003,20.14,,72.0,1016.0,4.63,,75.0,10000.0,Clouds,broken clouds,2.0,92.91,,0.31,82.89,0.41,5.22,9.5,0.5,raw_collecte_mouad.csv
2026-05-02 12:31:14.000000,Casablanca,33.5731,-7.5898,20.74,,60.0,1018.0,2.06,,40.0,8000.0,Clouds,scattered clouds,3.0,101.2,,0.71,101.09,5.88,7.44,15.49,0.0,raw_collecte_mouad.csv
2026-05-02 12:31:15.000000,Tanger,35.7595,-5.834,19.64,,77.0,1017.0,3.09,,40.0,10000.0,Clouds,scattered clouds,3.0,101.75,,0.73,103.98,4.63,6.33,10.21,0.0,raw_collecte_mouad.csv
2026-05-02 12:31:17.000000,Karia Ba Mohamed,34.3667,-5.2139,25.08,,52.0,1016.0,4.2,,82.0,10000.0,Clouds,broken clouds,2.0,96.91,,0.48,88.88,0.74,5.81,9.71,0.18,raw_collecte_mouad.csv
2026-05-02 12:31:19.000000,Fes,34.0331,-5.0003,20.14,,77.0,1016.0,4.63,,75.0,10000.0,Clouds,broken clouds,2.0,93.73,,0.29,86.63,0.41,5.29,9.46,0.37,raw_collecte_mouad.csv
2026-05-02 13:31:20.000000,Casablanca,33.5731,-7.5898,20.74,,60.0,1018.0,2.57,,40.0,10000.0,Clouds,scattered clouds,3.0,101.3,,0.73,101.12,5.88,5.95,12.41,0.0,raw_collecte_mouad.csv
2026-05-02 13:31:22.000000,Tanger,35.7595,-5.834,21.64,,68.0,1017.0,3.6,,40.0,10000.0,Clouds,scattered clouds,3.0,101.15,,0.63,102.28,3.74,5.02,7.95,0.0,raw_collecte_mouad.csv
2026-05-02 13:31:23.000000,Karia Ba Mohamed,34.3667,-5.2139,25.85,,51.0,1015.0,4.26,,57.0,10000.0,Clouds,broken clouds,2.0,97.86,,0.37,91.17,0.87,5.86,9.82,0.09,raw_collecte_mouad.csv
2026-05-02 13:31:25.000000,Fes,34.0331,-5.0003,21.14,,73.0,1015.0,4.63,,75.0,10000.0,Clouds,broken clouds,2.0,94.91,,0.31,87.73,0.54,5.72,9.84,0.2,raw_collecte_mouad.csv
2026-05-02 14:31:26.000000,Casablanca,33.5731,-7.5898,20.18,,64.0,1018.0,3.6,,20.0,10000.0,Clouds,few clouds,3.0,100.17,,0.7,100.99,5.34,5.14,10.64,0.0,raw_collecte_mouad.csv
2026-05-02 14:31:28.000000,Tanger,35.7595,-5.834,22.64,,68.0,1017.0,3.09,,40.0,10000.0,Clouds,scattered clouds,3.0,100.47,,0.74,101.37,3.61,4.53,7.21,0.0,raw_collecte_mouad.csv
2026-05-02 14:31:29.000000,Karia Ba Mohamed,34.3667,-5.2139,26.3,,49.0,1014.0,5.05,,61.0,10000.0,Clouds,broken clouds,2.0,97.11,,0.41,90.51,0.83,5.6,9.4,0.1,raw_collecte_mouad.csv
2026-05-02 14:31:31.000000,Fes,34.0331,-5.0003,22.14,,64.0,1014.0,3.6,,75.0,10000.0,Clouds,broken clouds,2.0,94.91,,0.31,87.73,0.54,5.72,9.84,0.2,raw_collecte_mouad.csv
2026-05-02 15:31:32.000000,Casablanca,33.5731,-7.5898,20.18,,64.0,1017.0,3.6,,20.0,10000.0,Clouds,few clouds,3.0,99.88,,0.88,102.02,5.38,4.27,9.2,0.0,raw_collecte_mouad.csv
2026-05-02 15:31:34.000000,Tanger,35.7595,-5.834,22.64,,68.0,1016.0,3.09,,40.0,10000.0,Clouds,scattered clouds,3.0,101.44,,1.1,100.68,3.76,4.15,6.75,0.0,raw_collecte_mouad.csv
2026-05-02 15:31:35.000000,Karia Ba Mohamed,34.3667,-5.2139,25.98,,49.0,1014.0,5.84,,67.0,10000.0,Clouds,broken clouds,2.0,97.38,,0.52,90.03,0.83,5.41,9.15,0.12,raw_collecte_mouad.csv
2026-05-02 15:31:36.000000,Fes,34.0331,-5.0003,23.14,,60.0,1014.0,3.6,,40.0,10000.0,Clouds,scattered clouds,2.0,95.1,,0.52,85.85,0.57,5.65,9.16,0.2,raw_collecte_mouad.csv
2026-05-02 16:31:38.000000,Casablanca,33.5731,-7.5898,20.18,,60.0,1017.0,3.6,,20.0,10000.0,Clouds,few clouds,3.0,100.85,,1.16,102.04,5.64,3.73,8.46,0.0,raw_collecte_mouad.csv
2026-05-02 16:31:39.000000,Tanger,35.7595,-5.834,22.64,,68.0,1015.0,4.12,,40.0,10000.0,Clouds,scattered clouds,2.0,102.97,,1.68,99.68,3.94,3.9,6.56,0.0,raw_collecte_mouad.csv
2026-05-02 16:31:40.000000,Karia Ba Mohamed,34.3667,-5.2139,24.65,,52.0,1014.0,7.65,,61.0,10000.0,Clouds,broken clouds,2.0,97.03,,0.69,88.27,0.86,5.17,8.81,0.17,raw_collecte_mouad.csv
2026-05-02 16:31:42.000000,Fes,34.0331,-5.0003,23.14,,60.0,1014.0,3.09,,40.0,10000.0,Clouds,scattered clouds,2.0,95.1,,0.52,85.85,0.57,5.65,9.16,0.2,raw_collecte_mouad.csv
2026-05-02 17:31:44.000000,Casablanca,33.5731,-7.5898,19.13,,63.0,1017.0,3.6,,40.0,10000.0,Clouds,scattered clouds,3.0,102.61,,1.48,100.71,5.86,3.27,7.84,0.0,raw_collecte_mouad.csv
2026-05-02 17:31:45.000000,Tanger,35.7595,-5.834,21.64,,68.0,1015.0,6.17,,40.0,10000.0,Clouds,scattered clouds,2.0,104.5,,2.17,97.71,3.85,3.46,6.15,0.03,raw_collecte_mouad.csv
2026-05-02 17:31:47.000000,Karia Ba Mohamed,34.3667,-5.2139,21.87,,58.0,1014.0,7.76,,66.0,10000.0,Clouds,broken clouds,2.0,96.92,,0.83,86.65,0.9,4.88,8.43,0.22,raw_collecte_mouad.csv
2026-05-02 17:31:48.000000,Fes,34.0331,-5.0003,22.14,,68.0,1014.0,3.09,,40.0,10000.0,Clouds,scattered clouds,2.0,95.53,,0.83,82.9,0.63,5.46,8.9,0.28,raw_collecte_mouad.csv
2026-05-02 18:31:50.000000,Casablanca,33.5731,-7.5898,19.13,,63.0,1017.0,2.57,,20.0,10000.0,Clouds,few clouds,2.0,103.4,,1.81,97.4,5.83,2.99,7.53,0.0,raw_collecte_mouad.csv
2026-05-02 18:31:51.000000,Tanger,35.7595,-5.834,21.64,,68.0,1016.0,4.12,,40.0,10000.0,Clouds,scattered clouds,2.0,104.92,,2.5,93.94,3.56,2.95,5.64,0.11,raw_collecte_mouad.csv
2026-05-02 18:31:53.000000,Karia Ba Mohamed,34.3667,-5.2139,19.31,,60.0,1015.0,6.5,,100.0,10000.0,Clouds,overcast clouds,2.0,96.79,,1.0,84.51,0.91,4.58,8.05,0.29,raw_collecte_mouad.csv
2026-05-02 18:31:54.000000,Fes,34.0331,-5.0003,21.14,,73.0,1016.0,3.6,,40.0,10000.0,Clouds,scattered clouds,2.0,95.51,,1.12,79.35,0.65,5.32,8.67,0.47,raw_collecte_mouad.csv
2026-05-02 19:31:56.000000,Casablanca,33.5731,-7.5898,18.07,,72.0,1017.0,2.06,,0.0,10000.0,Clear,clear sky,2.0,105.58,,2.03,94.35,5.66,2.99,7.87,0.03,raw_collecte_mouad.csv
2026-05-02 19:31:57.000000,Tanger,35.7595,-5.834,19.64,,77.0,1016.0,3.09,,75.0,10000.0,Clouds,broken clouds,2.0,106.4,,2.64,90.82,3.33,2.67,5.42,0.16,raw_collecte_mouad.csv
2026-05-02 19:31:59.000000,Karia Ba Mohamed,34.3667,-5.2139,17.67,,69.0,1017.0,4.04,,100.0,10000.0,Rain,light rain,2.0,97.46,,1.19,81.77,0.87,4.35,7.76,0.36,raw_collecte_mouad.csv
2026-05-02 19:32:00.000000,Fes,34.0331,-5.0003,20.14,,77.0,1017.0,3.09,,40.0,10000.0,Rain,light rain,2.0,95.85,,1.45,76.14,0.66,5.17,8.46,0.77,raw_collecte_mouad.csv
2026-05-02 20:32:02.000000,Casablanca,33.5731,-7.5898,18.07,,72.0,1018.0,2.06,,51.0,10000.0,Clouds,broken clouds,2.0,107.25,,2.0,91.93,5.14,3.02,8.2,0.07,raw_collecte_mouad.csv
2026-05-02 20:32:04.000000,Tanger,35.7595,-5.834,19.64,,77.0,1017.0,2.06,,75.0,10000.0,Clouds,broken clouds,2.0,107.53,,2.59,88.42,3.21,2.53,5.37,0.17,raw_collecte_mouad.csv
2026-05-02 20:32:05.000000,Karia Ba Mohamed,34.3667,-5.2139,16.77,,71.0,1018.0,2.46,,94.0,10000.0,Rain,light rain,2.0,98.37,,1.33,79.27,0.81,4.14,7.56,0.35,raw_collecte_mouad.csv
2026-05-02 20:32:06.000000,Fes,34.0331,-5.0003,19.14,,82.0,1018.0,4.12,,75.0,10000.0,Rain,light rain,2.0,95.85,,1.45,76.14,0.66,5.17,8.46,0.77,raw_collecte_mouad.csv
2026-05-02 21:32:08.000000,Casablanca,33.5731,-7.5898,18.07,,72.0,1018.0,1.54,,63.0,10000.0,Clouds,broken clouds,2.0,107.25,,2.0,91.93,5.14,3.02,8.2,0.07,raw_collecte_mouad.csv
2026-05-02 21:32:09.000000,Tanger,35.7595,-5.834,18.64,,77.0,1017.0,2.57,,0.0,10000.0,Clear,clear sky,2.0,107.13,,2.57,85.51,3.17,2.51,5.4,0.15,raw_collecte_mouad.csv
2026-05-02 21:32:11.000000,Karia Ba Mohamed,34.3667,-5.2139,15.98,,74.0,1018.0,2.17,,84.0,10000.0,Clouds,broken clouds,2.0,97.02,,1.53,71.52,0.61,3.93,7.23,0.37,raw_collecte_mouad.csv
2026-05-02 21:32:12.000000,Fes,34.0331,-5.0003,18.14,,88.0,1018.0,4.12,,75.0,10000.0,Rain,light rain,2.0,95.43,,1.91,68.13,0.54,4.87,7.93,1.26,raw_collecte_mouad.csv
2026-05-03 11:23:34.000000,Casablanca,33.5731,-7.5898,22.02,,60.0,1017.0,2.06,,40.0,6000.0,Clouds,scattered clouds,2.0,101.18,,0.7,91.0,4.42,4.58,10.9,0.0,raw_collecte_mouad.csv
2026-05-03 11:23:35.000000,Tanger,35.7595,-5.834,19.64,,73.0,1016.0,4.12,,40.0,10000.0,Clouds,scattered clouds,2.0,100.98,,1.12,92.41,3.97,5.1,8.52,0.0,raw_collecte_mouad.csv
2026-05-03 11:23:36.000000,Karia Ba Mohamed,34.3667,-5.2139,21.77,,47.0,1016.0,2.1,,43.0,10000.0,Clouds,scattered clouds,2.0,96.15,,0.87,73.71,0.64,4.76,8.96,0.33,raw_collecte_mouad.csv
2026-05-03 11:23:38.000000,Fes,34.0331,-5.0003,17.14,,94.0,1016.0,1.54,,75.0,10000.0,Clouds,broken clouds,2.0,93.84,,0.34,74.97,0.37,4.91,10.65,0.36,raw_collecte_mouad.csv
2026-05-03 12:23:39.000000,Casablanca,33.5731,-7.5898,22.02,,64.0,1017.0,3.6,,40.0,6000.0,Clouds,scattered clouds,2.0,99.78,,0.57,93.14,5.0,5.03,11.07,0.0,raw_collecte_mouad.csv
2026-05-03 12:23:42.000000,Tanger,35.7595,-5.834,20.64,,68.0,1016.0,3.09,,40.0,10000.0,Clouds,scattered clouds,2.0,99.78,,0.89,93.33,4.13,5.38,8.48,0.0,raw_collecte_mouad.csv
2026-05-03 12:23:43.000000,Karia Ba Mohamed,34.3667,-5.2139,22.98,,43.0,1015.0,2.75,,45.0,10000.0,Clouds,scattered clouds,2.0,95.36,,0.74,74.35,0.59,4.67,8.74,0.35,raw_collecte_mouad.csv
2026-05-03 12:23:45.000000,Fes,34.0331,-5.0003,17.14,,88.0,1015.0,1.54,,75.0,10000.0,Clouds,broken clouds,2.0,93.05,,0.28,75.34,0.35,4.87,10.69,0.34,raw_collecte_mouad.csv
2026-05-03 13:23:47.000000,Casablanca,33.5731,-7.5898,20.74,,68.0,1016.0,4.12,,40.0,6000.0,Clouds,scattered clouds,2.0,99.82,,0.54,89.11,4.66,3.92,9.14,0.0,raw_collecte_mouad.csv
2026-05-03 13:23:49.000000,Tanger,35.7595,-5.834,20.64,,68.0,1015.0,5.14,,40.0,10000.0,Clouds,scattered clouds,2.0,99.65,,0.68,92.97,4.09,5.28,7.87,0.0,raw_collecte_mouad.csv
2026-05-03 13:23:50.000000,Karia Ba Mohamed,34.3667,-5.2139,23.96,,42.0,1014.0,3.38,,100.0,10000.0,Clouds,overcast clouds,2.0,95.66,,0.43,82.91,0.73,5.17,9.34,0.15,raw_collecte_mouad.csv
2026-05-03 13:23:52.000000,Fes,34.0331,-5.0003,20.14,,77.0,1014.0,1.54,,75.0,10000.0,Clouds,broken clouds,2.0,93.34,,0.31,80.61,0.41,5.51,14.06,0.24,raw_collecte_mouad.csv
2026-05-03 14:23:53.000000,Casablanca,33.5731,-7.5898,20.74,,64.0,1016.0,3.6,,40.0,8000.0,Clouds,scattered clouds,2.0,98.86,,0.46,88.73,4.22,3.57,8.08,0.0,raw_collecte_mouad.csv
2026-05-03 14:23:55.000000,Tanger,35.7595,-5.834,20.64,,60.0,1015.0,5.14,,40.0,10000.0,Clouds,scattered clouds,2.0,99.02,,0.58,90.73,3.8,4.74,7.02,0.0,raw_collecte_mouad.csv
2026-05-03 14:23:56.000000,Karia Ba Mohamed,34.3667,-5.2139,24.59,,41.0,1014.0,4.1,,100.0,10000.0,Clouds,overcast clouds,2.0,95.37,,0.35,85.8,0.66,5.08,8.84,0.05,raw_collecte_mouad.csv
2026-05-03 14:23:58.000000,Fes,34.0331,-5.0003,20.14,,72.0,1013.0,1.03,,75.0,10000.0,Clouds,broken clouds,2.0,93.46,,0.25,83.9,0.37,5.32,12.03,0.12,raw_collecte_mouad.csv
2026-05-03 15:24:01.000000,Casablanca,33.5731,-7.5898,20.96,,64.0,1015.0,3.6,,40.0,8000.0,Clouds,scattered clouds,2.0,97.9,,0.47,87.68,4.12,3.27,7.38,0.0,raw_collecte_mouad.csv
2026-05-03 15:24:03.000000,Tanger,35.7595,-5.834,19.64,,68.0,1014.0,4.12,,40.0,10000.0,Clouds,scattered clouds,2.0,98.73,,0.59,89.6,3.73,4.41,6.53,0.0,raw_collecte_mouad.csv
2026-05-03 15:24:06.000000,Karia Ba Mohamed,34.3667,-5.2139,24.76,,42.0,1013.0,4.49,,100.0,10000.0,Clouds,overcast clouds,2.0,94.83,,0.36,85.75,0.65,5.0,8.41,0.04,raw_collecte_mouad.csv
2026-05-03 15:24:08.000000,Fes,34.0331,-5.0003,21.14,,68.0,1013.0,1.03,,75.0,10000.0,Clouds,broken clouds,2.0,93.04,,0.24,84.68,0.35,5.06,10.01,0.09,raw_collecte_mouad.csv
2026-05-03 16:24:09.000000,Casablanca,33.5731,-7.5898,20.74,,64.0,1015.0,3.09,,40.0,8000.0,Clouds,scattered clouds,2.0,98.29,,0.53,86.91,4.06,2.86,6.65,0.0,raw_collecte_mouad.csv
2026-05-03 16:24:11.000000,Tanger,35.7595,-5.834,19.64,,73.0,1014.0,4.63,,75.0,10000.0,Clouds,broken clouds,2.0,99.38,,0.76,88.99,3.73,4.08,6.11,0.0,raw_collecte_mouad.csv
2026-05-03 16:24:12.000000,Karia Ba Mohamed,34.3667,-5.2139,24.73,,44.0,1013.0,3.89,,100.0,10000.0,Clouds,overcast clouds,2.0,94.88,,0.48,84.04,0.68,4.97,8.08,0.09,raw_collecte_mouad.csv
2026-05-03 16:24:13.000000,Fes,34.0331,-5.0003,21.14,,64.0,1013.0,2.06,,75.0,10000.0,Clouds,broken clouds,2.0,92.81,,0.36,82.93,0.37,4.95,8.47,0.13,raw_collecte_mouad.csv
2026-05-03 17:27:04.000000,Casablanca,33.5731,-7.5898,20.18,,60.0,1015.0,3.09,,40.0,8000.0,Clouds,scattered clouds,2.0,99.24,,0.69,86.18,4.22,2.53,6.29,0.0,raw_collecte_mouad.csv
2026-05-03 17:27:06.000000,Tanger,35.7595,-5.834,18.64,,77.0,1014.0,4.12,,75.0,10000.0,Clouds,broken clouds,2.0,100.54,,1.14,87.58,3.73,3.78,5.8,0.0,raw_collecte_mouad.csv
2026-05-03 17:27:07.000000,Karia Ba Mohamed,34.3667,-5.2139,24.21,,46.0,1013.0,5.19,,100.0,10000.0,Clouds,overcast clouds,2.0,94.53,,0.74,79.77,0.75,4.81,7.6,0.2,raw_collecte_mouad.csv
2026-05-03 17:27:09.000000,Fes,34.0331,-5.0003,21.14,,68.0,1013.0,2.57,,75.0,10000.0,Clouds,broken clouds,2.0,92.37,,0.62,78.7,0.42,4.85,7.6,0.25,raw_collecte_mouad.csv
2026-05-03 18:27:10.000000,Casablanca,33.5731,-7.5898,19.7,,64.0,1015.0,2.68,,40.0,8000.0,Clouds,scattered clouds,2.0,101.24,,0.91,85.88,4.43,2.3,6.09,0.0,raw_collecte_mouad.csv
2026-05-03 18:27:12.000000,Tanger,35.7595,-5.834,18.64,,77.0,1014.0,4.12,,75.0,10000.0,Clouds,broken clouds,2.0,102.23,,1.64,84.89,3.55,3.3,5.29,0.02,raw_collecte_mouad.csv
2026-05-03 18:27:14.000000,Karia Ba Mohamed,34.3667,-5.2139,21.59,,60.0,1013.0,7.17,,100.0,10000.0,Clouds,overcast clouds,2.0,94.02,,0.96,75.62,0.83,4.5,7.04,0.32,raw_collecte_mouad.csv
2026-05-03 18:27:15.000000,Fes,34.0331,-5.0003,21.14,,68.0,1013.0,1.54,,75.0,10000.0,Clouds,broken clouds,2.0,92.1,,0.89,75.21,0.49,4.62,7.05,0.36,raw_collecte_mouad.csv
2026-05-03 19:27:17.000000,Casablanca,33.5731,-7.5898,19.13,,70.0,1016.0,2.57,,40.0,8000.0,Clouds,scattered clouds,2.0,102.8,,1.37,83.84,4.7,2.17,6.19,0.0,raw_collecte_mouad.csv
2026-05-03 19:27:18.000000,Tanger,35.7595,-5.834,17.64,,82.0,1015.0,3.09,,75.0,10000.0,Clouds,broken clouds,2.0,103.02,,2.13,80.96,3.28,2.76,4.71,0.1,raw_collecte_mouad.csv
2026-05-03 19:27:20.000000,Karia Ba Mohamed,34.3667,-5.2139,19.77,,68.0,1014.0,5.36,,82.0,10000.0,Clouds,broken clouds,2.0,93.63,,1.12,71.89,0.85,4.12,6.55,0.41,raw_collecte_mouad.csv
2026-05-03 19:27:22.000000,Fes,34.0331,-5.0003,20.14,,72.0,1014.0,2.06,,75.0,10000.0,Clouds,broken clouds,2.0,91.92,,1.15,71.1,0.52,4.32,6.62,0.48,raw_collecte_mouad.csv
2026-05-03 20:27:23.000000,Casablanca,33.5731,-7.5898,18.07,,77.0,1017.0,2.57,,48.0,10000.0,Clouds,scattered clouds,2.0,105.74,,1.81,82.05,5.03,2.18,6.7,0.05,raw_collecte_mouad.csv
2026-05-03 20:27:25.000000,Tanger,35.7595,-5.834,17.64,,82.0,1016.0,2.06,,75.0,10000.0,Clouds,broken clouds,2.0,105.25,,2.44,78.37,3.07,2.44,4.39,0.16,raw_collecte_mouad.csv
2026-05-03 20:27:26.000000,Karia Ba Mohamed,34.3667,-5.2139,18.06,,76.0,1015.0,4.78,,72.0,10000.0,Clouds,broken clouds,2.0,94.5,,1.2,68.92,0.84,3.75,6.07,0.43,raw_collecte_mouad.csv
2026-05-03 20:27:28.000000,Fes,34.0331,-5.0003,19.14,,82.0,1015.0,1.03,,75.0,10000.0,Clouds,broken clouds,2.0,92.48,,1.35,66.55,0.52,4.01,6.2,0.53,raw_collecte_mouad.csv
2026-05-03 21:27:30.000000,Casablanca,33.5731,-7.5898,18.07,,77.0,1017.0,2.06,,40.0,10000.0,Clouds,scattered clouds,2.0,108.45,,1.95,80.91,5.08,2.21,7.08,0.09,raw_collecte_mouad.csv
2026-05-03 21:27:32.000000,Tanger,35.7595,-5.834,17.64,,82.0,1016.0,2.57,,75.0,10000.0,Clouds,broken clouds,2.0,107.33,,2.5,76.72,2.89,2.2,4.14,0.18,raw_collecte_mouad.csv
2026-05-03 21:27:33.000000,Karia Ba Mohamed,34.3667,-5.2139,16.88,,83.0,1016.0,3.64,,72.0,10000.0,Clouds,broken clouds,2.0,95.46,,1.27,66.33,0.8,3.37,5.59,0.36,raw_collecte_mouad.csv
2026-05-03 21:27:35.000000,Fes,34.0331,-5.0003,18.14,,77.0,1016.0,3.6,,75.0,10000.0,Clouds,broken clouds,2.0,92.96,,1.48,62.42,0.51,3.66,5.72,0.49,raw_collecte_mouad.csv
2026-05-05 11:06:05.000000,Casablanca,33.5731,-7.5898,20.19,,52.0,1017.0,3.09,,40.0,10000.0,Clouds,scattered clouds,3.0,110.41,,0.76,107.06,4.24,4.1,9.94,0.0,raw_collecte_mouad.csv
2026-05-05 11:06:07.000000,Tanger,35.7595,-5.834,18.64,,59.0,1016.0,3.6,,40.0,10000.0,Clouds,scattered clouds,3.0,110.63,,1.37,103.23,4.56,4.36,8.28,0.0,raw_collecte_mouad.csv
2026-05-05 11:06:08.000000,Karia Ba Mohamed,34.3667,-5.2139,19.52,,47.0,1016.0,3.01,,98.0,10000.0,Clouds,overcast clouds,2.0,101.45,,0.45,83.69,0.62,3.11,6.43,0.17,raw_collecte_mouad.csv
2026-05-05 11:06:10.000000,Fes,34.0331,-5.0003,16.14,,72.0,1016.0,2.57,,75.0,10000.0,Clouds,broken clouds,2.0,97.92,,0.2,79.48,0.52,3.19,5.89,0.14,raw_collecte_mouad.csv
2026-05-05 12:06:11.000000,Casablanca,33.5731,-7.5898,20.18,,52.0,1016.0,3.6,,40.0,10000.0,Clouds,scattered clouds,3.0,108.75,,0.59,110.06,4.5,4.66,10.4,0.0,raw_collecte_mouad.csv
2026-05-05 12:06:13.000000,Tanger,35.7595,-5.834,19.64,,56.0,1016.0,4.12,,40.0,10000.0,Clouds,scattered clouds,3.0,109.01,,0.97,107.66,4.85,5.02,8.84,0.0,raw_collecte_mouad.csv
2026-05-05 12:06:14.000000,Karia Ba Mohamed,34.3667,-5.2139,20.37,,44.0,1015.0,3.45,,100.0,10000.0,Clouds,overcast clouds,2.0,100.03,,0.31,85.46,0.59,3.14,6.33,0.15,raw_collecte_mouad.csv
2026-05-05 12:06:16.000000,Fes,34.0331,-5.0003,18.14,,63.0,1015.0,2.06,,75.0,10000.0,Clouds,broken clouds,2.0,96.68,,0.16,79.59,0.5,3.23,5.95,0.12,raw_collecte_mouad.csv
2026-05-05 13:06:18.000000,Casablanca,33.5731,-7.5898,20.18,,52.0,1016.0,4.12,,40.0,10000.0,Clouds,scattered clouds,3.0,108.81,,0.5,113.4,4.7,4.83,10.09,0.0,raw_collecte_mouad.csv
2026-05-05 13:06:19.000000,Tanger,35.7595,-5.834,19.64,,52.0,1015.0,4.63,,40.0,10000.0,Clouds,scattered clouds,3.0,108.68,,0.71,110.8,4.59,4.9,8.29,0.0,raw_collecte_mouad.csv
2026-05-05 13:06:21.000000,Karia Ba Mohamed,34.3667,-5.2139,21.71,,40.0,1015.0,3.56,,100.0,10000.0,Clouds,overcast clouds,2.0,99.68,,0.24,86.14,0.56,2.87,5.66,0.1,raw_collecte_mouad.csv
2026-05-05 13:06:24.000000,Fes,34.0331,-5.0003,20.14,,55.0,1014.0,3.09,,40.0,10000.0,Clouds,scattered clouds,2.0,96.32,,0.15,79.02,0.45,2.87,5.27,0.09,raw_collecte_mouad.csv
2026-05-05 14:48:56.000000,Casablanca,33.5731,-7.5898,20.19,,49.0,1015.0,3.6,,75.0,10000.0,Clouds,broken clouds,3.0,106.34,,0.55,122.27,5.47,4.81,9.24,0.0,raw_collecte_mouad.csv
2026-05-05 14:48:58.000000,Tanger,35.7595,-5.834,18.64,,55.0,1015.0,5.66,,40.0,10000.0,Clouds,scattered clouds,3.0,107.16,,0.69,115.31,4.01,4.04,6.77,0.0,raw_collecte_mouad.csv
2026-05-05 14:49:00.000000,Karia Ba Mohamed,34.3667,-5.2139,23.33,,35.0,1013.0,4.4,,100.0,10000.0,Clouds,overcast clouds,2.0,97.79,,0.27,87.81,0.55,2.52,4.77,0.1,raw_collecte_mouad.csv
2026-05-05 14:49:01.000000,Fes,34.0331,-5.0003,22.14,,49.0,1012.0,4.12,,40.0,10000.0,Clouds,scattered clouds,2.0,94.44,,0.22,79.66,0.3,2.09,3.69,0.11,raw_collecte_mouad.csv
2026-05-05 15:49:03.000000,Casablanca,33.5731,-7.5898,19.13,,48.0,1015.0,4.12,,75.0,10000.0,Clouds,broken clouds,3.0,106.71,,0.7,121.95,5.84,4.55,8.97,0.0,raw_collecte_mouad.csv
2026-05-05 15:49:04.000000,Tanger,35.7595,-5.834,18.64,,52.0,1014.0,6.17,,40.0,10000.0,Clouds,scattered clouds,3.0,107.49,,0.91,115.34,4.03,3.73,6.48,0.0,raw_collecte_mouad.csv
2026-05-05 15:49:05.000000,Karia Ba Mohamed,34.3667,-5.2139,23.45,,34.0,1012.0,4.43,,96.0,10000.0,Clouds,overcast clouds,2.0,98.89,,0.36,90.43,0.66,2.73,5.22,0.12,raw_collecte_mouad.csv
2026-05-05 15:49:07.000000,Fes,34.0331,-5.0003,22.14,,49.0,1012.0,4.63,,40.0,10000.0,Clouds,scattered clouds,2.0,95.26,,0.29,81.79,0.31,2.24,4.01,0.12,raw_collecte_mouad.csv
2026-05-05 16:49:09.000000,Casablanca,33.5731,-7.5898,19.13,,52.0,1015.0,3.6,,40.0,10000.0,Clouds,scattered clouds,3.0,107.71,,0.91,120.27,6.04,4.03,8.62,0.0,raw_collecte_mouad.csv
2026-05-05 16:49:10.000000,Tanger,35.7595,-5.834,17.64,,55.0,1014.0,5.14,,75.0,10000.0,Clouds,broken clouds,3.0,108.71,,1.32,113.59,4.06,3.42,6.26,0.03,raw_collecte_mouad.csv
2026-05-05 16:49:12.000000,Karia Ba Mohamed,34.3667,-5.2139,22.78,,37.0,1012.0,5.33,,97.0,10000.0,Clouds,overcast clouds,2.0,99.97,,0.51,92.85,0.84,2.98,5.76,0.15,raw_collecte_mouad.csv
2026-05-05 16:49:13.000000,Fes,34.0331,-5.0003,21.14,,52.0,1012.0,4.63,,40.0,10000.0,Clouds,scattered clouds,2.0,96.2,,0.37,84.29,0.39,2.46,4.45,0.14,raw_collecte_mouad.csv
2026-05-05 17:49:15.000000,Casablanca,33.5731,-7.5898,18.65,,53.0,1015.0,4.12,,40.0,10000.0,Clouds,scattered clouds,3.0,109.24,,1.22,117.21,5.95,3.4,8.07,0.0,raw_collecte_mouad.csv
2026-05-05 17:49:17.000000,Tanger,35.7595,-5.834,17.64,,48.0,1014.0,5.66,,75.0,10000.0,Clouds,broken clouds,3.0,110.54,,1.81,110.64,3.99,2.91,5.73,0.1,raw_collecte_mouad.csv
2026-05-05 17:49:18.000000,Karia Ba Mohamed,34.3667,-5.2139,20.49,,49.0,1013.0,7.27,,98.0,10000.0,Clouds,overcast clouds,2.0,101.13,,0.67,94.51,1.03,3.12,6.12,0.18,raw_collecte_mouad.csv
2026-05-05 17:49:20.000000,Fes,34.0331,-5.0003,20.14,,52.0,1012.0,4.63,,75.0,10000.0,Clouds,broken clouds,2.0,97.38,,0.43,86.94,0.52,2.61,4.82,0.15,raw_collecte_mouad.csv
2026-05-05 18:49:21.000000,Casablanca,33.5731,-7.5898,18.19,,55.0,1016.0,4.12,,40.0,10000.0,Clouds,scattered clouds,3.0,109.74,,1.71,111.43,5.7,2.8,7.54,0.03,raw_collecte_mouad.csv
2026-05-05 18:49:23.000000,Tanger,35.7595,-5.834,17.64,,52.0,1015.0,4.12,,75.0,10000.0,Clouds,broken clouds,3.0,111.3,,2.44,105.31,3.89,2.38,5.09,0.19,raw_collecte_mouad.csv
2026-05-05 18:49:25.000000,Karia Ba Mohamed,34.3667,-5.2139,18.07,,53.0,1014.0,5.84,,100.0,10000.0,Clouds,overcast clouds,2.0,101.26,,1.04,91.18,1.07,3.15,6.16,0.33,raw_collecte_mouad.csv
2026-05-05 18:49:28.000000,Fes,34.0331,-5.0003,19.14,,52.0,1014.0,3.09,,75.0,10000.0,Clouds,broken clouds,2.0,97.48,,0.81,83.76,0.62,2.8,5.16,0.35,raw_collecte_mouad.csv
2026-05-05 19:49:30.000000,Casablanca,33.5731,-7.5898,18.07,,63.0,1016.0,3.09,,40.0,10000.0,Clouds,scattered clouds,3.0,111.83,,2.1,106.73,5.63,2.42,7.49,0.12,raw_collecte_mouad.csv
2026-05-05 19:49:32.000000,Tanger,35.7595,-5.834,16.64,,59.0,1015.0,4.63,,0.0,10000.0,Clear,clear sky,3.0,113.17,,2.74,101.34,3.85,2.09,4.76,0.28,raw_collecte_mouad.csv
2026-05-05 19:49:34.000000,Karia Ba Mohamed,34.3667,-5.2139,16.41,,60.0,1014.0,4.62,,98.0,10000.0,Clouds,overcast clouds,2.0,102.65,,1.46,86.35,0.97,3.2,6.18,0.53,raw_collecte_mouad.csv
2026-05-05 19:49:36.000000,Fes,34.0331,-5.0003,16.14,,67.0,1015.0,3.6,,75.0,10000.0,Clouds,broken clouds,2.0,98.65,,1.31,78.43,0.62,3.01,5.53,0.62,raw_collecte_mouad.csv
2026-05-05 20:49:37.000000,Casablanca,33.5731,-7.5898,17.02,,67.0,1016.0,3.09,,66.0,10000.0,Clouds,broken clouds,3.0,113.67,,2.21,103.13,5.52,2.26,7.58,0.2,raw_collecte_mouad.csv
2026-05-05 20:49:39.000000,Tanger,35.7595,-5.834,16.64,,63.0,1015.0,3.6,,0.0,10000.0,Clear,clear sky,2.0,114.78,,2.73,98.83,3.78,1.99,4.67,0.33,raw_collecte_mouad.csv
2026-05-05 20:49:41.000000,Karia Ba Mohamed,34.3667,-5.2139,14.95,,66.0,1015.0,2.89,,94.0,10000.0,Clouds,overcast clouds,2.0,104.14,,1.75,82.82,0.89,3.22,6.2,0.61,raw_collecte_mouad.csv
2026-05-05 20:49:43.000000,Fes,34.0331,-5.0003,15.14,,77.0,1015.0,4.12,,40.0,10000.0,Clouds,scattered clouds,2.0,99.74,,1.66,74.29,0.59,3.11,5.75,0.73,raw_collecte_mouad.csv
2026-05-06 10:30:40.000000,Casablanca,33.5731,-7.5898,20.19,,52.0,1013.0,2.06,,40.0,10000.0,Clouds,scattered clouds,3.0,111.32,,0.79,111.66,5.19,4.41,11.51,0.0,raw_collecte_mouad.csv
2026-05-06 10:30:41.000000,Tanger,35.7595,-5.834,18.64,,68.0,1012.0,4.63,,75.0,10000.0,Clouds,broken clouds,3.0,110.52,,1.01,109.62,4.03,4.65,8.65,0.0,raw_collecte_mouad.csv
2026-05-06 10:30:42.000000,Karia Ba Mohamed,34.3667,-5.2139,20.36,,43.0,1012.0,2.54,,70.0,10000.0,Clouds,broken clouds,2.0,100.38,,0.33,95.73,0.92,3.33,6.48,0.25,raw_collecte_mouad.csv
2026-05-06 10:30:44.000000,Fes,34.0331,-5.0003,17.14,,63.0,1012.0,1.54,,75.0,10000.0,Clouds,broken clouds,2.0,96.08,,0.2,87.75,0.71,2.69,5.14,0.22,raw_collecte_mouad.csv
2026-05-06 11:30:45.000000,Casablanca,33.5731,-7.5898,20.19,,49.0,1013.0,3.09,,40.0,10000.0,Clouds,scattered clouds,3.0,111.32,,0.79,111.66,5.19,4.41,11.51,0.0,raw_collecte_mouad.csv
2026-05-06 11:30:47.000000,Tanger,35.7595,-5.834,18.64,,72.0,1012.0,4.12,,75.0,10000.0,Clouds,broken clouds,3.0,109.38,,0.73,113.21,4.18,5.16,9.3,0.0,raw_collecte_mouad.csv
2026-05-06 11:30:48.000000,Karia Ba Mohamed,34.3667,-5.2139,21.51,,41.0,1011.0,3.27,,76.0,10000.0,Clouds,broken clouds,2.0,99.17,,0.26,96.33,0.83,3.11,5.97,0.21,raw_collecte_mouad.csv
2026-05-06 11:30:50.000000,Fes,34.0331,-5.0003,18.14,,55.0,1011.0,1.54,,75.0,10000.0,Clouds,broken clouds,2.0,94.68,,0.18,86.94,0.6,2.37,4.52,0.19,raw_collecte_mouad.csv
2026-05-06 12:30:51.000000,Casablanca,33.5731,-7.5898,20.96,,49.0,1012.0,3.09,,40.0,10000.0,Clouds,scattered clouds,3.0,109.96,,0.63,114.68,5.85,5.09,12.4,0.0,raw_collecte_mouad.csv
2026-05-06 12:30:53.000000,Tanger,35.7595,-5.834,19.64,,68.0,1012.0,4.12,,40.0,10000.0,Clouds,scattered clouds,3.0,109.99,,0.64,114.93,4.05,4.97,8.99,0.0,raw_collecte_mouad.csv
2026-05-06 12:30:54.000000,Karia Ba Mohamed,34.3667,-5.2139,22.17,,40.0,1011.0,3.7,,100.0,10000.0,Clouds,overcast clouds,2.0,98.93,,0.27,94.76,0.7,2.63,5.07,0.16,raw_collecte_mouad.csv
2026-05-06 12:30:56.000000,Fes,34.0331,-5.0003,20.14,,52.0,1011.0,3.09,,75.0,10000.0,Clouds,broken clouds,2.0,94.2,,0.19,84.54,0.46,1.85,3.55,0.15,raw_collecte_mouad.csv
2026-05-06 13:30:57.000000,Casablanca,33.5731,-7.5898,20.48,,50.0,1013.0,3.6,,40.0,10000.0,Clouds,scattered clouds,3.0,109.52,,0.56,113.94,5.2,3.76,9.34,0.0,raw_collecte_mouad.csv
2026-05-06 13:30:59.000000,Tanger,35.7595,-5.834,19.64,,64.0,1012.0,4.63,,40.0,10000.0,Clouds,scattered clouds,3.0,110.13,,0.59,113.95,3.3,3.87,7.37,0.0,raw_collecte_mouad.csv
2026-05-06 13:31:00.000000,Karia Ba Mohamed,34.3667,-5.2139,23.17,,38.0,1010.0,3.94,,92.0,10000.0,Clouds,overcast clouds,2.0,99.64,,0.26,94.96,0.77,2.83,5.38,0.11,raw_collecte_mouad.csv
2026-05-06 13:31:01.000000,Fes,34.0331,-5.0003,20.14,,52.0,1010.0,3.6,,75.0,10000.0,Clouds,broken clouds,2.0,95.36,,0.2,86.63,0.58,2.46,4.35,0.09,raw_collecte_mouad.csv
2026-05-06 14:31:03.000000,Casablanca,33.5731,-7.5898,21.19,,46.0,1012.0,3.6,,40.0,10000.0,Clouds,scattered clouds,3.0,108.93,,0.63,111.59,4.82,3.23,8.25,0.0,raw_collecte_mouad.csv
2026-05-06 14:31:04.000000,Tanger,35.7595,-5.834,19.64,,52.0,1011.0,4.63,,40.0,10000.0,Clouds,scattered clouds,3.0,110.16,,0.61,113.02,3.13,3.58,6.86,0.01,raw_collecte_mouad.csv
2026-05-06 14:31:06.000000,Karia Ba Mohamed,34.3667,-5.2139,23.59,,35.0,1009.0,4.51,,84.0,10000.0,Clouds,broken clouds,2.0,99.45,,0.31,94.08,0.91,2.74,5.05,0.1,raw_collecte_mouad.csv
2026-05-06 14:31:07.000000,Fes,34.0331,-5.0003,21.14,,49.0,1009.0,3.6,,40.0,10000.0,Clouds,scattered clouds,2.0,95.27,,0.24,86.08,0.6,2.32,3.85,0.08,raw_collecte_mouad.csv
2026-05-06 15:31:11.000000,Casablanca,33.5731,-7.5898,20.18,,60.0,1011.0,4.12,,75.0,10000.0,Clouds,broken clouds,3.0,110.56,,0.8,109.9,4.59,2.77,7.41,0.0,raw_collecte_mouad.csv
2026-05-06 15:31:14.000000,Tanger,35.7595,-5.834,18.64,,68.0,1010.0,5.66,,0.0,10000.0,Clear,clear sky,3.0,110.96,,0.82,111.95,3.13,3.32,6.45,0.04,raw_collecte_mouad.csv
2026-05-06 15:31:20.000000,Karia Ba Mohamed,34.3667,-5.2139,23.46,,33.0,1009.0,4.47,,81.0,10000.0,Clouds,broken clouds,2.0,100.46,,0.42,94.67,1.16,2.84,5.32,0.11,raw_collecte_mouad.csv
2026-05-06 15:31:22.000000,Fes,34.0331,-5.0003,21.14,,49.0,1009.0,4.12,,40.0,10000.0,Clouds,scattered clouds,2.0,96.0,,0.35,86.98,0.73,2.4,3.98,0.1,raw_collecte_mouad.csv
2026-05-06 16:31:24.000000,Casablanca,33.5731,-7.5898,20.19,,60.0,1011.0,3.6,,75.0,10000.0,Clouds,broken clouds,3.0,112.11,,1.0,107.94,4.5,2.51,7.02,0.0,raw_collecte_mouad.csv
2026-05-06 16:31:26.000000,Tanger,35.7595,-5.834,19.64,,68.0,1010.0,5.66,,0.0,10000.0,Clear,clear sky,3.0,112.44,,1.18,109.87,3.16,3.04,6.09,0.11,raw_collecte_mouad.csv
2026-05-06 16:31:27.000000,Karia Ba Mohamed,34.3667,-5.2139,23.01,,32.0,1008.0,4.1,,77.0,10000.0,Clouds,broken clouds,2.0,101.51,,0.6,95.23,1.46,2.96,5.76,0.14,raw_collecte_mouad.csv
2026-05-06 16:31:29.000000,Fes,34.0331,-5.0003,21.14,,49.0,1008.0,4.12,,40.0,10000.0,Clouds,scattered clouds,2.0,97.05,,0.53,88.1,0.96,2.57,4.37,0.13,raw_collecte_mouad.csv
2026-05-06 17:31:32.000000,Casablanca,33.5731,-7.5898,19.7,,61.0,1011.0,3.58,,75.0,10000.0,Clouds,broken clouds,3.0,113.93,,1.25,106.18,4.45,2.38,6.81,0.03,raw_collecte_mouad.csv
2026-05-06 17:31:34.000000,Tanger,35.7595,-5.834,18.64,,68.0,1010.0,5.14,,0.0,10000.0,Clear,clear sky,3.0,113.84,,1.58,107.18,3.13,2.68,5.66,0.21,raw_collecte_mouad.csv
2026-05-06 17:31:36.000000,Karia Ba Mohamed,34.3667,-5.2139,21.31,,45.0,1008.0,5.72,,74.0,10000.0,Clouds,broken clouds,2.0,102.57,,0.74,95.17,1.64,3.05,6.09,0.18,raw_collecte_mouad.csv
2026-05-06 17:31:38.000000,Fes,34.0331,-5.0003,20.14,,48.0,1009.0,4.12,,40.0,10000.0,Clouds,scattered clouds,2.0,97.05,,0.53,88.1,0.96,2.57,4.37,0.13,raw_collecte_mouad.csv
2026-05-06 18:31:40.000000,Casablanca,33.5731,-7.5898,18.19,,68.0,1011.0,4.12,,75.0,10000.0,Clouds,broken clouds,3.0,114.4,,1.64,102.56,4.46,2.29,6.74,0.09,raw_collecte_mouad.csv
2026-05-06 18:31:42.000000,Tanger,35.7595,-5.834,17.64,,68.0,1010.0,4.63,,0.0,10000.0,Clear,clear sky,3.0,114.61,,2.15,102.76,3.1,2.36,5.13,0.34,raw_collecte_mouad.csv
2026-05-06 18:31:43.000000,Karia Ba Mohamed,34.3667,-5.2139,17.56,,63.0,1010.0,5.55,,40.0,10000.0,Clouds,scattered clouds,2.0,103.48,,0.9,94.06,1.63,3.07,6.26,0.27,raw_collecte_mouad.csv
2026-05-06 18:31:45.000000,Fes,34.0331,-5.0003,20.14,,48.0,1009.0,3.09,,40.0,10000.0,Clouds,scattered clouds,2.0,99.12,,0.99,86.06,1.18,2.82,5.07,0.28,raw_collecte_mouad.csv
2026-05-06 19:31:46.000000,Casablanca,33.5731,-7.5898,18.19,,68.0,1011.0,3.6,,75.0,8000.0,Clouds,broken clouds,3.0,114.4,,1.64,102.56,4.46,2.29,6.74,0.09,raw_collecte_mouad.csv
2026-05-06 19:31:48.000000,Tanger,35.7595,-5.834,16.64,,72.0,1011.0,3.6,,0.0,10000.0,Clear,clear sky,2.0,116.24,,2.49,99.26,3.03,2.24,4.79,0.45,raw_collecte_mouad.csv
2026-05-06 19:31:49.000000,Karia Ba Mohamed,34.3667,-5.2139,16.34,,65.0,1010.0,3.52,,83.0,10000.0,Clouds,broken clouds,2.0,105.48,,1.04,92.75,1.51,3.04,6.26,0.4,raw_collecte_mouad.csv
2026-05-06 19:31:50.000000,Fes,34.0331,-5.0003,19.14,,52.0,1011.0,2.57,,40.0,10000.0,Clouds,scattered clouds,2.0,100.63,,1.36,83.09,1.14,2.92,5.43,0.58,raw_collecte_mouad.csv
2026-05-06 20:31:52.000000,Casablanca,33.5731,-7.5898,18.07,,67.0,1012.0,3.09,,87.0,10000.0,Clouds,overcast clouds,2.0,117.39,,1.97,99.94,5.11,2.57,8.11,0.2,raw_collecte_mouad.csv
2026-05-06 20:31:54.000000,Tanger,35.7595,-5.834,15.64,,77.0,1011.0,1.54,,0.0,10000.0,Clear,clear sky,2.0,117.52,,2.49,97.52,2.87,2.22,4.59,0.45,raw_collecte_mouad.csv
2026-05-06 20:31:56.000000,Karia Ba Mohamed,34.3667,-5.2139,16.42,,64.0,1011.0,3.56,,85.0,10000.0,Clouds,overcast clouds,2.0,107.49,,1.15,91.21,1.32,2.9,6.01,0.46,raw_collecte_mouad.csv
2026-05-06 20:31:58.000000,Fes,34.0331,-5.0003,17.14,,63.0,1011.0,2.57,,40.0,10000.0,Clouds,scattered clouds,2.0,100.63,,1.36,83.09,1.14,2.92,5.43,0.58,raw_collecte_mouad.csv
2026-05-06 21:32:00.000000,Casablanca,33.5731,-7.5898,17.02,,72.0,1012.0,2.57,,87.0,10000.0,Clouds,overcast clouds,2.0,116.92,,1.98,99.08,5.28,2.81,8.89,0.2,raw_collecte_mouad.csv
2026-05-06 21:32:02.000000,Tanger,35.7595,-5.834,14.64,,82.0,1011.0,0.51,,0.0,10000.0,Clear,clear sky,2.0,117.09,,2.44,95.65,2.67,2.21,4.36,0.39,raw_collecte_mouad.csv
2026-05-06 21:32:04.000000,Karia Ba Mohamed,34.3667,-5.2139,15.76,,67.0,1011.0,2.78,,89.0,10000.0,Clouds,overcast clouds,2.0,107.1,,1.26,86.94,1.05,2.59,5.29,0.45,raw_collecte_mouad.csv
2026-05-06 21:32:06.000000,Fes,34.0331,-5.0003,17.14,,72.0,1011.0,2.57,,40.0,10000.0,Clouds,scattered clouds,2.0,102.21,,1.86,78.89,0.93,2.77,5.25,1.12,raw_collecte_mouad.csv
2026-05-07 10:59:44.000000,Casablanca,33.5731,-7.5898,19.13,,54.0,1013.0,2.57,,40.0,8000.0,Clouds,scattered clouds,3.0,111.42,,0.64,114.65,3.81,3.05,8.84,0.0,raw_collecte_mouad.csv
2026-05-07 10:59:45.000000,Tanger,35.7595,-5.834,19.64,,56.0,1012.0,4.12,,40.0,10000.0,Clouds,scattered clouds,3.0,114.15,,2.02,105.04,2.9,3.51,7.12,0.23,raw_collecte_mouad.csv
2026-05-07 10:59:47.000000,Karia Ba Mohamed,34.3667,-5.2139,18.02,,61.0,1013.0,2.17,,91.0,10000.0,Clouds,overcast clouds,2.0,106.58,,1.91,77.95,0.79,2.89,4.89,0.45,raw_collecte_mouad.csv
2026-05-07 10:59:48.000000,Fes,34.0331,-5.0003,14.14,,88.0,1013.0,2.57,,75.0,10000.0,Clouds,broken clouds,2.0,103.6,,0.61,82.57,0.73,2.45,4.02,0.19,raw_collecte_mouad.csv
2026-05-07 11:59:50.000000,Casablanca,33.5731,-7.5898,20.19,,49.0,1012.0,2.57,,40.0,8000.0,Clouds,scattered clouds,3.0,109.82,,0.51,115.2,3.56,3.05,8.6,0.0,raw_collecte_mouad.csv
2026-05-07 11:59:51.000000,Tanger,35.7595,-5.834,19.64,,60.0,1012.0,6.17,,40.0,10000.0,Clouds,scattered clouds,3.0,112.61,,1.44,109.46,2.89,3.84,7.4,0.17,raw_collecte_mouad.csv
2026-05-07 11:59:52.000000,Karia Ba Mohamed,34.3667,-5.2139,18.58,,58.0,1012.0,2.28,,93.0,10000.0,Clouds,overcast clouds,2.0,105.64,,1.39,81.89,0.77,2.87,4.69,0.35,raw_collecte_mouad.csv
2026-05-07 11:59:54.000000,Fes,34.0331,-5.0003,16.14,,77.0,1013.0,2.06,,75.0,10000.0,Clouds,broken clouds,2.0,102.55,,0.51,84.05,0.68,2.41,3.76,0.16,raw_collecte_mouad.csv
2026-05-07 12:59:55.000000,Casablanca,33.5731,-7.5898,20.19,,45.0,1012.0,3.09,,40.0,8000.0,Clouds,scattered clouds,3.0,109.89,,0.46,117.4,3.59,3.21,8.8,0.0,raw_collecte_mouad.csv
2026-05-07 12:59:57.000000,Tanger,35.7595,-5.834,19.64,,60.0,1011.0,4.63,,40.0,10000.0,Clouds,scattered clouds,3.0,111.69,,0.84,114.95,2.53,3.7,6.92,0.09,raw_collecte_mouad.csv
2026-05-07 12:59:58.000000,Karia Ba Mohamed,34.3667,-5.2139,19.75,,53.0,1012.0,2.57,,98.0,10000.0,Clouds,overcast clouds,2.0,106.0,,0.58,91.07,0.79,2.72,4.34,0.15,raw_collecte_mouad.csv
2026-05-07 12:59:59.000000,Fes,34.0331,-5.0003,18.14,,67.0,1012.0,2.06,,75.0,10000.0,Clouds,broken clouds,2.0,102.69,,0.36,86.52,0.6,2.28,3.44,0.13,raw_collecte_mouad.csv
2026-05-07 14:00:01.000000,Casablanca,33.5731,-7.5898,20.19,,42.0,1011.0,3.6,,40.0,8000.0,Clouds,scattered clouds,3.0,108.6,,0.45,116.24,3.38,3.01,7.91,0.0,raw_collecte_mouad.csv
2026-05-07 14:00:02.000000,Tanger,35.7595,-5.834,19.64,,60.0,1011.0,5.14,,40.0,10000.0,Clouds,scattered clouds,3.0,109.2,,0.63,114.22,2.51,2.93,5.33,0.04,raw_collecte_mouad.csv
2026-05-07 14:00:04.000000,Karia Ba Mohamed,34.3667,-5.2139,19.72,,54.0,1011.0,1.39,,92.0,10000.0,Clouds,overcast clouds,2.0,103.88,,0.32,96.73,0.73,2.14,3.49,0.1,raw_collecte_mouad.csv
2026-05-07 14:00:05.000000,Fes,34.0331,-5.0003,17.14,,63.0,1011.0,2.06,,75.0,10000.0,Clouds,broken clouds,2.0,101.14,,0.21,90.39,0.5,1.9,2.94,0.1,raw_collecte_mouad.csv
2026-05-07 15:00:07.000000,Casablanca,33.5731,-7.5898,20.19,,49.0,1011.0,3.6,,40.0,8000.0,Clouds,scattered clouds,3.0,107.71,,0.49,116.29,3.62,3.06,7.77,0.0,raw_collecte_mouad.csv
2026-05-07 15:00:08.000000,Tanger,35.7595,-5.834,19.64,,60.0,1011.0,5.66,,40.0,10000.0,Clouds,scattered clouds,3.0,108.32,,0.7,114.22,2.79,3.19,5.61,0.02,raw_collecte_mouad.csv
2026-05-07 15:00:10.000000,Karia Ba Mohamed,34.3667,-5.2139,20.25,,51.0,1010.0,1.34,,86.0,10000.0,Clouds,overcast clouds,2.0,102.5,,0.3,96.65,0.72,2.07,3.33,0.09,raw_collecte_mouad.csv
2026-05-07 15:00:11.000000,Fes,34.0331,-5.0003,18.14,,67.0,1010.0,2.06,,75.0,10000.0,Clouds,broken clouds,2.0,99.83,,0.2,90.14,0.49,1.89,2.88,0.1,raw_collecte_mouad.csv
2026-05-07 16:00:12.000000,Casablanca,33.5731,-7.5898,20.19,,52.0,1011.0,3.6,,40.0,8000.0,Clouds,scattered clouds,3.0,109.08,,0.62,118.59,4.21,3.16,7.8,0.0,raw_collecte_mouad.csv
2026-05-07 16:00:14.000000,Tanger,35.7595,-5.834,18.64,,63.0,1010.0,4.63,,40.0,10000.0,Clouds,scattered clouds,3.0,109.27,,0.92,114.91,3.26,3.44,5.98,0.03,raw_collecte_mouad.csv
2026-05-07 16:00:15.000000,Karia Ba Mohamed,34.3667,-5.2139,20.51,,50.0,1010.0,2.48,,90.0,10000.0,Clouds,overcast clouds,2.0,103.07,,0.42,96.77,0.75,2.16,3.47,0.15,raw_collecte_mouad.csv
2026-05-07 16:00:17.000000,Fes,34.0331,-5.0003,19.14,,63.0,1009.0,1.54,,75.0,10000.0,Clouds,broken clouds,2.0,100.32,,0.28,90.21,0.49,2.01,3.04,0.16,raw_collecte_mouad.csv
2026-05-07 17:00:18.000000,Casablanca,33.5731,-7.5898,19.13,,55.0,1011.0,3.6,,0.0,10000.0,Clear,clear sky,3.0,110.91,,0.9,117.83,5.0,3.1,7.75,0.0,raw_collecte_mouad.csv
2026-05-07 17:00:20.000000,Tanger,35.7595,-5.834,18.64,,59.0,1011.0,5.14,,40.0,10000.0,Clouds,scattered clouds,3.0,111.12,,1.38,114.23,3.83,3.57,6.33,0.05,raw_collecte_mouad.csv
2026-05-07 17:00:21.000000,Karia Ba Mohamed,34.3667,-5.2139,20.82,,49.0,1009.0,2.6,,92.0,10000.0,Clouds,overcast clouds,2.0,103.11,,0.69,94.84,0.8,2.35,3.85,0.28,raw_collecte_mouad.csv
2026-05-07 17:00:23.000000,Fes,34.0331,-5.0003,19.14,,59.0,1009.0,1.54,,75.0,10000.0,Clouds,broken clouds,2.0,100.37,,0.47,88.76,0.51,2.21,3.37,0.28,raw_collecte_mouad.csv
2026-05-07 18:00:24.000000,Casablanca,33.5731,-7.5898,19.13,,55.0,1011.0,3.6,,0.0,10000.0,Clear,clear sky,3.0,112.75,,1.32,113.69,5.49,2.75,7.31,0.0,raw_collecte_mouad.csv
2026-05-07 18:00:26.000000,Tanger,35.7595,-5.834,18.64,,59.0,1011.0,4.63,,0.0,10000.0,Clear,clear sky,3.0,113.32,,1.93,112.07,4.07,3.25,6.13,0.09,raw_collecte_mouad.csv
2026-05-07 18:00:27.000000,Karia Ba Mohamed,34.3667,-5.2139,20.46,,51.0,1009.0,1.76,,94.0,10000.0,Clouds,overcast clouds,2.0,103.14,,0.96,92.63,0.87,2.47,4.15,0.39,raw_collecte_mouad.csv
2026-05-07 18:00:29.000000,Fes,34.0331,-5.0003,19.14,,59.0,1009.0,1.54,,75.0,10000.0,Clouds,broken clouds,2.0,100.58,,0.68,87.1,0.53,2.36,3.64,0.4,raw_collecte_mouad.csv
2026-05-07 19:00:30.000000,Casablanca,33.5731,-7.5898,18.65,,55.0,1012.0,3.58,,75.0,10000.0,Clouds,broken clouds,3.0,113.02,,1.76,106.79,5.52,2.35,6.88,0.0,raw_collecte_mouad.csv
2026-05-07 19:00:32.000000,Tanger,35.7595,-5.834,16.64,,67.0,1011.0,3.09,,0.0,10000.0,Clear,clear sky,3.0,114.47,,2.49,107.24,4.0,2.71,5.57,0.17,raw_collecte_mouad.csv
2026-05-07 19:00:33.000000,Karia Ba Mohamed,34.3667,-5.2139,18.34,,58.0,1010.0,0.96,,100.0,10000.0,Clouds,overcast clouds,2.0,103.44,,1.37,87.47,0.89,2.52,4.39,0.59,raw_collecte_mouad.csv
2026-05-07 19:00:34.000000,Fes,34.0331,-5.0003,17.14,,72.0,1010.0,1.03,,40.0,10000.0,Clouds,scattered clouds,2.0,100.73,,1.16,80.87,0.5,2.46,3.83,0.65,raw_collecte_mouad.csv
2026-05-07 20:00:36.000000,Casablanca,33.5731,-7.5898,17.12,,61.0,1012.0,3.57,,100.0,10000.0,Clouds,overcast clouds,3.0,114.6,,1.98,102.76,5.43,2.14,6.97,0.06,raw_collecte_mouad.csv
2026-05-07 20:00:37.000000,Tanger,35.7595,-5.834,16.64,,67.0,1012.0,2.57,,75.0,10000.0,Clouds,broken clouds,3.0,116.1,,2.83,103.16,3.93,2.34,5.2,0.27,raw_collecte_mouad.csv
2026-05-07 20:00:39.000000,Karia Ba Mohamed,34.3667,-5.2139,16.45,,61.0,1011.0,3.25,,86.0,10000.0,Clouds,overcast clouds,2.0,104.25,,1.7,81.35,0.88,2.55,4.63,0.82,raw_collecte_mouad.csv
2026-05-07 20:00:40.000000,Fes,34.0331,-5.0003,17.14,,77.0,1011.0,1.03,,40.0,10000.0,Clouds,scattered clouds,2.0,100.98,,1.66,72.55,0.44,2.55,4.01,0.98,raw_collecte_mouad.csv
2026-05-07 21:00:41.000000,Casablanca,33.5731,-7.5898,17.02,,63.0,1013.0,2.06,,100.0,10000.0,Clouds,overcast clouds,3.0,116.45,,2.0,100.96,5.51,2.08,7.25,0.11,raw_collecte_mouad.csv
2026-05-07 21:00:43.000000,Tanger,35.7595,-5.834,16.64,,67.0,1013.0,2.06,,75.0,10000.0,Clouds,broken clouds,3.0,117.39,,2.92,100.1,3.94,2.12,5.04,0.32,raw_collecte_mouad.csv
2026-05-07 21:00:44.000000,Karia Ba Mohamed,34.3667,-5.2139,14.35,,72.0,1012.0,3.31,,91.0,10000.0,Clouds,overcast clouds,2.0,105.32,,1.9,77.8,0.87,2.56,4.89,1.0,raw_collecte_mouad.csv
2026-05-07 21:00:46.000000,Fes,34.0331,-5.0003,16.14,,82.0,1012.0,0.51,,40.0,10000.0,Clouds,scattered clouds,2.0,101.22,,1.97,67.47,0.42,2.59,4.2,1.22,raw_collecte_mouad.csv
2026-05-11 08:27:39.000000,Casablanca,33.5731,-7.5898,19.13,,68.0,1018.0,2.06,,0.0,10000.0,Clear,clear sky,1.0,110.16,,2.87,39.08,0.38,4.55,17.79,0.39,raw_collecte_mouad.csv
2026-05-11 08:27:40.000000,Tanger,35.7595,-5.834,17.64,,72.0,1018.0,2.57,,75.0,10000.0,Clouds,broken clouds,1.0,113.14,,6.53,48.38,1.81,4.23,10.15,2.74,raw_collecte_mouad.csv
2026-05-11 08:27:42.000000,Karia Ba Mohamed,34.3667,-5.2139,17.73,,75.0,1018.0,0.34,,50.0,10000.0,Clouds,scattered clouds,1.0,94.24,,2.51,27.38,0.18,2.79,6.19,0.63,raw_collecte_mouad.csv
2026-05-11 08:27:43.000000,Fes,34.0331,-5.0003,16.14,,82.0,1019.0,2.06,,75.0,10000.0,Clouds,broken clouds,1.0,93.4,,1.74,37.11,0.14,2.86,6.79,0.87,raw_collecte_mouad.csv
2026-05-11 09:27:43.000000,Casablanca,33.5731,-7.5898,20.19,,56.0,1018.0,2.06,,20.0,10000.0,Clouds,few clouds,2.0,110.02,,2.67,41.57,0.51,5.05,20.27,0.64,raw_collecte_mouad.csv
2026-05-11 09:27:44.000000,Tanger,35.7595,-5.834,18.64,,68.0,1018.0,2.57,,75.0,10000.0,Clouds,broken clouds,1.0,112.99,,6.0,51.11,1.86,4.63,11.25,2.66,raw_collecte_mouad.csv
2026-05-11 09:27:46.000000,Karia Ba Mohamed,34.3667,-5.2139,19.48,,64.0,1018.0,0.7,,54.0,10000.0,Clouds,broken clouds,1.0,94.28,,1.97,35.51,0.23,3.0,6.91,0.7,raw_collecte_mouad.csv
2026-05-11 09:27:47.000000,Fes,34.0331,-5.0003,18.14,,72.0,1019.0,1.03,,75.0,10000.0,Clouds,broken clouds,1.0,93.62,,1.16,47.25,0.2,3.08,7.6,0.81,raw_collecte_mouad.csv
2026-05-11 13:48:25.000000,Casablanca,33.5731,-7.5898,20.74,,52.0,1017.0,4.12,,0.0,10000.0,Clear,clear sky,2.0,100.39,,0.29,96.72,2.76,4.26,12.85,0.0,raw_collecte_mouad.csv
2026-05-11 13:48:27.000000,Tanger,35.7595,-5.834,20.64,,68.0,1017.0,5.14,,40.0,10000.0,Clouds,scattered clouds,3.0,100.15,,0.54,104.34,4.49,5.96,10.15,0.0,raw_collecte_mouad.csv
2026-05-11 13:48:28.000000,Karia Ba Mohamed,34.3667,-5.2139,25.4,,38.0,1015.0,2.61,,1.0,10000.0,Clear,clear sky,2.0,92.68,,0.2,89.6,0.56,4.1,8.91,0.04,raw_collecte_mouad.csv
2026-05-11 13:48:30.000000,Fes,34.0331,-5.0003,25.14,,38.0,1015.0,2.57,,20.0,10000.0,Clouds,few clouds,2.0,90.91,,0.16,88.92,0.44,3.58,8.01,0.09,raw_collecte_mouad.csv
2026-05-11 14:48:32.000000,Casablanca,33.5731,-7.5898,20.18,,60.0,1016.0,4.63,,0.0,10000.0,Clear,clear sky,2.0,99.26,,0.34,98.15,3.3,4.1,10.77,0.0,raw_collecte_mouad.csv
2026-05-11 14:48:34.000000,Tanger,35.7595,-5.834,20.64,,64.0,1016.0,4.12,,40.0,10000.0,Clouds,scattered clouds,3.0,99.66,,0.62,106.78,4.91,6.3,10.09,0.0,raw_collecte_mouad.csv
2026-05-11 14:48:35.000000,Karia Ba Mohamed,34.3667,-5.2139,26.19,,36.0,1014.0,3.59,,1.0,10000.0,Clear,clear sky,2.0,91.58,,0.23,90.01,0.61,4.18,8.75,0.04,raw_collecte_mouad.csv
2026-05-11 14:48:37.000000,Fes,34.0331,-5.0003,25.14,,38.0,1014.0,2.06,,20.0,10000.0,Clouds,few clouds,2.0,89.85,,0.18,88.43,0.43,3.65,7.97,0.09,raw_collecte_mouad.csv
2026-05-11 15:48:39.000000,Casablanca,33.5731,-7.5898,20.18,,56.0,1016.0,4.63,,0.0,10000.0,Clear,clear sky,2.0,100.09,,0.43,99.31,3.57,3.66,8.76,0.0,raw_collecte_mouad.csv
2026-05-11 15:48:40.000000,Tanger,35.7595,-5.834,20.64,,64.0,1016.0,4.63,,40.0,10000.0,Clouds,scattered clouds,3.0,101.36,,0.81,109.86,5.61,6.76,10.19,0.0,raw_collecte_mouad.csv
2026-05-11 15:48:42.000000,Karia Ba Mohamed,34.3667,-5.2139,26.34,,35.0,1014.0,3.73,,1.0,10000.0,Clear,clear sky,2.0,92.13,,0.31,91.5,0.72,4.45,8.89,0.06,raw_collecte_mouad.csv
2026-05-11 15:48:44.000000,Fes,34.0331,-5.0003,26.14,,38.0,1013.0,2.57,,20.0,10000.0,Clouds,few clouds,2.0,90.19,,0.25,88.78,0.42,3.79,8.07,0.13,raw_collecte_mouad.csv
2026-05-11 16:48:46.000000,Casablanca,33.5731,-7.5898,20.19,,60.0,1017.0,3.6,,0.0,10000.0,Clear,clear sky,2.0,101.99,,0.52,98.79,3.28,2.27,5.95,0.0,raw_collecte_mouad.csv
2026-05-11 16:48:49.000000,Tanger,35.7595,-5.834,19.64,,64.0,1016.0,4.63,,40.0,10000.0,Clouds,scattered clouds,3.0,103.77,,1.09,107.68,5.07,4.86,7.59,0.0,raw_collecte_mouad.csv
2026-05-11 16:48:52.000000,Karia Ba Mohamed,34.3667,-5.2139,26.08,,34.0,1013.0,3.41,,2.0,10000.0,Clear,clear sky,2.0,92.77,,0.47,90.65,0.95,4.21,7.89,0.19,raw_collecte_mouad.csv
2026-05-11 16:48:56.000000,Fes,34.0331,-5.0003,26.14,,38.0,1013.0,2.57,,20.0,10000.0,Clouds,few clouds,2.0,90.73,,0.4,86.46,0.34,3.28,6.96,0.29,raw_collecte_mouad.csv
2026-05-11 18:03:32.000000,Casablanca,33.5731,-7.5898,20.19,,60.0,1017.0,3.09,,0.0,10000.0,Clear,clear sky,2.0,103.72,,0.66,98.08,3.28,1.93,5.55,0.0,raw_collecte_mouad.csv
2026-05-11 18:03:34.000000,Tanger,35.7595,-5.834,19.64,,56.0,1016.0,3.09,,40.0,10000.0,Clouds,scattered clouds,3.0,106.23,,1.52,106.03,5.05,4.5,7.08,0.0,raw_collecte_mouad.csv
2026-05-11 18:03:36.000000,Karia Ba Mohamed,34.3667,-5.2139,24.86,,39.0,1014.0,4.68,,2.0,10000.0,Clear,clear sky,2.0,93.21,,0.64,89.93,1.16,4.55,8.16,0.25,raw_collecte_mouad.csv
2026-05-11 18:03:37.000000,Fes,34.0331,-5.0003,24.14,,43.0,1013.0,3.6,,20.0,10000.0,Clouds,few clouds,2.0,90.55,,0.58,84.95,0.4,3.6,7.3,0.37,raw_collecte_mouad.csv
2026-05-11 19:03:39.000000,Casablanca,33.5731,-7.5898,20.19,,52.0,1017.0,2.57,,0.0,10000.0,Clear,clear sky,2.0,104.47,,1.02,94.49,3.31,1.72,5.63,0.07,raw_collecte_mouad.csv
2026-05-11 19:03:41.000000,Tanger,35.7595,-5.834,18.64,,59.0,1016.0,2.57,,40.0,10000.0,Clouds,scattered clouds,2.0,107.56,,2.44,99.98,4.74,3.96,6.51,0.07,raw_collecte_mouad.csv
2026-05-11 19:03:43.000000,Karia Ba Mohamed,34.3667,-5.2139,20.38,,56.0,1015.0,6.73,,5.0,10000.0,Clear,clear sky,2.0,94.15,,0.93,88.19,1.32,4.78,8.29,0.29,raw_collecte_mouad.csv
2026-05-11 19:03:45.000000,Fes,34.0331,-5.0003,23.14,,49.0,1015.0,3.09,,0.0,10000.0,Clear,clear sky,2.0,90.92,,0.88,82.66,0.55,4.04,7.71,0.46,raw_collecte_mouad.csv
2026-05-11 20:03:48.000000,Casablanca,33.5731,-7.5898,18.56,,61.0,1019.0,1.54,,0.0,10000.0,Clear,clear sky,2.0,106.59,,1.4,90.69,3.29,1.67,6.21,0.22,raw_collecte_mouad.csv
2026-05-11 20:03:49.000000,Tanger,35.7595,-5.834,17.64,,68.0,1017.0,1.54,,20.0,10000.0,Clouds,few clouds,2.0,110.19,,3.32,94.15,4.4,3.53,6.22,0.28,raw_collecte_mouad.csv
2026-05-11 20:03:51.000000,Karia Ba Mohamed,34.3667,-5.2139,18.17,,59.0,1017.0,5.84,,23.0,10000.0,Clouds,few clouds,2.0,96.41,,1.16,86.8,1.39,4.95,8.32,0.31,raw_collecte_mouad.csv
2026-05-11 20:03:53.000000,Fes,34.0331,-5.0003,20.14,,59.0,1017.0,2.06,,0.0,10000.0,Clear,clear sky,2.0,92.17,,1.12,80.5,0.71,4.53,8.11,0.56,raw_collecte_mouad.csv
2026-05-11 21:03:54.000000,Casablanca,33.5731,-7.5898,18.07,,63.0,1019.0,1.54,,1.0,10000.0,Clear,clear sky,2.0,109.0,,1.57,87.97,3.22,1.7,6.88,0.32,raw_collecte_mouad.csv
2026-05-11 21:03:56.000000,Tanger,35.7595,-5.834,16.64,,67.0,1018.0,0.51,,20.0,10000.0,Clouds,few clouds,2.0,112.58,,3.68,90.07,4.15,3.22,6.14,0.43,raw_collecte_mouad.csv
2026-05-11 21:03:57.000000,Karia Ba Mohamed,34.3667,-5.2139,16.89,,64.0,1019.0,4.01,,23.0,10000.0,Clouds,few clouds,2.0,99.03,,1.32,85.88,1.43,5.04,8.24,0.34,raw_collecte_mouad.csv
2026-05-11 21:03:58.000000,Fes,34.0331,-5.0003,17.14,,72.0,1018.0,3.09,,0.0,10000.0,Clear,clear sky,2.0,93.99,,1.28,79.26,0.86,4.96,8.39,0.62,raw_collecte_mouad.csv
2026-05-12 09:52:09.000000,Casablanca,33.5731,-7.5898,20.19,,56.0,1022.0,2.06,,40.0,10000.0,Clouds,scattered clouds,2.0,106.7,,0.44,89.64,1.34,2.53,11.12,0.04,raw_collecte_mouad.csv
2026-05-12 09:52:11.000000,Tanger,35.7595,-5.834,19.64,,60.0,1022.0,6.69,,40.0,10000.0,Clouds,scattered clouds,2.0,107.26,,1.44,90.22,4.8,3.87,9.21,0.01,raw_collecte_mouad.csv
2026-05-12 09:52:12.000000,Karia Ba Mohamed,34.3667,-5.2139,21.16,,52.0,1022.0,2.02,,26.0,10000.0,Clouds,scattered clouds,2.0,98.47,,0.41,89.12,1.79,4.34,7.4,0.0,raw_collecte_mouad.csv
2026-05-12 09:52:14.000000,Fes,34.0331,-5.0003,19.14,,59.0,1022.0,2.57,,40.0,10000.0,Clouds,scattered clouds,2.0,96.41,,0.38,86.32,1.44,4.43,7.48,0.0,raw_collecte_mouad.csv
2026-05-12 10:52:16.000000,Casablanca,33.5731,-7.5898,20.96,,60.0,1022.0,3.09,,40.0,10000.0,Clouds,scattered clouds,2.0,104.59,,0.23,93.49,0.83,1.95,8.82,0.05,raw_collecte_mouad.csv
2026-05-12 10:52:17.000000,Tanger,35.7595,-5.834,19.64,,64.0,1022.0,5.14,,40.0,10000.0,Clouds,scattered clouds,2.0,104.26,,0.67,96.44,3.33,2.98,6.78,0.0,raw_collecte_mouad.csv
2026-05-12 10:52:21.000000,Karia Ba Mohamed,34.3667,-5.2139,21.67,,46.0,1021.0,2.61,,21.0,10000.0,Clouds,few clouds,2.0,96.93,,0.22,91.62,1.49,3.61,6.73,0.0,raw_collecte_mouad.csv
2026-05-12 10:52:22.000000,Fes,34.0331,-5.0003,20.14,,52.0,1022.0,4.12,,40.0,10000.0,Clouds,scattered clouds,2.0,95.5,,0.21,88.63,1.32,4.09,7.59,0.0,raw_collecte_mouad.csv
2026-05-12 11:52:24.000000,Casablanca,33.5731,-7.5898,21.85,,53.0,1021.0,3.09,,40.0,10000.0,Clouds,scattered clouds,2.0,103.27,,0.21,94.6,0.89,1.94,8.57,0.05,raw_collecte_mouad.csv
2026-05-12 11:52:25.000000,Tanger,35.7595,-5.834,20.64,,60.0,1021.0,5.14,,40.0,10000.0,Clouds,scattered clouds,2.0,102.58,,0.49,99.34,3.13,3.07,6.59,0.0,raw_collecte_mouad.csv
2026-05-12 11:52:26.000000,Karia Ba Mohamed,34.3667,-5.2139,22.87,,40.0,1021.0,3.0,,18.0,10000.0,Clouds,few clouds,2.0,96.14,,0.18,91.61,1.37,3.51,6.86,0.0,raw_collecte_mouad.csv
2026-05-12 11:52:28.000000,Fes,34.0331,-5.0003,22.14,,43.0,1021.0,4.63,,75.0,10000.0,Clouds,broken clouds,2.0,94.67,,0.15,88.5,1.24,4.06,8.01,0.0,raw_collecte_mouad.csv
2026-05-12 12:52:29.000000,Casablanca,33.5731,-7.5898,20.74,,56.0,1021.0,4.12,,40.0,10000.0,Clouds,scattered clouds,2.0,103.87,,0.23,97.33,1.34,2.13,8.54,0.03,raw_collecte_mouad.csv
2026-05-12 12:52:31.000000,Tanger,35.7595,-5.834,20.64,,64.0,1021.0,6.17,,40.0,10000.0,Clouds,scattered clouds,3.0,102.72,,0.47,103.61,3.34,3.39,6.8,0.0,raw_collecte_mouad.csv
2026-05-12 12:52:32.000000,Karia Ba Mohamed,34.3667,-5.2139,23.96,,37.0,1020.0,3.87,,3.0,10000.0,Clear,clear sky,2.0,96.42,,0.17,94.07,1.19,3.2,6.31,0.0,raw_collecte_mouad.csv
2026-05-12 12:52:34.000000,Fes,34.0331,-5.0003,24.14,,35.0,1020.0,5.14,,75.0,10000.0,Clouds,broken clouds,2.0,94.42,,0.13,91.26,0.95,3.33,6.9,0.0,raw_collecte_mouad.csv
2026-05-12 13:52:35.000000,Casablanca,33.5731,-7.5898,21.85,,49.0,1021.0,4.12,,40.0,10000.0,Clouds,scattered clouds,3.0,102.7,,0.27,100.09,1.91,2.31,7.96,0.0,raw_collecte_mouad.csv
2026-05-12 13:52:37.000000,Tanger,35.7595,-5.834,20.64,,68.0,1021.0,5.66,,40.0,10000.0,Clouds,scattered clouds,3.0,101.63,,0.5,106.54,3.52,3.61,6.73,0.0,raw_collecte_mouad.csv
2026-05-12 13:52:38.000000,Karia Ba Mohamed,34.3667,-5.2139,24.69,,32.0,1019.0,3.51,,1.0,10000.0,Clear,clear sky,2.0,95.13,,0.18,95.74,1.02,2.83,5.37,0.01,raw_collecte_mouad.csv
2026-05-12 13:52:39.000000,Fes,34.0331,-5.0003,25.14,,33.0,1019.0,5.66,,75.0,10000.0,Clouds,broken clouds,2.0,92.75,,0.13,92.72,0.71,2.69,5.54,0.02,raw_collecte_mouad.csv
2026-05-12 14:03:08.000000,Casablanca,33.5731,-7.5898,21.85,,49.0,1021.0,4.12,,40.0,10000.0,Clouds,scattered clouds,3.0,102.7,,0.27,100.09,1.91,2.31,7.96,0.0,raw_collecte_mouad.csv
2026-05-12 14:03:09.000000,Tanger,35.7595,-5.834,20.64,,68.0,1021.0,5.66,,40.0,10000.0,Clouds,scattered clouds,3.0,101.63,,0.5,106.54,3.52,3.61,6.73,0.0,raw_collecte_mouad.csv
2026-05-12 14:03:11.000000,Karia Ba Mohamed,34.3667,-5.2139,24.69,,32.0,1019.0,3.51,,1.0,10000.0,Clear,clear sky,2.0,95.13,,0.18,95.74,1.02,2.83,5.37,0.01,raw_collecte_mouad.csv
2026-05-12 14:03:12.000000,Fes,34.0331,-5.0003,25.14,,33.0,1019.0,5.66,,75.0,10000.0,Clouds,broken clouds,2.0,92.75,,0.13,92.72,0.71,2.69,5.54,0.02,raw_collecte_mouad.csv
2026-05-12 15:03:14.000000,Casablanca,33.5731,-7.5898,21.85,,46.0,1020.0,3.09,,0.0,10000.0,Clear,clear sky,3.0,101.54,,0.34,102.17,2.61,2.53,7.6,0.0,raw_collecte_mouad.csv
2026-05-12 15:03:16.000000,Tanger,35.7595,-5.834,20.64,,64.0,1020.0,5.66,,40.0,10000.0,Clouds,scattered clouds,3.0,100.98,,0.57,109.0,3.85,3.91,6.82,0.0,raw_collecte_mouad.csv
2026-05-12 15:03:18.000000,Karia Ba Mohamed,34.3667,-5.2139,25.36,,30.0,1018.0,3.61,,1.0,10000.0,Clear,clear sky,2.0,94.26,,0.21,97.05,1.0,2.74,4.97,0.02,raw_collecte_mouad.csv
2026-05-12 15:03:19.000000,Fes,34.0331,-5.0003,25.14,,31.0,1018.0,5.66,,75.0,10000.0,Clouds,broken clouds,2.0,91.72,,0.15,93.7,0.61,2.44,4.93,0.04,raw_collecte_mouad.csv
2026-05-12 17:53:20.000000,Casablanca,33.5731,-7.5898,20.96,,56.0,1020.0,3.6,,0.0,10000.0,Clear,clear sky,3.0,104.27,,0.83,108.24,4.65,2.85,7.27,0.0,raw_collecte_mouad.csv
2026-05-12 17:53:22.000000,Tanger,35.7595,-5.834,19.64,,64.0,1020.0,5.14,,40.0,10000.0,Clouds,scattered clouds,3.0,106.17,,1.65,111.52,5.28,4.9,7.89,0.0,raw_collecte_mouad.csv
2026-05-12 17:53:23.000000,Karia Ba Mohamed,34.3667,-5.2139,22.92,,41.0,1018.0,6.58,,1.0,10000.0,Clear,clear sky,2.0,96.03,,0.55,99.94,1.41,3.33,5.28,0.11,raw_collecte_mouad.csv
2026-05-12 17:53:25.000000,Fes,34.0331,-5.0003,23.14,,37.0,1018.0,5.14,,40.0,10000.0,Clouds,scattered clouds,2.0,92.45,,0.48,94.21,0.73,2.73,4.73,0.19,raw_collecte_mouad.csv
2026-05-12 18:53:28.000000,Casablanca,33.5731,-7.5898,20.19,,60.0,1021.0,3.6,,0.0,10000.0,Clear,clear sky,3.0,104.77,,1.31,105.37,5.1,2.59,7.21,0.0,raw_collecte_mouad.csv
2026-05-12 18:53:30.000000,Tanger,35.7595,-5.834,18.64,,68.0,1021.0,4.63,,20.0,10000.0,Clouds,few clouds,3.0,107.08,,2.48,105.76,5.11,4.35,7.29,0.01,raw_collecte_mouad.csv
2026-05-12 18:53:31.000000,Karia Ba Mohamed,34.3667,-5.2139,19.89,,50.0,1019.0,5.08,,0.0,10000.0,Clear,clear sky,2.0,96.57,,0.8,97.93,1.56,3.53,5.53,0.15,raw_collecte_mouad.csv
2026-05-12 18:53:33.000000,Fes,34.0331,-5.0003,21.14,,49.0,1019.0,4.63,,20.0,10000.0,Clouds,few clouds,2.0,92.86,,0.83,90.58,0.88,3.04,4.99,0.33,raw_collecte_mouad.csv
2026-05-12 19:53:35.000000,Casablanca,33.5731,-7.5898,19.13,,63.0,1022.0,3.09,,0.0,10000.0,Clear,clear sky,3.0,106.91,,1.82,102.29,5.61,2.42,7.6,0.03,raw_collecte_mouad.csv
2026-05-12 19:53:38.000000,Tanger,35.7595,-5.834,17.64,,72.0,1021.0,3.09,,20.0,10000.0,Clouds,few clouds,3.0,109.3,,3.16,100.63,4.94,3.85,6.84,0.1,raw_collecte_mouad.csv
2026-05-12 19:53:40.000000,Karia Ba Mohamed,34.3667,-5.2139,17.63,,55.0,1020.0,3.61,,0.0,10000.0,Clear,clear sky,2.0,97.99,,1.06,95.56,1.67,3.72,5.81,0.24,raw_collecte_mouad.csv
2026-05-12 19:53:42.000000,Fes,34.0331,-5.0003,19.14,,59.0,1021.0,3.6,,20.0,10000.0,Clouds,few clouds,2.0,93.97,,1.19,86.38,1.03,3.43,5.36,0.52,raw_collecte_mouad.csv
2026-05-12 20:53:43.000000,Casablanca,33.5731,-7.5898,18.07,,72.0,1022.0,2.57,,0.0,10000.0,Clear,clear sky,2.0,108.8,,2.04,99.64,6.08,2.32,8.01,0.09,raw_collecte_mouad.csv
2026-05-12 20:53:45.000000,Tanger,35.7595,-5.834,16.64,,77.0,1022.0,2.57,,20.0,10000.0,Clouds,few clouds,2.0,111.01,,3.32,96.8,4.83,3.42,6.53,0.18,raw_collecte_mouad.csv
2026-05-12 20:53:47.000000,Karia Ba Mohamed,34.3667,-5.2139,16.47,,60.0,1022.0,2.88,,0.0,10000.0,Clear,clear sky,2.0,99.68,,1.27,93.01,1.72,3.89,6.12,0.35,raw_collecte_mouad.csv
2026-05-12 20:53:48.000000,Fes,34.0331,-5.0003,17.14,,63.0,1022.0,3.09,,20.0,10000.0,Clouds,few clouds,2.0,95.33,,1.48,83.23,1.17,3.82,5.82,0.71,raw_collecte_mouad.csv
2026-05-12 21:53:50.000000,Casablanca,33.5731,-7.5898,18.07,,72.0,1022.0,2.06,,0.0,10000.0,Clear,clear sky,2.0,108.68,,2.19,95.44,5.97,2.35,8.46,0.14,raw_collecte_mouad.csv
2026-05-12 21:53:51.000000,Tanger,35.7595,-5.834,16.64,,77.0,1022.0,2.06,,20.0,10000.0,Clouds,few clouds,2.0,110.91,,3.41,92.51,4.73,3.19,6.4,0.19,raw_collecte_mouad.csv
2026-05-12 21:53:53.000000,Karia Ba Mohamed,34.3667,-5.2139,15.54,,64.0,1022.0,2.1,,0.0,10000.0,Clear,clear sky,2.0,99.22,,1.62,85.4,1.42,3.88,6.17,0.51,raw_collecte_mouad.csv
2026-05-12 21:53:54.000000,Fes,34.0331,-5.0003,16.14,,67.0,1022.0,2.57,,20.0,10000.0,Clouds,few clouds,2.0,94.95,,1.79,77.36,1.07,3.99,6.02,0.92,raw_collecte_mouad.csv
2026-05-13 11:38:46.000000,Casablanca,33.5731,-7.5898,20.18,,49.0,1020.0,3.6,,0.0,10000.0,Clear,clear sky,3.0,101.89,,0.55,111.13,6.27,6.67,14.0,0.0,raw_collecte_mouad.csv
2026-05-13 11:38:48.000000,Tanger,35.7595,-5.834,19.64,,64.0,1020.0,3.6,,40.0,10000.0,Clouds,scattered clouds,3.0,103.41,,0.95,108.39,6.07,7.63,12.15,0.0,raw_collecte_mouad.csv
2026-05-13 11:38:49.000000,Karia Ba Mohamed,34.3667,-5.2139,23.48,,36.0,1019.0,3.03,,1.0,10000.0,Clear,clear sky,2.0,96.92,,0.3,96.02,1.01,4.62,8.24,0.13,raw_collecte_mouad.csv
2026-05-13 11:38:51.000000,Fes,34.0331,-5.0003,23.14,,43.0,1019.0,2.57,,20.0,10000.0,Clouds,few clouds,2.0,94.31,,0.21,95.06,0.72,4.77,7.81,0.12,raw_collecte_mouad.csv
2026-05-13 12:38:52.000000,Casablanca,33.5731,-7.5898,20.74,,56.0,1020.0,3.09,,0.0,10000.0,Clear,clear sky,3.0,102.18,,0.47,115.73,6.14,6.95,13.62,0.0,raw_collecte_mouad.csv
2026-05-13 12:38:53.000000,Tanger,35.7595,-5.834,19.64,,68.0,1020.0,3.6,,40.0,10000.0,Clouds,scattered clouds,3.0,103.23,,0.7,112.44,5.52,7.34,11.34,0.0,raw_collecte_mouad.csv
2026-05-13 12:38:55.000000,Karia Ba Mohamed,34.3667,-5.2139,24.62,,29.0,1018.0,3.47,,0.0,10000.0,Clear,clear sky,2.0,96.38,,0.24,99.99,0.97,4.33,7.72,0.05,raw_collecte_mouad.csv
2026-05-13 12:38:56.000000,Fes,34.0331,-5.0003,24.14,,35.0,1018.0,2.57,,20.0,10000.0,Clouds,few clouds,2.0,94.28,,0.19,99.11,0.69,4.44,7.38,0.07,raw_collecte_mouad.csv
2026-05-13 13:38:58.000000,Casablanca,33.5731,-7.5898,20.74,,56.0,1019.0,3.6,,20.0,10000.0,Clouds,few clouds,3.0,99.9,,0.45,115.2,5.58,6.57,12.61,0.0,raw_collecte_mouad.csv
2026-05-13 13:38:59.000000,Tanger,35.7595,-5.834,20.64,,60.0,1019.0,4.12,,40.0,10000.0,Clouds,scattered clouds,3.0,101.73,,0.63,112.69,5.14,5.99,9.31,0.0,raw_collecte_mouad.csv
2026-05-13 13:39:01.000000,Karia Ba Mohamed,34.3667,-5.2139,25.2,,26.0,1017.0,4.0,,0.0,10000.0,Clear,clear sky,3.0,94.22,,0.23,101.89,0.9,3.39,6.68,0.04,raw_collecte_mouad.csv
2026-05-13 13:39:02.000000,Fes,34.0331,-5.0003,24.14,,28.0,1017.0,2.57,,20.0,10000.0,Clouds,few clouds,3.0,92.2,,0.19,100.82,0.77,3.81,6.96,0.06,raw_collecte_mouad.csv
2026-05-13 14:39:05.000000,Casablanca,33.5731,-7.5898,20.74,,60.0,1019.0,3.09,,20.0,10000.0,Clouds,few clouds,3.0,98.79,,0.49,115.26,5.63,6.53,12.24,0.0,raw_collecte_mouad.csv
2026-05-13 14:39:07.000000,Tanger,35.7595,-5.834,20.64,,60.0,1019.0,4.12,,40.0,10000.0,Clouds,scattered clouds,3.0,101.29,,0.67,111.57,5.01,5.82,9.06,0.0,raw_collecte_mouad.csv
2026-05-13 14:39:09.000000,Karia Ba Mohamed,34.3667,-5.2139,25.58,,25.0,1016.0,4.08,,8.0,10000.0,Clear,clear sky,3.0,93.34,,0.25,101.5,0.84,3.22,6.37,0.06,raw_collecte_mouad.csv
2026-05-13 14:39:10.000000,Fes,34.0331,-5.0003,25.14,,31.0,1016.0,3.6,,20.0,10000.0,Clouds,few clouds,3.0,91.4,,0.21,101.09,0.71,3.62,6.59,0.07,raw_collecte_mouad.csv
2026-05-14 10:27:28.000000,Casablanca,33.5731,-7.5898,20.19,,64.0,1014.0,3.09,,75.0,8000.0,Clouds,broken clouds,2.0,106.7,,1.56,92.37,6.26,4.15,10.83,0.0,raw_collecte_mouad.csv
2026-05-14 10:27:30.000000,Tanger,35.7595,-5.834,19.64,,73.0,1014.0,3.6,,75.0,10000.0,Clouds,broken clouds,2.0,106.8,,2.31,87.16,5.19,3.81,8.06,0.05,raw_collecte_mouad.csv
2026-05-14 10:27:31.000000,Karia Ba Mohamed,34.3667,-5.2139,20.43,,55.0,1014.0,3.13,,96.0,10000.0,Clouds,overcast clouds,2.0,98.04,,1.22,78.18,0.91,3.09,7.83,0.53,raw_collecte_mouad.csv
2026-05-14 10:27:33.000000,Fes,34.0331,-5.0003,20.14,,55.0,1014.0,2.06,,0.0,10000.0,Clear,clear sky,2.0,95.15,,0.71,79.38,0.58,3.45,7.04,0.61,raw_collecte_mouad.csv
2026-05-14 11:27:34.000000,Casablanca,33.5731,-7.5898,20.19,,60.0,1015.0,4.12,,75.0,8000.0,Clouds,broken clouds,3.0,105.0,,0.93,100.13,6.23,4.47,10.31,0.0,raw_collecte_mouad.csv
2026-05-14 11:27:36.000000,Tanger,35.7595,-5.834,19.64,,68.0,1014.0,4.63,,75.0,10000.0,Clouds,broken clouds,2.0,105.15,,1.34,96.11,5.09,4.29,8.02,0.01,raw_collecte_mouad.csv
2026-05-14 11:27:37.000000,Karia Ba Mohamed,34.3667,-5.2139,21.85,,48.0,1013.0,4.4,,95.0,10000.0,Clouds,overcast clouds,2.0,97.84,,0.57,88.57,0.87,3.36,8.14,0.38,raw_collecte_mouad.csv
2026-05-14 11:27:38.000000,Fes,34.0331,-5.0003,21.14,,49.0,1014.0,1.54,,0.0,10000.0,Clear,clear sky,2.0,95.66,,0.38,86.53,0.6,3.86,7.95,0.46,raw_collecte_mouad.csv
2026-05-14 12:27:40.000000,Casablanca,33.5731,-7.5898,19.13,,68.0,1015.0,3.6,,75.0,8000.0,Clouds,broken clouds,3.0,103.31,,0.66,103.54,6.17,4.6,9.88,0.0,raw_collecte_mouad.csv
2026-05-14 12:27:41.000000,Tanger,35.7595,-5.834,19.64,,73.0,1013.0,6.17,,75.0,10000.0,Clouds,broken clouds,3.0,104.11,,0.93,101.23,5.14,4.76,8.09,0.0,raw_collecte_mouad.csv
2026-05-14 12:27:44.000000,Karia Ba Mohamed,34.3667,-5.2139,22.66,,46.0,1014.0,5.01,,96.0,10000.0,Clouds,overcast clouds,2.0,97.08,,0.38,91.32,0.86,3.55,8.39,0.32,raw_collecte_mouad.csv
2026-05-14 12:27:45.000000,Fes,34.0331,-5.0003,21.14,,49.0,1013.0,2.06,,0.0,10000.0,Clear,clear sky,2.0,95.29,,0.29,89.44,0.62,4.22,8.82,0.41,raw_collecte_mouad.csv
2026-05-14 14:34:00.000000,Casablanca,33.5731,-7.5898,20.19,,60.0,1014.0,3.6,,75.0,8000.0,Clouds,broken clouds,3.0,103.13,,0.43,104.25,3.09,2.21,5.46,0.0,raw_collecte_mouad.csv
2026-05-14 14:34:01.000000,Tanger,35.7595,-5.834,19.64,,73.0,1012.0,5.14,,75.0,10000.0,Clouds,broken clouds,3.0,103.45,,0.82,104.37,2.88,2.83,5.86,0.0,raw_collecte_mouad.csv
2026-05-14 14:34:02.000000,Karia Ba Mohamed,34.3667,-5.2139,25.29,,38.0,1010.0,5.95,,8.0,10000.0,Clear,clear sky,2.0,96.91,,0.35,93.95,1.01,3.93,8.81,0.19,raw_collecte_mouad.csv
2026-05-14 14:34:04.000000,Fes,34.0331,-5.0003,24.14,,38.0,1011.0,4.12,,40.0,10000.0,Clouds,scattered clouds,2.0,94.5,,0.3,90.88,0.73,4.26,9.2,0.31,raw_collecte_mouad.csv
2026-05-14 14:34:31.000000,Casablanca,33.5731,-7.5898,20.19,,60.0,1014.0,3.6,,75.0,8000.0,Clouds,broken clouds,3.0,103.13,,0.43,104.25,3.09,2.21,5.46,0.0,raw_collecte_mouad.csv
2026-05-14 14:34:32.000000,Tanger,35.7595,-5.834,19.64,,73.0,1012.0,5.14,,75.0,10000.0,Clouds,broken clouds,3.0,103.45,,0.82,104.37,2.88,2.83,5.86,0.0,raw_collecte_mouad.csv
2026-05-14 14:34:33.000000,Karia Ba Mohamed,34.3667,-5.2139,25.29,,38.0,1010.0,5.95,,8.0,10000.0,Clear,clear sky,2.0,96.91,,0.35,93.95,1.01,3.93,8.81,0.19,raw_collecte_mouad.csv
2026-05-14 14:34:35.000000,Fes,34.0331,-5.0003,24.14,,38.0,1011.0,4.12,,40.0,10000.0,Clouds,scattered clouds,2.0,94.5,,0.3,90.88,0.73,4.26,9.2,0.31,raw_collecte_mouad.csv
2026-05-14 15:34:36.000000,Casablanca,33.5731,-7.5898,19.07,,59.0,1014.0,3.09,,75.0,8000.0,Clouds,broken clouds,3.0,103.13,,0.43,104.25,3.09,2.21,5.46,0.0,raw_collecte_mouad.csv
2026-05-14 15:34:38.000000,Tanger,35.7595,-5.834,20.64,,68.0,1012.0,5.14,,40.0,10000.0,Clouds,scattered clouds,3.0,104.45,,1.08,103.7,2.87,2.67,5.78,0.0,raw_collecte_mouad.csv
2026-05-14 15:34:40.000000,Karia Ba Mohamed,34.3667,-5.2139,24.29,,39.0,1011.0,8.45,,9.0,10000.0,Clear,clear sky,2.0,97.54,,0.4,95.28,1.14,3.95,8.29,0.14,raw_collecte_mouad.csv
2026-05-14 15:34:41.000000,Fes,34.0331,-5.0003,23.14,,40.0,1011.0,6.69,,40.0,10000.0,Clouds,scattered clouds,2.0,94.65,,0.35,91.16,0.85,4.26,8.69,0.23,raw_collecte_mouad.csv
2026-05-14 16:34:43.000000,Casablanca,33.5731,-7.5898,20.19,,60.0,1014.0,3.09,,40.0,8000.0,Clouds,scattered clouds,3.0,104.55,,0.59,103.95,2.8,1.76,4.86,0.0,raw_collecte_mouad.csv
2026-05-14 16:34:45.000000,Tanger,35.7595,-5.834,19.64,,68.0,1012.0,5.66,,40.0,10000.0,Clouds,scattered clouds,3.0,105.52,,1.31,103.85,3.0,2.7,5.99,0.0,raw_collecte_mouad.csv
2026-05-14 16:34:46.000000,Karia Ba Mohamed,34.3667,-5.2139,23.02,,40.0,1011.0,8.22,,14.0,10000.0,Clouds,few clouds,2.0,98.16,,0.52,96.49,1.23,3.72,7.2,0.11,raw_collecte_mouad.csv
2026-05-14 16:34:49.000000,Fes,34.0331,-5.0003,24.14,,40.0,1011.0,5.14,,40.0,10000.0,Clouds,scattered clouds,2.0,94.87,,0.49,91.32,0.98,4.02,7.5,0.19,raw_collecte_mouad.csv
2026-05-14 17:34:50.000000,Casablanca,33.5731,-7.5898,20.19,,60.0,1015.0,3.09,,40.0,8000.0,Clouds,scattered clouds,3.0,105.31,,0.75,103.29,2.82,1.7,4.98,0.0,raw_collecte_mouad.csv
2026-05-14 17:34:52.000000,Tanger,35.7595,-5.834,19.64,,73.0,1012.0,5.66,,75.0,10000.0,Clouds,broken clouds,3.0,106.43,,1.48,103.56,2.99,2.67,6.08,0.02,raw_collecte_mouad.csv
2026-05-14 17:34:53.000000,Karia Ba Mohamed,34.3667,-5.2139,21.06,,48.0,1012.0,7.87,,11.0,10000.0,Clouds,few clouds,2.0,99.04,,0.62,97.01,1.31,3.35,6.3,0.1,raw_collecte_mouad.csv
2026-05-14 17:34:55.000000,Fes,34.0331,-5.0003,22.14,,46.0,1012.0,5.66,,40.0,10000.0,Clouds,scattered clouds,2.0,95.5,,0.65,91.14,1.12,3.65,6.41,0.15,raw_collecte_mouad.csv
2026-05-14 19:02:01.000000,Casablanca,33.5731,-7.5898,19.13,,63.0,1015.0,2.57,,40.0,8000.0,Clouds,scattered clouds,3.0,105.71,,1.01,100.97,2.87,1.69,5.29,0.03,raw_collecte_mouad.csv
2026-05-14 19:02:03.000000,Tanger,35.7595,-5.834,18.64,,72.0,1013.0,5.66,,40.0,10000.0,Clouds,scattered clouds,3.0,106.65,,1.83,101.13,2.85,2.51,5.91,0.06,raw_collecte_mouad.csv
2026-05-14 19:02:04.000000,Karia Ba Mohamed,34.3667,-5.2139,18.78,,58.0,1013.0,6.81,,0.0,10000.0,Clear,clear sky,2.0,98.9,,0.78,94.75,1.41,2.94,5.48,0.13,raw_collecte_mouad.csv
2026-05-14 19:02:06.000000,Fes,34.0331,-5.0003,19.14,,59.0,1013.0,6.17,,40.0,10000.0,Clouds,scattered clouds,2.0,95.4,,0.86,88.9,1.27,3.25,5.47,0.18,raw_collecte_mouad.csv
2026-05-14 20:02:07.000000,Casablanca,33.5731,-7.5898,18.07,,63.0,1015.0,3.09,,40.0,8000.0,Clouds,scattered clouds,2.0,107.84,,1.27,99.69,3.07,1.77,5.9,0.09,raw_collecte_mouad.csv
2026-05-14 20:02:09.000000,Tanger,35.7595,-5.834,17.64,,72.0,1013.0,4.12,,40.0,10000.0,Clouds,scattered clouds,2.0,108.0,,2.07,98.9,2.77,2.35,5.78,0.14,raw_collecte_mouad.csv
2026-05-14 20:02:10.000000,Karia Ba Mohamed,34.3667,-5.2139,17.24,,66.0,1014.0,5.94,,0.0,10000.0,Clear,clear sky,2.0,100.15,,0.92,92.53,1.41,2.65,4.91,0.18,raw_collecte_mouad.csv
2026-05-14 20:02:12.000000,Fes,34.0331,-5.0003,17.14,,67.0,1014.0,6.17,,40.0,10000.0,Rain,light rain,2.0,96.57,,1.04,86.42,1.29,2.94,4.78,0.24,raw_collecte_mouad.csv
2026-05-14 21:02:14.000000,Casablanca,33.5731,-7.5898,18.07,,63.0,1016.0,2.57,,3.0,10000.0,Clear,clear sky,2.0,109.73,,1.34,98.61,3.17,1.83,6.34,0.14,raw_collecte_mouad.csv
2026-05-14 21:02:16.000000,Tanger,35.7595,-5.834,17.64,,72.0,1014.0,3.09,,40.0,10000.0,Clouds,scattered clouds,2.0,109.35,,2.03,97.47,2.66,2.2,5.61,0.18,raw_collecte_mouad.csv
2026-05-14 21:02:18.000000,Karia Ba Mohamed,34.3667,-5.2139,16.43,,76.0,1015.0,4.72,,0.0,10000.0,Clear,clear sky,2.0,101.4,,1.02,90.63,1.35,2.45,4.54,0.19,raw_collecte_mouad.csv
2026-05-14 21:02:19.000000,Fes,34.0331,-5.0003,17.14,,72.0,1015.0,5.14,,40.0,10000.0,Clouds,scattered clouds,2.0,97.74,,1.14,84.06,1.22,2.7,4.28,0.25,raw_collecte_mouad.csv
2026-05-14 22:02:22.000000,Casablanca,33.5731,-7.5898,18.07,,67.0,1016.0,2.06,,1.0,10000.0,Clear,clear sky,2.0,109.03,,1.37,96.19,3.17,1.87,6.69,0.16,raw_collecte_mouad.csv
2026-05-14 22:02:23.000000,Tanger,35.7595,-5.834,17.64,,77.0,1014.0,3.6,,40.0,10000.0,Clouds,scattered clouds,2.0,108.8,,1.98,94.76,2.42,2.06,5.2,0.19,raw_collecte_mouad.csv
2026-05-14 22:02:25.000000,Karia Ba Mohamed,34.3667,-5.2139,14.97,,81.0,1015.0,2.87,,0.0,10000.0,Clear,clear sky,2.0,100.92,,1.07,87.44,1.31,2.3,4.19,0.18,raw_collecte_mouad.csv
2026-05-14 22:02:26.000000,Fes,34.0331,-5.0003,16.14,,77.0,1016.0,4.12,,40.0,10000.0,Clouds,scattered clouds,2.0,97.27,,1.21,80.6,1.15,2.5,3.86,0.26,raw_collecte_mouad.csv
2026-05-15 09:12:58.000000,Casablanca,33.5731,-7.5898,15.74,,87.0,1015.0,4.09,,64.0,10000.0,Clouds,broken clouds,1.0,113.0,,3.52,58.34,1.21,4.63,17.18,0.82,raw_collecte_mouad.csv
2026-05-15 09:13:00.000000,Tanger,35.7595,-5.834,17.64,,68.0,1013.0,6.17,,40.0,10000.0,Clouds,scattered clouds,2.0,111.22,,5.01,64.23,1.26,2.76,7.84,0.83,raw_collecte_mouad.csv
2026-05-15 09:13:01.000000,Karia Ba Mohamed,34.3667,-5.2139,18.1,,61.0,1015.0,4.1,,43.0,10000.0,Clouds,scattered clouds,2.0,100.39,,1.48,77.8,1.22,2.41,4.39,0.83,raw_collecte_mouad.csv
2026-05-15 09:13:03.000000,Fes,34.0331,-5.0003,18.14,,55.0,1015.0,3.6,,75.0,10000.0,Clouds,broken clouds,2.0,97.69,,1.46,72.03,0.69,2.02,3.35,0.93,raw_collecte_mouad.csv
2026-05-15 10:13:04.000000,Casablanca,33.5731,-7.5898,17.96,,77.0,1016.0,3.38,,71.0,10000.0,Clouds,broken clouds,2.0,107.02,,1.4,96.05,6.43,4.11,12.66,0.0,raw_collecte_mouad.csv
2026-05-15 10:13:07.000000,Tanger,35.7595,-5.834,18.64,,63.0,1013.0,6.17,,40.0,10000.0,Clouds,scattered clouds,2.0,105.51,,1.25,96.71,2.53,2.27,5.07,0.06,raw_collecte_mouad.csv
2026-05-15 10:13:08.000000,Karia Ba Mohamed,34.3667,-5.2139,19.97,,54.0,1015.0,4.52,,51.0,10000.0,Clouds,broken clouds,2.0,98.53,,0.54,89.53,0.92,1.6,2.99,0.17,raw_collecte_mouad.csv
2026-05-15 10:13:10.000000,Fes,34.0331,-5.0003,19.14,,48.0,1015.0,4.63,,75.0,10000.0,Clouds,broken clouds,2.0,95.49,,0.37,87.61,0.41,1.14,2.07,0.21,raw_collecte_mouad.csv
2026-05-15 11:07:05.000000,Casablanca,33.5731,-7.5898,18.07,,67.0,1016.0,2.06,,40.0,8000.0,Clouds,scattered clouds,3.0,105.05,,0.83,100.45,5.26,3.37,9.1,0.0,raw_collecte_mouad.csv
2026-05-15 11:07:07.000000,Tanger,35.7595,-5.834,18.64,,63.0,1013.0,6.69,,40.0,10000.0,Clouds,scattered clouds,3.0,103.73,,0.72,101.26,2.01,2.12,4.14,0.03,raw_collecte_mouad.csv
2026-05-15 11:07:10.000000,Karia Ba Mohamed,34.3667,-5.2139,21.37,,52.0,1015.0,5.11,,46.0,10000.0,Clouds,scattered clouds,2.0,97.0,,0.36,90.83,0.82,1.41,2.66,0.12,raw_collecte_mouad.csv
2026-05-15 11:07:12.000000,Fes,34.0331,-5.0003,18.14,,55.0,1015.0,5.14,,75.0,10000.0,Clouds,broken clouds,2.0,94.18,,0.24,88.47,0.36,0.96,1.89,0.15,raw_collecte_mouad.csv
2026-05-15 12:07:13.000000,Casablanca,33.5731,-7.5898,19.13,,55.0,1015.0,3.09,,40.0,10000.0,Clouds,scattered clouds,3.0,103.61,,0.62,102.33,4.74,3.2,7.89,0.0,raw_collecte_mouad.csv
2026-05-15 12:07:15.000000,Tanger,35.7595,-5.834,19.64,,60.0,1013.0,6.17,,40.0,10000.0,Clouds,scattered clouds,3.0,102.92,,0.61,103.34,1.95,2.31,4.29,0.02,raw_collecte_mouad.csv
2026-05-15 12:07:16.000000,Karia Ba Mohamed,34.3667,-5.2139,21.3,,49.0,1014.0,5.95,,41.0,10000.0,Clouds,scattered clouds,2.0,96.07,,0.3,91.7,0.9,1.57,2.94,0.12,raw_collecte_mouad.csv
2026-05-15 12:07:17.000000,Fes,34.0331,-5.0003,19.14,,52.0,1014.0,5.66,,75.0,10000.0,Clouds,broken clouds,2.0,93.2,,0.2,88.42,0.43,1.07,2.19,0.16,raw_collecte_mouad.csv
2026-05-15 13:07:19.000000,Casablanca,33.5731,-7.5898,20.18,,52.0,1015.0,2.68,,0.0,10000.0,Clear,clear sky,3.0,104.25,,0.57,104.22,4.16,2.95,6.91,0.0,raw_collecte_mouad.csv
2026-05-15 13:07:20.000000,Tanger,35.7595,-5.834,19.64,,60.0,1013.0,6.17,,40.0,10000.0,Clouds,scattered clouds,3.0,103.39,,0.58,105.64,1.99,2.51,4.73,0.01,raw_collecte_mouad.csv
2026-05-15 13:07:21.000000,Karia Ba Mohamed,34.3667,-5.2139,22.18,,46.0,1014.0,5.19,,28.0,10000.0,Clouds,scattered clouds,2.0,96.76,,0.27,94.74,1.0,1.79,3.25,0.09,raw_collecte_mouad.csv
2026-05-15 13:07:23.000000,Fes,34.0331,-5.0003,20.14,,48.0,1014.0,4.63,,75.0,10000.0,Clouds,broken clouds,2.0,93.77,,0.18,90.6,0.55,1.29,2.55,0.13,raw_collecte_mouad.csv
2026-05-15 14:14:32.000000,Casablanca,33.5731,-7.5898,20.19,,56.0,1015.0,4.12,,40.0,10000.0,Clouds,scattered clouds,3.0,103.21,,0.5,104.63,2.94,2.24,5.15,0.0,raw_collecte_mouad.csv
2026-05-15 14:14:35.000000,Tanger,35.7595,-5.834,19.64,,56.0,1013.0,7.2,,40.0,10000.0,Clouds,scattered clouds,3.0,103.31,,0.63,106.11,2.03,2.59,4.93,0.01,raw_collecte_mouad.csv
2026-05-15 14:14:37.000000,Karia Ba Mohamed,34.3667,-5.2139,23.08,,41.0,1013.0,6.07,,17.0,10000.0,Clouds,few clouds,2.0,96.9,,0.36,96.04,1.45,2.15,3.81,0.04,raw_collecte_mouad.csv
2026-05-15 14:14:40.000000,Fes,34.0331,-5.0003,22.14,,43.0,1013.0,6.17,,75.0,10000.0,Clouds,broken clouds,2.0,94.15,,0.29,91.8,1.05,1.81,3.34,0.08,raw_collecte_mouad.csv
2026-05-15 15:14:42.000000,Casablanca,33.5731,-7.5898,20.18,,56.0,1014.0,4.02,,0.0,10000.0,Clear,clear sky,3.0,103.51,,0.56,104.22,2.67,2.17,5.05,0.0,raw_collecte_mouad.csv
2026-05-15 15:14:44.000000,Tanger,35.7595,-5.834,18.64,,63.0,1012.0,7.2,,40.0,10000.0,Clouds,scattered clouds,3.0,103.42,,0.66,105.9,1.99,2.58,5.02,0.01,raw_collecte_mouad.csv
2026-05-15 15:14:45.000000,Karia Ba Mohamed,34.3667,-5.2139,23.43,,37.0,1012.0,6.24,,11.0,10000.0,Clouds,few clouds,2.0,96.43,,0.36,96.95,1.48,2.28,3.94,0.04,raw_collecte_mouad.csv
2026-05-15 15:14:46.000000,Fes,34.0331,-5.0003,21.14,,42.0,1013.0,5.66,,75.0,10000.0,Clouds,broken clouds,2.0,93.74,,0.31,92.59,1.19,2.04,3.54,0.07,raw_collecte_mouad.csv
2026-05-15 18:28:18.000000,Casablanca,33.5731,-7.5898,18.07,,67.0,1015.0,4.12,,40.0,10000.0,Clouds,scattered clouds,3.0,106.9,,0.95,101.56,2.6,1.76,4.24,0.02,raw_collecte_mouad.csv
2026-05-15 18:28:20.000000,Tanger,35.7595,-5.834,17.64,,68.0,1013.0,3.6,,20.0,10000.0,Clouds,few clouds,3.0,107.63,,1.61,103.45,2.49,2.35,5.39,0.06,raw_collecte_mouad.csv
2026-05-15 18:28:21.000000,Karia Ba Mohamed,34.3667,-5.2139,20.44,,48.0,1013.0,7.0,,6.0,10000.0,Clear,clear sky,2.0,98.47,,0.72,98.82,1.55,2.58,4.87,0.11,raw_collecte_mouad.csv
2026-05-15 18:28:23.000000,Fes,34.0331,-5.0003,19.14,,52.0,1013.0,5.14,,40.0,10000.0,Clouds,scattered clouds,2.0,94.72,,0.71,94.82,1.48,2.64,4.28,0.15,raw_collecte_mouad.csv
2026-05-15 19:28:23.000000,Casablanca,33.5731,-7.5898,18.07,,63.0,1015.0,3.09,,40.0,10000.0,Clouds,scattered clouds,2.0,107.99,,1.22,99.81,2.88,1.84,4.89,0.04,raw_collecte_mouad.csv
2026-05-15 19:28:24.000000,Tanger,35.7595,-5.834,16.64,,67.0,1014.0,4.12,,20.0,10000.0,Clouds,few clouds,3.0,108.48,,1.98,100.95,2.56,2.28,5.72,0.11,raw_collecte_mouad.csv
2026-05-15 19:28:26.000000,Karia Ba Mohamed,34.3667,-5.2139,18.2,,56.0,1014.0,6.44,,2.0,10000.0,Clear,clear sky,2.0,98.88,,0.83,96.95,1.49,2.51,5.11,0.16,raw_collecte_mouad.csv
2026-05-15 19:28:27.000000,Fes,34.0331,-5.0003,18.14,,55.0,1015.0,4.63,,40.0,10000.0,Clouds,scattered clouds,2.0,95.0,,0.88,93.04,1.44,2.65,4.6,0.21,raw_collecte_mouad.csv
2026-05-15 20:28:28.000000,Casablanca,33.5731,-7.5898,17.02,,72.0,1016.0,3.09,,13.0,10000.0,Clouds,few clouds,2.0,109.98,,1.44,98.59,3.46,2.13,6.16,0.07,raw_collecte_mouad.csv
2026-05-15 20:28:30.000000,Tanger,35.7595,-5.834,16.64,,72.0,1014.0,2.57,,40.0,10000.0,Clouds,scattered clouds,2.0,109.87,,2.14,99.47,2.56,2.42,6.26,0.16,raw_collecte_mouad.csv
2026-05-15 20:28:31.000000,Karia Ba Mohamed,34.3667,-5.2139,16.39,,65.0,1015.0,5.39,,1.0,10000.0,Clear,clear sky,2.0,100.26,,0.91,94.98,1.36,2.4,5.3,0.23,raw_collecte_mouad.csv
2026-05-15 20:28:33.000000,Fes,34.0331,-5.0003,16.14,,67.0,1016.0,4.63,,40.0,10000.0,Clouds,scattered clouds,2.0,96.15,,1.01,90.84,1.31,2.56,4.86,0.29,raw_collecte_mouad.csv
2026-05-15 21:28:34.000000,Casablanca,33.5731,-7.5898,17.02,,72.0,1016.0,3.6,,10.0,10000.0,Clear,clear sky,2.0,111.72,,1.49,98.27,3.8,2.5,7.28,0.08,raw_collecte_mouad.csv
2026-05-15 21:28:36.000000,Tanger,35.7595,-5.834,16.64,,72.0,1014.0,3.09,,75.0,10000.0,Clouds,broken clouds,2.0,110.82,,2.08,98.96,2.48,2.68,6.89,0.18,raw_collecte_mouad.csv
2026-05-15 21:28:37.000000,Karia Ba Mohamed,34.3667,-5.2139,15.02,,74.0,1016.0,3.4,,1.0,10000.0,Clear,clear sky,2.0,101.81,,0.96,93.49,1.22,2.28,5.44,0.27,raw_collecte_mouad.csv
2026-05-15 21:28:39.000000,Fes,34.0331,-5.0003,15.14,,77.0,1016.0,4.12,,40.0,10000.0,Clouds,scattered clouds,2.0,97.64,,1.08,89.03,1.12,2.42,5.01,0.32,raw_collecte_mouad.csv
2026-05-15 22:28:40.000000,Casablanca,33.5731,-7.5898,17.02,,67.0,1016.0,3.6,,7.0,10000.0,Clear,clear sky,2.0,111.53,,1.59,96.97,3.94,2.95,8.42,0.09,raw_collecte_mouad.csv
2026-05-15 22:28:41.000000,Tanger,35.7595,-5.834,16.64,,72.0,1015.0,2.57,,40.0,10000.0,Clouds,scattered clouds,2.0,109.8,,2.02,98.02,2.36,2.93,7.55,0.18,raw_collecte_mouad.csv
2026-05-15 22:28:43.000000,Karia Ba Mohamed,34.3667,-5.2139,14.14,,78.0,1016.0,2.01,,2.0,10000.0,Clear,clear sky,2.0,101.98,,1.02,90.35,1.05,2.19,5.47,0.29,raw_collecte_mouad.csv
2026-05-15 22:28:44.000000,Fes,34.0331,-5.0003,14.14,,82.0,1017.0,3.09,,40.0,10000.0,Clouds,scattered clouds,2.0,97.87,,1.1,86.12,0.95,2.25,4.97,0.32,raw_collecte_mouad.csv
2026-05-16 09:28:58.000000,Casablanca,33.5731,-7.5898,16.19,,88.0,1016.0,1.54,,75.0,3000.0,Rain,moderate rain,2.0,108.53,,3.16,67.66,1.8,5.51,17.28,0.42,raw_collecte_mouad.csv
2026-05-16 09:28:59.000000,Tanger,35.7595,-5.834,20.64,,52.0,1016.0,2.06,,20.0,10000.0,Clouds,few clouds,2.0,104.4,,2.62,82.07,1.56,3.81,11.71,0.4,raw_collecte_mouad.csv
2026-05-16 09:29:01.000000,Karia Ba Mohamed,34.3667,-5.2139,16.55,,76.0,1017.0,1.37,,78.0,10000.0,Rain,light rain,2.0,101.67,,1.43,68.42,0.63,2.59,5.96,0.5,raw_collecte_mouad.csv
2026-05-16 09:29:02.000000,Fes,34.0331,-5.0003,14.14,,88.0,1017.0,2.06,,75.0,10000.0,Clouds,broken clouds,2.0,99.09,,1.61,63.4,0.52,1.92,4.06,0.7,raw_collecte_mouad.csv
2026-05-16 10:29:04.000000,Casablanca,33.5731,-7.5898,17.19,,88.0,1016.0,1.54,,75.0,3000.0,Rain,moderate rain,2.0,105.76,,1.86,91.34,4.09,4.47,13.29,0.0,raw_collecte_mouad.csv
2026-05-16 10:29:06.000000,Tanger,35.7595,-5.834,21.64,,49.0,1016.0,2.06,,20.0,10000.0,Clouds,few clouds,2.0,103.16,,1.27,92.23,2.18,3.49,9.59,0.11,raw_collecte_mouad.csv
2026-05-16 10:29:07.000000,Karia Ba Mohamed,34.3667,-5.2139,17.76,,67.0,1017.0,1.65,,80.0,10000.0,Clouds,broken clouds,2.0,101.49,,0.63,90.44,0.74,1.96,4.42,0.16,raw_collecte_mouad.csv
2026-05-16 10:29:09.000000,Fes,34.0331,-5.0003,15.14,,82.0,1017.0,1.03,,75.0,10000.0,Clouds,broken clouds,2.0,98.68,,1.14,76.33,0.55,1.62,3.21,0.48,raw_collecte_mouad.csv
2026-05-16 11:29:11.000000,Casablanca,33.5731,-7.5898,17.19,,88.0,1016.0,1.54,,75.0,6000.0,Clouds,broken clouds,2.0,104.36,,1.43,92.17,3.4,3.73,10.04,0.0,raw_collecte_mouad.csv
2026-05-16 11:29:13.000000,Tanger,35.7595,-5.834,21.64,,60.0,1016.0,4.12,,40.0,10000.0,Rain,light rain,2.0,102.24,,0.95,93.89,1.88,3.18,7.8,0.09,raw_collecte_mouad.csv
2026-05-16 11:29:14.000000,Karia Ba Mohamed,34.3667,-5.2139,19.22,,58.0,1017.0,1.87,,81.0,10000.0,Clouds,broken clouds,2.0,99.98,,0.44,94.13,0.54,1.51,3.17,0.12,raw_collecte_mouad.csv
2026-05-16 11:29:17.000000,Fes,34.0331,-5.0003,16.14,,72.0,1017.0,2.06,,75.0,10000.0,Clouds,broken clouds,2.0,97.21,,0.88,78.58,0.38,1.36,2.44,0.33,raw_collecte_mouad.csv
2026-05-16 12:33:21.000000,Casablanca,33.5731,-7.5898,18.19,,88.0,1016.0,1.03,,75.0,6000.0,Clouds,broken clouds,2.0,103.56,,0.95,92.83,2.97,3.14,7.39,0.0,raw_collecte_mouad.csv
2026-05-16 12:33:23.000000,Tanger,35.7595,-5.834,21.64,,56.0,1016.0,5.14,,40.0,10000.0,Rain,light rain,2.0,102.31,,0.79,95.46,1.93,3.39,7.03,0.1,raw_collecte_mouad.csv
2026-05-16 12:33:24.000000,Karia Ba Mohamed,34.3667,-5.2139,21.69,,47.0,1016.0,0.54,,15.0,10000.0,Clouds,few clouds,2.0,98.72,,0.28,97.45,0.41,1.31,2.6,0.13,raw_collecte_mouad.csv
2026-05-16 12:33:26.000000,Fes,34.0331,-5.0003,18.14,,63.0,1016.0,1.54,,75.0,10000.0,Clouds,broken clouds,2.0,96.07,,0.27,91.68,0.27,1.07,1.77,0.14,raw_collecte_mouad.csv
2026-05-16 13:33:27.000000,Casablanca,33.5731,-7.5898,19.19,,77.0,1016.0,1.54,,75.0,6000.0,Clouds,broken clouds,2.0,102.85,,0.78,93.34,2.8,2.87,6.57,0.01,raw_collecte_mouad.csv
2026-05-16 13:33:29.000000,Tanger,35.7595,-5.834,21.64,,60.0,1015.0,5.14,,40.0,10000.0,Clouds,scattered clouds,2.0,101.84,,0.73,97.07,1.93,3.03,5.75,0.13,raw_collecte_mouad.csv
2026-05-16 13:33:30.000000,Karia Ba Mohamed,34.3667,-5.2139,22.68,,42.0,1015.0,0.97,,0.0,10000.0,Clear,clear sky,2.0,96.86,,0.25,96.19,0.34,1.21,2.34,0.14,raw_collecte_mouad.csv
2026-05-16 13:33:31.000000,Fes,34.0331,-5.0003,19.14,,55.0,1016.0,2.06,,75.0,10000.0,Clouds,broken clouds,2.0,94.7,,0.23,91.04,0.24,1.02,1.7,0.15,raw_collecte_mouad.csv
2026-05-16 14:33:33.000000,Casablanca,33.5731,-7.5898,19.19,,77.0,1016.0,3.09,,75.0,6000.0,Clouds,broken clouds,2.0,102.48,,0.75,92.57,2.57,2.55,5.95,0.03,raw_collecte_mouad.csv
2026-05-16 14:33:34.000000,Tanger,35.7595,-5.834,21.64,,60.0,1015.0,5.14,,20.0,10000.0,Clouds,few clouds,2.0,101.92,,0.76,97.12,2.0,3.23,6.06,0.14,raw_collecte_mouad.csv
2026-05-16 14:33:36.000000,Karia Ba Mohamed,34.3667,-5.2139,23.0,,39.0,1014.0,1.54,,0.0,10000.0,Clear,clear sky,2.0,95.99,,0.26,96.26,0.38,1.26,2.42,0.16,raw_collecte_mouad.csv
2026-05-16 14:33:37.000000,Fes,34.0331,-5.0003,20.14,,45.0,1015.0,2.57,,75.0,10000.0,Clouds,broken clouds,2.0,94.16,,0.23,91.38,0.23,1.0,1.68,0.16,raw_collecte_mouad.csv
2026-05-16 15:39:06.000000,Casablanca,33.5731,-7.5898,20.19,,73.0,1016.0,3.09,,75.0,6000.0,Clouds,broken clouds,2.0,102.45,,0.76,92.1,2.36,2.44,6.37,0.04,raw_collecte_mouad.csv
2026-05-16 15:39:08.000000,Tanger,35.7595,-5.834,21.64,,60.0,1015.0,4.12,,40.0,10000.0,Rain,light rain,2.0,102.46,,1.0,96.92,2.23,3.5,6.62,0.18,raw_collecte_mouad.csv
2026-05-16 15:39:09.000000,Karia Ba Mohamed,34.3667,-5.2139,23.28,,40.0,1014.0,5.94,,9.0,10000.0,Clear,clear sky,2.0,96.2,,0.35,96.22,0.45,1.44,2.73,0.2,raw_collecte_mouad.csv
2026-05-16 15:39:11.000000,Fes,34.0331,-5.0003,21.14,,42.0,1015.0,2.06,,75.0,10000.0,Clouds,broken clouds,2.0,94.37,,0.31,91.41,0.25,1.05,1.84,0.2,raw_collecte_mouad.csv
2026-05-16 16:39:12.000000,Casablanca,33.5731,-7.5898,20.19,,68.0,1016.0,2.57,,75.0,8000.0,Clouds,broken clouds,2.0,102.76,,0.84,92.36,2.65,2.56,7.32,0.06,raw_collecte_mouad.csv
2026-05-16 16:39:14.000000,Tanger,35.7595,-5.834,21.64,,64.0,1015.0,4.12,,40.0,10000.0,Clouds,scattered clouds,2.0,103.56,,1.44,96.25,2.51,3.85,7.4,0.25,raw_collecte_mouad.csv
2026-05-16 16:39:15.000000,Karia Ba Mohamed,34.3667,-5.2139,21.95,,45.0,1015.0,7.94,,22.0,10000.0,Clouds,few clouds,2.0,96.24,,0.54,94.16,0.53,1.69,3.17,0.29,raw_collecte_mouad.csv
2026-05-16 16:39:17.000000,Fes,34.0331,-5.0003,22.14,,40.0,1015.0,1.54,,75.0,10000.0,Clouds,broken clouds,2.0,94.29,,0.48,89.15,0.27,1.16,2.1,0.3,raw_collecte_mouad.csv
2026-05-16 17:39:19.000000,Casablanca,33.5731,-7.5898,19.19,,72.0,1016.0,3.09,,75.0,8000.0,Clouds,broken clouds,2.0,103.6,,1.0,93.31,3.05,2.79,8.47,0.07,raw_collecte_mouad.csv
2026-05-16 17:39:20.000000,Tanger,35.7595,-5.834,20.64,,68.0,1015.0,3.09,,40.0,10000.0,Clouds,scattered clouds,2.0,104.58,,1.82,95.65,2.66,4.13,7.97,0.31,raw_collecte_mouad.csv
2026-05-16 17:39:22.000000,Karia Ba Mohamed,34.3667,-5.2139,20.84,,49.0,1015.0,6.27,,29.0,10000.0,Clouds,scattered clouds,2.0,95.96,,0.7,91.8,0.57,1.91,3.54,0.38,raw_collecte_mouad.csv
2026-05-16 17:39:23.000000,Fes,34.0331,-5.0003,21.14,,42.0,1015.0,2.06,,75.0,10000.0,Clouds,broken clouds,2.0,93.81,,0.63,86.81,0.3,1.26,2.3,0.39,raw_collecte_mouad.csv
2026-05-16 18:39:26.000000,Casablanca,33.5731,-7.5898,19.19,,68.0,1016.0,2.57,,75.0,8000.0,Clouds,broken clouds,2.0,104.93,,1.38,94.0,3.75,3.23,10.48,0.11,raw_collecte_mouad.csv
2026-05-16 18:39:28.000000,Tanger,35.7595,-5.834,19.64,,73.0,1016.0,2.57,,20.0,10000.0,Clouds,few clouds,2.0,105.37,,2.18,94.56,2.72,4.43,9.11,0.39,raw_collecte_mouad.csv
2026-05-16 18:39:31.000000,Karia Ba Mohamed,34.3667,-5.2139,19.75,,53.0,1015.0,2.17,,100.0,10000.0,Clouds,overcast clouds,2.0,95.9,,0.86,88.37,0.59,2.1,3.85,0.49,raw_collecte_mouad.csv
2026-05-16 18:39:33.000000,Fes,34.0331,-5.0003,21.14,,42.0,1016.0,1.03,,40.0,10000.0,Clouds,scattered clouds,2.0,93.76,,0.85,83.33,0.31,1.39,2.5,0.53,raw_collecte_mouad.csv
2026-05-17 12:38:05.000000,Casablanca,33.5731,-7.5898,19.19,,68.0,1019.0,3.6,,75.0,6000.0,Clouds,broken clouds,3.0,103.54,,0.75,104.25,4.67,5.68,14.64,0.01,raw_collecte_mouad.csv
2026-05-17 12:38:06.000000,Tanger,35.7595,-5.834,19.64,,73.0,1017.0,5.66,,40.0,10000.0,Clouds,scattered clouds,3.0,103.39,,0.91,104.13,3.63,6.42,14.61,0.19,raw_collecte_mouad.csv
2026-05-17 12:38:08.000000,Karia Ba Mohamed,34.3667,-5.2139,24.24,,46.0,1016.0,3.95,,100.0,10000.0,Clouds,overcast clouds,2.0,94.92,,0.22,91.64,0.42,2.74,5.35,0.34,raw_collecte_mouad.csv
2026-05-17 12:38:09.000000,Fes,34.0331,-5.0003,22.14,,52.0,1017.0,4.63,,40.0,10000.0,Clouds,scattered clouds,2.0,91.68,,0.16,90.46,0.29,2.26,4.02,0.23,raw_collecte_mouad.csv
2026-05-17 13:38:11.000000,Casablanca,33.5731,-7.5898,19.13,,68.0,1019.0,4.12,,75.0,6000.0,Clouds,broken clouds,2.0,102.14,,1.06,98.12,4.06,4.1,11.38,0.06,raw_collecte_mouad.csv
2026-05-17 13:38:12.000000,Tanger,35.7595,-5.834,20.64,,64.0,1017.0,4.63,,40.0,10000.0,Clouds,scattered clouds,3.0,102.2,,1.08,101.28,3.09,5.07,11.22,0.19,raw_collecte_mouad.csv
2026-05-17 13:38:14.000000,Karia Ba Mohamed,34.3667,-5.2139,23.41,,42.0,1016.0,4.67,,100.0,10000.0,Clouds,overcast clouds,2.0,94.19,,0.23,92.8,0.52,2.89,5.48,0.3,raw_collecte_mouad.csv
2026-05-17 13:38:15.000000,Fes,34.0331,-5.0003,22.14,,49.0,1016.0,4.12,,40.0,10000.0,Clouds,scattered clouds,2.0,90.77,,0.16,92.36,0.27,2.09,3.6,0.21,raw_collecte_mouad.csv
2026-05-17 14:38:17.000000,Casablanca,33.5731,-7.5898,19.19,,63.0,1018.0,3.6,,75.0,8000.0,Clouds,broken clouds,2.0,101.22,,1.05,98.44,4.05,3.75,10.88,0.04,raw_collecte_mouad.csv
2026-05-17 14:38:18.000000,Tanger,35.7595,-5.834,19.64,,68.0,1017.0,5.14,,40.0,10000.0,Clouds,scattered clouds,3.0,101.21,,1.1,101.53,2.94,4.64,10.52,0.16,raw_collecte_mouad.csv
2026-05-17 14:38:20.000000,Karia Ba Mohamed,34.3667,-5.2139,23.28,,44.0,1015.0,6.69,,100.0,10000.0,Clouds,overcast clouds,2.0,93.93,,0.26,92.41,0.57,2.97,5.62,0.31,raw_collecte_mouad.csv
2026-05-17 14:38:21.000000,Fes,34.0331,-5.0003,22.14,,49.0,1016.0,3.09,,75.0,10000.0,Clouds,broken clouds,2.0,90.54,,0.19,91.86,0.31,2.21,3.81,0.23,raw_collecte_mouad.csv
2026-05-17 15:38:23.000000,Casablanca,33.5731,-7.5898,19.19,,63.0,1018.0,4.12,,75.0,8000.0,Clouds,broken clouds,2.0,101.04,,1.16,99.65,4.17,3.58,11.24,0.03,raw_collecte_mouad.csv
2026-05-17 15:38:24.000000,Tanger,35.7595,-5.834,20.64,,52.0,1017.0,5.66,,75.0,10000.0,Clouds,broken clouds,3.0,101.02,,1.44,102.06,3.03,4.35,10.85,0.17,raw_collecte_mouad.csv
2026-05-17 15:38:25.000000,Karia Ba Mohamed,34.3667,-5.2139,23.57,,44.0,1015.0,5.98,,100.0,10000.0,Clouds,overcast clouds,2.0,94.77,,0.36,92.43,0.68,3.13,5.93,0.35,raw_collecte_mouad.csv
2026-05-17 15:38:27.000000,Fes,34.0331,-5.0003,22.14,,49.0,1016.0,4.63,,75.0,10000.0,Clouds,broken clouds,2.0,91.33,,0.28,91.12,0.39,2.47,4.26,0.29,raw_collecte_mouad.csv
2026-05-17 16:38:28.000000,Casablanca,33.5731,-7.5898,19.19,,63.0,1018.0,4.12,,75.0,8000.0,Clouds,broken clouds,2.0,101.04,,1.16,99.65,4.17,3.58,11.24,0.03,raw_collecte_mouad.csv
2026-05-17 16:38:29.000000,Tanger,35.7595,-5.834,18.64,,63.0,1016.0,5.14,,75.0,10000.0,Clouds,broken clouds,3.0,101.81,,2.03,102.49,3.23,4.26,11.69,0.21,raw_collecte_mouad.csv
2026-05-17 16:38:31.000000,Karia Ba Mohamed,34.3667,-5.2139,23.73,,44.0,1015.0,4.08,,100.0,10000.0,Clouds,overcast clouds,2.0,95.31,,0.56,90.82,0.81,3.29,6.39,0.42,raw_collecte_mouad.csv
2026-05-17 16:38:32.000000,Fes,34.0331,-5.0003,22.14,,49.0,1015.0,4.63,,75.0,10000.0,Clouds,broken clouds,2.0,91.96,,0.46,88.61,0.51,2.74,4.78,0.38,raw_collecte_mouad.csv
2026-05-17 17:38:33.000000,Casablanca,33.5731,-7.5898,19.13,,63.0,1018.0,3.6,,75.0,8000.0,Clouds,broken clouds,3.0,101.65,,1.59,102.07,4.61,3.58,12.88,0.04,raw_collecte_mouad.csv
2026-05-17 17:38:35.000000,Tanger,35.7595,-5.834,18.64,,63.0,1017.0,4.12,,75.0,10000.0,Clouds,broken clouds,3.0,102.78,,2.39,103.23,3.23,4.1,11.76,0.24,raw_collecte_mouad.csv
2026-05-17 17:38:37.000000,Karia Ba Mohamed,34.3667,-5.2139,22.09,,51.0,1015.0,7.54,,100.0,10000.0,Clouds,overcast clouds,2.0,95.85,,0.78,88.77,0.92,3.31,6.82,0.49,raw_collecte_mouad.csv
2026-05-17 17:38:38.000000,Fes,34.0331,-5.0003,21.14,,52.0,1016.0,5.14,,75.0,10000.0,Clouds,broken clouds,2.0,92.59,,0.69,85.69,0.61,2.77,5.03,0.47,raw_collecte_mouad.csv
2026-05-17 18:38:40.000000,Casablanca,33.5731,-7.5898,18.19,,63.0,1018.0,2.57,,75.0,8000.0,Clouds,broken clouds,3.0,101.5,,1.77,102.22,4.6,3.59,13.11,0.06,raw_collecte_mouad.csv
2026-05-17 18:38:43.000000,Tanger,35.7595,-5.834,18.64,,68.0,1017.0,3.6,,75.0,10000.0,Clouds,broken clouds,3.0,102.81,,2.45,103.23,3.09,3.85,11.12,0.25,raw_collecte_mouad.csv
2026-05-17 18:38:46.000000,Karia Ba Mohamed,34.3667,-5.2139,19.62,,56.0,1016.0,6.28,,100.0,10000.0,Clouds,overcast clouds,2.0,96.04,,0.97,86.63,0.97,3.32,7.32,0.54,raw_collecte_mouad.csv
2026-05-17 18:38:48.000000,Fes,34.0331,-5.0003,20.14,,59.0,1017.0,5.66,,75.0,10000.0,Clouds,broken clouds,2.0,92.99,,0.99,81.21,0.66,2.7,5.24,0.6,raw_collecte_mouad.csv
2026-05-17 19:38:49.000000,Casablanca,33.5731,-7.5898,18.07,,67.0,1019.0,2.57,,75.0,8000.0,Clouds,broken clouds,3.0,102.49,,1.87,102.91,4.58,3.69,13.46,0.1,raw_collecte_mouad.csv
2026-05-17 19:38:51.000000,Tanger,35.7595,-5.834,17.64,,72.0,1018.0,3.6,,40.0,10000.0,Clouds,scattered clouds,3.0,103.56,,2.33,103.56,2.97,3.66,10.44,0.23,raw_collecte_mouad.csv
2026-05-17 19:38:52.000000,Karia Ba Mohamed,34.3667,-5.2139,18.12,,60.0,1017.0,4.56,,59.0,10000.0,Clouds,broken clouds,2.0,97.44,,1.11,85.58,0.96,3.44,8.02,0.57,raw_collecte_mouad.csv
2026-05-17 19:38:53.000000,Fes,34.0331,-5.0003,19.14,,59.0,1018.0,5.14,,75.0,10000.0,Clouds,broken clouds,2.0,94.28,,1.26,77.09,0.66,2.72,5.68,0.66,raw_collecte_mouad.csv
2026-05-17 20:38:55.000000,Casablanca,33.5731,-7.5898,17.02,,67.0,1020.0,2.57,,63.0,10000.0,Clouds,broken clouds,3.0,103.49,,1.79,103.37,4.47,3.67,13.33,0.12,raw_collecte_mouad.csv
2026-05-17 20:38:56.000000,Tanger,35.7595,-5.834,16.64,,77.0,1019.0,3.09,,40.0,10000.0,Clouds,scattered clouds,3.0,104.13,,2.15,103.51,2.89,3.49,9.83,0.2,raw_collecte_mouad.csv
2026-05-17 20:38:58.000000,Karia Ba Mohamed,34.3667,-5.2139,16.99,,66.0,1019.0,3.52,,58.0,10000.0,Clouds,broken clouds,2.0,99.01,,1.2,85.29,0.91,3.6,8.7,0.54,raw_collecte_mouad.csv
2026-05-17 20:38:59.000000,Fes,34.0331,-5.0003,18.14,,63.0,1019.0,4.63,,75.0,10000.0,Clouds,broken clouds,2.0,95.67,,1.42,74.58,0.61,2.79,6.2,0.61,raw_collecte_mouad.csv
2026-05-17 21:39:01.000000,Casablanca,33.5731,-7.5898,17.02,,67.0,1020.0,2.57,,50.0,10000.0,Clouds,scattered clouds,3.0,103.31,,1.71,102.12,4.14,3.58,12.91,0.13,raw_collecte_mouad.csv
2026-05-17 21:39:03.000000,Tanger,35.7595,-5.834,15.64,,77.0,1019.0,2.57,,40.0,10000.0,Clouds,scattered clouds,3.0,103.35,,2.08,101.14,2.79,3.35,9.28,0.2,raw_collecte_mouad.csv
2026-05-17 21:39:07.000000,Karia Ba Mohamed,34.3667,-5.2139,15.99,,73.0,1019.0,2.73,,56.0,10000.0,Clouds,broken clouds,2.0,98.09,,1.29,81.35,0.76,3.62,8.85,0.45,raw_collecte_mouad.csv
2026-05-17 21:39:11.000000,Fes,34.0331,-5.0003,16.14,,72.0,1019.0,2.57,,75.0,10000.0,Clouds,broken clouds,2.0,94.53,,1.54,69.53,0.48,2.78,6.29,0.54,raw_collecte_mouad.csv
2026-04-26 12:59:30.000000,Casablanca,33.5731,-7.5898,21.01,21.07,73.0,1011.0,1.54,40.0,80.0,,Clouds,broken clouds,3.0,111.52,0.14,0.61,103.01,3.67,9.22,19.79,0.49,raw_collecte_principale.csv
2026-04-26 12:59:35.000000,Fes,34.0331,-5.0003,24.08,24.01,56.0,1011.0,4.63,80.0,0.0,,Clear,clear sky,2.0,95.63,0.05,0.17,76.47,0.08,4.25,16.94,0.64,raw_collecte_principale.csv
2026-04-26 12:59:33.000000,Marrakech,31.6295,-7.9811,24.98,24.92,53.0,1009.0,2.06,340.0,40.0,,Clouds,scattered clouds,2.0,100.48,0.08,0.36,93.11,0.21,9.27,42.58,1.37,raw_collecte_principale.csv
2026-04-26 12:59:31.000000,Rabat,34.0209,-6.8416,22.37,22.7,78.0,1011.0,3.09,290.0,40.0,,Clouds,scattered clouds,3.0,115.79,0.24,1.08,104.71,5.55,13.7,20.61,0.85,raw_collecte_principale.csv
2026-04-26 13:59:36.000000,Casablanca,33.5731,-7.5898,21.01,20.94,68.0,1011.0,3.09,30.0,48.0,,Clouds,scattered clouds,3.0,110.56,0.1,0.48,107.04,3.77,8.63,17.1,0.27,raw_collecte_principale.csv
2026-04-26 13:59:41.000000,Fes,34.0331,-5.0003,25.08,24.95,50.0,1010.0,4.63,60.0,20.0,,Clouds,few clouds,2.0,95.47,0.03,0.15,81.36,0.07,4.55,18.73,0.55,raw_collecte_principale.csv
2026-04-26 13:59:39.000000,Marrakech,31.6295,-7.9811,25.98,25.98,47.0,1009.0,3.6,40.0,40.0,,Clouds,scattered clouds,3.0,101.46,0.05,0.23,96.53,0.15,11.22,54.65,0.85,raw_collecte_principale.csv
2026-04-26 13:59:38.000000,Rabat,34.0209,-6.8416,21.37,21.6,78.0,1010.0,3.6,320.0,40.0,,Clouds,scattered clouds,3.0,114.84,0.15,0.71,108.01,5.29,12.38,18.49,0.49,raw_collecte_principale.csv
2026-04-26 15:09:52.000000,Casablanca,33.5731,-7.5898,21.66,21.66,68.0,1011.0,2.68,50.0,35.0,,Clouds,scattered clouds,3.0,107.69,0.09,0.45,107.34,3.29,7.15,13.06,0.21,raw_collecte_principale.csv
2026-04-26 15:09:57.000000,Fes,34.0331,-5.0003,26.08,26.08,47.0,1009.0,4.12,50.0,20.0,,Clouds,few clouds,2.0,94.73,0.03,0.2,82.14,0.08,4.42,18.07,0.6,raw_collecte_principale.csv
2026-04-26 15:09:56.000000,Marrakech,31.6295,-7.9811,27.98,27.79,42.0,1008.0,2.06,0.0,40.0,,Clouds,scattered clouds,3.0,100.21,0.03,0.19,98.82,0.1,10.89,54.08,0.54,raw_collecte_principale.csv
2026-04-26 15:09:54.000000,Rabat,34.0209,-6.8416,22.37,22.44,68.0,1010.0,3.6,340.0,40.0,,Clouds,scattered clouds,3.0,112.65,0.13,0.63,105.73,4.42,10.14,14.87,0.36,raw_collecte_principale.csv
2026-04-26 16:10:02.000000,Casablanca,33.5731,-7.5898,21.66,21.55,64.0,1010.0,3.58,30.0,38.0,,Clouds,scattered clouds,3.0,107.52,0.09,0.49,108.88,3.52,7.77,13.59,0.18,raw_collecte_principale.csv
2026-04-26 16:10:08.000000,Fes,34.0331,-5.0003,26.08,26.08,47.0,1009.0,4.63,90.0,20.0,,Clouds,few clouds,2.0,94.42,0.03,0.26,81.87,0.08,4.24,17.06,0.64,raw_collecte_principale.csv
2026-04-26 16:10:06.000000,Marrakech,31.6295,-7.9811,28.98,28.5,39.0,1007.0,2.57,0.0,40.0,,Clouds,scattered clouds,3.0,100.75,0.04,0.21,99.58,0.14,11.02,54.42,0.59,raw_collecte_principale.csv
2026-04-26 16:10:04.000000,Rabat,34.0209,-6.8416,23.37,23.43,64.0,1010.0,3.6,310.0,40.0,,Clouds,scattered clouds,3.0,112.01,0.14,0.67,105.31,4.28,9.94,14.68,0.37,raw_collecte_principale.csv
2026-04-26 17:10:13.000000,Casablanca,33.5731,-7.5898,21.01,21.07,73.0,1010.0,3.6,50.0,40.0,,Clouds,scattered clouds,3.0,109.4,0.06,0.67,109.62,3.78,8.21,14.42,0.21,raw_collecte_principale.csv
2026-04-26 17:10:21.000000,Fes,34.0331,-5.0003,27.08,27.14,44.0,1009.0,3.6,80.0,20.0,,Clouds,few clouds,2.0,94.51,0.05,0.5,76.52,0.11,4.07,15.04,0.89,raw_collecte_principale.csv
2026-04-26 17:10:17.000000,Marrakech,31.6295,-7.9811,30.98,30.48,37.0,1007.0,3.09,0.0,40.0,,Clouds,scattered clouds,3.0,101.46,0.05,0.31,99.8,0.24,11.52,55.3,0.7,raw_collecte_principale.csv
2026-04-26 17:10:15.000000,Rabat,34.0209,-6.8416,23.37,23.33,60.0,1010.0,4.12,340.0,40.0,,Clouds,scattered clouds,3.0,113.74,0.17,0.95,106.15,4.4,9.82,14.82,0.49,raw_collecte_principale.csv
2026-04-26 18:11:35.000000,Fes,34.0331,-5.0003,26.08,26.08,47.0,1009.0,4.12,70.0,20.0,,Clouds,few clouds,2.0,94.67,0.05,0.87,69.67,0.14,3.9,13.06,1.28,raw_collecte_principale.csv
2026-04-27 10:42:57.000000,Casablanca,33.5731,-7.5898,21.01,21.33,83.0,1009.0,2.06,320.0,40.0,,Mist,mist,2.0,121.85,0.4,1.6,85.79,3.24,12.28,29.71,0.66,raw_collecte_principale.csv
2026-04-27 10:43:17.000000,Fes,34.0331,-5.0003,22.08,22.12,68.0,1010.0,4.12,70.0,0.0,,Clear,clear sky,2.0,94.84,0.06,0.31,84.78,0.08,8.96,46.46,0.72,raw_collecte_principale.csv
2026-04-27 10:43:11.000000,Marrakech,31.6295,-7.9811,20.98,20.91,68.0,1009.0,3.09,280.0,0.0,,Clear,clear sky,3.0,109.79,0.59,2.78,81.05,0.71,14.07,56.3,6.25,raw_collecte_principale.csv
2026-04-27 10:43:04.000000,Rabat,34.0209,-6.8416,20.37,21.07,100.0,1009.0,1.54,310.0,40.0,,Clouds,scattered clouds,2.0,119.02,0.79,2.83,83.81,3.47,10.42,24.61,1.04,raw_collecte_principale.csv
2026-04-27 11:43:24.000000,Casablanca,33.5731,-7.5898,22.01,22.17,73.0,1009.0,3.09,310.0,40.0,,Clouds,scattered clouds,2.0,118.6,0.23,1.01,96.66,4.44,13.73,31.46,0.43,raw_collecte_principale.csv
2026-04-27 11:43:46.000000,Fes,34.0331,-5.0003,24.08,24.11,60.0,1009.0,5.14,80.0,0.0,,Clear,clear sky,2.0,93.19,0.04,0.22,87.35,0.07,9.53,49.55,0.6,raw_collecte_principale.csv
2026-04-27 11:43:39.000000,Marrakech,31.6295,-7.9811,21.98,22.01,68.0,1009.0,3.6,270.0,0.0,,Clear,clear sky,3.0,107.58,0.37,1.51,88.37,0.52,13.55,56.3,4.01,raw_collecte_principale.csv
2026-04-27 11:43:32.000000,Rabat,34.0209,-6.8416,23.37,23.93,83.0,1009.0,2.06,320.0,40.0,,Clouds,scattered clouds,2.0,117.58,0.4,1.76,98.25,4.55,13.73,31.88,0.75,raw_collecte_principale.csv
2026-04-27 12:43:52.000000,Casablanca,33.5731,-7.5898,22.01,22.17,73.0,1008.0,4.12,320.0,40.0,,Clouds,scattered clouds,3.0,116.4,0.16,0.76,104.95,5.58,14.96,32.12,0.28,raw_collecte_principale.csv
2026-04-27 12:44:12.000000,Fes,34.0331,-5.0003,25.08,25.13,57.0,1008.0,4.63,80.0,0.0,,Clear,clear sky,2.0,91.94,0.04,0.19,88.69,0.07,9.5,49.57,0.55,raw_collecte_principale.csv
2026-04-27 12:44:06.000000,Marrakech,31.6295,-7.9811,24.98,25.13,61.0,1008.0,3.6,290.0,0.0,,Clear,clear sky,3.0,105.31,0.18,0.77,94.5,0.42,12.97,53.66,2.74,raw_collecte_principale.csv
2026-04-27 12:43:59.000000,Rabat,34.0209,-6.8416,24.37,24.9,78.0,1008.0,2.57,300.0,40.0,,Clouds,scattered clouds,3.0,117.25,0.23,1.24,108.15,5.59,16.9,36.7,0.57,raw_collecte_principale.csv
2026-04-27 13:44:20.000000,Casablanca,33.5731,-7.5898,22.01,22.17,73.0,1008.0,4.12,320.0,40.0,,Clouds,scattered clouds,3.0,115.45,0.12,0.64,111.69,6.03,14.2,30.36,0.12,raw_collecte_principale.csv
2026-04-27 13:44:42.000000,Fes,34.0331,-5.0003,25.08,25.13,57.0,1007.0,4.63,80.0,0.0,,Clear,clear sky,3.0,92.11,0.03,0.17,91.06,0.06,10.52,55.58,0.45,raw_collecte_principale.csv
2026-04-27 13:44:34.000000,Marrakech,31.6295,-7.9811,25.02,25.17,61.0,1007.0,4.12,270.0,0.0,,Clear,clear sky,3.0,104.13,0.07,0.29,100.63,0.3,11.37,51.83,1.23,raw_collecte_principale.csv
2026-04-27 13:44:26.000000,Rabat,34.0209,-6.8416,24.37,24.77,73.0,1008.0,2.57,290.0,40.0,,Clouds,scattered clouds,3.0,115.81,0.1,1.15,110.34,6.08,15.79,33.62,0.29,raw_collecte_principale.csv
2026-04-27 14:44:49.000000,Casablanca,33.5731,-7.5898,22.01,22.17,73.0,1008.0,4.12,310.0,40.0,,Clouds,scattered clouds,3.0,112.96,0.07,0.61,110.49,4.99,11.55,26.34,0.08,raw_collecte_principale.csv
2026-04-27 14:45:10.000000,Fes,34.0331,-5.0003,27.08,27.49,50.0,1006.0,4.12,50.0,75.0,,Clouds,broken clouds,3.0,91.86,0.02,0.15,92.95,0.06,10.47,54.52,0.4,raw_collecte_principale.csv
2026-04-27 14:45:03.000000,Marrakech,31.6295,-7.9811,27.02,27.44,50.0,1006.0,4.12,280.0,20.0,,Clouds,few clouds,3.0,101.87,0.05,0.21,102.96,0.31,7.65,33.57,0.53,raw_collecte_principale.csv
2026-04-27 14:44:57.000000,Rabat,34.0209,-6.8416,24.37,24.66,69.0,1008.0,3.09,300.0,40.0,,Clouds,scattered clouds,3.0,113.62,0.1,0.98,110.81,5.38,14.67,31.78,0.27,raw_collecte_principale.csv
2026-04-27 15:45:18.000000,Casablanca,33.5731,-7.5898,22.01,22.17,73.0,1007.0,4.12,310.0,40.0,,Clouds,scattered clouds,3.0,113.45,0.04,0.74,109.53,4.89,10.77,23.78,0.06,raw_collecte_principale.csv
2026-04-27 15:45:39.000000,Fes,34.0331,-5.0003,26.08,26.08,50.0,1005.0,3.09,60.0,75.0,,Thunderstorm,thunderstorm,2.0,91.33,0.02,0.16,93.28,0.05,9.38,48.14,0.4,raw_collecte_principale.csv
2026-04-27 15:45:32.000000,Marrakech,31.6295,-7.9811,27.98,28.52,51.0,1006.0,4.63,270.0,40.0,,Clouds,scattered clouds,3.0,102.19,0.05,0.24,102.74,0.41,6.75,27.57,0.46,raw_collecte_principale.csv
2026-04-27 15:45:25.000000,Rabat,34.0209,-6.8416,24.35,24.51,64.0,1007.0,3.09,300.0,88.0,,Clouds,overcast clouds,3.0,113.18,0.05,1.22,109.21,5.5,14.07,29.25,0.25,raw_collecte_principale.csv
2026-04-27 18:48:07.000000,Casablanca,33.5731,-7.5898,20.78,20.95,78.0,1007.0,3.09,340.0,40.0,,Clouds,scattered clouds,3.0,117.33,0.01,1.2,102.91,4.0,9.77,23.62,0.24,raw_collecte_principale.csv
2026-04-27 18:48:36.000000,Fes,34.0331,-5.0003,26.08,26.08,53.0,1005.0,2.06,80.0,75.0,,Thunderstorm,thunderstorm,2.0,93.26,0.05,1.38,72.3,0.19,7.89,31.61,1.52,raw_collecte_principale.csv
2026-04-27 18:48:23.000000,Marrakech,31.6295,-7.9811,23.98,24.0,60.0,1007.0,8.23,290.0,75.0,,Rain,moderate rain,2.0,109.23,0.04,0.86,97.24,0.92,7.3,23.4,0.6,raw_collecte_principale.csv
2026-04-27 18:48:14.000000,Rabat,34.0209,-6.8416,24.37,24.35,57.0,1006.0,3.6,350.0,80.0,,Clouds,broken clouds,2.0,121.94,0.07,3.43,99.66,6.93,15.83,28.06,0.74,raw_collecte_principale.csv
2026-04-27 19:48:53.000000,Casablanca,33.5731,-7.5898,20.78,20.95,78.0,1008.0,2.68,340.0,40.0,,Clouds,scattered clouds,2.0,117.52,0.0,1.32,99.48,3.45,9.66,23.79,0.37,raw_collecte_principale.csv
2026-04-27 19:49:53.000000,Fes,34.0331,-5.0003,23.08,23.35,73.0,1007.0,3.09,90.0,75.0,,Thunderstorm,thunderstorm,2.0,92.88,0.01,1.75,66.18,0.22,7.16,26.97,1.86,raw_collecte_principale.csv
2026-04-27 19:49:44.000000,Marrakech,31.6295,-7.9811,21.98,21.9,64.0,1009.0,6.17,290.0,75.0,,Rain,moderate rain,2.0,109.73,0.01,1.14,92.53,0.94,6.93,20.62,0.62,raw_collecte_principale.csv
2026-04-27 19:49:36.000000,Rabat,34.0209,-6.8416,22.37,22.44,68.0,1007.0,2.06,320.0,8.0,,Clear,clear sky,2.0,123.3,0.02,3.9,94.25,6.62,15.35,26.86,0.84,raw_collecte_principale.csv
2026-04-27 20:50:01.000000,Casablanca,33.5731,-7.5898,20.01,20.23,83.0,1009.0,3.6,300.0,40.0,,Rain,light rain,2.0,118.77,0.0,1.41,96.77,2.93,9.85,24.56,0.54,raw_collecte_principale.csv
2026-04-27 20:50:28.000000,Fes,34.0331,-5.0003,22.08,22.25,73.0,1007.0,3.09,120.0,75.0,,Thunderstorm,thunderstorm,2.0,94.29,0.0,1.98,61.62,0.21,6.6,23.28,1.93,raw_collecte_principale.csv
2026-04-27 20:50:18.000000,Marrakech,31.6295,-7.9811,19.98,19.94,73.0,1010.0,4.63,260.0,75.0,,Rain,moderate rain,2.0,111.61,0.0,1.31,89.9,0.91,6.64,18.75,0.65,raw_collecte_principale.csv
2026-04-27 20:50:11.000000,Rabat,34.0209,-6.8416,20.37,20.63,83.0,1008.0,1.54,250.0,6.0,,Clear,clear sky,2.0,125.63,0.0,3.86,90.91,5.67,15.05,26.21,0.91,raw_collecte_principale.csv
2026-04-27 22:43:08.000000,Casablanca,33.5731,-7.5898,20.0,20.22,83.0,1012.0,2.06,210.0,38.0,,Rain,moderate rain,2.0,119.11,0.0,1.44,91.88,2.35,10.15,25.46,0.65,raw_collecte_principale.csv
2026-04-27 22:43:38.000000,Fes,34.0331,-5.0003,22.08,22.12,68.0,1007.0,3.6,350.0,75.0,,Thunderstorm,thunderstorm,1.0,94.93,0.0,2.21,55.24,0.16,6.0,18.69,1.1,raw_collecte_principale.csv
2026-04-27 22:43:27.000000,Marrakech,31.6295,-7.9811,17.98,17.84,77.0,1012.0,4.63,280.0,75.0,,Rain,moderate rain,2.0,112.99,0.0,1.36,86.11,0.8,6.28,16.91,0.64,raw_collecte_principale.csv
2026-04-27 22:43:17.000000,Rabat,34.0209,-6.8416,20.37,20.92,94.0,1009.0,5.66,210.0,3.0,,Rain,light rain,2.0,126.42,0.0,3.09,87.29,4.14,14.14,23.84,0.75,raw_collecte_principale.csv
2026-04-28 09:21:31.000000,Casablanca,33.5731,-7.5898,18.95,18.91,77.0,1010.0,1.54,200.0,75.0,,Clouds,broken clouds,2.0,116.86,0.02,1.18,90.94,0.79,4.87,13.67,0.4,raw_collecte_principale.csv
2026-04-28 09:21:52.000000,Fes,34.0331,-5.0003,19.08,19.05,77.0,1011.0,5.66,260.0,0.0,,Clear,clear sky,1.0,97.97,0.11,2.14,44.78,0.27,6.14,14.06,0.69,raw_collecte_principale.csv
2026-04-28 09:21:44.000000,Marrakech,31.6295,-7.9811,14.98,14.99,94.0,1012.0,2.06,280.0,75.0,,Clouds,broken clouds,2.0,111.33,0.01,1.03,85.29,0.41,3.93,9.88,0.37,raw_collecte_principale.csv
2026-04-28 09:21:37.000000,Rabat,34.0209,-6.8416,19.37,19.66,88.0,1010.0,4.12,190.0,75.0,,Mist,mist,2.0,117.15,0.03,2.09,83.94,2.16,5.89,14.97,0.45,raw_collecte_principale.csv
2026-04-28 10:21:58.000000,Casablanca,33.5731,-7.5898,20.0,19.96,73.0,1011.0,1.54,260.0,75.0,,Clouds,broken clouds,2.0,116.09,0.04,1.04,92.62,0.88,4.82,13.17,0.38,raw_collecte_principale.csv
2026-04-28 10:22:18.000000,Fes,34.0331,-5.0003,19.08,19.05,77.0,1011.0,4.63,270.0,40.0,,Clouds,scattered clouds,1.0,100.12,0.17,1.61,53.39,0.32,5.58,12.22,0.53,raw_collecte_principale.csv
2026-04-28 10:22:11.000000,Marrakech,31.6295,-7.9811,15.0,14.85,88.0,1012.0,1.54,270.0,75.0,,Clouds,broken clouds,2.0,111.18,0.02,1.08,85.46,0.42,3.81,9.54,0.36,raw_collecte_principale.csv
2026-04-28 10:22:05.000000,Rabat,34.0209,-6.8416,21.37,21.6,78.0,1010.0,3.09,210.0,75.0,,Clouds,broken clouds,2.0,116.24,0.09,1.89,86.15,2.2,4.96,12.67,0.41,raw_collecte_principale.csv
2026-04-28 11:22:28.000000,Casablanca,33.5731,-7.5898,19.99,19.92,72.0,1011.0,1.34,260.0,96.0,,Clouds,overcast clouds,2.0,115.8,0.06,0.79,95.45,0.94,4.64,12.45,0.33,raw_collecte_principale.csv
2026-04-28 11:22:49.000000,Fes,34.0331,-5.0003,21.08,21.02,68.0,1011.0,2.57,280.0,40.0,,Rain,light rain,2.0,104.28,0.07,0.72,77.29,0.36,4.6,9.36,0.31,raw_collecte_principale.csv
2026-04-28 11:22:42.000000,Marrakech,31.6295,-7.9811,14.98,14.99,94.0,1012.0,1.54,260.0,75.0,,Clouds,broken clouds,2.0,110.53,0.04,1.01,86.25,0.43,3.58,8.82,0.34,raw_collecte_principale.csv
2026-04-28 11:22:34.000000,Rabat,34.0209,-6.8416,22.37,22.7,78.0,1011.0,3.09,260.0,75.0,,Clouds,broken clouds,2.0,115.2,0.07,1.54,89.66,2.09,4.08,10.48,0.38,raw_collecte_principale.csv
2026-04-28 12:22:56.000000,Casablanca,33.5731,-7.5898,21.84,21.86,68.0,1011.0,2.57,300.0,75.0,,Clouds,broken clouds,2.0,114.5,0.06,0.63,96.66,1.01,4.66,12.42,0.33,raw_collecte_principale.csv
2026-04-28 12:23:16.000000,Fes,34.0331,-5.0003,22.08,22.01,64.0,1011.0,2.57,50.0,40.0,,Rain,light rain,2.0,104.42,0.06,0.52,79.66,0.32,4.23,7.94,0.31,raw_collecte_principale.csv
2026-04-28 12:23:09.000000,Marrakech,31.6295,-7.9811,17.98,17.97,82.0,1012.0,2.06,240.0,75.0,,Clouds,broken clouds,2.0,109.65,0.05,0.95,86.85,0.45,3.32,7.97,0.34,raw_collecte_principale.csv
2026-04-28 12:23:03.000000,Rabat,34.0209,-6.8416,22.37,22.7,78.0,1010.0,2.57,260.0,75.0,,Clouds,broken clouds,2.0,113.79,0.07,1.32,91.28,2.08,3.68,9.43,0.39,raw_collecte_principale.csv
2026-04-28 13:23:22.000000,Casablanca,33.5731,-7.5898,22.01,22.04,68.0,1011.0,3.6,320.0,75.0,,Clouds,broken clouds,2.0,113.38,0.06,0.53,97.63,1.06,4.6,12.16,0.33,raw_collecte_principale.csv
2026-04-28 13:23:40.000000,Fes,34.0331,-5.0003,21.08,21.25,77.0,1010.0,3.6,330.0,40.0,,Clouds,scattered clouds,2.0,104.0,0.05,0.4,79.89,0.28,3.78,6.67,0.33,raw_collecte_principale.csv
2026-04-28 13:23:34.000000,Marrakech,31.6295,-7.9811,18.98,18.94,77.0,1011.0,2.57,260.0,75.0,,Clouds,broken clouds,2.0,109.12,0.06,0.87,87.37,0.49,3.08,7.29,0.34,raw_collecte_principale.csv
2026-04-28 13:23:28.000000,Rabat,34.0209,-6.8416,22.37,22.7,78.0,1010.0,3.09,280.0,75.0,,Clouds,broken clouds,2.0,112.63,0.07,1.18,92.81,2.19,3.58,8.99,0.4,raw_collecte_principale.csv
2026-04-28 14:23:47.000000,Casablanca,33.5731,-7.5898,22.01,22.04,68.0,1010.0,4.12,320.0,75.0,,Clouds,broken clouds,2.0,114.07,0.06,0.55,99.26,0.96,2.97,7.67,0.29,raw_collecte_principale.csv
2026-04-28 14:24:05.000000,Fes,34.0331,-5.0003,22.08,22.12,68.0,1009.0,3.09,10.0,75.0,,Clouds,broken clouds,2.0,100.14,0.04,0.18,89.28,0.23,4.92,11.2,0.37,raw_collecte_principale.csv
2026-04-28 14:23:59.000000,Marrakech,31.6295,-7.9811,19.98,19.94,73.0,1011.0,3.09,270.0,75.0,,Clouds,broken clouds,2.0,108.48,0.08,0.67,90.43,0.51,3.37,8.11,0.32,raw_collecte_principale.csv
2026-04-28 14:23:53.000000,Rabat,34.0209,-6.8416,22.37,22.57,73.0,1010.0,4.12,290.0,75.0,,Clouds,broken clouds,2.0,112.3,0.09,0.8,95.45,1.61,2.68,6.59,0.34,raw_collecte_principale.csv
2026-04-28 15:24:13.000000,Casablanca,33.5731,-7.5898,20.01,20.08,77.0,1010.0,4.12,330.0,75.0,,Clouds,broken clouds,3.0,112.77,0.05,0.45,100.05,0.99,3.06,7.61,0.27,raw_collecte_principale.csv
2026-04-28 15:24:34.000000,Fes,34.0331,-5.0003,23.08,23.11,64.0,1008.0,3.09,320.0,75.0,,Clouds,broken clouds,2.0,99.81,0.03,0.17,89.34,0.22,4.48,10.14,0.35,raw_collecte_principale.csv
2026-04-28 15:24:27.000000,Marrakech,31.6295,-7.9811,20.98,20.91,68.0,1010.0,2.57,310.0,75.0,,Clouds,broken clouds,2.0,107.29,0.07,0.5,91.45,0.56,3.37,8.2,0.3,raw_collecte_principale.csv
2026-04-28 15:24:20.000000,Rabat,34.0209,-6.8416,22.37,22.57,73.0,1010.0,4.12,270.0,75.0,,Clouds,broken clouds,2.0,110.92,0.08,0.81,96.68,1.99,2.78,6.55,0.33,raw_collecte_principale.csv
2026-04-28 16:24:40.000000,Casablanca,33.5731,-7.5898,19.01,19.11,82.0,1010.0,4.63,330.0,75.0,,Clouds,broken clouds,3.0,112.24,0.05,0.44,100.55,1.1,3.61,8.23,0.27,raw_collecte_principale.csv
2026-04-28 16:25:00.000000,Fes,34.0331,-5.0003,23.08,23.01,60.0,1007.0,3.09,340.0,75.0,,Rain,light rain,2.0,99.96,0.03,0.19,88.58,0.22,4.15,9.05,0.35,raw_collecte_principale.csv
2026-04-28 16:24:53.000000,Marrakech,31.6295,-7.9811,21.98,21.9,64.0,1009.0,2.57,250.0,75.0,,Clouds,broken clouds,2.0,106.27,0.07,0.44,91.45,0.61,3.51,8.49,0.31,raw_collecte_principale.csv
2026-04-28 16:24:47.000000,Rabat,34.0209,-6.8416,21.37,21.6,78.0,1009.0,3.6,300.0,75.0,,Clouds,broken clouds,2.0,110.4,0.08,0.95,97.69,2.52,3.24,7.01,0.33,raw_collecte_principale.csv
2026-04-28 19:24:29.000000,Casablanca,33.5731,-7.5898,18.95,18.91,77.0,1010.0,3.09,330.0,75.0,,Clouds,broken clouds,3.0,114.25,0.03,1.05,100.08,1.94,7.47,13.49,0.42,raw_collecte_principale.csv
2026-04-28 19:24:57.000000,Fes,34.0331,-5.0003,21.08,21.15,73.0,1009.0,4.12,340.0,75.0,,Rain,light rain,2.0,102.57,0.04,0.58,85.2,0.24,3.08,5.9,0.54,raw_collecte_principale.csv
2026-04-28 19:24:49.000000,Marrakech,31.6295,-7.9811,19.98,19.81,68.0,1009.0,3.09,240.0,75.0,,Clouds,broken clouds,2.0,108.92,0.03,0.95,91.25,0.64,3.24,7.02,0.4,raw_collecte_principale.csv
2026-04-28 19:24:40.000000,Rabat,34.0209,-6.8416,19.37,19.66,88.0,1010.0,2.57,280.0,100.0,,Clouds,overcast clouds,2.0,114.7,0.04,2.49,97.66,3.62,7.35,12.6,0.53,raw_collecte_principale.csv
2026-04-28 20:25:06.000000,Casablanca,33.5731,-7.5898,18.44,18.43,80.0,1011.0,2.68,330.0,75.0,,Clouds,broken clouds,2.0,113.72,0.01,1.28,97.7,2.13,8.19,14.96,0.5,raw_collecte_principale.csv
2026-04-28 20:25:36.000000,Fes,34.0331,-5.0003,20.08,20.15,77.0,1010.0,3.6,330.0,75.0,,Rain,moderate rain,2.0,102.01,0.01,1.15,74.82,0.26,2.92,5.33,0.96,raw_collecte_principale.csv
2026-04-28 20:25:27.000000,Marrakech,31.6295,-7.9811,19.98,19.81,68.0,1009.0,2.06,250.0,75.0,,Clouds,broken clouds,2.0,108.72,0.01,1.15,88.88,0.59,2.91,6.57,0.44,raw_collecte_principale.csv
2026-04-28 20:25:15.000000,Rabat,34.0209,-6.8416,18.37,18.72,94.0,1010.0,1.54,260.0,100.0,,Clouds,overcast clouds,2.0,114.3,0.01,2.71,95.17,3.5,8.13,14.43,0.62,raw_collecte_principale.csv
2026-04-28 21:25:48.000000,Casablanca,33.5731,-7.5898,17.89,17.88,82.0,1011.0,2.06,320.0,93.0,,Clouds,overcast clouds,2.0,114.16,0.0,1.41,95.68,2.28,8.48,16.27,0.59,raw_collecte_principale.csv
2026-04-28 21:26:18.000000,Fes,34.0331,-5.0003,19.08,19.34,88.0,1010.0,2.57,320.0,75.0,,Rain,light rain,2.0,102.59,0.0,1.73,62.6,0.27,2.91,5.1,1.25,raw_collecte_principale.csv
2026-04-28 21:26:08.000000,Marrakech,31.6295,-7.9811,19.98,19.81,68.0,1010.0,2.06,240.0,75.0,,Clouds,broken clouds,2.0,109.56,0.0,1.3,87.53,0.58,2.96,7.01,0.52,raw_collecte_principale.csv
2026-04-28 21:25:59.000000,Rabat,34.0209,-6.8416,18.37,18.72,94.0,1011.0,2.06,270.0,100.0,,Clouds,overcast clouds,2.0,114.98,0.0,2.68,93.16,3.3,8.38,15.65,0.75,raw_collecte_principale.csv
2026-04-28 22:26:31.000000,Casablanca,33.5731,-7.5898,17.89,17.88,82.0,1012.0,1.54,290.0,88.0,,Clouds,overcast clouds,2.0,114.59,0.0,1.46,94.33,2.37,8.41,17.07,0.64,raw_collecte_principale.csv
2026-04-28 22:27:05.000000,Fes,34.0331,-5.0003,19.08,19.5,94.0,1011.0,2.57,320.0,75.0,,Clouds,broken clouds,1.0,103.02,0.0,2.01,54.47,0.27,2.88,4.94,1.39,raw_collecte_principale.csv
2026-04-28 22:26:55.000000,Marrakech,31.6295,-7.9811,18.98,18.71,68.0,1011.0,4.63,310.0,75.0,,Clouds,broken clouds,2.0,110.84,0.0,1.38,86.47,0.57,3.13,7.57,0.62,raw_collecte_principale.csv
2026-04-28 22:26:42.000000,Rabat,34.0209,-6.8416,18.37,18.72,94.0,1011.0,0.0,0.0,100.0,,Clouds,overcast clouds,2.0,115.57,0.0,2.58,91.42,3.12,8.32,16.18,0.85,raw_collecte_principale.csv
2026-04-28 23:27:15.000000,Casablanca,33.5731,-7.5898,17.89,17.88,82.0,1012.0,1.54,260.0,85.0,,Clouds,overcast clouds,2.0,114.06,0.0,1.48,92.36,2.49,8.15,17.46,0.65,raw_collecte_principale.csv
2026-04-28 23:27:54.000000,Fes,34.0331,-5.0003,18.08,18.55,100.0,1011.0,4.12,330.0,75.0,,Rain,light rain,1.0,101.93,0.0,2.12,48.27,0.25,2.84,4.87,1.55,raw_collecte_principale.csv
2026-04-28 23:27:43.000000,Marrakech,31.6295,-7.9811,17.98,17.71,72.0,1012.0,3.6,290.0,75.0,,Clouds,broken clouds,2.0,110.17,0.0,1.41,84.62,0.55,3.22,7.75,0.7,raw_collecte_principale.csv
2026-04-28 23:27:28.000000,Rabat,34.0209,-6.8416,18.37,18.56,88.0,1011.0,1.54,240.0,100.0,,Rain,light rain,2.0,115.1,0.0,2.54,88.71,2.92,8.1,15.65,0.92,raw_collecte_principale.csv
2026-04-29 14:49:31.000000,Casablanca,33.5731,-7.5898,20.01,19.97,73.0,1012.0,2.57,360.0,40.0,,Clouds,scattered clouds,2.0,108.14,0.06,0.54,96.46,2.14,3.99,9.42,0.29,raw_collecte_principale.csv
2026-04-29 14:49:50.000000,Fes,34.0331,-5.0003,19.08,19.5,94.0,1010.0,3.6,320.0,75.0,,Rain,light rain,2.0,102.07,0.05,0.27,82.54,0.39,3.03,4.74,0.48,raw_collecte_principale.csv
2026-04-29 14:49:44.000000,Marrakech,31.6295,-7.9811,20.98,20.91,68.0,1009.0,2.06,0.0,75.0,,Clouds,broken clouds,2.0,103.33,0.06,0.22,94.75,0.19,2.35,6.51,0.34,raw_collecte_principale.csv
2026-04-29 14:49:37.000000,Rabat,34.0209,-6.8416,20.37,20.63,83.0,1012.0,2.06,300.0,75.0,,Clouds,broken clouds,2.0,109.32,0.12,1.1,97.38,3.51,4.3,6.84,0.29,raw_collecte_principale.csv
2026-04-29 15:49:58.000000,Casablanca,33.5731,-7.5898,20.01,19.84,68.0,1011.0,2.57,10.0,40.0,,Clouds,scattered clouds,2.0,106.98,0.06,0.57,96.34,2.25,3.82,9.17,0.3,raw_collecte_principale.csv
2026-04-29 15:50:23.000000,Fes,34.0331,-5.0003,19.08,19.34,88.0,1010.0,3.09,310.0,75.0,,Clouds,broken clouds,2.0,102.23,0.05,0.28,83.76,0.5,3.36,4.85,0.43,raw_collecte_principale.csv
2026-04-29 15:50:15.000000,Marrakech,31.6295,-7.9811,20.98,20.8,64.0,1009.0,2.06,10.0,75.0,,Clouds,broken clouds,2.0,102.14,0.06,0.25,93.85,0.26,2.56,6.87,0.36,raw_collecte_principale.csv
2026-04-29 15:50:08.000000,Rabat,34.0209,-6.8416,21.37,21.6,78.0,1012.0,2.57,310.0,75.0,,Clouds,broken clouds,2.0,108.9,0.11,1.12,98.33,3.46,4.38,6.94,0.3,raw_collecte_principale.csv
2026-04-29 16:50:30.000000,Casablanca,33.5731,-7.5898,20.0,19.83,68.0,1011.0,2.57,20.0,40.0,,Clouds,scattered clouds,2.0,106.99,0.07,0.71,96.94,2.61,3.81,9.37,0.32,raw_collecte_principale.csv
2026-04-29 16:50:49.000000,Fes,34.0331,-5.0003,20.08,20.28,82.0,1010.0,4.12,310.0,75.0,,Clouds,broken clouds,2.0,103.03,0.06,0.41,83.63,0.66,3.87,5.13,0.45,raw_collecte_principale.csv
2026-04-29 16:50:42.000000,Marrakech,31.6295,-7.9811,21.98,21.8,60.0,1009.0,3.09,20.0,75.0,,Clouds,broken clouds,2.0,103.89,0.08,0.34,94.78,0.38,3.0,7.83,0.43,raw_collecte_principale.csv
2026-04-29 16:50:36.000000,Rabat,34.0209,-6.8416,20.37,20.47,77.0,1011.0,3.09,300.0,40.0,,Clouds,scattered clouds,2.0,108.92,0.1,1.42,97.84,3.51,4.38,7.28,0.39,raw_collecte_principale.csv
2026-04-29 17:50:57.000000,Casablanca,33.5731,-7.5898,20.0,19.83,68.0,1011.0,3.09,30.0,40.0,,Clouds,scattered clouds,2.0,107.05,0.1,0.93,97.15,3.17,3.91,9.96,0.37,raw_collecte_principale.csv
2026-04-29 17:51:18.000000,Fes,34.0331,-5.0003,19.08,19.34,88.0,1010.0,3.6,300.0,75.0,,Clouds,broken clouds,2.0,103.99,0.09,0.68,81.33,0.79,4.4,5.5,0.58,raw_collecte_principale.csv
2026-04-29 17:51:11.000000,Marrakech,31.6295,-7.9811,21.98,21.8,60.0,1008.0,2.06,330.0,75.0,,Clouds,broken clouds,2.0,105.34,0.1,0.5,95.11,0.56,3.58,9.25,0.55,raw_collecte_principale.csv
2026-04-29 17:51:04.000000,Rabat,34.0209,-6.8416,20.37,20.47,77.0,1011.0,2.57,330.0,40.0,,Clouds,scattered clouds,2.0,109.37,0.08,2.04,95.73,3.69,4.32,7.77,0.55,raw_collecte_principale.csv
2026-04-29 18:51:25.000000,Casablanca,33.5731,-7.5898,19.49,19.32,70.0,1012.0,3.09,360.0,40.0,,Clouds,scattered clouds,2.0,107.36,0.1,1.21,96.62,3.66,3.96,10.41,0.42,raw_collecte_principale.csv
2026-04-29 18:51:46.000000,Fes,34.0331,-5.0003,19.08,19.34,88.0,1011.0,3.6,300.0,75.0,,Clouds,broken clouds,2.0,104.64,0.08,0.99,78.82,0.82,4.62,5.65,0.68,raw_collecte_principale.csv
2026-04-29 18:51:39.000000,Marrakech,31.6295,-7.9811,22.0,21.82,60.0,1009.0,2.57,90.0,75.0,,Clouds,broken clouds,2.0,106.29,0.09,0.69,94.5,0.74,4.04,10.63,0.65,raw_collecte_principale.csv
2026-04-29 18:51:32.000000,Rabat,34.0209,-6.8416,19.37,19.5,82.0,1012.0,2.57,350.0,40.0,,Clouds,scattered clouds,2.0,109.82,0.04,2.6,93.25,3.78,4.2,8.09,0.68,raw_collecte_principale.csv
2026-04-29 19:51:55.000000,Casablanca,33.5731,-7.5898,18.95,18.78,72.0,1013.0,2.57,30.0,40.0,,Clouds,scattered clouds,2.0,107.85,0.04,1.71,94.0,4.0,3.95,10.83,0.53,raw_collecte_principale.csv
2026-04-29 19:52:23.000000,Fes,34.0331,-5.0003,18.08,18.4,94.0,1011.0,3.6,300.0,75.0,,Clouds,broken clouds,2.0,104.83,0.02,1.51,73.7,0.79,4.64,5.67,0.93,raw_collecte_principale.csv
2026-04-29 19:52:16.000000,Marrakech,31.6295,-7.9811,20.98,20.8,64.0,1009.0,2.06,100.0,75.0,,Clouds,broken clouds,2.0,105.6,0.03,0.98,91.16,0.84,4.2,11.48,0.75,raw_collecte_principale.csv
2026-04-29 19:52:07.000000,Rabat,34.0209,-6.8416,19.37,19.5,82.0,1012.0,2.06,350.0,40.0,,Clouds,scattered clouds,2.0,110.21,0.01,3.05,90.4,3.82,4.09,8.26,0.78,raw_collecte_principale.csv
2026-04-29 20:52:30.000000,Casablanca,33.5731,-7.5898,18.44,18.3,75.0,1014.0,2.57,40.0,40.0,,Clouds,scattered clouds,2.0,109.56,0.0,2.12,90.99,4.15,4.01,11.48,0.68,raw_collecte_principale.csv
2026-04-29 20:52:50.000000,Fes,34.0331,-5.0003,17.08,17.45,100.0,1013.0,2.57,260.0,75.0,,Clouds,broken clouds,2.0,105.59,0.0,1.92,69.57,0.77,4.6,5.67,1.35,raw_collecte_principale.csv
2026-04-29 20:52:44.000000,Marrakech,31.6295,-7.9811,20.98,20.91,68.0,1011.0,4.63,120.0,75.0,,Clouds,broken clouds,2.0,106.56,0.0,1.19,89.07,0.84,4.24,12.12,0.84,raw_collecte_principale.csv
2026-04-29 20:52:37.000000,Rabat,34.0209,-6.8416,18.37,18.56,88.0,1014.0,2.57,360.0,40.0,,Clouds,scattered clouds,2.0,111.65,0.0,3.33,87.91,3.89,4.06,8.42,0.83,raw_collecte_principale.csv
2026-04-30 09:24:44.000000,Casablanca,33.5731,-7.5898,18.95,18.78,72.0,1016.0,2.57,90.0,75.0,,Clouds,broken clouds,2.0,113.51,0.06,3.52,64.66,1.98,6.59,17.71,0.74,raw_collecte_principale.csv
2026-04-30 09:25:22.000000,Fes,34.0331,-5.0003,17.08,17.45,100.0,1016.0,2.06,350.0,75.0,,Clouds,broken clouds,1.0,100.52,0.24,1.93,43.63,0.18,3.03,5.44,0.7,raw_collecte_principale.csv
2026-04-30 09:25:10.000000,Marrakech,31.6295,-7.9811,15.98,15.93,88.0,1015.0,2.57,250.0,100.0,,Clouds,overcast clouds,2.0,108.83,0.07,2.75,69.68,0.46,4.2,13.72,2.08,raw_collecte_principale.csv
2026-04-30 09:24:56.000000,Rabat,34.0209,-6.8416,17.37,17.77,100.0,1016.0,2.57,20.0,40.0,,Clouds,scattered clouds,2.0,111.79,0.36,5.24,61.88,3.54,4.57,9.13,0.91,raw_collecte_principale.csv
2026-04-30 11:27:02.000000,Casablanca,33.5731,-7.5898,20.01,19.97,73.0,1016.0,3.09,50.0,40.0,,Clouds,scattered clouds,2.0,111.57,0.24,3.12,74.85,4.83,7.43,18.56,0.29,raw_collecte_principale.csv
2026-04-30 11:27:25.000000,Fes,34.0331,-5.0003,19.08,19.18,82.0,1015.0,2.06,50.0,75.0,,Clouds,broken clouds,2.0,102.16,0.06,0.96,70.54,0.21,2.78,5.92,0.76,raw_collecte_principale.csv
2026-04-30 11:27:17.000000,Marrakech,31.6295,-7.9811,17.98,17.97,82.0,1015.0,1.54,280.0,100.0,,Clouds,overcast clouds,2.0,108.52,0.46,2.28,77.85,0.51,4.0,12.71,2.49,raw_collecte_principale.csv
2026-04-30 11:27:10.000000,Rabat,34.0209,-6.8416,20.37,20.37,73.0,1016.0,2.57,320.0,75.0,,Clouds,broken clouds,2.0,111.39,0.35,4.37,74.17,5.5,4.9,9.38,0.64,raw_collecte_principale.csv
2026-04-30 12:27:35.000000,Casablanca,33.5731,-7.5898,20.01,19.84,68.0,1016.0,3.6,30.0,40.0,,Clouds,scattered clouds,2.0,110.12,0.27,2.82,79.16,5.83,7.74,18.92,0.2,raw_collecte_principale.csv
2026-04-30 12:28:01.000000,Fes,34.0331,-5.0003,19.08,19.34,88.0,1015.0,1.54,50.0,75.0,,Clouds,broken clouds,2.0,102.05,0.04,0.7,76.75,0.18,2.61,5.59,0.69,raw_collecte_principale.csv
2026-04-30 12:27:53.000000,Marrakech,31.6295,-7.9811,16.98,16.87,82.0,1015.0,2.57,280.0,100.0,,Clouds,overcast clouds,2.0,106.97,0.45,1.62,82.56,0.45,3.94,12.35,2.22,raw_collecte_principale.csv
2026-04-30 12:27:45.000000,Rabat,34.0209,-6.8416,21.37,21.23,64.0,1016.0,3.6,330.0,75.0,,Clouds,broken clouds,2.0,110.61,0.32,3.67,78.73,5.86,5.02,9.35,0.53,raw_collecte_principale.csv
2026-04-30 15:54:39.000000,Casablanca,33.5731,-7.5898,21.01,20.73,60.0,1016.0,4.12,40.0,40.0,,Clouds,scattered clouds,2.0,106.28,0.09,1.1,95.24,4.89,6.21,12.39,0.08,raw_collecte_principale.csv
2026-04-30 15:55:01.000000,Fes,34.0331,-5.0003,20.08,20.28,82.0,1014.0,2.57,310.0,75.0,,Clouds,broken clouds,2.0,101.2,0.03,0.51,80.75,0.22,1.91,3.26,0.54,raw_collecte_principale.csv
2026-04-30 15:54:54.000000,Marrakech,31.6295,-7.9811,22.98,23.0,64.0,1014.0,1.03,0.0,75.0,,Clouds,broken clouds,2.0,101.66,0.06,0.26,99.61,0.37,2.42,6.66,0.44,raw_collecte_principale.csv
2026-04-30 15:54:47.000000,Rabat,34.0209,-6.8416,21.37,21.34,68.0,1016.0,4.12,330.0,40.0,,Clouds,scattered clouds,2.0,106.69,0.09,1.54,92.41,4.82,4.48,7.81,0.38,raw_collecte_principale.csv
2026-04-30 16:55:07.000000,Casablanca,33.5731,-7.5898,20.78,20.48,60.0,1016.0,4.12,40.0,40.0,,Clouds,scattered clouds,2.0,106.16,0.07,1.3,95.29,5.01,5.81,10.9,0.09,raw_collecte_principale.csv
2026-04-30 16:55:25.000000,Fes,34.0331,-5.0003,20.08,20.28,82.0,1014.0,2.57,320.0,75.0,,Clouds,broken clouds,2.0,101.17,0.04,0.73,76.13,0.29,1.98,3.19,0.6,raw_collecte_principale.csv
2026-04-30 16:55:19.000000,Marrakech,31.6295,-7.9811,23.98,23.82,53.0,1013.0,2.57,160.0,75.0,,Clouds,broken clouds,2.0,102.56,0.08,0.36,99.59,0.51,3.02,7.84,0.46,raw_collecte_principale.csv
2026-04-30 16:55:13.000000,Rabat,34.0209,-6.8416,20.37,20.13,64.0,1016.0,3.6,340.0,40.0,,Clouds,scattered clouds,2.0,106.35,0.1,1.73,92.64,4.57,4.12,7.25,0.4,raw_collecte_principale.csv
2026-04-30 17:55:33.000000,Casablanca,33.5731,-7.5898,20.0,19.62,60.0,1017.0,4.12,50.0,69.0,,Clouds,broken clouds,2.0,106.11,0.05,1.66,94.22,5.0,5.25,9.65,0.16,raw_collecte_principale.csv
2026-04-30 17:55:55.000000,Fes,34.0331,-5.0003,19.08,19.18,82.0,1014.0,3.6,310.0,75.0,,Clouds,broken clouds,2.0,101.56,0.06,1.1,69.15,0.34,2.15,3.33,0.72,raw_collecte_principale.csv
2026-04-30 17:55:48.000000,Marrakech,31.6295,-7.9811,24.98,24.84,50.0,1014.0,2.06,0.0,75.0,,Clouds,broken clouds,2.0,103.44,0.1,0.57,96.89,0.71,3.83,9.39,0.51,raw_collecte_principale.csv
2026-04-30 17:55:40.000000,Rabat,34.0209,-6.8416,20.37,20.13,64.0,1017.0,3.6,360.0,40.0,,Clouds,scattered clouds,2.0,106.96,0.12,2.12,92.94,4.42,3.73,6.69,0.46,raw_collecte_principale.csv
2026-04-30 18:56:03.000000,Casablanca,33.5731,-7.5898,20.0,19.73,64.0,1017.0,3.6,60.0,20.0,,Clouds,few clouds,2.0,106.83,0.02,1.99,93.14,4.94,4.68,8.84,0.22,raw_collecte_principale.csv
2026-04-30 18:56:25.000000,Fes,34.0331,-5.0003,20.08,20.15,77.0,1015.0,2.06,300.0,75.0,,Rain,light rain,2.0,102.11,0.07,1.37,64.11,0.36,2.25,3.46,0.78,raw_collecte_principale.csv
2026-04-30 18:56:18.000000,Marrakech,31.6295,-7.9811,23.98,23.82,53.0,1014.0,2.06,0.0,40.0,,Clouds,scattered clouds,2.0,104.15,0.08,0.84,92.85,0.87,4.36,10.33,0.54,raw_collecte_principale.csv
2026-04-30 18:56:10.000000,Rabat,34.0209,-6.8416,19.37,19.14,68.0,1017.0,3.09,340.0,40.0,,Clouds,scattered clouds,2.0,108.01,0.11,2.49,92.65,4.3,3.26,6.03,0.52,raw_collecte_principale.csv
2026-04-30 19:04:26.000000,Casablanca,33.5731,-7.5898,20.0,19.73,64.0,1017.0,3.6,60.0,20.0,,Clouds,few clouds,2.0,106.83,0.02,1.99,93.14,4.94,4.68,8.84,0.22,raw_collecte_principale.csv
2026-04-30 19:04:50.000000,Fes,34.0331,-5.0003,20.08,20.15,77.0,1015.0,2.06,300.0,75.0,,Rain,light rain,2.0,102.11,0.07,1.37,64.11,0.36,2.25,3.46,0.78,raw_collecte_principale.csv
2026-04-30 19:04:42.000000,Marrakech,31.6295,-7.9811,23.98,23.82,53.0,1014.0,2.06,0.0,40.0,,Clouds,scattered clouds,2.0,104.15,0.08,0.84,92.85,0.87,4.36,10.33,0.54,raw_collecte_principale.csv
2026-04-30 19:04:34.000000,Rabat,34.0209,-6.8416,19.37,19.14,68.0,1017.0,3.09,340.0,40.0,,Clouds,scattered clouds,2.0,108.01,0.11,2.49,92.65,4.3,3.26,6.03,0.52,raw_collecte_principale.csv
2026-04-30 20:04:57.000000,Casablanca,33.5731,-7.5898,18.95,18.68,68.0,1018.0,3.09,50.0,20.0,,Clouds,few clouds,2.0,106.57,0.01,2.27,91.12,4.84,4.17,8.78,0.33,raw_collecte_principale.csv
2026-04-30 20:05:16.000000,Fes,34.0331,-5.0003,20.08,20.15,77.0,1017.0,2.57,280.0,75.0,,Clouds,broken clouds,1.0,101.12,0.02,1.71,58.29,0.38,2.26,3.48,0.93,raw_collecte_principale.csv
2026-04-30 20:05:10.000000,Marrakech,31.6295,-7.9811,22.98,22.72,53.0,1015.0,1.54,0.0,40.0,,Clouds,scattered clouds,2.0,103.42,0.02,1.23,86.73,0.93,4.49,10.53,0.59,raw_collecte_principale.csv
2026-04-30 20:05:03.000000,Rabat,34.0209,-6.8416,18.34,18.11,72.0,1018.0,3.6,360.0,40.0,,Clouds,scattered clouds,2.0,108.26,0.04,2.97,90.64,4.24,2.85,5.47,0.61,raw_collecte_principale.csv
2026-04-30 21:05:24.000000,Casablanca,33.5731,-7.5898,17.89,17.61,72.0,1019.0,3.09,50.0,20.0,,Clouds,few clouds,2.0,107.75,0.0,2.45,89.81,4.78,3.95,9.33,0.5,raw_collecte_principale.csv
2026-04-30 21:05:44.000000,Fes,34.0331,-5.0003,18.08,18.24,88.0,1018.0,2.06,250.0,75.0,,Clouds,broken clouds,1.0,100.84,0.0,1.96,53.56,0.38,2.29,3.52,1.01,raw_collecte_principale.csv
2026-04-30 21:05:38.000000,Marrakech,31.6295,-7.9811,22.98,22.72,53.0,1017.0,2.06,150.0,40.0,,Clouds,scattered clouds,2.0,104.42,0.0,1.53,82.56,0.91,4.48,10.65,0.69,raw_collecte_principale.csv
2026-04-30 21:05:31.000000,Rabat,34.0209,-6.8416,17.37,17.17,77.0,1019.0,2.57,360.0,40.0,,Clouds,scattered clouds,2.0,109.72,0.0,3.31,88.6,4.27,2.7,5.34,0.69,raw_collecte_principale.csv
2026-04-30 22:05:51.000000,Casablanca,33.5731,-7.5898,17.89,17.61,72.0,1020.0,3.09,70.0,35.0,,Clouds,scattered clouds,2.0,109.13,0.0,2.52,88.94,4.57,3.86,9.76,0.61,raw_collecte_principale.csv
2026-04-30 22:06:10.000000,Fes,34.0331,-5.0003,17.08,17.14,88.0,1018.0,3.09,310.0,75.0,,Clouds,broken clouds,1.0,100.73,0.0,2.12,51.18,0.39,2.33,3.57,1.06,raw_collecte_principale.csv
2026-04-30 22:06:04.000000,Marrakech,31.6295,-7.9811,20.98,20.7,60.0,1018.0,3.6,30.0,40.0,,Clouds,scattered clouds,2.0,105.42,0.0,1.68,80.12,0.87,4.41,10.7,0.79,raw_collecte_principale.csv
2026-04-30 22:05:57.000000,Rabat,34.0209,-6.8416,15.37,15.26,88.0,1019.0,0.0,0.0,40.0,,Clouds,scattered clouds,2.0,110.66,0.0,3.38,87.14,4.28,2.69,5.44,0.69,raw_collecte_principale.csv
2026-04-30 23:06:18.000000,Casablanca,33.5731,-7.5898,17.89,17.61,72.0,1019.0,2.57,80.0,44.0,,Clouds,scattered clouds,2.0,109.53,0.0,2.57,86.93,4.05,3.85,10.1,0.68,raw_collecte_principale.csv
2026-04-30 23:06:39.000000,Fes,34.0331,-5.0003,17.08,16.98,82.0,1019.0,3.09,290.0,75.0,,Clouds,broken clouds,1.0,99.86,0.0,2.25,48.49,0.35,2.36,3.63,1.06,raw_collecte_principale.csv
2026-04-30 23:06:32.000000,Marrakech,31.6295,-7.9811,18.98,18.71,68.0,1018.0,4.63,40.0,40.0,,Clouds,scattered clouds,2.0,104.85,0.0,1.75,77.75,0.81,4.31,10.67,0.93,raw_collecte_principale.csv
2026-04-30 23:06:24.000000,Rabat,34.0209,-6.8416,13.37,13.22,94.0,1020.0,0.0,0.0,40.0,,Clouds,scattered clouds,2.0,110.25,0.0,3.5,83.6,3.97,2.77,5.65,0.69,raw_collecte_principale.csv
2026-05-01 11:32:49.000000,Casablanca,33.5731,-7.5898,20.0,19.62,60.0,1019.0,3.09,30.0,0.0,,Clear,clear sky,2.0,106.03,0.22,0.95,95.36,3.39,8.03,19.44,0.09,raw_collecte_principale.csv
2026-05-01 11:33:11.000000,Fes,34.0331,-5.0003,21.08,21.15,73.0,1018.0,3.09,60.0,0.0,,Clear,clear sky,2.0,97.41,0.08,0.3,83.29,0.15,2.48,3.32,0.36,raw_collecte_principale.csv
2026-05-01 11:33:04.000000,Marrakech,31.6295,-7.9811,20.98,20.91,68.0,1018.0,1.03,0.0,40.0,,Clouds,scattered clouds,2.0,102.74,0.14,0.65,87.19,0.42,4.82,11.84,0.64,raw_collecte_principale.csv
2026-05-01 11:32:57.000000,Rabat,34.0209,-6.8416,21.37,21.13,60.0,1019.0,2.06,360.0,10.0,,Clear,clear sky,2.0,107.13,0.44,1.8,97.15,5.34,7.82,12.35,0.07,raw_collecte_principale.csv
2026-05-01 12:33:19.000000,Casablanca,33.5731,-7.5898,21.01,20.63,56.0,1019.0,3.09,50.0,0.0,,Clear,clear sky,3.0,104.8,0.15,0.71,100.35,3.53,9.12,20.53,0.08,raw_collecte_principale.csv
2026-05-01 12:33:40.000000,Fes,34.0331,-5.0003,22.08,22.12,68.0,1017.0,2.06,40.0,40.0,,Clouds,scattered clouds,2.0,96.3,0.07,0.26,84.51,0.17,2.83,3.72,0.37,raw_collecte_principale.csv
2026-05-01 12:33:33.000000,Marrakech,31.6295,-7.9811,22.98,22.8,56.0,1017.0,2.06,0.0,40.0,,Clouds,scattered clouds,2.0,101.32,0.11,0.48,90.24,0.44,5.21,12.42,0.52,raw_collecte_principale.csv
2026-05-01 12:33:26.000000,Rabat,34.0209,-6.8416,21.37,21.23,64.0,1019.0,3.6,330.0,10.0,,Clear,clear sky,3.0,105.58,0.25,1.21,104.18,5.57,9.26,13.75,0.04,raw_collecte_principale.csv
2026-05-01 13:33:47.000000,Casablanca,33.5731,-7.5898,21.01,20.63,56.0,1019.0,3.6,40.0,0.0,,Clear,clear sky,3.0,105.81,0.11,0.55,103.15,3.1,8.36,17.28,0.06,raw_collecte_principale.csv
2026-05-01 13:34:07.000000,Fes,34.0331,-5.0003,24.08,24.01,56.0,1017.0,2.57,0.0,40.0,,Clouds,scattered clouds,2.0,97.17,0.06,0.24,88.02,0.18,3.03,4.01,0.32,raw_collecte_principale.csv
2026-05-01 13:34:00.000000,Marrakech,31.6295,-7.9811,23.98,23.92,57.0,1016.0,1.54,0.0,40.0,,Clouds,scattered clouds,2.0,101.35,0.09,0.35,98.81,0.44,4.58,10.82,0.33,raw_collecte_principale.csv
2026-05-01 13:33:53.000000,Rabat,34.0209,-6.8416,21.37,21.23,64.0,1019.0,4.63,330.0,70.0,,Clouds,broken clouds,3.0,105.29,0.16,0.79,107.99,4.94,8.19,12.06,0.02,raw_collecte_principale.csv
2026-05-01 14:34:14.000000,Casablanca,33.5731,-7.5898,20.01,19.74,64.0,1018.0,3.6,20.0,0.0,,Clear,clear sky,3.0,103.97,0.12,0.56,108.22,4.47,7.89,14.07,0.0,raw_collecte_principale.csv
2026-05-01 14:34:34.000000,Fes,34.0331,-5.0003,25.08,25.03,53.0,1016.0,2.57,50.0,40.0,,Clouds,scattered clouds,2.0,96.17,0.06,0.25,90.83,0.21,2.8,3.85,0.27,raw_collecte_principale.csv
2026-05-01 14:34:27.000000,Marrakech,31.6295,-7.9811,25.98,25.98,50.0,1015.0,2.57,0.0,40.0,,Clouds,scattered clouds,3.0,99.95,0.07,0.32,102.85,0.53,4.3,10.6,0.24,raw_collecte_principale.csv
2026-05-01 14:34:21.000000,Rabat,34.0209,-6.8416,21.37,21.13,60.0,1018.0,5.14,340.0,88.0,,Clouds,overcast clouds,3.0,104.42,0.14,0.72,111.48,5.11,7.84,11.58,0.0,raw_collecte_principale.csv
2026-05-01 15:34:41.000000,Casablanca,33.5731,-7.5898,20.01,19.74,64.0,1018.0,4.12,40.0,0.0,,Clear,clear sky,3.0,102.6,0.13,0.66,110.28,5.09,8.14,14.02,0.0,raw_collecte_principale.csv
2026-05-01 15:35:00.000000,Fes,34.0331,-5.0003,26.08,26.08,50.0,1015.0,2.57,0.0,40.0,,Clouds,scattered clouds,2.0,95.41,0.06,0.26,91.77,0.26,2.94,4.11,0.26,raw_collecte_principale.csv
2026-05-01 15:34:53.000000,Marrakech,31.6295,-7.9811,26.98,27.4,50.0,1014.0,1.54,0.0,40.0,,Clouds,scattered clouds,3.0,99.32,0.08,0.35,103.35,0.66,5.07,12.84,0.2,raw_collecte_principale.csv
2026-05-01 15:34:47.000000,Rabat,34.0209,-6.8416,21.37,21.13,60.0,1018.0,5.66,340.0,92.0,,Clouds,overcast clouds,3.0,103.59,0.13,0.83,111.7,4.98,7.25,10.87,0.0,raw_collecte_principale.csv
2026-05-01 16:35:07.000000,Casablanca,33.5731,-7.5898,20.01,19.74,64.0,1017.0,4.12,50.0,0.0,,Clear,clear sky,3.0,103.23,0.15,0.87,113.33,5.9,8.24,14.03,0.0,raw_collecte_principale.csv
2026-05-01 16:35:26.000000,Fes,34.0331,-5.0003,26.08,26.08,50.0,1015.0,2.57,0.0,40.0,,Clouds,scattered clouds,2.0,95.73,0.06,0.32,93.33,0.34,3.17,4.55,0.26,raw_collecte_principale.csv
2026-05-01 16:35:20.000000,Marrakech,31.6295,-7.9811,28.98,28.5,39.0,1014.0,1.54,0.0,40.0,,Clouds,scattered clouds,3.0,100.88,0.11,0.53,104.35,0.92,6.84,17.51,0.16,raw_collecte_principale.csv
2026-05-01 16:35:13.000000,Rabat,34.0209,-6.8416,20.37,20.13,64.0,1018.0,5.66,350.0,94.0,,Clouds,overcast clouds,3.0,103.87,0.17,1.1,112.21,5.02,6.67,10.26,0.0,raw_collecte_principale.csv
2026-05-01 17:35:34.000000,Casablanca,33.5731,-7.5898,20.01,19.74,64.0,1018.0,4.12,50.0,0.0,,Clear,clear sky,3.0,104.32,0.17,1.16,114.55,6.53,8.02,13.94,0.0,raw_collecte_principale.csv
2026-05-01 17:36:03.000000,Fes,34.0331,-5.0003,26.08,26.08,47.0,1015.0,2.06,10.0,40.0,,Clouds,scattered clouds,2.0,96.19,0.07,0.46,94.04,0.44,3.55,5.21,0.29,raw_collecte_principale.csv
2026-05-01 17:35:52.000000,Marrakech,31.6295,-7.9811,28.98,28.5,39.0,1014.0,2.06,0.0,40.0,,Clouds,scattered clouds,3.0,102.48,0.14,0.81,104.59,1.22,9.09,23.29,0.13,raw_collecte_principale.csv
2026-05-01 17:35:43.000000,Rabat,34.0209,-6.8416,20.37,20.24,68.0,1017.0,5.14,360.0,95.0,,Clouds,overcast clouds,3.0,104.77,0.22,1.59,111.53,5.07,6.04,9.68,0.0,raw_collecte_principale.csv
2026-05-01 18:36:10.000000,Casablanca,33.5731,-7.5898,18.95,18.68,68.0,1018.0,4.12,50.0,0.0,,Clear,clear sky,3.0,106.02,0.14,1.52,113.55,6.54,7.26,13.21,0.0,raw_collecte_principale.csv
2026-05-01 18:36:31.000000,Fes,34.0331,-5.0003,26.08,26.08,50.0,1015.0,4.12,330.0,40.0,,Clouds,scattered clouds,2.0,97.04,0.05,0.64,94.0,0.55,3.95,5.91,0.33,raw_collecte_principale.csv
2026-05-01 18:36:24.000000,Marrakech,31.6295,-7.9811,28.98,28.33,37.0,1014.0,2.06,250.0,40.0,,Clouds,scattered clouds,3.0,103.41,0.12,1.09,103.23,1.43,10.61,27.35,0.11,raw_collecte_principale.csv
2026-05-01 18:36:17.000000,Rabat,34.0209,-6.8416,19.37,19.14,68.0,1018.0,4.63,360.0,96.0,,Clouds,overcast clouds,3.0,105.84,0.21,2.14,107.52,4.91,5.08,8.65,0.0,raw_collecte_principale.csv
2026-05-01 20:47:29.000000,Casablanca,33.5731,-7.5898,17.89,17.61,72.0,1019.0,3.09,30.0,0.0,,Clear,clear sky,3.0,107.73,0.0,2.53,103.2,5.6,5.53,11.64,0.0,raw_collecte_principale.csv
2026-05-01 20:47:50.000000,Fes,34.0331,-5.0003,21.08,20.91,64.0,1017.0,3.6,300.0,40.0,,Clouds,scattered clouds,2.0,96.57,0.0,1.72,72.53,0.47,4.43,6.7,0.75,raw_collecte_principale.csv
2026-05-01 20:47:43.000000,Marrakech,31.6295,-7.9811,22.98,22.72,53.0,1016.0,5.14,10.0,40.0,,Clouds,scattered clouds,2.0,104.05,0.0,1.82,95.32,1.58,12.19,31.14,0.19,raw_collecte_principale.csv
2026-05-01 20:47:36.000000,Rabat,34.0209,-6.8416,17.37,17.3,82.0,1019.0,2.57,350.0,100.0,,Clouds,overcast clouds,2.0,107.36,0.0,3.62,93.82,4.66,3.7,7.11,0.12,raw_collecte_principale.csv
2026-05-01 21:47:56.000000,Casablanca,33.5731,-7.5898,17.87,17.59,72.0,1020.0,2.06,70.0,49.0,,Clouds,scattered clouds,2.0,109.06,0.0,2.66,98.83,5.14,5.0,11.27,0.04,raw_collecte_principale.csv
2026-05-01 21:48:16.000000,Fes,34.0331,-5.0003,18.08,18.24,88.0,1018.0,2.57,250.0,40.0,,Clouds,scattered clouds,2.0,96.68,0.0,2.16,65.15,0.43,4.52,6.92,0.93,raw_collecte_principale.csv
2026-05-01 21:48:09.000000,Marrakech,31.6295,-7.9811,20.98,20.7,60.0,1018.0,4.63,350.0,40.0,,Clouds,scattered clouds,2.0,105.29,0.0,1.96,93.12,1.62,12.65,31.84,0.25,raw_collecte_principale.csv
2026-05-01 21:48:03.000000,Rabat,34.0209,-6.8416,17.37,17.46,88.0,1020.0,1.54,350.0,100.0,,Clouds,overcast clouds,2.0,108.87,0.0,3.68,89.72,4.61,3.44,6.88,0.15,raw_collecte_principale.csv
2026-05-01 22:48:23.000000,Casablanca,33.5731,-7.5898,17.89,17.61,72.0,1020.0,1.54,80.0,57.0,,Clouds,broken clouds,2.0,108.25,0.0,2.74,93.31,4.47,4.6,10.95,0.12,raw_collecte_principale.csv
2026-05-01 22:48:43.000000,Fes,34.0331,-5.0003,16.08,16.2,94.0,1018.0,2.57,220.0,0.0,,Clear,clear sky,1.0,95.15,0.0,2.45,59.77,0.39,4.41,6.81,1.19,raw_collecte_principale.csv
2026-05-01 22:48:37.000000,Marrakech,31.6295,-7.9811,19.98,19.6,60.0,1019.0,1.54,290.0,0.0,,Clear,clear sky,2.0,104.43,0.0,2.07,89.29,1.54,12.7,31.44,0.34,raw_collecte_principale.csv
2026-05-01 22:48:30.000000,Rabat,34.0209,-6.8416,16.37,16.52,94.0,1019.0,0.0,0.0,100.0,,Clouds,overcast clouds,2.0,108.21,0.0,3.65,85.46,4.44,3.35,6.84,0.15,raw_collecte_principale.csv
2026-05-01 23:48:52.000000,Casablanca,33.5731,-7.5898,16.84,16.59,77.0,1019.0,2.06,80.0,49.0,,Clouds,scattered clouds,2.0,108.8,0.0,2.78,88.56,3.71,4.47,11.13,0.2,raw_collecte_principale.csv
2026-05-01 23:49:17.000000,Fes,34.0331,-5.0003,16.08,16.2,94.0,1018.0,2.06,230.0,0.0,,Clear,clear sky,1.0,95.05,0.0,2.63,54.43,0.31,4.32,6.68,1.33,raw_collecte_principale.csv
2026-05-01 23:49:09.000000,Marrakech,31.6295,-7.9811,17.98,17.61,68.0,1019.0,2.06,300.0,0.0,,Clear,clear sky,2.0,104.82,0.0,2.11,86.96,1.39,12.92,31.47,0.47,raw_collecte_principale.csv
2026-05-01 23:49:00.000000,Rabat,34.0209,-6.8416,13.37,13.37,100.0,1019.0,0.0,0.0,87.0,,Clouds,overcast clouds,2.0,108.37,0.0,3.58,82.65,4.24,3.44,7.04,0.15,raw_collecte_principale.csv
2026-05-02 09:58:34.000000,Casablanca,33.5731,-7.5898,17.89,17.61,72.0,1019.0,2.06,30.0,75.0,,Clouds,broken clouds,2.0,105.16,0.54,2.22,73.65,2.38,6.29,15.39,0.13,raw_collecte_principale.csv
2026-05-02 09:58:54.000000,Fes,34.0331,-5.0003,18.08,18.24,88.0,1018.0,2.06,330.0,40.0,,Clouds,scattered clouds,1.0,88.95,1.02,1.97,37.91,0.18,3.46,6.16,2.2,raw_collecte_principale.csv
2026-05-02 09:58:47.000000,Marrakech,31.6295,-7.9811,16.98,16.74,77.0,1018.0,2.57,260.0,66.0,,Clouds,broken clouds,2.0,104.35,0.58,2.29,71.39,0.74,13.44,30.69,1.11,raw_collecte_principale.csv
2026-05-02 09:58:41.000000,Rabat,34.0209,-6.8416,18.37,18.56,88.0,1019.0,2.06,330.0,100.0,,Clouds,overcast clouds,2.0,104.09,0.89,3.06,70.77,2.99,5.08,9.65,0.21,raw_collecte_principale.csv
2026-05-02 10:59:01.000000,Casablanca,33.5731,-7.5898,17.89,17.61,72.0,1019.0,2.06,10.0,75.0,,Clouds,broken clouds,2.0,103.79,0.37,1.37,89.04,3.99,6.57,15.68,0.01,raw_collecte_principale.csv
2026-05-02 10:59:23.000000,Fes,34.0331,-5.0003,18.08,18.08,82.0,1018.0,3.6,300.0,75.0,,Clouds,broken clouds,2.0,94.01,0.17,0.61,76.49,0.37,4.33,8.08,0.88,raw_collecte_principale.csv
2026-05-02 10:59:16.000000,Marrakech,31.6295,-7.9811,16.98,16.74,77.0,1018.0,2.57,260.0,52.0,,Clouds,broken clouds,2.0,102.69,0.16,0.7,93.0,0.73,10.75,26.29,0.26,raw_collecte_principale.csv
2026-05-02 10:59:09.000000,Rabat,34.0209,-6.8416,19.37,19.37,77.0,1019.0,2.57,310.0,100.0,,Clouds,overcast clouds,2.0,103.79,0.48,1.89,89.71,4.19,5.7,10.45,0.0,raw_collecte_principale.csv
2026-05-02 11:59:30.000000,Casablanca,33.5731,-7.5898,18.95,18.68,68.0,1019.0,2.06,20.0,75.0,,Clouds,broken clouds,2.0,101.75,0.23,0.89,96.71,4.33,7.12,15.95,0.0,raw_collecte_principale.csv
2026-05-02 11:59:49.000000,Fes,34.0331,-5.0003,19.08,19.18,82.0,1017.0,4.63,280.0,75.0,,Clouds,broken clouds,2.0,93.66,0.07,0.35,82.25,0.39,4.82,8.99,0.61,raw_collecte_principale.csv
2026-05-02 11:59:42.000000,Marrakech,31.6295,-7.9811,20.98,20.8,64.0,1017.0,1.54,0.0,75.0,,Clouds,broken clouds,2.0,100.83,0.09,0.39,97.11,0.66,9.82,24.45,0.13,raw_collecte_principale.csv
2026-05-02 11:59:36.000000,Rabat,34.0209,-6.8416,19.37,19.37,77.0,1019.0,2.06,320.0,100.0,,Clouds,overcast clouds,2.0,102.4,0.27,1.28,97.26,4.55,6.26,10.83,0.0,raw_collecte_principale.csv
2026-05-02 12:59:59.000000,Casablanca,33.5731,-7.5898,19.01,18.74,68.0,1018.0,2.06,360.0,75.0,,Clouds,broken clouds,3.0,100.17,0.16,0.66,101.23,4.74,7.73,16.13,0.0,raw_collecte_principale.csv
2026-05-02 13:00:27.000000,Fes,34.0331,-5.0003,20.08,20.02,72.0,1016.0,4.63,300.0,40.0,,Clouds,scattered clouds,2.0,92.91,0.05,0.31,82.89,0.41,5.22,9.5,0.5,raw_collecte_principale.csv
2026-05-02 13:00:17.000000,Marrakech,31.6295,-7.9811,21.98,21.7,56.0,1016.0,2.06,0.0,40.0,,Clouds,scattered clouds,2.0,99.58,0.07,0.32,98.56,0.68,10.19,25.39,0.09,raw_collecte_principale.csv
2026-05-02 13:00:09.000000,Rabat,34.0209,-6.8416,19.37,19.37,77.0,1018.0,2.06,320.0,100.0,,Clouds,overcast clouds,3.0,101.29,0.2,0.98,100.98,4.94,6.76,11.13,0.0,raw_collecte_principale.csv
2026-05-02 14:00:34.000000,Casablanca,33.5731,-7.5898,21.01,20.73,60.0,1018.0,2.06,20.0,40.0,,Clouds,scattered clouds,3.0,100.76,0.12,0.52,105.07,4.63,7.19,14.0,0.0,raw_collecte_principale.csv
2026-05-02 14:00:54.000000,Fes,34.0331,-5.0003,21.08,21.15,73.0,1016.0,4.63,300.0,75.0,,Clouds,broken clouds,2.0,93.73,0.04,0.29,86.63,0.41,5.29,9.46,0.37,raw_collecte_principale.csv
2026-05-02 14:00:48.000000,Marrakech,31.6295,-7.9811,23.98,23.82,53.0,1015.0,1.54,0.0,40.0,,Clouds,scattered clouds,3.0,100.88,0.07,0.3,102.55,0.77,10.62,26.87,0.06,raw_collecte_principale.csv
2026-05-02 14:00:41.000000,Rabat,34.0209,-6.8416,20.37,20.37,73.0,1018.0,2.57,320.0,100.0,,Clouds,overcast clouds,3.0,101.75,0.14,0.73,103.98,4.63,6.33,10.21,0.0,raw_collecte_principale.csv
2026-05-02 15:01:01.000000,Casablanca,33.5731,-7.5898,21.01,20.73,60.0,1017.0,2.57,10.0,40.0,,Clouds,scattered clouds,3.0,99.88,0.06,0.62,101.32,4.25,5.45,10.97,0.0,raw_collecte_principale.csv
2026-05-02 15:01:20.000000,Fes,34.0331,-5.0003,22.08,22.01,64.0,1015.0,4.63,280.0,75.0,,Clouds,broken clouds,2.0,94.91,0.03,0.31,87.73,0.54,5.72,9.84,0.2,raw_collecte_principale.csv
2026-05-02 15:01:13.000000,Marrakech,31.6295,-7.9811,26.02,26.02,44.0,1015.0,1.03,0.0,40.0,,Clouds,scattered clouds,3.0,99.98,0.06,0.28,101.76,0.91,10.77,27.9,0.0,raw_collecte_principale.csv
2026-05-02 15:01:07.000000,Rabat,34.0209,-6.8416,21.37,21.23,64.0,1018.0,3.09,320.0,100.0,,Clouds,overcast clouds,3.0,101.15,0.11,0.63,102.28,3.74,5.02,7.95,0.0,raw_collecte_principale.csv
2026-05-02 16:01:26.000000,Casablanca,33.5731,-7.5898,20.01,19.74,64.0,1017.0,3.6,360.0,20.0,,Clouds,few clouds,3.0,98.94,0.05,0.66,101.26,4.22,5.09,10.3,0.0,raw_collecte_principale.csv
2026-05-02 16:01:47.000000,Fes,34.0331,-5.0003,22.08,22.12,68.0,1014.0,3.6,310.0,40.0,,Clouds,scattered clouds,2.0,94.66,0.02,0.39,86.69,0.55,5.68,9.33,0.18,raw_collecte_principale.csv
2026-05-02 16:01:40.000000,Marrakech,31.6295,-7.9811,25.98,25.98,44.0,1014.0,1.54,0.0,40.0,,Clouds,scattered clouds,3.0,98.73,0.07,0.3,101.08,1.05,11.15,28.99,0.0,raw_collecte_principale.csv
2026-05-02 16:01:33.000000,Rabat,34.0209,-6.8416,21.37,21.23,64.0,1017.0,3.09,300.0,100.0,,Clouds,overcast clouds,3.0,100.47,0.09,0.74,101.37,3.61,4.53,7.21,0.0,raw_collecte_principale.csv
2026-05-02 17:01:54.000000,Casablanca,33.5731,-7.5898,20.01,19.74,64.0,1017.0,3.6,10.0,20.0,,Clouds,few clouds,3.0,99.82,0.04,0.79,102.17,4.33,4.68,9.64,0.0,raw_collecte_principale.csv
2026-05-02 17:02:15.000000,Fes,34.0331,-5.0003,23.1,23.03,60.0,1014.0,2.57,300.0,40.0,,Clouds,scattered clouds,2.0,95.1,0.01,0.52,85.85,0.57,5.65,9.16,0.2,raw_collecte_principale.csv
2026-05-02 17:02:08.000000,Marrakech,31.6295,-7.9811,26.98,26.9,41.0,1013.0,2.06,0.0,40.0,,Clouds,scattered clouds,3.0,98.72,0.07,0.36,101.37,1.13,10.79,28.08,0.0,raw_collecte_principale.csv
2026-05-02 17:02:01.000000,Rabat,34.0209,-6.8416,20.37,20.24,68.0,1017.0,3.6,330.0,75.0,,Clouds,broken clouds,3.0,101.44,0.09,1.1,100.68,3.76,4.15,6.75,0.0,raw_collecte_principale.csv
2026-05-02 18:02:22.000000,Casablanca,33.5731,-7.5898,20.0,19.62,60.0,1017.0,3.6,30.0,20.0,,Clouds,few clouds,3.0,100.73,0.04,1.04,102.28,4.63,4.2,8.97,0.0,raw_collecte_principale.csv
2026-05-02 18:02:42.000000,Fes,34.0331,-5.0003,22.08,22.12,68.0,1014.0,3.6,350.0,40.0,,Clouds,scattered clouds,2.0,95.27,0.01,0.69,84.24,0.59,5.58,9.07,0.24,raw_collecte_principale.csv
2026-05-02 18:02:35.000000,Marrakech,31.6295,-7.9811,26.98,26.9,41.0,1013.0,2.06,0.0,40.0,,Clouds,scattered clouds,3.0,98.78,0.08,0.51,100.62,1.26,11.2,28.38,0.0,raw_collecte_principale.csv
2026-05-02 18:02:28.000000,Rabat,34.0209,-6.8416,20.37,20.24,68.0,1017.0,3.09,310.0,40.0,,Clouds,scattered clouds,2.0,102.97,0.09,1.68,99.68,3.94,3.9,6.56,0.0,raw_collecte_principale.csv
2026-05-02 19:02:50.000000,Casablanca,33.5731,-7.5898,18.95,18.55,63.0,1017.0,3.6,20.0,40.0,,Clouds,scattered clouds,3.0,102.17,0.02,1.33,101.21,4.84,3.75,8.37,0.0,raw_collecte_principale.csv
2026-05-02 19:03:12.000000,Fes,34.0331,-5.0003,22.08,22.12,68.0,1014.0,3.09,340.0,40.0,,Clouds,scattered clouds,2.0,95.53,0.01,0.83,82.9,0.63,5.46,8.9,0.28,raw_collecte_principale.csv
2026-05-02 19:03:05.000000,Marrakech,31.6295,-7.9811,26.98,26.9,41.0,1013.0,3.6,260.0,40.0,,Clouds,scattered clouds,2.0,98.5,0.07,0.67,98.5,1.37,11.2,27.85,0.0,raw_collecte_principale.csv
2026-05-02 19:02:58.000000,Rabat,34.0209,-6.8416,19.37,19.14,68.0,1017.0,4.12,320.0,40.0,,Clouds,scattered clouds,2.0,104.5,0.06,2.17,97.71,3.85,3.46,6.15,0.03,raw_collecte_principale.csv
2026-05-02 20:03:18.000000,Casablanca,33.5731,-7.5898,18.95,18.55,63.0,1017.0,2.57,50.0,20.0,,Clouds,few clouds,2.0,102.95,0.02,1.71,98.15,4.83,3.45,8.09,0.01,raw_collecte_principale.csv
2026-05-02 20:03:37.000000,Fes,34.0331,-5.0003,21.08,21.15,73.0,1016.0,3.09,340.0,40.0,,Clouds,scattered clouds,2.0,95.51,0.0,1.12,79.35,0.65,5.32,8.67,0.47,raw_collecte_principale.csv
2026-05-02 20:03:31.000000,Marrakech,31.6295,-7.9811,25.97,25.97,47.0,1014.0,4.12,230.0,40.0,,Clouds,scattered clouds,2.0,97.47,0.01,1.02,93.41,1.41,10.83,26.47,0.0,raw_collecte_principale.csv
2026-05-02 20:03:24.000000,Rabat,34.0209,-6.8416,18.37,18.14,72.0,1017.0,2.06,340.0,75.0,,Clouds,broken clouds,2.0,104.92,0.03,2.5,93.94,3.56,2.95,5.64,0.11,raw_collecte_principale.csv
2026-05-02 21:03:47.000000,Casablanca,33.5731,-7.5898,17.89,17.61,72.0,1018.0,2.06,50.0,0.0,,Clear,clear sky,2.0,105.25,0.0,2.02,95.23,4.69,3.38,8.38,0.06,raw_collecte_principale.csv
2026-05-02 21:04:11.000000,Fes,34.0331,-5.0003,20.1,20.18,77.0,1017.0,3.09,320.0,75.0,,Clouds,broken clouds,2.0,95.85,0.0,1.45,76.14,0.66,5.17,8.46,0.77,raw_collecte_principale.csv
2026-05-02 21:04:03.000000,Marrakech,31.6295,-7.9811,22.98,22.61,49.0,1015.0,5.14,360.0,40.0,,Clouds,scattered clouds,2.0,98.32,0.0,1.32,89.96,1.44,10.54,25.45,0.08,raw_collecte_principale.csv
2026-05-02 21:03:56.000000,Rabat,34.0209,-6.8416,17.37,17.17,77.0,1018.0,2.06,330.0,75.0,,Clouds,broken clouds,2.0,106.4,0.0,2.64,90.82,3.33,2.67,5.42,0.16,raw_collecte_principale.csv
2026-05-02 22:04:18.000000,Casablanca,33.5731,-7.5898,17.89,17.61,72.0,1019.0,2.06,10.0,52.0,,Clouds,broken clouds,2.0,107.12,0.0,2.05,92.88,4.28,3.3,8.59,0.12,raw_collecte_principale.csv
2026-05-02 22:04:40.000000,Fes,34.0331,-5.0003,18.08,18.24,88.0,1018.0,4.12,320.0,75.0,,Rain,light rain,2.0,96.43,0.0,1.69,74.06,0.66,4.99,8.23,1.03,raw_collecte_principale.csv
2026-05-02 22:04:33.000000,Marrakech,31.6295,-7.9811,20.98,20.49,52.0,1017.0,5.14,360.0,40.0,,Clouds,scattered clouds,2.0,99.51,0.0,1.51,88.01,1.46,10.2,24.51,0.2,raw_collecte_principale.csv
2026-05-02 22:04:26.000000,Rabat,34.0209,-6.8416,17.37,17.3,82.0,1019.0,1.54,320.0,75.0,,Clouds,broken clouds,2.0,107.53,0.0,2.59,88.42,3.21,2.53,5.37,0.17,raw_collecte_principale.csv
2026-05-03 11:11:59.000000,Casablanca,33.5731,-7.5898,20.78,20.58,64.0,1017.0,1.03,0.0,75.0,,Clouds,broken clouds,2.0,102.57,0.28,1.08,88.59,3.79,5.05,12.81,0.0,raw_collecte_principale.csv
2026-05-03 11:12:19.000000,Fes,34.0331,-5.0003,16.08,16.35,100.0,1016.0,1.54,330.0,75.0,,Clouds,broken clouds,2.0,94.4,0.08,0.53,71.32,0.39,4.96,9.97,0.42,raw_collecte_principale.csv
2026-05-03 11:12:12.000000,Marrakech,31.6295,-7.9811,19.98,19.7,64.0,1016.0,1.54,0.0,20.0,,Clouds,few clouds,2.0,98.79,0.19,0.73,90.96,0.99,10.63,25.97,0.51,raw_collecte_principale.csv
2026-05-03 11:12:06.000000,Rabat,34.0209,-6.8416,20.35,20.45,77.0,1017.0,0.0,0.0,75.0,,Clouds,broken clouds,2.0,102.89,0.47,1.78,88.04,4.15,4.86,8.67,0.0,raw_collecte_principale.csv
2026-05-03 12:12:26.000000,Casablanca,33.5731,-7.5898,21.01,20.84,64.0,1017.0,2.06,20.0,40.0,,Clouds,scattered clouds,2.0,100.36,0.17,0.68,92.52,3.62,5.1,12.18,0.0,raw_collecte_principale.csv
2026-05-03 12:12:47.000000,Fes,34.0331,-5.0003,17.08,17.3,94.0,1016.0,1.54,360.0,75.0,,Clouds,broken clouds,2.0,93.84,0.05,0.34,74.97,0.37,4.91,10.65,0.36,raw_collecte_principale.csv
2026-05-03 12:12:40.000000,Marrakech,31.6295,-7.9811,21.98,21.7,56.0,1015.0,2.57,0.0,0.0,,Clear,clear sky,2.0,97.51,0.1,0.41,94.9,0.95,10.19,25.13,0.18,raw_collecte_principale.csv
2026-05-03 12:12:33.000000,Rabat,34.0209,-6.8416,21.37,21.34,68.0,1017.0,2.57,290.0,75.0,,Clouds,broken clouds,2.0,100.98,0.26,1.12,92.41,3.97,5.1,8.52,0.0,raw_collecte_principale.csv
2026-05-03 13:12:53.000000,Casablanca,33.5731,-7.5898,21.84,21.7,62.0,1016.0,3.6,350.0,40.0,,Clouds,scattered clouds,2.0,98.96,0.13,0.54,94.69,3.98,5.48,12.17,0.0,raw_collecte_principale.csv
2026-05-03 13:13:12.000000,Fes,34.0331,-5.0003,17.08,17.14,88.0,1015.0,1.54,310.0,75.0,,Clouds,broken clouds,2.0,93.05,0.05,0.28,75.34,0.35,4.87,10.69,0.34,raw_collecte_principale.csv
2026-05-03 13:13:06.000000,Marrakech,31.6295,-7.9811,22.98,22.72,53.0,1015.0,1.54,0.0,0.0,,Clear,clear sky,2.0,96.83,0.08,0.34,96.48,0.96,10.04,24.82,0.09,raw_collecte_principale.csv
2026-05-03 13:12:59.000000,Rabat,34.0209,-6.8416,21.37,21.34,68.0,1017.0,3.09,310.0,75.0,,Clouds,broken clouds,2.0,99.78,0.18,0.89,93.33,4.13,5.38,8.48,0.0,raw_collecte_principale.csv
2026-05-03 14:13:19.000000,Casablanca,33.5731,-7.5898,21.66,21.55,64.0,1016.0,3.58,350.0,100.0,,Clouds,overcast clouds,2.0,99.46,0.12,0.44,95.6,4.08,5.3,11.12,0.0,raw_collecte_principale.csv
2026-05-03 14:13:40.000000,Fes,34.0331,-5.0003,18.08,18.24,88.0,1014.0,1.54,0.0,75.0,,Clouds,broken clouds,2.0,93.87,0.04,0.26,78.97,0.35,5.08,11.91,0.27,raw_collecte_principale.csv
2026-05-03 14:13:33.000000,Marrakech,31.6295,-7.9811,23.98,23.63,46.0,1014.0,2.57,0.0,0.0,,Clear,clear sky,2.0,97.99,0.07,0.3,98.28,0.97,8.98,22.69,0.01,raw_collecte_principale.csv
2026-05-03 14:13:26.000000,Rabat,34.0209,-6.8416,22.37,22.33,64.0,1016.0,4.12,320.0,75.0,,Clouds,broken clouds,2.0,100.28,0.15,0.71,93.3,4.07,5.19,7.89,0.0,raw_collecte_principale.csv
2026-05-03 15:13:46.000000,Casablanca,33.5731,-7.5898,21.01,20.84,64.0,1015.0,4.02,360.0,40.0,,Clouds,scattered clouds,2.0,98.34,0.1,0.43,90.02,3.51,3.89,8.57,0.0,raw_collecte_principale.csv
2026-05-03 15:14:08.000000,Fes,34.0331,-5.0003,20.08,20.02,72.0,1013.0,2.06,330.0,75.0,,Clouds,broken clouds,2.0,93.46,0.02,0.25,83.9,0.37,5.32,12.03,0.12,raw_collecte_principale.csv
2026-05-03 15:14:01.000000,Marrakech,31.6295,-7.9811,26.98,27.06,44.0,1013.0,1.54,360.0,0.0,,Clear,clear sky,2.0,97.17,0.07,0.28,97.83,0.98,8.96,23.28,0.0,raw_collecte_principale.csv
2026-05-03 15:13:53.000000,Rabat,34.0209,-6.8416,23.37,23.43,64.0,1016.0,3.09,300.0,75.0,,Clouds,broken clouds,2.0,99.02,0.14,0.58,90.73,3.8,4.74,7.02,0.0,raw_collecte_principale.csv
2026-05-03 16:20:40.000000,Casablanca,33.5731,-7.5898,20.78,20.58,64.0,1015.0,3.6,20.0,40.0,,Clouds,scattered clouds,2.0,97.3,0.09,0.46,88.68,3.59,3.64,7.98,0.0,raw_collecte_principale.csv
2026-05-03 16:21:02.000000,Fes,34.0331,-5.0003,21.08,21.02,68.0,1013.0,1.03,0.0,75.0,,Clouds,broken clouds,2.0,93.04,0.03,0.24,84.68,0.35,5.06,10.01,0.09,raw_collecte_principale.csv
2026-05-03 16:20:55.000000,Marrakech,31.6295,-7.9811,26.98,26.9,41.0,1012.0,2.57,0.0,0.0,,Clear,clear sky,2.0,95.98,0.07,0.31,97.7,1.12,9.53,25.3,0.0,raw_collecte_principale.csv
2026-05-03 16:20:47.000000,Rabat,34.0209,-6.8416,22.37,22.44,68.0,1015.0,3.6,310.0,75.0,,Clouds,broken clouds,2.0,98.73,0.14,0.59,89.6,3.73,4.41,6.53,0.0,raw_collecte_principale.csv
2026-05-03 17:21:08.000000,Casablanca,33.5731,-7.5898,21.01,20.84,64.0,1015.0,3.09,20.0,40.0,,Clouds,scattered clouds,2.0,97.8,0.09,0.55,88.09,3.72,3.3,7.4,0.0,raw_collecte_principale.csv
2026-05-03 17:21:27.000000,Fes,34.0331,-5.0003,21.08,20.91,64.0,1013.0,2.06,350.0,75.0,,Clouds,broken clouds,2.0,92.81,0.04,0.36,82.93,0.37,4.95,8.47,0.13,raw_collecte_principale.csv
2026-05-03 17:21:20.000000,Marrakech,31.6295,-7.9811,27.97,27.39,36.0,1012.0,1.54,0.0,0.0,,Clear,clear sky,2.0,96.34,0.08,0.4,98.22,1.28,10.13,27.34,0.0,raw_collecte_principale.csv
2026-05-03 17:21:14.000000,Rabat,34.0209,-6.8416,21.37,21.47,73.0,1015.0,4.12,320.0,75.0,,Clouds,broken clouds,2.0,99.38,0.16,0.76,88.99,3.73,4.08,6.11,0.0,raw_collecte_principale.csv
2026-05-03 18:21:34.000000,Casablanca,33.5731,-7.5898,20.01,19.63,60.0,1015.0,3.09,10.0,40.0,,Clouds,scattered clouds,2.0,98.64,0.09,0.72,87.28,3.96,2.97,7.01,0.0,raw_collecte_principale.csv
2026-05-03 18:22:00.000000,Fes,34.0331,-5.0003,21.08,21.02,68.0,1013.0,2.57,360.0,75.0,,Clouds,broken clouds,2.0,92.37,0.04,0.62,78.7,0.42,4.85,7.6,0.25,raw_collecte_principale.csv
2026-05-03 18:21:53.000000,Marrakech,31.6295,-7.9811,27.98,27.28,34.0,1012.0,2.06,0.0,0.0,,Clear,clear sky,2.0,96.57,0.1,0.55,97.82,1.41,10.51,28.8,0.0,raw_collecte_principale.csv
2026-05-03 18:21:42.000000,Rabat,34.0209,-6.8416,20.37,20.47,77.0,1015.0,3.6,320.0,75.0,,Clouds,broken clouds,2.0,100.54,0.17,1.14,87.58,3.73,3.78,5.8,0.0,raw_collecte_principale.csv
2026-05-03 19:22:07.000000,Casablanca,33.5731,-7.5898,19.49,19.17,64.0,1015.0,2.68,10.0,40.0,,Clouds,scattered clouds,2.0,100.26,0.09,0.92,86.68,4.13,2.7,6.72,0.0,raw_collecte_principale.csv
2026-05-03 19:22:35.000000,Fes,34.0331,-5.0003,21.08,21.02,68.0,1013.0,1.54,20.0,75.0,,Clouds,broken clouds,2.0,92.1,0.02,0.89,75.21,0.49,4.62,7.05,0.36,raw_collecte_principale.csv
2026-05-03 19:22:24.000000,Marrakech,31.6295,-7.9811,26.98,26.66,36.0,1012.0,2.06,230.0,40.0,,Clouds,scattered clouds,2.0,96.89,0.08,0.71,96.56,1.49,10.48,28.95,0.0,raw_collecte_principale.csv
2026-05-03 19:22:15.000000,Rabat,34.0209,-6.8416,19.37,19.5,82.0,1015.0,3.09,330.0,75.0,,Clouds,broken clouds,2.0,102.23,0.1,1.64,84.89,3.55,3.3,5.29,0.02,raw_collecte_principale.csv
2026-05-03 20:22:42.000000,Casablanca,33.5731,-7.5898,18.95,18.73,70.0,1016.0,2.57,10.0,40.0,,Clouds,scattered clouds,2.0,101.56,0.04,1.31,84.3,4.22,2.52,6.69,0.01,raw_collecte_principale.csv
2026-05-03 20:23:00.000000,Fes,34.0331,-5.0003,20.08,20.02,72.0,1014.0,2.06,320.0,75.0,,Clouds,broken clouds,2.0,91.92,0.0,1.15,71.1,0.52,4.32,6.62,0.48,raw_collecte_principale.csv
2026-05-03 20:22:54.000000,Marrakech,31.6295,-7.9811,25.98,25.98,41.0,1013.0,3.6,240.0,40.0,,Clouds,scattered clouds,2.0,96.51,0.03,1.05,92.91,1.54,10.28,28.44,0.04,raw_collecte_principale.csv
2026-05-03 20:22:48.000000,Rabat,34.0209,-6.8416,18.37,18.56,88.0,1016.0,2.06,330.0,75.0,,Clouds,broken clouds,2.0,103.02,0.03,2.13,80.96,3.28,2.76,4.71,0.1,raw_collecte_principale.csv
2026-05-03 21:23:07.000000,Casablanca,33.5731,-7.5898,17.89,17.75,77.0,1017.0,2.57,20.0,45.0,,Clouds,scattered clouds,2.0,104.44,0.0,1.74,82.33,4.34,2.51,7.09,0.07,raw_collecte_principale.csv
2026-05-03 21:23:27.000000,Fes,34.0331,-5.0003,19.08,19.18,82.0,1015.0,1.03,0.0,75.0,,Clouds,broken clouds,2.0,92.48,0.0,1.35,66.55,0.52,4.01,6.2,0.53,raw_collecte_principale.csv
2026-05-03 21:23:21.000000,Marrakech,31.6295,-7.9811,22.98,22.72,53.0,1014.0,4.63,10.0,40.0,,Clouds,scattered clouds,2.0,97.56,0.0,1.4,90.53,1.58,10.25,28.19,0.16,raw_collecte_principale.csv
2026-05-03 21:23:14.000000,Rabat,34.0209,-6.8416,18.37,18.4,82.0,1017.0,2.06,320.0,40.0,,Clouds,scattered clouds,2.0,105.25,0.0,2.44,78.37,3.07,2.44,4.39,0.16,raw_collecte_principale.csv
2026-05-03 22:23:34.000000,Casablanca,33.5731,-7.5898,17.89,17.75,77.0,1017.0,2.06,30.0,37.0,,Clouds,scattered clouds,2.0,107.34,0.0,1.91,81.02,4.25,2.5,7.36,0.12,raw_collecte_principale.csv
2026-05-03 22:23:54.000000,Fes,34.0331,-5.0003,18.08,17.95,77.0,1016.0,3.6,320.0,75.0,,Clouds,broken clouds,2.0,92.96,0.0,1.48,62.42,0.51,3.66,5.72,0.49,raw_collecte_principale.csv
2026-05-03 22:23:48.000000,Marrakech,31.6295,-7.9811,20.98,20.7,60.0,1015.0,4.12,360.0,40.0,,Clouds,scattered clouds,2.0,98.86,0.0,1.59,89.06,1.58,10.17,27.74,0.29,raw_collecte_principale.csv
2026-05-03 22:23:41.000000,Rabat,34.0209,-6.8416,17.37,17.46,88.0,1017.0,1.54,340.0,40.0,,Clouds,scattered clouds,2.0,107.33,0.0,2.5,76.72,2.89,2.2,4.14,0.18,raw_collecte_principale.csv
2026-05-04 20:41:17.000000,Casablanca,33.5731,-7.5898,18.88,18.6,68.0,1018.0,3.58,40.0,79.0,,Clouds,broken clouds,2.0,112.33,0.0,1.89,99.43,4.68,2.88,7.65,0.09,raw_collecte_principale.csv
2026-05-04 20:42:42.000000,Fes,34.0331,-5.0003,18.08,17.82,72.0,1016.0,2.57,320.0,40.0,,Clouds,scattered clouds,2.0,97.34,0.0,1.39,69.82,0.58,2.49,3.97,0.57,raw_collecte_principale.csv
2026-05-04 20:42:26.000000,Marrakech,31.6295,-7.9811,23.98,23.63,46.0,1014.0,5.14,360.0,75.0,,Clouds,broken clouds,2.0,99.56,0.0,1.35,85.05,1.25,6.43,17.57,0.19,raw_collecte_principale.csv
2026-05-04 20:41:34.000000,Rabat,34.0209,-6.8416,17.37,17.17,77.0,1018.0,3.09,350.0,40.0,,Clouds,scattered clouds,2.0,113.69,0.0,2.72,94.02,3.86,2.28,5.16,0.15,raw_collecte_principale.csv
2026-05-04 21:43:22.000000,Casablanca,33.5731,-7.5898,17.89,17.51,68.0,1018.0,3.09,50.0,76.0,,Clouds,broken clouds,2.0,114.98,0.0,2.14,98.1,4.69,2.77,7.95,0.15,raw_collecte_principale.csv
2026-05-04 21:44:04.000000,Fes,34.0331,-5.0003,17.08,16.85,77.0,1017.0,1.54,300.0,40.0,,Clouds,scattered clouds,2.0,98.9,0.0,1.67,67.64,0.63,2.49,4.11,0.79,raw_collecte_principale.csv
2026-05-04 21:43:55.000000,Marrakech,31.6295,-7.9811,22.97,22.6,49.0,1015.0,5.66,360.0,75.0,,Clouds,broken clouds,2.0,101.24,0.0,1.54,84.44,1.29,6.15,16.72,0.33,raw_collecte_principale.csv
2026-05-04 21:43:36.000000,Rabat,34.0209,-6.8416,16.37,16.2,82.0,1018.0,2.57,10.0,40.0,,Clouds,scattered clouds,2.0,115.19,0.0,2.61,93.42,3.66,2.15,5.06,0.17,raw_collecte_principale.csv
2026-05-04 22:44:16.000000,Casablanca,33.5731,-7.5898,17.89,17.51,68.0,1018.0,2.57,50.0,71.0,,Clouds,broken clouds,2.0,114.72,0.0,2.22,95.16,4.31,2.67,8.06,0.18,raw_collecte_principale.csv
2026-05-04 22:45:07.000000,Fes,34.0331,-5.0003,17.08,16.85,77.0,1018.0,2.57,300.0,40.0,,Clouds,scattered clouds,2.0,98.12,0.0,1.96,63.3,0.55,2.44,4.13,1.04,raw_collecte_principale.csv
2026-05-04 22:44:48.000000,Marrakech,31.6295,-7.9811,18.98,18.47,59.0,1016.0,5.14,40.0,75.0,,Clouds,broken clouds,2.0,101.41,0.0,1.74,82.32,1.25,5.94,15.9,0.52,raw_collecte_principale.csv
2026-05-04 22:44:34.000000,Rabat,34.0209,-6.8416,14.37,14.32,94.0,1018.0,1.54,20.0,40.0,,Clouds,scattered clouds,2.0,114.89,0.0,2.51,92.54,3.47,2.07,4.92,0.17,raw_collecte_principale.csv
2026-05-04 23:45:26.000000,Casablanca,33.5731,-7.5898,16.84,16.46,72.0,1018.0,1.54,60.0,67.0,,Clouds,broken clouds,2.0,115.78,0.0,2.18,93.71,3.8,2.68,8.36,0.21,raw_collecte_principale.csv
2026-05-04 23:45:51.000000,Fes,34.0331,-5.0003,15.08,14.65,77.0,1017.0,3.09,300.0,75.0,,Clouds,broken clouds,1.0,98.06,0.0,2.17,57.73,0.42,2.44,4.18,1.2,raw_collecte_principale.csv
2026-05-04 23:45:44.000000,Marrakech,31.6295,-7.9811,18.98,18.47,59.0,1016.0,3.6,50.0,75.0,,Clouds,broken clouds,2.0,102.56,0.0,1.86,79.1,1.09,5.93,15.57,0.71,raw_collecte_principale.csv
2026-05-04 23:45:34.000000,Rabat,34.0209,-6.8416,11.37,11.17,100.0,1018.0,0.0,0.0,40.0,,Clouds,scattered clouds,2.0,115.59,0.0,2.41,92.83,3.35,2.06,4.88,0.17,raw_collecte_principale.csv
2026-05-05 10:17:22.000000,Casablanca,33.5731,-7.5898,17.89,17.28,59.0,1016.0,2.57,60.0,75.0,,Clouds,broken clouds,2.0,114.52,0.51,2.15,92.48,3.25,4.22,11.91,0.14,raw_collecte_principale.csv
2026-05-05 10:17:42.000000,Fes,34.0331,-5.0003,14.08,13.53,76.0,1016.0,2.57,310.0,75.0,,Clouds,broken clouds,1.0,95.77,0.59,1.23,43.18,0.23,3.02,5.45,0.57,raw_collecte_principale.csv
2026-05-05 10:17:35.000000,Marrakech,31.6295,-7.9811,18.98,18.71,68.0,1015.0,1.03,0.0,0.0,,Clear,clear sky,2.0,106.2,1.07,3.45,74.1,1.14,6.73,15.87,3.16,raw_collecte_principale.csv
2026-05-05 10:17:29.000000,Rabat,34.0209,-6.8416,18.37,17.91,63.0,1017.0,2.06,40.0,40.0,,Clouds,scattered clouds,2.0,114.56,0.61,3.36,88.29,4.12,3.71,7.83,0.16,raw_collecte_principale.csv
2026-05-05 11:17:49.000000,Casablanca,33.5731,-7.5898,20.0,19.41,52.0,1017.0,3.09,60.0,40.0,,Clouds,scattered clouds,3.0,112.26,0.32,1.25,101.12,3.63,4.25,11.34,0.0,raw_collecte_principale.csv
2026-05-05 11:18:08.000000,Fes,34.0331,-5.0003,16.08,15.49,67.0,1016.0,2.57,0.0,75.0,,Clouds,broken clouds,2.0,99.33,0.09,0.34,77.1,0.53,3.11,5.85,0.17,raw_collecte_principale.csv
2026-05-05 11:18:02.000000,Marrakech,31.6295,-7.9811,20.97,20.58,56.0,1015.0,2.06,10.0,0.0,,Clear,clear sky,2.0,104.45,0.64,1.98,89.09,1.21,5.44,13.95,1.6,raw_collecte_principale.csv
2026-05-05 11:17:55.000000,Rabat,34.0209,-6.8416,20.37,20.03,60.0,1017.0,2.57,340.0,40.0,,Clouds,scattered clouds,2.0,112.77,0.46,2.15,97.26,4.45,3.88,7.96,0.04,raw_collecte_principale.csv
2026-05-05 12:18:15.000000,Casablanca,33.5731,-7.5898,20.0,19.41,52.0,1017.0,3.6,30.0,40.0,,Clouds,scattered clouds,3.0,109.63,0.19,0.76,105.49,3.53,4.5,11.16,0.0,raw_collecte_principale.csv
2026-05-05 12:18:35.000000,Fes,34.0331,-5.0003,17.08,16.59,67.0,1016.0,2.06,0.0,75.0,,Clouds,broken clouds,2.0,97.92,0.05,0.2,79.48,0.52,3.19,5.89,0.14,raw_collecte_principale.csv
2026-05-05 12:18:29.000000,Marrakech,31.6295,-7.9811,21.98,21.7,56.0,1014.0,2.57,10.0,0.0,,Clear,clear sky,2.0,102.37,0.36,1.27,93.1,1.16,5.52,14.15,1.32,raw_collecte_principale.csv
2026-05-05 12:18:22.000000,Rabat,34.0209,-6.8416,19.35,18.88,59.0,1017.0,2.57,300.0,75.0,,Clouds,broken clouds,3.0,110.63,0.31,1.37,103.23,4.56,4.36,8.28,0.0,raw_collecte_principale.csv
2026-05-05 13:18:42.000000,Casablanca,33.5731,-7.5898,19.97,19.38,52.0,1016.0,4.12,10.0,40.0,,Clouds,scattered clouds,3.0,107.97,0.14,0.57,108.62,3.71,5.0,11.43,0.0,raw_collecte_principale.csv
2026-05-05 13:19:02.000000,Fes,34.0331,-5.0003,19.08,18.58,59.0,1015.0,1.54,0.0,40.0,,Clouds,scattered clouds,2.0,96.68,0.04,0.16,79.59,0.5,3.23,5.95,0.12,raw_collecte_principale.csv
2026-05-05 13:18:55.000000,Marrakech,31.6295,-7.9811,23.98,23.63,46.0,1014.0,2.57,330.0,0.0,,Clear,clear sky,2.0,100.21,0.17,0.71,95.76,1.16,6.05,15.63,0.96,raw_collecte_principale.csv
2026-05-05 13:18:49.000000,Rabat,34.0209,-6.8416,20.37,19.92,56.0,1016.0,4.12,320.0,40.0,,Clouds,scattered clouds,3.0,109.01,0.23,0.97,107.66,4.85,5.02,8.84,0.0,raw_collecte_principale.csv
2026-05-05 14:19:09.000000,Casablanca,33.5731,-7.5898,20.01,19.35,49.0,1016.0,3.09,50.0,40.0,,Clouds,scattered clouds,3.0,107.62,0.1,0.44,115.71,3.42,4.24,9.17,0.0,raw_collecte_principale.csv
2026-05-05 14:19:31.000000,Fes,34.0331,-5.0003,20.08,19.58,55.0,1014.0,3.6,330.0,40.0,,Clouds,scattered clouds,2.0,96.42,0.03,0.17,80.67,0.45,2.67,4.97,0.1,raw_collecte_principale.csv
2026-05-05 14:19:24.000000,Marrakech,31.6295,-7.9811,24.98,24.76,47.0,1013.0,2.06,0.0,0.0,,Clear,clear sky,2.0,97.8,0.07,0.29,86.41,1.04,5.01,14.42,0.12,raw_collecte_principale.csv
2026-05-05 14:19:17.000000,Rabat,34.0209,-6.8416,20.37,19.64,45.0,1016.0,4.63,300.0,40.0,,Clouds,scattered clouds,3.0,108.75,0.16,0.66,113.26,4.25,4.44,7.58,0.0,raw_collecte_principale.csv
2026-05-05 15:36:56.000000,Casablanca,33.5731,-7.5898,20.01,19.35,49.0,1015.0,3.6,20.0,75.0,,Clouds,broken clouds,3.0,106.78,0.1,0.44,118.26,3.79,4.29,8.71,0.0,raw_collecte_principale.csv
2026-05-05 15:37:15.000000,Fes,34.0331,-5.0003,21.08,20.6,52.0,1012.0,4.12,320.0,40.0,,Clouds,scattered clouds,2.0,94.44,0.02,0.22,79.66,0.3,2.09,3.69,0.11,raw_collecte_principale.csv
2026-05-05 15:37:08.000000,Marrakech,31.6295,-7.9811,25.98,25.98,44.0,1012.0,2.06,0.0,40.0,,Clouds,scattered clouds,2.0,94.72,0.05,0.27,79.55,0.95,4.08,12.08,0.04,raw_collecte_principale.csv
2026-05-05 15:37:02.000000,Rabat,34.0209,-6.8416,21.37,20.76,46.0,1015.0,4.63,330.0,75.0,,Clouds,broken clouds,3.0,107.78,0.14,0.63,114.54,4.03,4.2,7.02,0.0,raw_collecte_principale.csv
2026-05-05 16:37:21.000000,Casablanca,33.5731,-7.5898,19.01,18.22,48.0,1015.0,4.12,30.0,75.0,,Clouds,broken clouds,3.0,105.94,0.1,0.5,119.99,4.35,4.54,8.93,0.0,raw_collecte_principale.csv
2026-05-05 16:37:41.000000,Fes,34.0331,-5.0003,22.08,21.62,49.0,1012.0,3.6,330.0,40.0,,Clouds,scattered clouds,2.0,95.26,0.01,0.29,81.79,0.31,2.24,4.01,0.12,raw_collecte_principale.csv
2026-05-05 16:37:35.000000,Marrakech,31.6295,-7.9811,26.98,26.9,41.0,1011.0,2.06,0.0,40.0,,Clouds,scattered clouds,2.0,92.83,0.05,0.29,75.3,0.89,3.6,10.74,0.03,raw_collecte_principale.csv
2026-05-05 16:37:28.000000,Rabat,34.0209,-6.8416,19.37,18.8,55.0,1015.0,4.63,310.0,75.0,,Clouds,broken clouds,3.0,107.16,0.14,0.69,115.31,4.01,4.04,6.77,0.0,raw_collecte_principale.csv
2026-05-05 17:37:48.000000,Casablanca,33.5731,-7.5898,18.95,18.26,52.0,1015.0,3.6,30.0,40.0,,Clouds,scattered clouds,3.0,106.66,0.11,0.64,121.31,4.82,4.51,8.95,0.0,raw_collecte_principale.csv
2026-05-05 17:38:08.000000,Fes,34.0331,-5.0003,21.08,20.6,52.0,1012.0,4.63,340.0,40.0,,Clouds,scattered clouds,2.0,96.2,0.01,0.37,84.29,0.39,2.46,4.45,0.14,raw_collecte_principale.csv
2026-05-05 17:38:01.000000,Marrakech,31.6295,-7.9811,27.98,27.39,36.0,1011.0,2.06,0.0,40.0,,Clouds,scattered clouds,2.0,93.22,0.06,0.36,73.93,0.88,3.42,10.18,0.04,raw_collecte_principale.csv
2026-05-05 17:37:55.000000,Rabat,34.0209,-6.8416,19.37,18.8,55.0,1015.0,4.12,330.0,96.0,,Clouds,overcast clouds,3.0,107.49,0.16,0.91,115.34,4.03,3.73,6.48,0.0,raw_collecte_principale.csv
2026-05-05 18:38:15.000000,Casablanca,33.5731,-7.5898,18.44,17.75,54.0,1015.0,4.12,30.0,40.0,,Clouds,scattered clouds,3.0,109.07,0.1,1.14,118.06,5.07,3.75,8.6,0.01,raw_collecte_principale.csv
2026-05-05 18:38:36.000000,Fes,34.0331,-5.0003,20.1,19.52,52.0,1013.0,5.14,340.0,75.0,,Clouds,broken clouds,2.0,97.38,0.0,0.43,86.94,0.52,2.61,4.82,0.15,raw_collecte_principale.csv
2026-05-05 18:38:29.000000,Marrakech,31.6295,-7.9811,25.98,25.98,36.0,1011.0,3.6,350.0,40.0,,Clouds,scattered clouds,2.0,93.31,0.08,0.57,72.42,0.85,3.29,9.55,0.07,raw_collecte_principale.csv
2026-05-05 18:38:22.000000,Rabat,34.0209,-6.8416,18.37,18.04,68.0,1015.0,4.63,340.0,97.0,,Clouds,overcast clouds,3.0,110.54,0.16,1.81,110.64,3.99,2.91,5.73,0.1,raw_collecte_principale.csv
2026-05-05 19:38:49.000000,Casablanca,33.5731,-7.5898,18.01,17.3,55.0,1015.0,4.12,20.0,40.0,,Clouds,scattered clouds,3.0,109.4,0.04,1.6,112.31,4.79,3.16,8.09,0.05,raw_collecte_principale.csv
2026-05-05 19:39:10.000000,Fes,34.0331,-5.0003,20.08,19.4,48.0,1014.0,4.12,340.0,75.0,,Clouds,broken clouds,2.0,97.48,0.0,0.81,83.76,0.62,2.8,5.16,0.35,raw_collecte_principale.csv
2026-05-05 19:39:03.000000,Marrakech,31.6295,-7.9811,24.98,24.4,33.0,1012.0,4.63,360.0,40.0,,Clouds,scattered clouds,2.0,93.84,0.04,0.88,71.91,0.91,3.48,10.04,0.12,raw_collecte_principale.csv
2026-05-05 19:38:56.000000,Rabat,34.0209,-6.8416,17.37,17.04,72.0,1015.0,3.6,340.0,75.0,,Clouds,broken clouds,3.0,111.3,0.06,2.44,105.31,3.89,2.38,5.09,0.19,raw_collecte_principale.csv
2026-05-05 20:39:16.000000,Casablanca,33.5731,-7.5898,17.89,17.38,63.0,1016.0,3.09,20.0,40.0,,Clouds,scattered clouds,3.0,111.41,0.0,2.0,107.36,4.66,2.73,7.95,0.16,raw_collecte_principale.csv
2026-05-05 20:39:35.000000,Fes,34.0331,-5.0003,18.08,17.48,59.0,1015.0,4.12,320.0,75.0,,Clouds,broken clouds,2.0,98.65,0.0,1.31,78.43,0.62,3.01,5.53,0.62,raw_collecte_principale.csv
2026-05-05 20:39:29.000000,Marrakech,31.6295,-7.9811,23.98,23.35,35.0,1013.0,3.6,330.0,40.0,,Clouds,scattered clouds,2.0,96.15,0.0,1.26,72.33,1.04,3.95,11.46,0.2,raw_collecte_principale.csv
2026-05-05 20:39:22.000000,Rabat,34.0209,-6.8416,17.36,16.9,67.0,1016.0,3.09,330.0,75.0,,Clouds,broken clouds,3.0,113.17,0.0,2.74,101.34,3.85,2.09,4.76,0.28,raw_collecte_principale.csv
2026-05-05 21:42:17.000000,Casablanca,33.5731,-7.5898,16.84,16.33,67.0,1016.0,3.09,30.0,64.0,,Clouds,broken clouds,3.0,113.34,0.0,2.17,103.56,4.56,2.48,7.92,0.24,raw_collecte_principale.csv
2026-05-05 21:42:37.000000,Fes,34.0331,-5.0003,15.08,14.65,77.0,1015.0,4.12,300.0,40.0,,Clouds,scattered clouds,2.0,99.74,0.0,1.66,74.29,0.59,3.11,5.75,0.73,raw_collecte_principale.csv
2026-05-05 21:42:30.000000,Marrakech,31.6295,-7.9811,20.98,20.33,46.0,1013.0,4.63,360.0,40.0,,Clouds,scattered clouds,2.0,98.32,0.0,1.48,73.26,1.16,4.27,12.5,0.28,raw_collecte_principale.csv
2026-05-05 21:42:23.000000,Rabat,34.0209,-6.8416,16.37,15.81,67.0,1016.0,2.06,350.0,75.0,,Clouds,broken clouds,2.0,114.78,0.0,2.73,98.83,3.78,1.99,4.67,0.33,raw_collecte_principale.csv
2026-05-06 10:18:43.000000,Casablanca,33.5731,-7.5898,19.93,19.55,60.0,1013.0,2.08,23.0,96.0,,Clouds,overcast clouds,2.0,113.94,0.6,2.34,87.45,3.09,4.73,13.33,0.24,raw_collecte_principale.csv
2026-05-06 10:19:05.000000,Fes,34.0331,-5.0003,14.08,13.4,71.0,1012.0,1.54,310.0,75.0,,Clouds,broken clouds,2.0,99.98,0.48,1.6,67.75,0.59,3.69,6.75,2.45,raw_collecte_principale.csv
2026-05-06 10:18:58.000000,Marrakech,31.6295,-7.9811,16.98,16.38,63.0,1012.0,1.54,0.0,0.0,,Clear,clear sky,2.0,101.86,0.93,3.4,64.06,1.1,5.67,15.39,2.39,raw_collecte_principale.csv
2026-05-06 10:18:51.000000,Rabat,34.0209,-6.8416,18.33,17.99,68.0,1013.0,1.54,250.0,40.0,,Clouds,scattered clouds,2.0,115.07,1.14,4.13,81.21,3.81,4.57,8.79,0.37,raw_collecte_principale.csv
2026-05-06 11:19:12.000000,Casablanca,33.5731,-7.5898,20.01,19.42,52.0,1013.0,2.06,20.0,40.0,,Clouds,scattered clouds,3.0,112.31,0.3,1.22,105.06,4.19,4.36,11.96,0.01,raw_collecte_principale.csv
2026-05-06 11:19:32.000000,Fes,34.0331,-5.0003,17.08,16.49,63.0,1012.0,1.54,70.0,75.0,,Clouds,broken clouds,2.0,98.28,0.07,0.32,88.84,0.85,3.17,6.17,0.36,raw_collecte_principale.csv
2026-05-06 11:19:25.000000,Marrakech,31.6295,-7.9811,17.98,17.37,59.0,1012.0,1.54,0.0,0.0,,Clear,clear sky,2.0,95.89,0.15,0.67,70.22,0.78,4.04,11.67,0.26,raw_collecte_principale.csv
2026-05-06 11:19:18.000000,Rabat,34.0209,-6.8416,20.37,19.92,56.0,1013.0,3.09,290.0,40.0,,Clouds,scattered clouds,3.0,112.45,0.5,1.84,101.67,4.3,4.26,8.3,0.03,raw_collecte_principale.csv
2026-05-06 12:19:39.000000,Casablanca,33.5731,-7.5898,20.01,19.35,49.0,1013.0,3.09,350.0,40.0,,Clouds,scattered clouds,3.0,110.42,0.18,0.75,111.1,4.12,4.55,11.77,0.0,raw_collecte_principale.csv
2026-05-06 12:20:00.000000,Fes,34.0331,-5.0003,18.08,17.38,55.0,1012.0,1.54,0.0,75.0,,Clouds,broken clouds,2.0,96.08,0.04,0.2,87.75,0.71,2.69,5.14,0.22,raw_collecte_principale.csv
2026-05-06 12:19:53.000000,Marrakech,31.6295,-7.9811,20.98,20.49,52.0,1012.0,1.54,0.0,0.0,,Clear,clear sky,2.0,94.07,0.08,0.39,68.21,0.7,3.47,10.26,0.11,raw_collecte_principale.csv
2026-05-06 12:19:46.000000,Rabat,34.0209,-6.8416,20.37,19.92,56.0,1013.0,3.6,290.0,40.0,,Clouds,scattered clouds,3.0,110.52,0.26,1.01,109.62,4.03,4.65,8.65,0.0,raw_collecte_principale.csv
2026-05-06 13:20:07.000000,Casablanca,33.5731,-7.5898,20.78,20.19,49.0,1013.0,3.09,360.0,40.0,,Clouds,scattered clouds,3.0,109.06,0.14,0.58,114.32,4.56,5.09,12.32,0.0,raw_collecte_principale.csv
2026-05-06 13:20:28.000000,Fes,34.0331,-5.0003,20.08,19.5,52.0,1011.0,3.09,300.0,75.0,,Clouds,broken clouds,2.0,94.68,0.04,0.18,86.94,0.6,2.37,4.52,0.19,raw_collecte_principale.csv
2026-05-06 13:20:21.000000,Marrakech,31.6295,-7.9811,21.98,21.51,49.0,1011.0,2.06,0.0,0.0,,Clear,clear sky,2.0,93.59,0.07,0.33,68.59,0.76,3.52,10.41,0.08,raw_collecte_principale.csv
2026-05-06 13:20:14.000000,Rabat,34.0209,-6.8416,20.37,20.03,60.0,1013.0,4.12,280.0,40.0,,Clouds,scattered clouds,3.0,109.38,0.18,0.73,113.21,4.18,5.16,9.3,0.0,raw_collecte_principale.csv
2026-05-06 14:20:34.000000,Casablanca,33.5731,-7.5898,20.28,19.7,51.0,1012.0,3.6,330.0,40.0,,Clouds,scattered clouds,3.0,109.19,0.11,0.5,116.04,4.63,4.94,11.43,0.0,raw_collecte_principale.csv
2026-05-06 14:20:53.000000,Fes,34.0331,-5.0003,20.08,19.5,52.0,1010.0,3.6,0.0,75.0,,Clouds,broken clouds,2.0,95.6,0.02,0.2,87.52,0.66,2.86,5.46,0.12,raw_collecte_principale.csv
2026-05-06 14:20:47.000000,Marrakech,31.6295,-7.9811,22.98,22.53,46.0,1010.0,3.6,0.0,40.0,,Clouds,scattered clouds,2.0,93.09,0.04,0.23,63.83,0.53,2.24,6.65,0.04,raw_collecte_principale.csv
2026-05-06 14:20:40.000000,Rabat,34.0209,-6.8416,20.37,20.03,60.0,1013.0,4.12,270.0,40.0,,Clouds,scattered clouds,3.0,109.99,0.13,0.64,114.93,4.05,4.97,8.99,0.0,raw_collecte_principale.csv
2026-05-06 15:20:59.000000,Casablanca,33.5731,-7.5898,21.01,20.37,46.0,1012.0,3.6,350.0,40.0,,Clouds,scattered clouds,3.0,108.88,0.11,0.51,114.92,4.48,4.09,9.92,0.0,raw_collecte_principale.csv
2026-05-06 15:21:18.000000,Fes,34.0331,-5.0003,21.08,20.52,49.0,1010.0,3.6,320.0,40.0,,Clouds,scattered clouds,2.0,95.36,0.02,0.2,86.63,0.58,2.46,4.35,0.09,raw_collecte_principale.csv
2026-05-06 15:21:11.000000,Marrakech,31.6295,-7.9811,24.98,24.68,44.0,1009.0,2.57,0.0,40.0,,Clouds,scattered clouds,2.0,95.2,0.04,0.25,64.59,0.68,1.83,5.87,0.04,raw_collecte_principale.csv
2026-05-06 15:21:05.000000,Rabat,34.0209,-6.8416,20.37,20.13,64.0,1012.0,4.12,300.0,40.0,,Clouds,scattered clouds,3.0,110.13,0.14,0.59,113.95,3.3,3.87,7.37,0.0,raw_collecte_principale.csv
2026-05-06 16:21:26.000000,Casablanca,33.5731,-7.5898,20.01,19.63,60.0,1011.0,4.12,350.0,75.0,,Clouds,broken clouds,3.0,108.28,0.1,0.57,113.08,4.33,3.65,9.03,0.0,raw_collecte_principale.csv
2026-05-06 16:21:49.000000,Fes,34.0331,-5.0003,21.08,20.52,49.0,1009.0,4.12,320.0,40.0,,Clouds,scattered clouds,2.0,95.27,0.02,0.24,86.08,0.6,2.32,3.85,0.08,raw_collecte_principale.csv
2026-05-06 16:21:42.000000,Marrakech,31.6295,-7.9811,25.0,24.63,41.0,1008.0,3.09,0.0,40.0,,Clouds,scattered clouds,2.0,95.42,0.03,0.26,67.04,0.7,1.77,5.46,0.03,raw_collecte_principale.csv
2026-05-06 16:21:35.000000,Rabat,34.0209,-6.8416,20.37,20.13,64.0,1011.0,4.63,310.0,40.0,,Clouds,scattered clouds,3.0,110.16,0.14,0.61,113.02,3.13,3.58,6.86,0.01,raw_collecte_principale.csv
2026-05-06 17:22:18.000000,Casablanca,33.5731,-7.5898,20.0,19.62,60.0,1011.0,3.6,30.0,75.0,,Clouds,broken clouds,3.0,109.79,0.1,0.72,111.96,4.24,3.21,8.21,0.0,raw_collecte_principale.csv
2026-05-06 17:22:38.000000,Fes,34.0331,-5.0003,21.08,20.52,49.0,1009.0,4.12,340.0,40.0,,Clouds,scattered clouds,2.0,96.0,0.02,0.35,86.98,0.73,2.4,3.98,0.1,raw_collecte_principale.csv
2026-05-06 17:22:32.000000,Marrakech,31.6295,-7.9811,22.98,22.46,43.0,1008.0,2.57,250.0,40.0,,Clouds,scattered clouds,2.0,96.79,0.03,0.31,70.43,0.74,1.78,5.27,0.02,raw_collecte_principale.csv
2026-05-06 17:22:24.000000,Rabat,34.0209,-6.8416,20.37,20.13,64.0,1011.0,4.12,320.0,40.0,,Clouds,scattered clouds,3.0,110.96,0.13,0.82,111.95,3.13,3.32,6.45,0.04,raw_collecte_principale.csv
2026-05-06 18:22:46.000000,Casablanca,33.5731,-7.5898,19.49,19.11,62.0,1011.0,3.58,30.0,75.0,,Clouds,broken clouds,3.0,111.21,0.12,0.91,110.21,4.19,2.91,7.77,0.0,raw_collecte_principale.csv
2026-05-06 18:23:07.000000,Fes,34.0331,-5.0003,20.08,19.4,48.0,1009.0,4.12,340.0,40.0,,Clouds,scattered clouds,2.0,97.05,0.01,0.53,88.1,0.96,2.57,4.37,0.13,raw_collecte_principale.csv
2026-05-06 18:23:00.000000,Marrakech,31.6295,-7.9811,22.98,22.46,43.0,1008.0,2.06,330.0,75.0,,Clouds,broken clouds,2.0,98.07,0.02,0.38,73.42,0.81,1.86,5.34,0.02,raw_collecte_principale.csv
2026-05-06 18:22:52.000000,Rabat,34.0209,-6.8416,19.37,19.14,68.0,1011.0,3.6,340.0,40.0,,Clouds,scattered clouds,3.0,112.44,0.14,1.18,109.87,3.16,3.04,6.09,0.11,raw_collecte_principale.csv
2026-05-06 19:23:24.000000,Casablanca,33.5731,-7.5898,18.01,17.64,68.0,1011.0,4.12,30.0,75.0,,Clouds,broken clouds,3.0,112.9,0.11,1.14,108.22,4.09,2.71,7.47,0.02,raw_collecte_principale.csv
2026-05-06 19:23:58.000000,Fes,34.0331,-5.0003,20.08,19.4,48.0,1009.0,3.09,330.0,40.0,,Clouds,scattered clouds,2.0,98.35,0.01,0.67,88.68,1.15,2.73,4.76,0.14,raw_collecte_principale.csv
2026-05-06 19:23:49.000000,Marrakech,31.6295,-7.9811,22.98,22.46,43.0,1008.0,2.57,290.0,75.0,,Clouds,broken clouds,2.0,99.18,0.02,0.43,76.87,0.84,1.84,5.27,0.02,raw_collecte_principale.csv
2026-05-06 19:23:35.000000,Rabat,34.0209,-6.8416,18.37,18.27,77.0,1011.0,3.09,330.0,40.0,,Clouds,scattered clouds,3.0,113.84,0.1,1.58,107.18,3.13,2.68,5.66,0.21,raw_collecte_principale.csv
2026-05-06 20:24:05.000000,Casablanca,33.5731,-7.5898,18.01,17.64,68.0,1011.0,3.6,40.0,75.0,,Clouds,broken clouds,3.0,113.36,0.04,1.51,104.26,3.95,2.53,7.28,0.09,raw_collecte_principale.csv
2026-05-06 20:24:26.000000,Fes,34.0331,-5.0003,19.08,18.4,52.0,1009.0,2.57,320.0,40.0,,Clouds,scattered clouds,2.0,99.12,0.0,0.99,86.06,1.18,2.82,5.07,0.28,raw_collecte_principale.csv
2026-05-06 20:24:19.000000,Marrakech,31.6295,-7.9811,21.98,21.43,46.0,1008.0,4.12,330.0,75.0,,Clouds,broken clouds,2.0,100.24,0.01,0.76,78.75,0.88,2.0,5.82,0.09,raw_collecte_principale.csv
2026-05-06 20:24:12.000000,Rabat,34.0209,-6.8416,17.37,17.3,82.0,1011.0,2.57,340.0,40.0,,Clouds,scattered clouds,3.0,114.61,0.03,2.15,102.76,3.1,2.36,5.13,0.34,raw_collecte_principale.csv
2026-05-06 21:24:32.000000,Casablanca,33.5731,-7.5898,17.89,17.51,68.0,1012.0,3.09,20.0,95.0,,Clouds,overcast clouds,3.0,115.11,0.0,1.81,101.67,4.03,2.52,7.61,0.18,raw_collecte_principale.csv
2026-05-06 21:24:51.000000,Fes,34.0331,-5.0003,17.08,16.49,63.0,1011.0,2.57,320.0,40.0,,Clouds,scattered clouds,2.0,100.63,0.0,1.36,83.09,1.14,2.92,5.43,0.58,raw_collecte_principale.csv
2026-05-06 21:24:44.000000,Marrakech,31.6295,-7.9811,19.98,19.39,52.0,1009.0,4.63,340.0,75.0,,Clouds,broken clouds,2.0,102.53,0.0,1.15,81.11,0.93,2.35,7.12,0.2,raw_collecte_principale.csv
2026-05-06 21:24:38.000000,Rabat,34.0209,-6.8416,17.37,17.46,88.0,1012.0,2.06,330.0,40.0,,Clouds,scattered clouds,2.0,116.24,0.0,2.49,99.26,3.03,2.24,4.79,0.45,raw_collecte_principale.csv
2026-05-07 10:08:51.000000,Casablanca,33.5731,-7.5898,16.66,15.92,59.0,1013.0,1.79,340.0,10.0,,Clear,clear sky,3.0,114.65,0.25,1.57,107.18,4.25,3.59,11.68,0.08,raw_collecte_principale.csv
2026-05-07 10:09:26.000000,Fes,34.0331,-5.0003,12.08,11.95,100.0,1013.0,1.54,120.0,75.0,,Rain,light rain,2.0,104.61,0.03,1.12,72.73,0.7,2.34,4.12,0.35,raw_collecte_principale.csv
2026-05-07 10:09:13.000000,Marrakech,31.6295,-7.9811,14.97,14.66,82.0,1012.0,1.54,120.0,75.0,,Clouds,broken clouds,2.0,104.93,0.1,0.7,90.09,0.57,2.51,9.37,0.27,raw_collecte_principale.csv
2026-05-07 10:09:01.000000,Rabat,34.0209,-6.8416,19.37,18.9,59.0,1013.0,2.06,260.0,40.0,,Clouds,scattered clouds,2.0,116.51,0.38,3.6,94.78,2.72,3.09,6.87,0.41,raw_collecte_principale.csv
2026-05-07 11:11:15.000000,Casablanca,33.5731,-7.5898,18.88,18.26,55.0,1013.0,1.79,40.0,15.0,,Clouds,few clouds,3.0,113.51,0.19,0.9,111.88,3.57,3.25,10.08,0.04,raw_collecte_principale.csv
2026-05-07 11:10:56.000000,Fes,34.0331,-5.0003,13.08,13.05,100.0,1013.0,1.54,160.0,75.0,,Clouds,broken clouds,2.0,104.57,0.03,0.76,79.97,0.75,2.42,4.17,0.23,raw_collecte_principale.csv
2026-05-07 11:10:49.000000,Marrakech,31.6295,-7.9811,15.98,15.51,72.0,1013.0,2.06,50.0,75.0,,Clouds,broken clouds,2.0,104.84,0.09,0.47,92.98,0.49,2.25,8.34,0.21,raw_collecte_principale.csv
2026-05-07 11:10:29.000000,Rabat,34.0209,-6.8416,19.37,18.8,55.0,1013.0,2.06,260.0,40.0,,Clouds,scattered clouds,3.0,115.87,0.36,2.67,100.81,2.86,3.22,6.85,0.29,raw_collecte_principale.csv
2026-05-07 12:12:11.000000,Casablanca,33.5731,-7.5898,20.01,19.35,49.0,1013.0,2.57,350.0,40.0,,Clouds,scattered clouds,3.0,111.09,0.11,0.59,112.95,2.86,2.97,8.95,0.02,raw_collecte_principale.csv
2026-05-07 12:13:42.000000,Fes,34.0331,-5.0003,15.08,14.94,88.0,1013.0,2.06,210.0,75.0,,Clouds,broken clouds,2.0,103.6,0.04,0.61,82.57,0.73,2.45,4.02,0.19,raw_collecte_principale.csv
2026-05-07 12:13:28.000000,Marrakech,31.6295,-7.9811,16.98,16.48,67.0,1012.0,2.06,340.0,75.0,,Clouds,broken clouds,2.0,103.75,0.07,0.31,94.67,0.41,2.05,7.48,0.19,raw_collecte_principale.csv
2026-05-07 12:12:25.000000,Rabat,34.0209,-6.8416,20.37,19.82,52.0,1013.0,2.57,290.0,40.0,,Clouds,scattered clouds,3.0,114.15,0.3,2.02,105.04,2.9,3.51,7.12,0.23,raw_collecte_principale.csv
2026-05-07 13:13:58.000000,Casablanca,33.5731,-7.5898,20.01,19.24,45.0,1012.0,3.09,10.0,40.0,,Clouds,scattered clouds,3.0,109.38,0.09,0.49,113.03,2.71,2.97,8.82,0.02,raw_collecte_principale.csv
2026-05-07 13:14:39.000000,Fes,34.0331,-5.0003,17.08,16.72,72.0,1013.0,1.54,0.0,75.0,,Clouds,broken clouds,2.0,102.55,0.04,0.51,84.05,0.68,2.41,3.76,0.16,raw_collecte_principale.csv
2026-05-07 13:14:29.000000,Marrakech,31.6295,-7.9811,18.98,18.58,63.0,1011.0,2.06,0.0,75.0,,Clouds,broken clouds,2.0,102.4,0.06,0.23,95.97,0.39,2.01,7.16,0.17,raw_collecte_principale.csv
2026-05-07 13:14:11.000000,Rabat,34.0209,-6.8416,20.37,19.82,52.0,1013.0,3.09,300.0,40.0,,Clouds,scattered clouds,3.0,112.61,0.22,1.44,109.46,2.89,3.84,7.4,0.17,raw_collecte_principale.csv
2026-05-08 15:48:08.000000,Casablanca,33.5731,-7.5898,21.01,20.29,43.0,1010.0,3.09,20.0,0.0,,Clear,clear sky,3.0,105.51,0.06,0.32,107.67,1.99,3.31,9.96,0.0,raw_collecte_principale.csv
2026-05-08 15:48:30.000000,Fes,34.0331,-5.0003,24.08,23.67,43.0,1007.0,2.06,0.0,75.0,,Clouds,broken clouds,2.0,99.07,0.03,0.25,97.54,0.69,4.48,9.96,0.16,raw_collecte_principale.csv
2026-05-08 15:48:23.000000,Marrakech,31.6295,-7.9811,23.98,23.35,35.0,1008.0,3.6,270.0,0.0,,Clear,clear sky,3.0,102.52,0.06,0.3,116.08,0.63,2.26,6.57,0.13,raw_collecte_principale.csv
2026-05-08 15:48:15.000000,Rabat,34.0209,-6.8416,20.37,19.92,56.0,1009.0,3.6,320.0,75.0,,Clouds,broken clouds,3.0,106.17,0.12,0.67,117.84,5.51,6.96,12.52,0.0,raw_collecte_principale.csv
2026-05-08 16:48:36.000000,Casablanca,33.5731,-7.5898,20.78,20.04,43.0,1009.0,3.6,360.0,0.0,,Clear,clear sky,3.0,105.11,0.07,0.37,107.57,1.71,2.6,8.18,0.01,raw_collecte_principale.csv
2026-05-08 16:48:56.000000,Fes,34.0331,-5.0003,24.08,23.74,46.0,1007.0,3.09,360.0,75.0,,Clouds,broken clouds,2.0,99.78,0.03,0.36,98.68,0.73,4.63,10.25,0.17,raw_collecte_principale.csv
2026-05-08 16:48:50.000000,Marrakech,31.6295,-7.9811,23.98,23.35,35.0,1008.0,3.6,300.0,0.0,,Clear,clear sky,3.0,103.55,0.08,0.37,115.81,0.78,2.59,7.56,0.13,raw_collecte_principale.csv
2026-05-08 16:48:43.000000,Rabat,34.0209,-6.8416,21.37,20.92,52.0,1009.0,3.6,330.0,75.0,,Clouds,broken clouds,3.0,106.84,0.16,0.96,117.93,5.89,6.82,12.07,0.0,raw_collecte_principale.csv
2026-05-08 17:50:29.000000,Casablanca,33.5731,-7.5898,20.0,19.41,52.0,1010.0,4.12,330.0,0.0,,Clear,clear sky,3.0,105.3,0.06,0.48,106.99,1.61,2.06,6.96,0.05,raw_collecte_principale.csv
2026-05-08 17:50:08.000000,Fes,34.0331,-5.0003,24.08,23.74,46.0,1007.0,1.54,300.0,75.0,,Clouds,broken clouds,2.0,99.8,0.03,0.55,97.97,0.76,4.82,10.53,0.22,raw_collecte_principale.csv
2026-05-08 17:50:00.000000,Marrakech,31.6295,-7.9811,24.98,24.53,38.0,1008.0,3.09,260.0,0.0,,Clear,clear sky,3.0,104.28,0.08,0.49,113.78,0.96,2.9,8.59,0.13,raw_collecte_principale.csv
2026-05-08 17:50:36.000000,Rabat,34.0209,-6.8416,20.37,19.92,56.0,1009.0,3.09,320.0,75.0,,Clouds,broken clouds,3.0,107.14,0.19,1.55,114.94,6.01,6.31,11.04,0.0,raw_collecte_principale.csv
2026-05-08 18:50:56.000000,Casablanca,33.5731,-7.5898,18.95,18.44,59.0,1010.0,3.6,320.0,0.0,,Clear,clear sky,3.0,106.0,0.04,0.61,106.18,1.55,1.68,6.21,0.08,raw_collecte_principale.csv
2026-05-08 18:51:17.000000,Fes,34.0331,-5.0003,24.08,23.74,46.0,1007.0,2.06,330.0,75.0,,Clouds,broken clouds,2.0,99.66,0.02,0.72,96.98,0.81,4.98,10.75,0.27,raw_collecte_principale.csv
2026-05-08 18:51:11.000000,Marrakech,31.6295,-7.9811,22.98,22.38,40.0,1009.0,5.14,290.0,0.0,,Clear,clear sky,3.0,104.41,0.07,0.62,111.0,1.04,2.81,8.7,0.13,raw_collecte_principale.csv
2026-05-08 18:51:04.000000,Rabat,34.0209,-6.8416,19.37,18.9,59.0,1010.0,2.57,310.0,75.0,,Clouds,broken clouds,3.0,107.18,0.13,2.24,109.71,5.77,5.41,9.68,0.01,raw_collecte_principale.csv
2026-05-08 19:51:24.000000,Casablanca,33.5731,-7.5898,18.95,18.55,63.0,1011.0,4.12,300.0,0.0,,Clear,clear sky,3.0,105.49,0.01,0.76,103.49,1.51,1.47,5.98,0.13,raw_collecte_principale.csv
2026-05-08 19:51:44.000000,Fes,34.0331,-5.0003,22.08,21.7,52.0,1008.0,3.09,320.0,75.0,,Clouds,broken clouds,2.0,99.83,0.0,0.87,95.47,0.92,5.21,10.98,0.33,raw_collecte_principale.csv
2026-05-08 19:51:37.000000,Marrakech,31.6295,-7.9811,20.98,20.41,49.0,1011.0,6.69,290.0,0.0,,Clear,clear sky,3.0,103.66,0.03,0.96,105.77,1.0,2.51,8.26,0.18,raw_collecte_principale.csv
2026-05-08 19:51:31.000000,Rabat,34.0209,-6.8416,18.37,17.91,63.0,1010.0,1.54,320.0,75.0,,Clouds,broken clouds,3.0,106.01,0.03,2.77,102.96,5.28,4.27,8.15,0.1,raw_collecte_principale.csv
2026-05-08 23:17:20.000000,Casablanca,33.5731,-7.5898,18.01,17.41,59.0,1012.0,1.03,0.0,100.0,,Clouds,overcast clouds,3.0,107.72,0.0,0.75,100.18,1.06,1.6,7.8,0.26,raw_collecte_principale.csv
2026-05-08 23:20:09.000000,Fes,34.0331,-5.0003,16.08,15.75,77.0,1011.0,4.12,270.0,20.0,,Clouds,few clouds,2.0,101.61,0.0,1.31,88.68,1.58,6.57,11.54,0.42,raw_collecte_principale.csv
2026-05-08 23:18:42.000000,Marrakech,31.6295,-7.9811,15.98,14.97,51.0,1014.0,3.6,260.0,75.0,,Clouds,broken clouds,2.0,103.96,0.0,1.59,96.63,0.7,1.83,7.16,0.42,raw_collecte_principale.csv
2026-05-08 23:17:54.000000,Rabat,34.0209,-6.8416,17.37,17.17,77.0,1012.0,1.54,220.0,75.0,,Clouds,broken clouds,2.0,105.92,0.0,2.21,95.94,4.11,2.33,6.39,0.24,raw_collecte_principale.csv
2026-05-09 00:33:45.000000,Casablanca,33.5731,-7.5898,17.39,16.73,59.0,1012.0,1.54,200.0,100.0,,Clouds,overcast clouds,2.0,108.08,0.0,0.57,99.6,0.67,1.84,9.53,0.29,raw_collecte_principale.csv
2026-05-09 00:34:39.000000,Fes,34.0331,-5.0003,16.08,15.49,67.0,1012.0,4.63,260.0,40.0,,Clouds,scattered clouds,2.0,103.09,0.0,1.26,84.69,1.65,7.41,12.21,0.34,raw_collecte_principale.csv
2026-05-09 00:34:24.000000,Marrakech,31.6295,-7.9811,15.98,15.07,55.0,1014.0,3.09,230.0,75.0,,Clouds,broken clouds,2.0,103.79,0.0,1.3,96.45,0.49,1.61,6.6,0.5,raw_collecte_principale.csv
2026-05-09 00:34:08.000000,Rabat,34.0209,-6.8416,17.37,17.17,77.0,1012.0,2.06,220.0,75.0,,Clouds,broken clouds,2.0,106.85,0.0,1.44,95.71,2.88,2.06,7.43,0.3,raw_collecte_principale.csv
2026-05-09 09:49:14.000000,Casablanca,33.5731,-7.5898,20.01,19.53,56.0,1013.0,5.14,260.0,40.0,,Dust,dust,2.0,106.62,0.15,1.03,90.57,0.65,2.05,8.83,0.33,raw_collecte_principale.csv
2026-05-09 09:49:37.000000,Fes,34.0331,-5.0003,19.08,18.48,55.0,1013.0,2.06,290.0,0.0,,Clear,clear sky,2.0,98.74,0.11,0.5,85.75,0.42,2.27,7.12,0.32,raw_collecte_principale.csv
2026-05-09 09:49:29.000000,Marrakech,31.6295,-7.9811,18.98,18.29,52.0,1014.0,2.06,130.0,40.0,,Clouds,scattered clouds,2.0,101.71,0.22,1.0,90.68,0.2,1.19,4.77,0.38,raw_collecte_principale.csv
2026-05-09 09:49:21.000000,Rabat,34.0209,-6.8416,20.37,19.92,56.0,1013.0,6.17,210.0,75.0,,Clouds,broken clouds,2.0,105.35,0.13,0.99,91.49,1.26,2.19,9.6,0.3,raw_collecte_principale.csv
2026-05-09 10:49:43.000000,Casablanca,33.5731,-7.5898,21.01,20.52,52.0,1013.0,5.14,260.0,40.0,,Dust,dust,2.0,107.76,0.06,0.34,98.13,0.46,1.32,5.37,0.12,raw_collecte_principale.csv
2026-05-09 10:50:02.000000,Fes,34.0331,-5.0003,20.08,19.5,52.0,1013.0,1.03,0.0,0.0,,Clear,clear sky,2.0,97.64,0.04,0.21,94.91,0.24,1.26,4.31,0.2,raw_collecte_principale.csv
2026-05-09 10:49:55.000000,Marrakech,31.6295,-7.9811,20.98,20.33,46.0,1014.0,2.57,280.0,40.0,,Clouds,scattered clouds,2.0,101.56,0.07,0.29,96.78,0.17,0.98,4.08,0.16,raw_collecte_principale.csv
2026-05-09 10:49:49.000000,Rabat,34.0209,-6.8416,22.37,21.86,46.0,1013.0,6.17,220.0,40.0,,Clouds,scattered clouds,2.0,106.42,0.09,0.56,96.33,1.05,1.57,6.24,0.17,raw_collecte_principale.csv
2026-05-09 11:50:09.000000,Casablanca,33.5731,-7.5898,22.01,21.47,46.0,1013.0,5.14,260.0,75.0,,Dust,dust,3.0,107.76,0.04,0.21,101.01,0.37,1.07,4.19,0.08,raw_collecte_principale.csv
2026-05-09 11:50:29.000000,Fes,34.0331,-5.0003,20.08,19.5,52.0,1013.0,4.63,330.0,40.0,,Clouds,scattered clouds,2.0,96.4,0.03,0.15,94.98,0.16,0.9,3.04,0.18,raw_collecte_principale.csv
2026-05-09 11:50:22.000000,Marrakech,31.6295,-7.9811,22.98,22.38,40.0,1014.0,5.14,260.0,40.0,,Clouds,scattered clouds,2.0,101.0,0.04,0.17,96.32,0.15,0.89,3.53,0.12,raw_collecte_principale.csv
2026-05-09 11:50:15.000000,Rabat,34.0209,-6.8416,22.37,22.12,56.0,1013.0,6.17,250.0,40.0,,Clouds,scattered clouds,2.0,106.57,0.06,0.38,99.39,0.91,1.23,4.39,0.12,raw_collecte_principale.csv
2026-05-09 12:50:36.000000,Casablanca,33.5731,-7.5898,23.01,22.41,40.0,1013.0,4.63,270.0,75.0,,Clouds,broken clouds,3.0,107.06,0.04,0.18,102.0,0.35,1.0,3.84,0.07,raw_collecte_principale.csv
2026-05-09 12:50:57.000000,Fes,34.0331,-5.0003,22.08,21.47,43.0,1013.0,4.12,290.0,40.0,,Clouds,scattered clouds,2.0,95.4,0.02,0.13,94.02,0.12,0.8,2.73,0.17,raw_collecte_principale.csv
2026-05-09 12:50:50.000000,Marrakech,31.6295,-7.9811,23.98,23.35,35.0,1013.0,5.14,280.0,40.0,,Clouds,scattered clouds,2.0,100.61,0.04,0.15,95.21,0.15,0.95,3.66,0.11,raw_collecte_principale.csv
2026-05-09 12:50:43.000000,Rabat,34.0209,-6.8416,23.37,23.15,53.0,1013.0,5.66,240.0,40.0,,Clouds,scattered clouds,3.0,106.37,0.06,0.33,100.72,0.94,1.13,3.73,0.1,raw_collecte_principale.csv
2026-05-09 13:51:04.000000,Casablanca,33.5731,-7.5898,23.01,22.65,49.0,1013.0,4.12,310.0,75.0,,Clouds,broken clouds,3.0,108.06,0.04,0.18,103.5,0.35,1.0,3.78,0.06,raw_collecte_principale.csv
2026-05-09 13:51:24.000000,Fes,34.0331,-5.0003,24.08,23.35,31.0,1012.0,6.69,280.0,40.0,,Clouds,scattered clouds,2.0,95.92,0.02,0.13,94.56,0.11,0.78,2.79,0.17,raw_collecte_principale.csv
2026-05-09 13:51:18.000000,Marrakech,31.6295,-7.9811,24.98,24.4,33.0,1013.0,6.69,270.0,40.0,,Clouds,scattered clouds,2.0,101.91,0.04,0.15,96.57,0.15,1.02,3.79,0.1,raw_collecte_principale.csv
2026-05-09 13:51:11.000000,Rabat,34.0209,-6.8416,22.37,22.23,60.0,1013.0,6.17,250.0,40.0,,Clouds,scattered clouds,3.0,107.32,0.06,0.33,102.46,0.97,1.12,3.5,0.09,raw_collecte_principale.csv
2026-05-09 14:51:31.000000,Casablanca,33.5731,-7.5898,21.01,20.73,60.0,1013.0,7.72,300.0,75.0,,Dust,dust,3.0,107.32,0.04,0.19,103.14,0.33,1.0,3.65,0.06,raw_collecte_principale.csv
2026-05-09 14:51:49.000000,Fes,34.0331,-5.0003,25.08,24.4,29.0,1012.0,6.17,270.0,40.0,,Clouds,scattered clouds,2.0,94.97,0.03,0.12,94.83,0.12,0.9,3.4,0.17,raw_collecte_principale.csv
2026-05-09 14:51:43.000000,Marrakech,31.6295,-7.9811,23.98,23.56,43.0,1012.0,5.66,300.0,40.0,,Clouds,scattered clouds,2.0,101.7,0.03,0.13,97.18,0.13,0.87,3.36,0.08,raw_collecte_principale.csv
2026-05-09 14:51:37.000000,Rabat,34.0209,-6.8416,22.37,22.23,60.0,1014.0,5.66,250.0,40.0,,Clouds,scattered clouds,3.0,106.56,0.06,0.3,102.74,0.88,1.05,3.46,0.08,raw_collecte_principale.csv
2026-05-09 15:51:56.000000,Casablanca,33.5731,-7.5898,22.01,21.73,56.0,1013.0,6.69,300.0,75.0,,Dust,dust,3.0,107.0,0.04,0.2,102.79,0.34,1.01,3.74,0.06,raw_collecte_principale.csv
2026-05-09 15:52:17.000000,Fes,34.0331,-5.0003,24.08,23.41,33.0,1011.0,5.14,310.0,40.0,,Clouds,scattered clouds,2.0,94.49,0.03,0.13,94.51,0.12,0.94,3.56,0.17,raw_collecte_principale.csv
2026-05-09 15:52:10.000000,Marrakech,31.6295,-7.9811,24.98,24.6,41.0,1012.0,5.14,320.0,40.0,,Clouds,scattered clouds,2.0,101.18,0.03,0.14,96.91,0.14,0.87,3.32,0.08,raw_collecte_principale.csv
2026-05-09 15:52:03.000000,Rabat,34.0209,-6.8416,21.37,21.23,64.0,1014.0,5.66,240.0,40.0,,Clouds,scattered clouds,3.0,105.92,0.07,0.32,102.1,0.9,1.05,3.4,0.07,raw_collecte_principale.csv
2026-05-09 16:52:24.000000,Casablanca,33.5731,-7.5898,21.01,20.73,60.0,1013.0,7.2,310.0,75.0,,Dust,dust,3.0,107.9,0.05,0.25,103.27,0.42,1.12,4.28,0.07,raw_collecte_principale.csv
2026-05-09 16:52:50.000000,Fes,34.0331,-5.0003,25.08,24.45,31.0,1011.0,4.63,300.0,40.0,,Clouds,scattered clouds,2.0,95.37,0.04,0.17,94.64,0.13,1.01,3.82,0.19,raw_collecte_principale.csv
2026-05-09 16:52:38.000000,Marrakech,31.6295,-7.9811,24.98,24.68,44.0,1012.0,4.63,290.0,40.0,,Clouds,scattered clouds,2.0,102.11,0.04,0.17,97.78,0.16,0.89,3.33,0.08,raw_collecte_principale.csv
2026-05-09 16:52:32.000000,Rabat,34.0209,-6.8416,21.37,21.23,64.0,1013.0,5.14,240.0,40.0,,Clouds,scattered clouds,3.0,106.54,0.08,0.41,102.41,1.06,1.1,3.5,0.08,raw_collecte_principale.csv
2026-05-09 17:52:58.000000,Casablanca,33.5731,-7.5898,21.01,20.63,56.0,1013.0,6.69,310.0,40.0,,Dust,dust,3.0,109.42,0.06,0.33,103.28,0.61,1.44,5.65,0.09,raw_collecte_principale.csv
2026-05-09 17:53:18.000000,Fes,34.0331,-5.0003,24.08,23.59,40.0,1012.0,6.17,330.0,40.0,,Clouds,scattered clouds,2.0,95.96,0.05,0.24,93.8,0.15,1.07,4.05,0.23,raw_collecte_principale.csv
2026-05-09 17:53:11.000000,Marrakech,31.6295,-7.9811,24.98,24.6,41.0,1012.0,4.63,280.0,40.0,,Clouds,scattered clouds,2.0,102.82,0.04,0.22,97.52,0.19,0.92,3.42,0.09,raw_collecte_principale.csv
2026-05-09 17:53:04.000000,Rabat,34.0209,-6.8416,20.37,20.24,68.0,1014.0,4.63,250.0,75.0,,Clouds,broken clouds,3.0,107.23,0.09,0.56,102.22,1.42,1.23,3.96,0.1,raw_collecte_principale.csv
2026-05-09 18:53:26.000000,Casablanca,33.5731,-7.5898,20.01,19.74,64.0,1014.0,5.66,310.0,40.0,,Clouds,scattered clouds,3.0,110.85,0.05,0.41,102.68,0.75,1.77,7.03,0.11,raw_collecte_principale.csv
2026-05-09 18:53:47.000000,Fes,34.0331,-5.0003,22.08,21.7,52.0,1014.0,7.72,330.0,40.0,,Clouds,scattered clouds,2.0,96.7,0.04,0.32,92.89,0.17,1.1,4.15,0.27,raw_collecte_principale.csv
2026-05-09 18:53:40.000000,Marrakech,31.6295,-7.9811,23.97,23.49,41.0,1013.0,4.63,300.0,40.0,,Clouds,scattered clouds,2.0,103.52,0.03,0.26,98.36,0.21,0.92,3.44,0.09,raw_collecte_principale.csv
2026-05-09 18:53:32.000000,Rabat,34.0209,-6.8416,20.37,20.37,73.0,1014.0,4.12,230.0,75.0,,Clouds,broken clouds,3.0,107.82,0.08,0.69,101.44,1.71,1.35,4.47,0.12,raw_collecte_principale.csv
2026-05-09 19:53:54.000000,Casablanca,33.5731,-7.5898,20.01,19.74,64.0,1015.0,6.17,300.0,40.0,,Clouds,scattered clouds,2.0,111.08,0.02,0.54,99.85,0.84,2.03,8.19,0.14,raw_collecte_principale.csv
2026-05-09 19:54:15.000000,Fes,34.0331,-5.0003,19.08,18.69,63.0,1015.0,5.14,330.0,40.0,,Clouds,scattered clouds,2.0,97.01,0.02,0.53,87.52,0.18,1.11,4.07,0.43,raw_collecte_principale.csv
2026-05-09 19:54:08.000000,Marrakech,31.6295,-7.9811,22.98,22.38,40.0,1014.0,4.12,310.0,40.0,,Clouds,scattered clouds,2.0,104.02,0.02,0.48,96.85,0.23,0.98,3.75,0.15,raw_collecte_principale.csv
2026-05-09 19:54:02.000000,Rabat,34.0209,-6.8416,19.37,19.24,72.0,1015.0,3.09,240.0,75.0,,Clouds,broken clouds,2.0,108.09,0.03,0.98,98.75,2.08,1.5,5.09,0.17,raw_collecte_principale.csv
2026-05-09 20:54:22.000000,Casablanca,33.5731,-7.5898,19.01,18.74,68.0,1016.0,4.63,300.0,20.0,,Clouds,few clouds,2.0,112.45,0.0,0.64,97.89,0.9,2.27,9.41,0.2,raw_collecte_principale.csv
2026-05-09 20:54:45.000000,Fes,34.0331,-5.0003,18.08,17.69,67.0,1017.0,4.12,330.0,75.0,,Clouds,broken clouds,2.0,97.52,0.0,0.78,79.89,0.19,1.13,4.01,0.68,raw_collecte_principale.csv
2026-05-09 20:54:36.000000,Marrakech,31.6295,-7.9811,20.98,20.41,49.0,1016.0,4.63,300.0,40.0,,Clouds,scattered clouds,2.0,105.61,0.0,0.77,94.34,0.26,1.14,4.48,0.26,raw_collecte_principale.csv
2026-05-09 20:54:29.000000,Rabat,34.0209,-6.8416,18.37,18.56,88.0,1016.0,3.09,240.0,75.0,,Clouds,broken clouds,2.0,109.73,0.0,1.3,96.2,2.57,1.74,6.06,0.25,raw_collecte_principale.csv
2026-05-09 21:54:52.000000,Casablanca,33.5731,-7.5898,17.89,17.75,77.0,1016.0,3.09,290.0,2.0,,Clear,clear sky,2.0,113.65,0.0,0.68,96.43,0.91,2.48,10.4,0.21,raw_collecte_principale.csv
2026-05-09 21:55:12.000000,Fes,34.0331,-5.0003,17.08,16.72,72.0,1017.0,2.57,310.0,75.0,,Clouds,broken clouds,2.0,98.02,0.0,0.99,74.4,0.2,1.17,4.02,0.91,raw_collecte_principale.csv
2026-05-09 21:55:05.000000,Marrakech,31.6295,-7.9811,18.98,18.37,55.0,1017.0,4.63,280.0,40.0,,Clouds,scattered clouds,2.0,106.94,0.0,0.95,92.85,0.28,1.28,5.17,0.35,raw_collecte_principale.csv
2026-05-09 21:54:58.000000,Rabat,34.0209,-6.8416,17.37,17.62,94.0,1016.0,2.57,230.0,40.0,,Clouds,scattered clouds,2.0,111.47,0.0,1.47,94.51,2.83,1.99,6.98,0.31,raw_collecte_principale.csv
2026-05-10 09:04:24.000000,Casablanca,33.5731,-7.5898,16.84,16.46,72.0,1017.0,2.06,220.0,40.0,,Clouds,scattered clouds,2.0,115.34,0.42,2.66,66.19,0.38,5.33,24.39,0.53,raw_collecte_principale.csv
2026-05-10 09:04:45.000000,Fes,34.0331,-5.0003,18.1,17.72,67.0,1017.0,1.03,0.0,40.0,,Clouds,scattered clouds,1.0,95.47,0.34,1.83,43.74,0.12,1.45,4.28,0.69,raw_collecte_principale.csv
2026-05-10 09:04:38.000000,Marrakech,31.6295,-7.9811,16.98,16.48,67.0,1018.0,1.54,10.0,0.0,,Clear,clear sky,2.0,109.79,0.53,2.96,75.08,0.37,1.9,7.43,2.6,raw_collecte_principale.csv
2026-05-10 09:04:31.000000,Rabat,34.0209,-6.8416,18.37,18.27,77.0,1017.0,4.63,200.0,40.0,,Clouds,scattered clouds,2.0,110.91,0.07,1.76,81.71,1.5,4.07,17.61,0.22,raw_collecte_principale.csv
2026-05-10 10:04:52.000000,Casablanca,33.5731,-7.5898,17.34,17.01,72.0,1017.0,1.79,220.0,75.0,,Clouds,broken clouds,2.0,113.16,0.62,2.1,70.84,0.56,5.25,24.38,0.57,raw_collecte_principale.csv
2026-05-10 10:05:12.000000,Fes,34.0331,-5.0003,19.08,18.69,63.0,1017.0,1.54,320.0,75.0,,Clouds,broken clouds,1.0,95.36,0.39,1.28,52.9,0.2,1.62,5.03,0.82,raw_collecte_principale.csv
2026-05-10 10:05:06.000000,Marrakech,31.6295,-7.9811,16.98,16.38,63.0,1018.0,2.57,0.0,0.0,,Clear,clear sky,2.0,109.26,0.73,2.37,75.22,0.32,2.04,7.94,2.18,raw_collecte_principale.csv
2026-05-10 10:04:59.000000,Rabat,34.0209,-6.8416,19.37,19.14,68.0,1017.0,4.12,210.0,40.0,,Clouds,scattered clouds,2.0,109.65,0.13,1.52,82.92,1.79,3.84,16.95,0.22,raw_collecte_principale.csv
2026-05-10 11:05:19.000000,Casablanca,33.5731,-7.5898,19.01,18.74,68.0,1017.0,2.06,260.0,75.0,,Clouds,broken clouds,2.0,108.45,0.11,0.52,90.48,0.74,3.83,18.54,0.13,raw_collecte_principale.csv
2026-05-10 11:05:37.000000,Fes,34.0331,-5.0003,20.08,19.68,59.0,1017.0,4.12,300.0,75.0,,Clouds,broken clouds,2.0,101.52,0.07,0.31,88.4,0.41,2.01,7.09,0.28,raw_collecte_principale.csv
2026-05-10 11:05:31.000000,Marrakech,31.6295,-7.9811,18.98,18.37,55.0,1017.0,2.06,0.0,0.0,,Clear,clear sky,3.0,108.37,0.12,0.52,106.13,0.17,1.53,6.36,0.55,raw_collecte_principale.csv
2026-05-10 11:05:25.000000,Rabat,34.0209,-6.8416,20.37,20.13,64.0,1017.0,3.6,210.0,40.0,,Clouds,scattered clouds,2.0,107.29,0.14,0.78,89.36,1.68,2.88,12.26,0.11,raw_collecte_principale.csv
2026-05-10 12:05:45.000000,Casablanca,33.5731,-7.5898,20.78,20.27,52.0,1017.0,3.6,280.0,75.0,,Clouds,broken clouds,2.0,105.9,0.06,0.28,92.87,0.66,3.0,14.23,0.09,raw_collecte_principale.csv
2026-05-10 12:06:08.000000,Fes,34.0331,-5.0003,21.08,20.71,56.0,1017.0,4.12,290.0,75.0,,Clouds,broken clouds,2.0,101.6,0.05,0.18,91.41,0.36,2.06,7.31,0.24,raw_collecte_principale.csv
2026-05-10 12:06:00.000000,Marrakech,31.6295,-7.9811,19.98,19.39,52.0,1017.0,2.06,0.0,40.0,,Clouds,scattered clouds,3.0,105.91,0.06,0.27,110.13,0.13,1.3,5.19,0.36,raw_collecte_principale.csv
2026-05-10 12:05:53.000000,Rabat,34.0209,-6.8416,21.37,21.13,60.0,1017.0,2.57,240.0,40.0,,Clouds,scattered clouds,2.0,104.88,0.1,0.49,91.98,1.63,2.51,10.21,0.09,raw_collecte_principale.csv
2026-05-10 13:06:16.000000,Casablanca,33.5731,-7.5898,20.01,19.74,64.0,1016.0,4.12,320.0,75.0,,Clouds,broken clouds,2.0,104.06,0.05,0.22,92.69,0.69,2.61,12.06,0.09,raw_collecte_principale.csv
2026-05-10 13:06:38.000000,Fes,34.0331,-5.0003,21.03,20.47,49.0,1016.0,4.63,320.0,75.0,,Clouds,broken clouds,2.0,100.65,0.04,0.14,91.46,0.33,2.12,7.42,0.24,raw_collecte_principale.csv
2026-05-10 13:06:30.000000,Marrakech,31.6295,-7.9811,21.98,21.51,49.0,1016.0,2.06,0.0,40.0,,Clouds,scattered clouds,3.0,104.06,0.05,0.22,110.65,0.16,1.34,5.15,0.3,raw_collecte_principale.csv
2026-05-10 13:06:23.000000,Rabat,34.0209,-6.8416,21.37,21.13,60.0,1017.0,3.6,240.0,75.0,,Clouds,broken clouds,2.0,103.19,0.09,0.41,92.94,1.89,2.45,9.39,0.08,raw_collecte_principale.csv
2026-05-10 14:06:45.000000,Casablanca,33.5731,-7.5898,24.93,24.99,58.0,1016.0,6.24,288.0,100.0,,Clouds,overcast clouds,2.0,103.94,0.05,0.21,93.69,0.75,2.22,9.9,0.09,raw_collecte_principale.csv
2026-05-10 14:07:04.000000,Fes,34.0331,-5.0003,23.08,22.64,46.0,1015.0,3.6,310.0,75.0,,Clouds,broken clouds,2.0,100.51,0.03,0.13,93.16,0.27,2.0,6.82,0.22,raw_collecte_principale.csv
2026-05-10 14:06:58.000000,Marrakech,31.6295,-7.9811,22.98,22.53,46.0,1015.0,2.57,0.0,0.0,,Clear,clear sky,3.0,104.75,0.04,0.2,121.21,0.2,1.22,4.21,0.18,raw_collecte_principale.csv
2026-05-10 14:06:51.000000,Rabat,34.0209,-6.8416,21.37,21.02,56.0,1017.0,3.6,250.0,75.0,,Clouds,broken clouds,2.0,103.07,0.09,0.38,95.26,2.15,2.34,8.18,0.06,raw_collecte_principale.csv
2026-05-10 15:07:12.000000,Casablanca,33.5731,-7.5898,20.01,19.63,60.0,1016.0,5.14,320.0,75.0,,Clouds,broken clouds,2.0,101.9,0.05,0.21,93.49,0.83,1.7,7.31,0.08,raw_collecte_principale.csv
2026-05-10 15:07:34.000000,Fes,34.0331,-5.0003,24.08,23.67,43.0,1015.0,3.6,290.0,75.0,,Clouds,broken clouds,2.0,99.12,0.03,0.13,91.68,0.23,2.13,7.15,0.22,raw_collecte_principale.csv
2026-05-10 15:07:27.000000,Marrakech,31.6295,-7.9811,23.98,23.56,43.0,1015.0,3.09,0.0,0.0,,Clear,clear sky,3.0,104.02,0.04,0.2,125.69,0.29,1.34,4.3,0.13,raw_collecte_principale.csv
2026-05-10 15:07:20.000000,Rabat,34.0209,-6.8416,22.37,22.05,53.0,1016.0,3.6,270.0,75.0,,Clouds,broken clouds,2.0,101.25,0.09,0.42,95.59,2.24,1.8,5.79,0.06,raw_collecte_principale.csv
2026-05-10 16:07:40.000000,Casablanca,33.5731,-7.5898,20.51,20.08,56.0,1016.0,4.92,320.0,75.0,,Clouds,broken clouds,2.0,100.82,0.05,0.23,93.06,0.92,1.52,6.42,0.08,raw_collecte_principale.csv
2026-05-10 16:08:00.000000,Fes,34.0331,-5.0003,24.1,23.77,46.0,1014.0,4.63,330.0,75.0,,Clouds,broken clouds,2.0,97.59,0.03,0.14,90.28,0.2,2.1,7.1,0.23,raw_collecte_principale.csv
2026-05-10 16:07:53.000000,Marrakech,31.6295,-7.9811,24.98,24.6,41.0,1013.0,2.57,0.0,0.0,,Clear,clear sky,3.0,102.62,0.04,0.21,124.26,0.36,1.7,5.61,0.1,raw_collecte_principale.csv
2026-05-10 16:07:47.000000,Rabat,34.0209,-6.8416,21.37,21.13,60.0,1016.0,4.12,290.0,75.0,,Clouds,broken clouds,2.0,100.11,0.1,0.46,95.83,2.35,1.65,4.93,0.05,raw_collecte_principale.csv
2026-05-10 17:08:07.000000,Casablanca,33.5731,-7.5898,20.78,20.48,60.0,1015.0,4.63,320.0,75.0,,Clouds,broken clouds,2.0,100.83,0.06,0.29,93.15,1.13,1.45,6.01,0.07,raw_collecte_principale.csv
2026-05-10 17:08:28.000000,Fes,34.0331,-5.0003,24.08,23.74,46.0,1014.0,3.09,360.0,75.0,,Clouds,broken clouds,2.0,97.25,0.04,0.21,89.31,0.19,2.15,7.29,0.26,raw_collecte_principale.csv
2026-05-10 17:08:21.000000,Marrakech,31.6295,-7.9811,24.98,24.53,38.0,1013.0,3.09,330.0,0.0,,Clear,clear sky,3.0,103.41,0.05,0.27,121.03,0.52,2.42,8.37,0.08,raw_collecte_principale.csv
2026-05-10 17:08:14.000000,Rabat,34.0209,-6.8416,22.37,22.23,60.0,1016.0,3.6,290.0,75.0,,Clouds,broken clouds,2.0,100.44,0.1,0.65,95.97,2.61,1.54,4.39,0.07,raw_collecte_principale.csv
2026-05-10 18:19:58.000000,Casablanca,33.5731,-7.5898,20.0,19.73,64.0,1016.0,4.12,330.0,75.0,,Clouds,broken clouds,2.0,100.81,0.06,0.39,92.41,1.4,1.42,5.95,0.08,raw_collecte_principale.csv
2026-05-10 18:20:20.000000,Fes,34.0331,-5.0003,22.08,21.54,46.0,1014.0,4.12,340.0,75.0,,Clouds,broken clouds,2.0,96.37,0.05,0.33,87.01,0.24,2.26,7.51,0.33,raw_collecte_principale.csv
2026-05-10 18:20:13.000000,Marrakech,31.6295,-7.9811,25.98,25.98,36.0,1013.0,3.09,320.0,0.0,,Clear,clear sky,3.0,105.22,0.06,0.35,115.3,0.74,3.35,11.99,0.08,raw_collecte_principale.csv
2026-05-10 18:20:05.000000,Rabat,34.0209,-6.8416,20.37,20.37,73.0,1016.0,2.57,300.0,40.0,,Clouds,scattered clouds,2.0,100.79,0.1,0.98,93.96,2.89,1.46,4.09,0.11,raw_collecte_principale.csv
2026-05-10 19:20:30.000000,Casablanca,33.5731,-7.5898,18.95,18.78,72.0,1016.0,3.6,330.0,40.0,,Clouds,scattered clouds,2.0,101.06,0.04,0.52,91.15,1.64,1.39,5.93,0.09,raw_collecte_principale.csv
2026-05-10 19:21:56.000000,Fes,34.0331,-5.0003,21.08,20.6,52.0,1015.0,2.57,350.0,75.0,,Clouds,broken clouds,2.0,95.73,0.04,0.49,85.1,0.35,2.36,7.57,0.4,raw_collecte_principale.csv
2026-05-10 19:21:39.000000,Marrakech,31.6295,-7.9811,24.98,24.53,38.0,1014.0,3.6,320.0,0.0,,Clear,clear sky,3.0,105.77,0.04,0.44,110.45,0.84,3.76,13.81,0.09,raw_collecte_principale.csv
2026-05-10 19:20:42.000000,Rabat,34.0209,-6.8416,19.37,19.5,82.0,1016.0,2.06,280.0,40.0,,Clouds,scattered clouds,2.0,101.57,0.06,1.36,91.26,3.0,1.37,3.87,0.15,raw_collecte_principale.csv
2026-05-11 10:27:49.000000,Casablanca,33.5731,-7.5898,20.0,19.52,56.0,1018.0,2.06,320.0,20.0,,Clouds,few clouds,2.0,110.35,1.64,3.35,45.41,0.71,5.35,21.9,0.74,raw_collecte_principale.csv
2026-05-11 10:28:32.000000,Fes,34.0331,-5.0003,18.08,17.82,72.0,1019.0,1.03,0.0,75.0,,Clouds,broken clouds,1.0,93.62,0.48,1.16,47.25,0.2,3.08,7.6,0.81,raw_collecte_principale.csv
2026-05-11 10:28:17.000000,Marrakech,31.6295,-7.9811,19.98,19.6,60.0,1017.0,2.06,0.0,40.0,,Clouds,scattered clouds,2.0,105.96,0.78,2.87,81.39,0.59,3.23,10.55,1.79,raw_collecte_principale.csv
2026-05-11 10:28:02.000000,Rabat,34.0209,-6.8416,20.37,20.13,64.0,1018.0,2.06,240.0,20.0,,Clouds,few clouds,1.0,112.99,2.44,6.0,51.11,1.86,4.63,11.25,2.66,raw_collecte_principale.csv
2026-05-11 12:58:28.000000,Casablanca,33.5731,-7.5898,21.01,20.52,52.0,1017.0,3.6,340.0,20.0,,Clouds,few clouds,2.0,100.6,0.08,0.29,92.1,1.6,4.75,18.04,0.0,raw_collecte_principale.csv
2026-05-11 12:58:51.000000,Fes,34.0331,-5.0003,24.08,23.74,46.0,1016.0,2.06,210.0,40.0,,Clouds,scattered clouds,2.0,93.37,0.04,0.16,87.24,0.54,3.96,9.26,0.13,raw_collecte_principale.csv
2026-05-11 12:58:43.000000,Marrakech,31.6295,-7.9811,22.98,22.61,49.0,1016.0,2.06,0.0,40.0,,Clouds,scattered clouds,3.0,95.63,0.04,0.16,105.34,0.14,2.11,7.51,0.16,raw_collecte_principale.csv
2026-05-11 12:58:36.000000,Rabat,34.0209,-6.8416,21.37,21.13,60.0,1018.0,3.6,270.0,20.0,,Clouds,few clouds,2.0,101.03,0.16,0.62,97.65,4.46,5.79,10.86,0.0,raw_collecte_principale.csv
2026-05-11 13:58:58.000000,Casablanca,33.5731,-7.5898,21.01,20.37,46.0,1017.0,3.6,350.0,20.0,,Clouds,few clouds,2.0,100.92,0.07,0.28,95.23,1.96,4.75,16.68,0.0,raw_collecte_principale.csv
2026-05-11 13:59:20.000000,Fes,34.0331,-5.0003,25.08,24.64,38.0,1016.0,2.57,0.0,20.0,,Clouds,few clouds,2.0,92.45,0.04,0.15,88.86,0.48,3.72,8.5,0.09,raw_collecte_principale.csv
2026-05-11 13:59:13.000000,Marrakech,31.6295,-7.9811,25.98,25.98,41.0,1015.0,2.06,0.0,0.0,,Clear,clear sky,3.0,95.66,0.04,0.17,105.72,0.21,2.09,7.02,0.15,raw_collecte_principale.csv
2026-05-11 13:59:05.000000,Rabat,34.0209,-6.8416,21.37,21.23,64.0,1017.0,4.12,280.0,20.0,,Clouds,few clouds,3.0,100.98,0.13,0.53,101.81,4.43,5.91,10.65,0.0,raw_collecte_principale.csv
2026-05-11 15:12:29.000000,Casablanca,33.5731,-7.5898,20.28,19.83,56.0,1016.0,4.63,350.0,0.0,,Clear,clear sky,2.0,99.58,0.08,0.31,96.85,2.46,4.66,14.74,0.0,raw_collecte_principale.csv
2026-05-11 15:12:48.000000,Fes,34.0331,-5.0003,25.08,24.64,38.0,1015.0,2.57,0.0,20.0,,Clouds,few clouds,2.0,90.91,0.04,0.16,88.92,0.44,3.58,8.01,0.09,raw_collecte_principale.csv
2026-05-11 15:12:42.000000,Marrakech,31.6295,-7.9811,26.98,26.8,39.0,1014.0,1.03,0.0,20.0,,Clouds,few clouds,3.0,94.53,0.04,0.17,104.15,0.26,2.14,6.85,0.14,raw_collecte_principale.csv
2026-05-11 15:12:35.000000,Rabat,34.0209,-6.8416,21.37,20.92,52.0,1017.0,4.12,310.0,20.0,,Clouds,few clouds,3.0,100.15,0.13,0.54,104.34,4.49,5.96,10.15,0.0,raw_collecte_principale.csv
2026-05-11 16:13:05.000000,Casablanca,33.5731,-7.5898,19.99,19.61,60.0,1016.0,4.47,350.0,0.0,,Clear,clear sky,2.0,98.42,0.08,0.35,98.38,2.95,4.54,12.83,0.0,raw_collecte_principale.csv
2026-05-11 16:13:56.000000,Fes,34.0331,-5.0003,26.08,26.08,36.0,1014.0,3.6,10.0,20.0,,Clouds,few clouds,2.0,89.85,0.05,0.18,88.43,0.43,3.65,7.97,0.09,raw_collecte_principale.csv
2026-05-11 16:13:46.000000,Marrakech,31.6295,-7.9811,26.98,26.66,36.0,1013.0,3.09,0.0,20.0,,Clouds,few clouds,3.0,93.49,0.04,0.19,102.23,0.31,2.29,7.19,0.12,raw_collecte_principale.csv
2026-05-11 16:13:33.000000,Rabat,34.0209,-6.8416,21.37,21.13,60.0,1016.0,4.63,310.0,20.0,,Clouds,few clouds,3.0,99.66,0.14,0.62,106.78,4.91,6.3,10.09,0.0,raw_collecte_principale.csv
2026-05-11 17:19:38.000000,Casablanca,33.5731,-7.5898,20.0,19.62,60.0,1016.0,3.6,10.0,0.0,,Clear,clear sky,3.0,99.8,0.09,0.43,100.33,3.17,3.41,9.08,0.0,raw_collecte_principale.csv
2026-05-11 17:19:58.000000,Fes,34.0331,-5.0003,26.08,26.08,36.0,1013.0,2.06,0.0,20.0,,Clouds,few clouds,2.0,90.92,0.06,0.25,88.1,0.34,3.06,6.73,0.2,raw_collecte_principale.csv
2026-05-11 17:19:51.000000,Marrakech,31.6295,-7.9811,26.98,26.66,36.0,1013.0,4.63,350.0,20.0,,Clouds,few clouds,2.0,99.74,0.05,0.21,86.56,0.37,4.81,15.68,0.17,raw_collecte_principale.csv
2026-05-11 17:19:44.000000,Rabat,34.0209,-6.8416,20.37,20.13,64.0,1016.0,3.6,320.0,2.0,,Clear,clear sky,3.0,101.42,0.16,0.76,107.4,4.82,4.89,7.95,0.0,raw_collecte_principale.csv
2026-05-11 18:20:05.000000,Casablanca,33.5731,-7.5898,20.0,19.62,60.0,1017.0,3.09,20.0,0.0,,Clear,clear sky,3.0,100.91,0.1,0.56,101.34,3.55,3.08,7.91,0.0,raw_collecte_principale.csv
2026-05-11 18:20:27.000000,Fes,34.0331,-5.0003,25.08,24.77,43.0,1013.0,3.6,20.0,20.0,,Clouds,few clouds,2.0,90.73,0.08,0.4,86.46,0.34,3.28,6.96,0.29,raw_collecte_principale.csv
2026-05-11 18:20:20.000000,Marrakech,31.6295,-7.9811,27.98,27.39,36.0,1014.0,4.63,290.0,20.0,,Clouds,few clouds,2.0,101.25,0.05,0.29,88.93,0.5,5.07,17.41,0.17,raw_collecte_principale.csv
2026-05-11 18:20:13.000000,Rabat,34.0209,-6.8416,20.37,20.13,64.0,1016.0,4.63,300.0,2.0,,Clear,clear sky,3.0,103.77,0.2,1.09,107.68,5.07,4.86,7.59,0.0,raw_collecte_principale.csv
2026-05-11 19:20:34.000000,Casablanca,33.5731,-7.5898,20.0,19.41,52.0,1017.0,2.57,30.0,0.0,,Clear,clear sky,3.0,102.63,0.09,0.73,101.02,3.76,2.72,7.14,0.0,raw_collecte_principale.csv
2026-05-11 19:20:52.000000,Fes,34.0331,-5.0003,24.08,23.74,46.0,1013.0,3.6,30.0,0.0,,Clear,clear sky,2.0,90.55,0.08,0.58,84.95,0.4,3.6,7.3,0.37,raw_collecte_principale.csv
2026-05-11 19:20:46.000000,Marrakech,31.6295,-7.9811,25.98,25.98,38.0,1014.0,6.17,310.0,20.0,,Clouds,few clouds,2.0,101.76,0.04,0.36,90.17,0.56,4.94,17.85,0.18,raw_collecte_principale.csv
2026-05-11 19:20:40.000000,Rabat,34.0209,-6.8416,19.37,19.01,63.0,1017.0,3.09,300.0,3.0,,Clear,clear sky,3.0,106.23,0.18,1.52,106.03,5.05,4.5,7.08,0.0,raw_collecte_principale.csv
2026-05-11 20:21:00.000000,Casablanca,33.5731,-7.5898,18.95,18.44,59.0,1018.0,1.54,0.0,0.0,,Clear,clear sky,2.0,103.37,0.04,1.13,97.24,3.83,2.39,6.84,0.05,raw_collecte_principale.csv
2026-05-11 20:21:23.000000,Fes,34.0331,-5.0003,21.08,20.71,56.0,1015.0,2.57,30.0,0.0,,Clear,clear sky,2.0,90.92,0.03,0.88,82.66,0.55,4.04,7.71,0.46,raw_collecte_principale.csv
2026-05-11 20:21:16.000000,Marrakech,31.6295,-7.9811,22.98,22.46,43.0,1017.0,5.14,310.0,20.0,,Clouds,few clouds,2.0,101.16,0.02,0.55,91.83,0.66,4.4,16.54,0.19,raw_collecte_principale.csv
2026-05-11 20:21:09.000000,Rabat,34.0209,-6.8416,18.37,18.04,68.0,1017.0,2.06,320.0,10.0,,Clear,clear sky,2.0,107.56,0.08,2.44,99.98,4.74,3.96,6.51,0.07,raw_collecte_principale.csv
2026-05-11 21:21:31.000000,Casablanca,33.5731,-7.5898,17.89,17.38,63.0,1019.0,1.54,10.0,3.0,,Clear,clear sky,2.0,105.73,0.0,1.56,93.32,3.79,2.22,7.2,0.17,raw_collecte_principale.csv
2026-05-11 21:21:51.000000,Fes,34.0331,-5.0003,18.03,17.64,67.0,1017.0,6.17,320.0,0.0,,Clear,clear sky,2.0,92.17,0.0,1.12,80.5,0.71,4.53,8.11,0.56,raw_collecte_principale.csv
2026-05-11 21:21:45.000000,Marrakech,31.6295,-7.9811,20.98,20.33,46.0,1018.0,5.14,300.0,20.0,,Clouds,few clouds,2.0,102.13,0.0,0.77,95.02,0.83,3.92,15.45,0.23,raw_collecte_principale.csv
2026-05-11 21:21:38.000000,Rabat,34.0209,-6.8416,17.37,17.04,72.0,1018.0,1.54,300.0,30.0,,Clouds,scattered clouds,2.0,110.19,0.0,3.32,94.15,4.4,3.53,6.22,0.28,raw_collecte_principale.csv
2026-05-11 22:21:58.000000,Casablanca,33.5731,-7.5898,16.84,16.33,67.0,1019.0,1.54,330.0,2.0,,Clear,clear sky,2.0,108.29,0.0,1.79,90.34,3.71,2.14,7.72,0.29,raw_collecte_principale.csv
2026-05-11 22:22:16.000000,Fes,34.0331,-5.0003,16.08,15.75,77.0,1018.0,4.12,280.0,0.0,,Clear,clear sky,2.0,93.99,0.0,1.28,79.26,0.86,4.96,8.39,0.62,raw_collecte_principale.csv
2026-05-11 22:22:10.000000,Marrakech,31.6295,-7.9811,19.98,19.21,45.0,1019.0,4.63,300.0,20.0,,Clouds,few clouds,2.0,103.01,0.0,0.86,96.13,0.91,3.62,15.09,0.26,raw_collecte_principale.csv
2026-05-11 22:22:04.000000,Rabat,34.0209,-6.8416,14.37,14.16,88.0,1019.0,0.0,0.0,21.0,,Clouds,few clouds,2.0,112.58,0.0,3.68,90.07,4.15,3.22,6.14,0.43,raw_collecte_principale.csv
2026-05-12 09:45:51.000000,Casablanca,33.5731,-7.5898,18.95,18.55,63.0,1022.0,1.54,0.0,0.0,,Clear,clear sky,2.0,114.94,1.39,3.28,55.67,1.34,5.44,22.31,1.0,raw_collecte_principale.csv
2026-05-12 09:46:29.000000,Fes,34.0331,-5.0003,18.08,17.69,67.0,1022.0,1.54,250.0,40.0,,Clouds,scattered clouds,1.0,93.91,0.33,1.16,55.03,0.54,4.95,7.32,0.49,raw_collecte_principale.csv
2026-05-12 09:46:17.000000,Marrakech,31.6295,-7.9811,17.98,17.37,59.0,1021.0,1.54,0.0,40.0,,Clouds,scattered clouds,2.0,104.36,0.94,3.52,71.27,0.8,4.61,19.23,2.5,raw_collecte_principale.csv
2026-05-12 09:46:04.000000,Rabat,34.0209,-6.8416,20.37,19.92,56.0,1022.0,3.09,210.0,40.0,,Clouds,scattered clouds,1.0,117.11,2.22,5.73,52.48,2.04,5.4,13.81,1.04,raw_collecte_principale.csv
2026-05-12 10:46:41.000000,Casablanca,33.5731,-7.5898,20.0,19.52,56.0,1022.0,2.06,290.0,40.0,,Clouds,scattered clouds,2.0,106.51,0.17,0.62,89.86,2.0,3.26,14.17,0.03,raw_collecte_principale.csv
2026-05-12 10:47:17.000000,Fes,34.0331,-5.0003,19.08,18.58,59.0,1022.0,2.57,0.0,40.0,,Clouds,scattered clouds,2.0,96.41,0.07,0.38,86.32,1.44,4.43,7.48,0.0,raw_collecte_principale.csv
2026-05-12 10:47:02.000000,Marrakech,31.6295,-7.9811,18.98,18.37,55.0,1021.0,2.06,0.0,75.0,,Clouds,broken clouds,2.0,103.41,0.3,1.0,91.37,0.43,3.84,15.67,0.65,raw_collecte_principale.csv
2026-05-12 10:46:56.000000,Rabat,34.0209,-6.8416,22.37,22.12,56.0,1022.0,3.09,250.0,20.0,,Clouds,few clouds,2.0,107.26,0.38,1.44,90.22,4.8,3.87,9.21,0.01,raw_collecte_principale.csv
2026-05-12 11:47:29.000000,Casablanca,33.5731,-7.5898,20.78,20.48,60.0,1021.0,3.09,320.0,40.0,,Clouds,scattered clouds,2.0,104.22,0.08,0.31,93.84,1.31,2.64,11.7,0.03,raw_collecte_principale.csv
2026-05-12 11:48:01.000000,Fes,34.0331,-5.0003,20.08,19.5,52.0,1022.0,4.12,310.0,40.0,,Clouds,scattered clouds,2.0,95.5,0.05,0.21,88.63,1.32,4.09,7.59,0.0,raw_collecte_principale.csv
2026-05-12 11:47:47.000000,Marrakech,31.6295,-7.9811,19.98,19.39,52.0,1020.0,3.09,130.0,75.0,,Clouds,broken clouds,2.0,101.38,0.12,0.46,97.29,0.36,3.49,13.19,0.38,raw_collecte_principale.csv
2026-05-12 11:47:40.000000,Rabat,34.0209,-6.8416,21.37,21.02,56.0,1022.0,4.12,270.0,0.0,,Clear,clear sky,2.0,104.26,0.17,0.67,96.44,3.33,2.98,6.78,0.0,raw_collecte_principale.csv
2026-05-12 12:48:16.000000,Casablanca,33.5731,-7.5898,22.01,21.65,53.0,1021.0,3.09,320.0,40.0,,Clouds,scattered clouds,2.0,102.81,0.07,0.26,95.15,1.25,2.64,11.43,0.04,raw_collecte_principale.csv
2026-05-12 12:48:58.000000,Fes,34.0331,-5.0003,22.08,21.47,43.0,1021.0,4.63,300.0,75.0,,Clouds,broken clouds,2.0,94.67,0.04,0.15,88.5,1.24,4.06,8.01,0.0,raw_collecte_principale.csv
2026-05-12 12:48:45.000000,Marrakech,31.6295,-7.9811,21.98,21.43,46.0,1019.0,2.06,0.0,75.0,,Clouds,broken clouds,3.0,99.12,0.08,0.32,100.14,0.35,3.22,11.3,0.32,raw_collecte_principale.csv
2026-05-12 12:48:30.000000,Rabat,34.0209,-6.8416,22.37,22.23,60.0,1022.0,4.12,280.0,1.0,,Clear,clear sky,2.0,102.58,0.12,0.49,99.34,3.13,3.07,6.59,0.0,raw_collecte_principale.csv
2026-05-12 13:49:08.000000,Casablanca,33.5731,-7.5898,21.01,20.63,56.0,1021.0,4.12,330.0,40.0,,Clouds,scattered clouds,2.0,103.21,0.07,0.26,97.99,1.42,2.63,10.54,0.02,raw_collecte_principale.csv
2026-05-12 13:49:28.000000,Fes,34.0331,-5.0003,24.08,23.46,35.0,1020.0,5.14,280.0,75.0,,Clouds,broken clouds,2.0,94.42,0.03,0.13,91.26,0.95,3.33,6.9,0.0,raw_collecte_principale.csv
2026-05-12 13:49:21.000000,Marrakech,31.6295,-7.9811,22.98,22.38,40.0,1018.0,2.57,10.0,75.0,,Clouds,broken clouds,3.0,96.13,0.05,0.22,105.22,0.29,1.95,6.22,0.16,raw_collecte_principale.csv
2026-05-12 13:49:14.000000,Rabat,34.0209,-6.8416,22.37,22.12,56.0,1021.0,3.6,270.0,6.0,,Clear,clear sky,3.0,102.72,0.12,0.47,103.61,3.34,3.39,6.8,0.0,raw_collecte_principale.csv
2026-05-12 14:49:34.000000,Casablanca,33.5731,-7.5898,22.01,21.55,49.0,1021.0,4.12,350.0,40.0,,Clouds,scattered clouds,3.0,101.95,0.07,0.29,100.5,1.76,2.61,9.25,0.0,raw_collecte_principale.csv
2026-05-12 14:49:53.000000,Fes,34.0331,-5.0003,25.08,24.51,33.0,1019.0,5.66,290.0,75.0,,Clouds,broken clouds,2.0,92.75,0.03,0.13,92.72,0.71,2.69,5.54,0.02,raw_collecte_principale.csv
2026-05-12 14:49:47.000000,Marrakech,31.6295,-7.9811,25.98,25.98,36.0,1018.0,2.06,0.0,75.0,,Clouds,broken clouds,3.0,94.85,0.05,0.22,107.13,0.3,1.62,4.86,0.12,raw_collecte_principale.csv
2026-05-12 14:49:41.000000,Rabat,34.0209,-6.8416,21.37,21.02,56.0,1021.0,4.12,290.0,20.0,,Clouds,few clouds,3.0,101.63,0.12,0.5,106.54,3.52,3.61,6.73,0.0,raw_collecte_principale.csv
2026-05-12 15:50:02.000000,Casablanca,33.5731,-7.5898,22.01,21.47,46.0,1020.0,3.09,350.0,0.0,,Clear,clear sky,3.0,100.78,0.08,0.34,102.7,2.31,2.74,8.55,0.0,raw_collecte_principale.csv
2026-05-12 15:50:24.000000,Fes,34.0331,-5.0003,25.08,24.45,31.0,1019.0,5.66,300.0,75.0,,Clouds,broken clouds,2.0,91.72,0.04,0.15,93.7,0.61,2.44,4.93,0.04,raw_collecte_principale.csv
2026-05-12 15:50:18.000000,Marrakech,31.6295,-7.9811,24.98,24.4,33.0,1017.0,2.57,40.0,40.0,,Clouds,scattered clouds,3.0,94.42,0.05,0.25,107.95,0.35,1.69,5.0,0.11,raw_collecte_principale.csv
2026-05-12 15:50:09.000000,Rabat,34.0209,-6.8416,22.37,22.05,53.0,1021.0,4.12,290.0,20.0,,Clouds,few clouds,3.0,100.98,0.13,0.57,109.0,3.85,3.91,6.82,0.0,raw_collecte_principale.csv
2026-05-12 19:04:00.000000,Casablanca,33.5731,-7.5898,20.78,20.38,56.0,1020.0,3.6,340.0,0.0,,Clear,clear sky,3.0,103.0,0.09,0.83,110.14,4.56,3.39,8.2,0.0,raw_collecte_principale.csv
2026-05-12 19:04:48.000000,Fes,34.0331,-5.0003,23.08,22.41,37.0,1018.0,5.14,340.0,40.0,,Clouds,scattered clouds,2.0,92.45,0.06,0.48,94.21,0.73,2.73,4.73,0.19,raw_collecte_principale.csv
2026-05-12 19:04:34.000000,Marrakech,31.6295,-7.9811,26.98,26.33,28.0,1016.0,1.54,200.0,40.0,,Clouds,scattered clouds,3.0,97.94,0.03,0.68,106.21,0.85,2.66,8.47,0.13,raw_collecte_principale.csv
2026-05-12 19:04:19.000000,Rabat,34.0209,-6.8416,20.37,20.03,60.0,1020.0,4.12,320.0,1.0,,Clear,clear sky,3.0,106.17,0.19,1.65,111.52,5.28,4.9,7.89,0.0,raw_collecte_principale.csv
2026-05-12 22:37:52.000000,Casablanca,33.5731,-7.5898,17.89,17.61,72.0,1022.0,2.06,50.0,0.0,,Clear,clear sky,2.0,108.91,0.0,2.29,96.46,5.2,2.87,8.94,0.16,raw_collecte_principale.csv
2026-05-12 22:40:41.000000,Fes,34.0331,-5.0003,17.08,16.49,63.0,1022.0,2.57,300.0,20.0,,Clouds,few clouds,2.0,94.95,0.0,1.79,77.36,1.07,3.99,6.02,0.92,raw_collecte_principale.csv
2026-05-12 22:40:30.000000,Marrakech,31.6295,-7.9811,20.97,20.4,49.0,1021.0,6.17,20.0,40.0,,Clouds,scattered clouds,2.0,100.11,0.0,1.43,90.38,1.25,3.68,13.38,0.41,raw_collecte_principale.csv
2026-05-12 22:43:35.000000,Rabat,34.0209,-6.8416,15.37,15.26,88.0,1022.0,1.54,60.0,0.0,,Clear,clear sky,2.0,110.91,0.0,3.41,92.51,4.73,3.19,6.4,0.19,raw_collecte_principale.csv
2026-05-13 09:28:53.000000,Casablanca,33.5731,-7.5898,18.95,18.68,68.0,1021.0,1.54,80.0,20.0,,Clouds,few clouds,2.0,111.32,0.53,2.88,72.63,2.08,5.63,15.43,0.21,raw_collecte_principale.csv
2026-05-13 09:29:27.000000,Fes,34.0331,-5.0003,17.08,16.72,72.0,1021.0,2.06,70.0,0.0,,Clear,clear sky,1.0,93.38,0.79,2.35,37.8,0.17,4.2,6.7,1.1,raw_collecte_principale.csv
2026-05-13 09:29:21.000000,Marrakech,31.6295,-7.9811,17.98,17.61,68.0,1020.0,1.03,0.0,0.0,,Clear,clear sky,2.0,103.73,0.55,4.34,80.04,1.22,4.16,13.04,3.31,raw_collecte_principale.csv
2026-05-13 09:29:06.000000,Rabat,34.0209,-6.8416,18.37,18.56,88.0,1021.0,2.06,60.0,0.0,,Clear,clear sky,2.0,111.73,1.1,4.92,64.57,3.0,4.66,9.61,0.35,raw_collecte_principale.csv
2026-05-13 10:29:37.000000,Casablanca,33.5731,-7.5898,20.0,19.62,60.0,1021.0,1.54,90.0,20.0,,Clouds,few clouds,2.0,109.2,0.65,2.36,79.73,3.22,5.97,16.04,0.14,raw_collecte_principale.csv
2026-05-13 10:30:07.000000,Fes,34.0331,-5.0003,19.08,18.69,63.0,1020.0,3.6,20.0,0.0,,Clear,clear sky,2.0,95.83,0.13,0.47,87.64,0.72,4.65,7.81,0.24,raw_collecte_principale.csv
2026-05-13 10:29:55.000000,Marrakech,31.6295,-7.9811,18.98,18.47,59.0,1019.0,1.03,0.0,0.0,,Clear,clear sky,2.0,103.26,1.0,3.59,79.23,1.08,4.28,13.58,2.81,raw_collecte_principale.csv
2026-05-13 10:29:45.000000,Rabat,34.0209,-6.8416,20.37,20.13,64.0,1021.0,2.06,40.0,20.0,,Clouds,few clouds,2.0,111.02,1.53,4.57,68.71,4.33,5.11,10.36,0.39,raw_collecte_principale.csv
2026-05-13 11:30:13.000000,Casablanca,33.5731,-7.5898,20.01,19.42,52.0,1020.0,2.57,70.0,0.0,,Clear,clear sky,3.0,103.25,0.17,0.72,106.84,4.9,5.97,14.29,0.0,raw_collecte_principale.csv
2026-05-13 11:30:32.000000,Fes,34.0331,-5.0003,21.08,20.6,52.0,1020.0,1.54,0.0,0.0,,Clear,clear sky,2.0,94.95,0.07,0.26,93.49,0.72,4.68,7.75,0.14,raw_collecte_principale.csv
2026-05-13 11:30:26.000000,Marrakech,31.6295,-7.9811,21.97,21.61,53.0,1019.0,2.06,0.0,0.0,,Clear,clear sky,3.0,96.58,0.11,0.43,104.52,0.46,3.2,10.13,0.36,raw_collecte_principale.csv
2026-05-13 11:30:20.000000,Rabat,34.0209,-6.8416,21.37,21.13,60.0,1020.0,3.6,320.0,20.0,,Clouds,few clouds,3.0,104.74,0.35,1.32,103.56,5.82,6.51,11.25,0.0,raw_collecte_principale.csv
2026-05-13 12:30:40.000000,Casablanca,33.5731,-7.5898,20.01,19.35,49.0,1020.0,3.6,30.0,0.0,,Clear,clear sky,3.0,101.38,0.13,0.55,110.7,5.09,6.83,14.93,0.0,raw_collecte_principale.csv
2026-05-13 12:31:01.000000,Fes,34.0331,-5.0003,23.03,22.51,43.0,1019.0,2.57,330.0,20.0,,Clouds,few clouds,2.0,94.31,0.06,0.21,95.06,0.72,4.77,7.81,0.12,raw_collecte_principale.csv
2026-05-13 12:30:54.000000,Marrakech,31.6295,-7.9811,22.98,22.53,46.0,1018.0,2.06,0.0,0.0,,Clear,clear sky,3.0,94.45,0.09,0.35,105.64,0.45,3.28,10.18,0.32,raw_collecte_principale.csv
2026-05-13 12:30:47.000000,Rabat,34.0209,-6.8416,21.37,21.13,60.0,1020.0,4.12,320.0,20.0,,Clouds,few clouds,3.0,103.41,0.23,0.95,108.39,6.07,7.63,12.15,0.0,raw_collecte_principale.csv
2026-05-13 13:31:08.000000,Casablanca,33.5731,-7.5898,21.01,20.63,56.0,1020.0,3.09,60.0,0.0,,Clear,clear sky,3.0,101.38,0.13,0.55,110.7,5.09,6.83,14.93,0.0,raw_collecte_principale.csv
2026-05-13 13:31:28.000000,Fes,34.0331,-5.0003,24.01,23.38,35.0,1020.0,2.57,340.0,20.0,,Clouds,few clouds,2.0,94.31,0.06,0.21,95.06,0.72,4.77,7.81,0.12,raw_collecte_principale.csv
2026-05-13 13:31:21.000000,Marrakech,31.6295,-7.9811,23.98,23.56,43.0,1017.0,2.06,0.0,0.0,,Clear,clear sky,3.0,94.61,0.07,0.29,112.67,0.37,2.55,7.82,0.21,raw_collecte_principale.csv
2026-05-13 13:31:15.000000,Rabat,34.0209,-6.8416,21.37,21.02,56.0,1020.0,4.12,330.0,0.0,,Clear,clear sky,3.0,103.41,0.23,0.95,108.39,6.07,7.63,12.15,0.0,raw_collecte_principale.csv
2026-05-13 14:31:34.000000,Casablanca,33.5731,-7.5898,21.01,20.63,56.0,1020.0,3.6,40.0,20.0,,Clouds,few clouds,3.0,101.28,0.11,0.47,114.77,4.99,6.9,14.32,0.0,raw_collecte_principale.csv
2026-05-13 14:31:53.000000,Fes,34.0331,-5.0003,24.08,23.27,28.0,1017.0,2.57,0.0,20.0,,Clouds,few clouds,3.0,93.39,0.05,0.18,100.35,0.85,4.02,7.4,0.04,raw_collecte_principale.csv
2026-05-13 14:31:47.000000,Marrakech,31.6295,-7.9811,26.98,26.57,34.0,1016.0,2.57,0.0,40.0,,Clouds,scattered clouds,3.0,93.52,0.06,0.27,113.5,0.34,2.43,7.01,0.15,raw_collecte_principale.csv
2026-05-13 14:31:41.000000,Rabat,34.0209,-6.8416,21.37,21.02,56.0,1020.0,5.14,340.0,0.0,,Clear,clear sky,3.0,102.51,0.16,0.71,112.51,5.5,6.21,9.75,0.0,raw_collecte_principale.csv
2026-05-13 15:32:00.000000,Casablanca,33.5731,-7.5898,21.01,20.73,60.0,1019.0,3.09,40.0,20.0,,Clouds,few clouds,3.0,98.55,0.1,0.47,115.18,4.74,6.53,12.4,0.0,raw_collecte_principale.csv
2026-05-13 15:32:20.000000,Fes,34.0331,-5.0003,25.08,24.45,31.0,1016.0,3.6,360.0,20.0,,Clouds,few clouds,3.0,91.4,0.05,0.21,101.09,0.71,3.62,6.59,0.07,raw_collecte_principale.csv
2026-05-13 15:32:13.000000,Marrakech,31.6295,-7.9811,27.97,27.17,32.0,1016.0,2.06,0.0,40.0,,Clouds,scattered clouds,3.0,93.53,0.06,0.29,113.25,0.39,2.56,7.47,0.13,raw_collecte_principale.csv
2026-05-13 15:32:07.000000,Rabat,34.0209,-6.8416,21.35,21.11,60.0,1020.0,4.63,330.0,3.0,,Clear,clear sky,3.0,101.29,0.14,0.67,111.57,5.01,5.82,9.06,0.0,raw_collecte_principale.csv
2026-05-13 21:46:47.000000,Casablanca,33.5731,-7.5898,17.89,17.61,72.0,1019.0,2.57,60.0,1.0,,Clear,clear sky,2.0,106.91,0.0,2.35,90.73,4.71,3.45,9.26,0.12,raw_collecte_principale.csv
2026-05-13 21:47:21.000000,Fes,34.0331,-5.0003,18.08,17.59,63.0,1018.0,3.6,310.0,0.0,,Clear,clear sky,2.0,94.52,0.0,1.75,84.52,0.87,2.9,5.89,1.13,raw_collecte_principale.csv
2026-05-13 21:47:08.000000,Marrakech,31.6295,-7.9811,21.98,21.43,46.0,1016.0,5.66,20.0,40.0,,Clouds,scattered clouds,3.0,100.43,0.0,1.6,102.9,0.86,4.51,10.84,0.39,raw_collecte_principale.csv
2026-05-13 21:46:57.000000,Rabat,34.0209,-6.8416,16.37,16.36,88.0,1019.0,2.57,10.0,2.0,,Clear,clear sky,2.0,107.79,0.0,2.98,84.76,4.07,2.26,5.44,0.23,raw_collecte_principale.csv
2026-05-14 16:24:39.000000,Casablanca,33.5731,-7.5898,19.01,18.51,59.0,1014.0,3.09,360.0,75.0,,Clouds,broken clouds,3.0,102.14,0.07,0.48,104.56,3.15,2.72,6.49,0.0,raw_collecte_principale.csv
2026-05-14 16:25:00.000000,Fes,34.0331,-5.0003,23.08,22.49,40.0,1011.0,6.69,330.0,40.0,,Clouds,scattered clouds,2.0,94.5,0.04,0.3,90.88,0.73,4.26,9.2,0.31,raw_collecte_principale.csv
2026-05-14 16:24:53.000000,Marrakech,31.6295,-7.9811,20.98,20.49,52.0,1012.0,2.57,240.0,75.0,,Clouds,broken clouds,2.0,98.72,0.04,0.19,99.79,0.5,3.16,7.99,0.07,raw_collecte_principale.csv
2026-05-14 16:24:46.000000,Rabat,34.0209,-6.8416,20.37,20.03,60.0,1014.0,3.6,300.0,75.0,,Clouds,broken clouds,3.0,103.45,0.07,0.82,104.37,2.88,2.83,5.86,0.0,raw_collecte_principale.csv
2026-05-14 17:25:06.000000,Casablanca,33.5731,-7.5898,20.0,19.62,60.0,1014.0,3.09,350.0,40.0,,Clouds,scattered clouds,3.0,102.5,0.07,0.57,104.14,2.94,2.36,5.97,0.0,raw_collecte_principale.csv
2026-05-14 17:25:25.000000,Fes,34.0331,-5.0003,24.08,23.59,40.0,1012.0,5.14,300.0,40.0,,Clouds,scattered clouds,2.0,94.65,0.05,0.35,91.16,0.85,4.26,8.69,0.23,raw_collecte_principale.csv
2026-05-14 17:25:19.000000,Marrakech,31.6295,-7.9811,21.98,21.62,53.0,1011.0,3.6,190.0,75.0,,Clouds,broken clouds,3.0,97.71,0.05,0.24,100.51,0.65,3.41,8.91,0.05,raw_collecte_principale.csv
2026-05-14 17:25:12.000000,Rabat,34.0209,-6.8416,20.37,20.13,64.0,1014.0,3.09,280.0,75.0,,Clouds,broken clouds,3.0,104.45,0.08,1.08,103.7,2.87,2.67,5.78,0.0,raw_collecte_principale.csv
2026-05-14 18:25:31.000000,Casablanca,33.5731,-7.5898,20.0,19.62,60.0,1014.0,3.09,340.0,40.0,,Clouds,scattered clouds,3.0,103.44,0.09,0.68,103.94,2.9,2.1,5.61,0.0,raw_collecte_principale.csv
2026-05-14 18:25:49.000000,Fes,34.0331,-5.0003,22.08,21.54,46.0,1011.0,5.66,320.0,40.0,,Clouds,scattered clouds,2.0,94.87,0.05,0.49,91.32,0.98,4.02,7.5,0.19,raw_collecte_principale.csv
2026-05-14 18:25:43.000000,Marrakech,31.6295,-7.9811,21.98,21.51,49.0,1011.0,2.57,200.0,75.0,,Clouds,broken clouds,3.0,97.35,0.05,0.32,100.82,0.86,3.9,10.51,0.03,raw_collecte_principale.csv
2026-05-14 18:25:37.000000,Rabat,34.0209,-6.8416,20.37,20.03,60.0,1014.0,4.12,270.0,75.0,,Clouds,broken clouds,3.0,105.52,0.13,1.31,103.85,3.0,2.7,5.99,0.0,raw_collecte_principale.csv
2026-05-14 19:25:55.000000,Casablanca,33.5731,-7.5898,18.95,18.55,63.0,1014.0,2.57,340.0,40.0,,Clouds,scattered clouds,3.0,104.38,0.08,0.82,103.6,2.91,1.98,5.59,0.0,raw_collecte_principale.csv
2026-05-14 19:26:15.000000,Fes,34.0331,-5.0003,21.08,20.6,52.0,1012.0,5.66,310.0,40.0,,Clouds,scattered clouds,2.0,95.5,0.03,0.65,91.14,1.12,3.65,6.41,0.15,raw_collecte_principale.csv
2026-05-14 19:26:09.000000,Marrakech,31.6295,-7.9811,20.98,20.49,52.0,1012.0,2.57,230.0,75.0,,Clouds,broken clouds,2.0,97.32,0.05,0.43,99.97,1.06,4.19,11.52,0.0,raw_collecte_principale.csv
2026-05-14 19:26:02.000000,Rabat,34.0209,-6.8416,19.37,19.01,63.0,1014.0,3.09,270.0,75.0,,Clouds,broken clouds,3.0,106.43,0.14,1.48,103.56,2.99,2.67,6.08,0.02,raw_collecte_principale.csv
2026-05-15 09:15:31.000000,Casablanca,33.5731,-7.5898,14.99,14.82,87.0,1017.0,1.79,260.0,55.0,,Rain,light rain,2.0,111.37,0.63,3.42,66.62,1.45,4.28,16.72,0.56,raw_collecte_principale.csv
2026-05-15 09:15:54.000000,Fes,34.0331,-5.0003,16.06,15.6,72.0,1015.0,4.12,310.0,40.0,,Clouds,scattered clouds,2.0,97.93,0.14,2.09,67.81,0.82,2.1,3.37,1.28,raw_collecte_principale.csv
2026-05-15 09:15:47.000000,Marrakech,31.6295,-7.9811,15.97,15.37,67.0,1015.0,2.06,90.0,75.0,,Clouds,broken clouds,2.0,103.82,0.06,2.24,78.25,0.43,1.36,4.73,0.39,raw_collecte_principale.csv
2026-05-15 09:15:39.000000,Rabat,34.0209,-6.8416,18.37,18.56,88.0,1015.0,2.57,210.0,75.0,,Rain,light rain,1.0,112.3,1.3,5.71,59.64,1.17,2.75,8.02,0.93,raw_collecte_principale.csv
2026-05-15 10:16:00.000000,Casablanca,33.5731,-7.5898,17.89,17.75,77.0,1015.0,1.54,0.0,40.0,,Clouds,scattered clouds,2.0,110.99,0.95,3.13,67.99,1.72,4.47,17.27,0.62,raw_collecte_principale.csv
2026-05-15 10:16:19.000000,Fes,34.0331,-5.0003,18.08,17.38,55.0,1015.0,3.6,280.0,75.0,,Clouds,broken clouds,2.0,97.69,0.17,1.46,72.03,0.69,2.02,3.35,0.93,raw_collecte_principale.csv
2026-05-15 10:16:12.000000,Marrakech,31.6295,-7.9811,16.98,16.38,63.0,1015.0,2.57,10.0,75.0,,Clouds,broken clouds,2.0,103.68,0.12,1.92,80.02,0.43,1.27,4.36,0.3,raw_collecte_principale.csv
2026-05-15 10:16:06.000000,Rabat,34.0209,-6.8416,19.37,19.14,68.0,1016.0,2.57,250.0,75.0,,Clouds,broken clouds,2.0,111.22,1.67,5.01,64.23,1.26,2.76,7.84,0.83,raw_collecte_principale.csv
2026-05-15 22:40:16.000000,Casablanca,33.5731,-7.5898,16.84,16.46,72.0,1016.0,3.6,10.0,9.0,,Clear,clear sky,2.0,111.03,0.0,1.62,96.99,3.42,2.89,8.72,0.12,raw_collecte_principale.csv
2026-05-15 22:41:28.000000,Fes,34.0331,-5.0003,15.08,14.65,77.0,1016.0,3.6,320.0,40.0,,Clouds,scattered clouds,2.0,97.87,0.0,1.1,86.12,0.95,2.25,4.97,0.32,raw_collecte_principale.csv
2026-05-15 22:41:06.000000,Marrakech,31.6295,-7.9811,14.98,14.67,82.0,1016.0,4.12,220.0,75.0,,Rain,light rain,2.0,100.54,0.0,0.67,94.8,0.54,1.55,4.13,0.13,raw_collecte_principale.csv
2026-05-15 22:40:51.000000,Rabat,34.0209,-6.8416,17.37,16.91,67.0,1016.0,1.54,300.0,40.0,,Clouds,scattered clouds,2.0,109.8,0.0,2.02,98.02,2.36,2.93,7.55,0.18,raw_collecte_principale.csv
2026-05-16 10:16:10.000000,Casablanca,33.5731,-7.5898,17.01,16.78,77.0,1016.0,2.06,280.0,75.0,,Rain,moderate rain,2.0,107.39,0.21,2.73,76.2,1.95,5.42,19.0,0.35,raw_collecte_principale.csv
2026-05-16 10:16:29.000000,Fes,34.0331,-5.0003,14.08,14.0,94.0,1018.0,2.06,320.0,75.0,,Clouds,broken clouds,2.0,99.09,0.15,1.61,63.4,0.52,1.92,4.06,0.7,raw_collecte_principale.csv
2026-05-16 10:16:23.000000,Marrakech,31.6295,-7.9811,16.98,16.48,67.0,1017.0,2.06,150.0,40.0,,Clouds,scattered clouds,2.0,107.15,0.42,1.9,78.69,0.49,1.63,5.4,0.91,raw_collecte_principale.csv
2026-05-16 10:16:16.000000,Rabat,34.0209,-6.8416,21.37,21.02,56.0,1017.0,0.0,0.0,40.0,,Rain,light rain,2.0,104.4,0.32,2.62,82.07,1.56,3.81,11.71,0.4,raw_collecte_principale.csv
2026-05-16 11:16:35.000000,Casablanca,33.5731,-7.5898,17.01,17.06,88.0,1016.0,1.54,140.0,75.0,,Rain,moderate rain,2.0,104.82,0.1,1.57,93.62,3.39,4.33,14.4,0.01,raw_collecte_principale.csv
2026-05-16 11:16:55.000000,Fes,34.0331,-5.0003,15.08,14.78,82.0,1017.0,1.03,0.0,75.0,,Clouds,broken clouds,2.0,98.68,0.13,1.14,76.33,0.55,1.62,3.21,0.48,raw_collecte_principale.csv
2026-05-16 11:16:48.000000,Marrakech,31.6295,-7.9811,18.98,18.37,55.0,1016.0,2.06,0.0,40.0,,Clouds,scattered clouds,2.0,107.23,0.2,0.84,92.43,0.43,1.45,5.0,0.44,raw_collecte_principale.csv
2026-05-16 11:16:42.000000,Rabat,34.0209,-6.8416,21.37,21.02,56.0,1017.0,2.06,260.0,75.0,,Rain,light rain,2.0,103.16,0.15,1.27,92.23,2.18,3.49,9.59,0.11,raw_collecte_principale.csv
2026-05-16 12:17:01.000000,Casablanca,33.5731,-7.5898,17.01,17.06,88.0,1016.0,1.54,260.0,75.0,,Rain,light rain,2.0,103.23,0.08,1.18,94.51,2.79,3.62,11.17,0.01,raw_collecte_principale.csv
2026-05-16 12:17:19.000000,Fes,34.0331,-5.0003,16.08,15.62,72.0,1017.0,2.06,340.0,75.0,,Clouds,broken clouds,2.0,97.21,0.13,0.88,78.58,0.38,1.36,2.44,0.33,raw_collecte_principale.csv
2026-05-16 12:17:13.000000,Marrakech,31.6295,-7.9811,19.98,19.31,49.0,1017.0,2.06,0.0,40.0,,Clouds,scattered clouds,2.0,105.6,0.11,0.42,98.76,0.35,1.36,4.66,0.28,raw_collecte_principale.csv
2026-05-16 12:17:07.000000,Rabat,34.0209,-6.8416,21.37,21.13,60.0,1016.0,3.6,260.0,75.0,,Clouds,broken clouds,2.0,102.24,0.1,0.95,93.89,1.88,3.18,7.8,0.09,raw_collecte_principale.csv
2026-05-16 13:17:27.000000,Casablanca,33.5731,-7.5898,17.01,17.22,94.0,1016.0,1.03,0.0,75.0,,Rain,moderate rain,2.0,102.36,0.08,1.0,94.11,2.6,3.36,9.89,0.01,raw_collecte_principale.csv
2026-05-16 13:17:46.000000,Fes,34.0331,-5.0003,18.08,17.59,63.0,1017.0,1.54,0.0,75.0,,Clouds,broken clouds,2.0,96.31,0.1,0.64,81.51,0.32,1.24,2.1,0.31,raw_collecte_principale.csv
2026-05-16 13:17:39.000000,Marrakech,31.6295,-7.9811,21.98,21.36,43.0,1016.0,2.57,0.0,40.0,,Clouds,scattered clouds,3.0,104.24,0.07,0.29,102.0,0.31,1.36,4.61,0.23,raw_collecte_principale.csv
2026-05-16 13:17:33.000000,Rabat,34.0209,-6.8416,21.37,21.13,60.0,1016.0,4.12,290.0,75.0,,Clouds,broken clouds,2.0,101.68,0.08,0.86,94.05,1.84,3.19,7.14,0.09,raw_collecte_principale.csv
2026-05-16 14:17:52.000000,Casablanca,33.5731,-7.5898,19.01,18.98,77.0,1016.0,1.54,350.0,75.0,,Clouds,broken clouds,2.0,102.77,0.08,0.81,96.18,2.67,3.42,8.87,0.01,raw_collecte_principale.csv
2026-05-16 14:18:14.000000,Fes,34.0331,-5.0003,19.08,18.48,55.0,1017.0,2.06,0.0,75.0,,Clouds,broken clouds,2.0,95.65,0.04,0.28,89.73,0.26,1.1,1.78,0.16,raw_collecte_principale.csv
2026-05-16 14:18:07.000000,Marrakech,31.6295,-7.9811,21.97,21.27,40.0,1015.0,1.54,80.0,40.0,,Clouds,scattered clouds,3.0,102.35,0.06,0.23,108.72,0.21,1.24,3.76,0.19,raw_collecte_principale.csv
2026-05-16 14:18:01.000000,Rabat,34.0209,-6.8416,21.37,21.13,60.0,1016.0,4.12,300.0,75.0,,Clouds,broken clouds,2.0,102.2,0.1,0.79,96.49,1.9,2.86,5.61,0.12,raw_collecte_principale.csv
2026-05-16 15:18:25.000000,Casablanca,33.5731,-7.5898,19.01,18.98,77.0,1016.0,3.09,330.0,75.0,,Clouds,broken clouds,2.0,102.1,0.06,0.72,95.29,2.4,3.0,7.54,0.02,raw_collecte_principale.csv
2026-05-16 15:18:44.000000,Fes,34.0331,-5.0003,20.08,19.32,45.0,1017.0,2.57,240.0,75.0,,Clouds,broken clouds,2.0,94.7,0.03,0.23,91.04,0.24,1.02,1.7,0.15,raw_collecte_principale.csv
2026-05-16 15:18:38.000000,Marrakech,31.6295,-7.9811,23.98,23.43,38.0,1016.0,2.57,0.0,40.0,,Clouds,scattered clouds,3.0,99.22,0.05,0.21,106.84,0.18,1.06,3.3,0.14,raw_collecte_principale.csv
2026-05-16 15:18:32.000000,Rabat,34.0209,-6.8416,21.37,21.23,64.0,1016.0,3.6,310.0,75.0,,Clouds,broken clouds,2.0,101.84,0.08,0.73,97.07,1.93,3.03,5.75,0.13,raw_collecte_principale.csv
2026-05-16 16:18:52.000000,Casablanca,33.5731,-7.5898,21.93,21.95,68.0,1016.0,5.16,338.0,63.0,,Clouds,broken clouds,2.0,101.69,0.05,0.71,94.4,2.26,2.77,6.9,0.03,raw_collecte_principale.csv
2026-05-16 16:19:12.000000,Fes,34.0331,-5.0003,21.06,20.32,42.0,1016.0,2.06,0.0,75.0,,Clouds,broken clouds,2.0,94.16,0.02,0.23,91.38,0.23,1.0,1.68,0.16,raw_collecte_principale.csv
2026-05-16 16:19:06.000000,Marrakech,31.6295,-7.9811,24.98,24.47,36.0,1015.0,2.57,0.0,40.0,,Clouds,scattered clouds,3.0,96.86,0.05,0.22,104.2,0.18,1.07,3.36,0.12,raw_collecte_principale.csv
2026-05-16 16:18:59.000000,Rabat,34.0209,-6.8416,21.37,21.34,68.0,1016.0,4.12,290.0,75.0,,Clouds,broken clouds,2.0,101.92,0.07,0.76,97.12,2.0,3.23,6.06,0.14,raw_collecte_principale.csv
2026-05-16 17:19:19.000000,Casablanca,33.5731,-7.5898,20.01,19.84,68.0,1016.0,2.57,350.0,75.0,,Clouds,broken clouds,2.0,101.94,0.06,0.76,94.01,2.16,2.69,6.96,0.05,raw_collecte_principale.csv
2026-05-16 17:19:38.000000,Fes,34.0331,-5.0003,22.06,21.37,40.0,1016.0,1.54,0.0,75.0,,Clouds,broken clouds,2.0,94.37,0.03,0.31,91.41,0.25,1.05,1.84,0.2,raw_collecte_principale.csv
2026-05-16 17:19:31.000000,Marrakech,31.6295,-7.9811,23.97,23.34,35.0,1015.0,2.57,360.0,40.0,,Clouds,scattered clouds,3.0,97.32,0.06,0.27,104.32,0.22,1.23,3.95,0.12,raw_collecte_principale.csv
2026-05-16 17:19:25.000000,Rabat,34.0209,-6.8416,21.37,21.23,64.0,1016.0,3.6,310.0,75.0,,Clouds,broken clouds,2.0,102.46,0.07,1.0,96.92,2.23,3.5,6.62,0.18,raw_collecte_principale.csv
2026-05-17 11:43:01.000000,Casablanca,33.5731,-7.5898,18.01,17.75,72.0,1019.0,3.6,10.0,75.0,,Clouds,broken clouds,3.0,104.74,0.15,0.91,101.04,4.08,6.21,17.21,0.14,raw_collecte_principale.csv
2026-05-17 11:43:20.000000,Fes,34.0331,-5.0003,21.08,20.71,56.0,1017.0,3.09,340.0,40.0,,Clouds,scattered clouds,2.0,92.47,0.05,0.17,91.07,0.35,2.1,3.74,0.21,raw_collecte_principale.csv
2026-05-17 11:43:14.000000,Marrakech,31.6295,-7.9811,19.98,19.6,60.0,1017.0,2.57,350.0,75.0,,Clouds,broken clouds,2.0,97.37,0.07,0.28,96.71,0.29,2.84,11.84,0.28,raw_collecte_principale.csv
2026-05-17 11:43:08.000000,Rabat,34.0209,-6.8416,19.37,19.24,72.0,1019.0,3.6,300.0,75.0,,Clouds,broken clouds,3.0,105.87,0.24,1.37,101.9,4.08,6.9,15.08,0.23,raw_collecte_principale.csv
2026-05-17 12:43:27.000000,Casablanca,33.5731,-7.5898,18.01,17.64,68.0,1019.0,3.09,10.0,75.0,,Clouds,broken clouds,3.0,103.44,0.12,0.8,102.41,4.07,6.3,16.8,0.12,raw_collecte_principale.csv
2026-05-17 12:43:46.000000,Fes,34.0331,-5.0003,22.08,21.81,56.0,1017.0,3.6,310.0,40.0,,Clouds,scattered clouds,2.0,91.44,0.04,0.15,90.28,0.31,2.16,3.82,0.21,raw_collecte_principale.csv
2026-05-17 12:43:39.000000,Marrakech,31.6295,-7.9811,20.98,20.6,56.0,1017.0,1.54,0.0,75.0,,Clouds,broken clouds,2.0,96.15,0.06,0.24,96.39,0.34,3.01,12.0,0.24,raw_collecte_principale.csv
2026-05-17 12:43:33.000000,Rabat,34.0209,-6.8416,21.37,21.23,64.0,1019.0,3.09,290.0,75.0,,Clouds,broken clouds,3.0,104.34,0.18,1.14,103.72,4.16,7.28,16.05,0.18,raw_collecte_principale.csv
2026-05-17 13:43:52.000000,Casablanca,33.5731,-7.5898,19.01,18.74,68.0,1019.0,3.6,360.0,75.0,,Clouds,broken clouds,3.0,103.26,0.1,0.66,103.92,3.69,5.74,14.65,0.09,raw_collecte_principale.csv
2026-05-17 13:44:11.000000,Fes,34.0331,-5.0003,22.08,21.7,52.0,1017.0,4.63,310.0,40.0,,Clouds,scattered clouds,2.0,91.68,0.04,0.16,90.46,0.29,2.26,4.02,0.23,raw_collecte_principale.csv
2026-05-17 13:44:05.000000,Marrakech,31.6295,-7.9811,21.98,21.62,53.0,1017.0,1.54,0.0,75.0,,Clouds,broken clouds,2.0,96.1,0.05,0.2,97.52,0.33,2.79,10.76,0.18,raw_collecte_principale.csv
2026-05-17 13:43:58.000000,Rabat,34.0209,-6.8416,20.37,20.24,68.0,1018.0,3.6,300.0,75.0,,Clouds,broken clouds,3.0,103.39,0.14,0.91,104.13,3.63,6.42,14.61,0.19,raw_collecte_principale.csv
2026-05-17 14:44:18.000000,Casablanca,33.5731,-7.5898,18.95,18.68,68.0,1019.0,4.12,20.0,75.0,,Clouds,broken clouds,2.0,102.2,0.08,0.96,98.71,3.22,4.28,11.45,0.12,raw_collecte_principale.csv
2026-05-17 14:44:37.000000,Fes,34.0331,-5.0003,22.08,21.62,49.0,1016.0,4.12,350.0,40.0,,Clouds,scattered clouds,2.0,90.77,0.04,0.16,92.36,0.27,2.09,3.6,0.21,raw_collecte_principale.csv
2026-05-17 14:44:31.000000,Marrakech,31.6295,-7.9811,22.98,22.61,49.0,1016.0,2.06,0.0,75.0,,Clouds,broken clouds,2.0,95.69,0.05,0.19,97.01,0.33,3.06,12.22,0.18,raw_collecte_principale.csv
2026-05-17 14:44:24.000000,Rabat,34.0209,-6.8416,20.37,20.24,68.0,1018.0,4.12,310.0,75.0,,Clouds,broken clouds,3.0,102.2,0.08,1.08,101.28,3.09,5.07,11.22,0.19,raw_collecte_principale.csv
2026-05-17 15:44:43.000000,Casablanca,33.5731,-7.5898,19.01,18.61,63.0,1018.0,3.6,20.0,75.0,,Clouds,broken clouds,2.0,101.27,0.07,0.94,98.86,3.21,3.96,10.86,0.1,raw_collecte_principale.csv
2026-05-17 15:45:01.000000,Fes,34.0331,-5.0003,22.08,21.62,49.0,1016.0,5.14,340.0,75.0,,Clouds,broken clouds,2.0,90.54,0.04,0.19,91.86,0.31,2.21,3.81,0.23,raw_collecte_principale.csv
2026-05-17 15:44:55.000000,Marrakech,31.6295,-7.9811,22.98,22.53,46.0,1015.0,2.06,0.0,75.0,,Clouds,broken clouds,2.0,94.98,0.05,0.21,96.01,0.38,3.28,12.9,0.16,raw_collecte_principale.csv
2026-05-17 15:44:49.000000,Rabat,34.0209,-6.8416,19.37,19.24,72.0,1018.0,4.12,300.0,75.0,,Clouds,broken clouds,3.0,101.21,0.07,1.1,101.53,2.94,4.64,10.52,0.16,raw_collecte_principale.csv
2026-05-17 16:45:08.000000,Casablanca,33.5731,-7.5898,19.01,18.61,63.0,1018.0,4.12,10.0,75.0,,Clouds,broken clouds,2.0,101.18,0.06,1.06,99.92,3.36,3.83,11.13,0.08,raw_collecte_principale.csv
2026-05-17 16:45:27.000000,Fes,34.0331,-5.0003,23.08,22.72,49.0,1016.0,4.12,320.0,75.0,,Clouds,broken clouds,2.0,91.33,0.04,0.28,91.12,0.39,2.47,4.26,0.29,raw_collecte_principale.csv
2026-05-17 16:45:21.000000,Marrakech,31.6295,-7.9811,23.98,23.56,43.0,1015.0,1.54,230.0,75.0,,Clouds,broken clouds,2.0,95.52,0.06,0.28,96.33,0.51,3.87,14.64,0.15,raw_collecte_principale.csv
2026-05-17 16:45:14.000000,Rabat,34.0209,-6.8416,20.37,20.24,68.0,1018.0,3.6,320.0,75.0,,Clouds,broken clouds,3.0,101.02,0.06,1.44,102.06,3.03,4.35,10.85,0.17,raw_collecte_principale.csv
2026-05-17 17:45:33.000000,Casablanca,33.5731,-7.5898,19.01,18.61,63.0,1018.0,4.12,10.0,75.0,,Clouds,broken clouds,3.0,101.42,0.05,1.32,100.99,3.68,3.84,12.2,0.08,raw_collecte_principale.csv
2026-05-17 17:45:52.000000,Fes,34.0331,-5.0003,22.08,21.62,49.0,1016.0,4.12,330.0,75.0,,Clouds,broken clouds,2.0,91.96,0.05,0.46,88.61,0.51,2.74,4.78,0.38,raw_collecte_principale.csv
2026-05-17 17:45:46.000000,Marrakech,31.6295,-7.9811,24.98,24.68,44.0,1014.0,2.57,290.0,75.0,,Clouds,broken clouds,2.0,96.05,0.07,0.4,96.61,0.7,4.72,16.94,0.15,raw_collecte_principale.csv
2026-05-17 17:45:39.000000,Rabat,34.0209,-6.8416,20.37,20.24,68.0,1018.0,3.6,310.0,75.0,,Clouds,broken clouds,3.0,101.81,0.07,2.03,102.49,3.23,4.26,11.69,0.21,raw_collecte_principale.csv
2026-05-17 18:45:59.000000,Casablanca,33.5731,-7.5898,18.95,18.55,63.0,1018.0,3.6,10.0,75.0,,Clouds,broken clouds,3.0,101.66,0.02,1.55,102.13,3.87,3.85,13.04,0.08,raw_collecte_principale.csv
2026-05-17 18:46:19.000000,Fes,34.0331,-5.0003,21.08,20.6,52.0,1016.0,5.66,320.0,75.0,,Clouds,broken clouds,2.0,92.59,0.03,0.69,85.69,0.61,2.77,5.03,0.47,raw_collecte_principale.csv
2026-05-17 18:46:12.000000,Marrakech,31.6295,-7.9811,23.98,23.56,43.0,1014.0,2.06,360.0,75.0,,Clouds,broken clouds,2.0,96.58,0.06,0.51,96.53,0.86,5.4,18.6,0.15,raw_collecte_principale.csv
2026-05-17 18:46:05.000000,Rabat,34.0209,-6.8416,20.37,20.13,64.0,1018.0,3.6,300.0,75.0,,Clouds,broken clouds,3.0,102.78,0.05,2.39,103.23,3.23,4.1,11.76,0.24,raw_collecte_principale.csv
2026-05-17 19:57:38.000000,Casablanca,33.5731,-7.5898,18.01,17.51,63.0,1018.0,2.57,360.0,75.0,,Clouds,broken clouds,3.0,101.36,0.01,1.76,102.24,3.85,3.83,13.43,0.11,raw_collecte_principale.csv
2026-05-17 19:58:08.000000,Fes,34.0331,-5.0003,20.08,19.68,59.0,1017.0,5.14,330.0,75.0,,Clouds,broken clouds,2.0,92.99,0.01,0.99,81.21,0.66,2.7,5.24,0.6,raw_collecte_principale.csv
2026-05-17 19:57:59.000000,Marrakech,31.6295,-7.9811,21.97,21.61,53.0,1015.0,6.69,350.0,75.0,,Clouds,broken clouds,2.0,96.42,0.03,0.82,93.71,0.95,5.96,19.6,0.21,raw_collecte_principale.csv
2026-05-17 19:57:47.000000,Rabat,34.0209,-6.8416,18.37,18.04,68.0,1018.0,2.57,300.0,75.0,,Clouds,broken clouds,3.0,102.81,0.02,2.45,103.23,3.09,3.85,11.12,0.25,raw_collecte_principale.csv
2026-05-17 20:58:19.000000,Casablanca,33.5731,-7.5898,17.89,17.51,68.0,1019.0,2.57,10.0,75.0,,Clouds,broken clouds,3.0,102.45,0.0,1.89,103.1,3.82,3.9,13.85,0.16,raw_collecte_principale.csv
2026-05-17 20:58:49.000000,Fes,34.0331,-5.0003,19.08,18.58,59.0,1018.0,4.63,310.0,75.0,,Clouds,broken clouds,2.0,94.28,0.0,1.26,77.09,0.66,2.72,5.68,0.66,raw_collecte_principale.csv
2026-05-17 20:58:38.000000,Marrakech,31.6295,-7.9811,19.98,19.6,60.0,1016.0,5.66,30.0,75.0,,Clouds,broken clouds,2.0,98.02,0.0,1.16,90.86,0.98,6.42,20.23,0.33,raw_collecte_principale.csv
2026-05-17 20:58:28.000000,Rabat,34.0209,-6.8416,17.37,17.17,77.0,1019.0,2.57,290.0,75.0,,Clouds,broken clouds,3.0,103.56,0.0,2.33,103.56,2.97,3.66,10.44,0.23,raw_collecte_principale.csv
2026-05-17 21:58:58.000000,Casablanca,33.5731,-7.5898,16.84,16.33,67.0,1020.0,2.57,10.0,72.0,,Clouds,broken clouds,3.0,103.55,0.0,1.82,103.73,3.7,3.87,13.72,0.18,raw_collecte_principale.csv
2026-05-17 21:59:34.000000,Fes,34.0331,-5.0003,17.08,16.59,67.0,1019.0,3.6,280.0,75.0,,Clouds,broken clouds,2.0,95.67,0.0,1.42,74.58,0.61,2.79,6.2,0.61,raw_collecte_principale.csv
2026-05-17 21:59:21.000000,Marrakech,31.6295,-7.9811,17.98,17.48,63.0,1017.0,5.66,30.0,75.0,,Clouds,broken clouds,2.0,99.72,0.0,1.34,88.77,0.97,6.59,20.04,0.44,raw_collecte_principale.csv
2026-05-17 21:59:14.000000,Rabat,34.0209,-6.8416,17.37,17.17,77.0,1020.0,3.09,300.0,75.0,,Clouds,broken clouds,3.0,104.13,0.0,2.15,103.51,2.89,3.49,9.83,0.2,raw_collecte_principale.csv
2026-05-17 22:59:42.000000,Casablanca,33.5731,-7.5898,16.84,16.33,67.0,1020.0,2.57,40.0,56.0,,Clouds,broken clouds,3.0,103.29,0.0,1.74,102.41,3.41,3.77,13.26,0.18,raw_collecte_principale.csv
2026-05-17 22:59:51.000000,Rabat,34.0209,-6.8416,17.37,17.04,72.0,1020.0,2.06,270.0,75.0,,Clouds,broken clouds,3.0,103.35,0.0,2.08,101.14,2.79,3.35,9.28,0.2,raw_collecte_principale.csv
2026-05-17 23:00:14.000000,Fes,34.0331,-5.0003,16.08,15.62,72.0,1019.0,3.09,280.0,75.0,,Clouds,broken clouds,2.0,94.53,0.0,1.54,69.53,0.48,2.78,6.29,0.54,raw_collecte_principale.csv
2026-05-17 23:00:04.000000,Marrakech,31.6295,-7.9811,16.98,16.48,67.0,1019.0,4.12,50.0,75.0,,Clouds,broken clouds,2.0,99.47,0.0,1.49,84.96,0.89,6.48,19.02,0.56,raw_collecte_principale.csv
2026-05-23 13:19:18.000000,Casablanca,33.5731,-7.5898,32.97,32.42,33.0,1018.0,3.09,340.0,0.0,,Clear,clear sky,3.0,91.97,0.12,0.66,110.27,3.27,21.93,88.9,0.27,raw_collecte_principale.csv
2026-05-23 13:19:36.000000,Fes,34.0331,-5.0003,35.08,33.26,21.0,1018.0,2.57,350.0,40.0,,Clouds,scattered clouds,2.0,82.19,0.04,0.16,93.77,0.17,7.78,30.93,0.38,raw_collecte_principale.csv
2026-05-23 13:19:30.000000,Marrakech,31.6295,-7.9811,38.98,36.82,15.0,1017.0,3.09,0.0,40.0,,Clouds,scattered clouds,3.0,86.19,0.04,0.19,109.71,0.12,9.63,46.15,0.31,raw_collecte_principale.csv
2026-05-23 13:19:24.000000,Rabat,34.0209,-6.8416,37.35,36.24,22.0,1018.0,0.0,0.0,62.0,,Clouds,broken clouds,3.0,92.39,0.12,0.75,113.55,3.26,20.65,71.26,0.26,raw_collecte_principale.csv
